"Site Time","Production meter active power Kilowatts"
03-24-2026 00:00:00,0
03-24-2026 00:15:00,0
03-24-2026 00:30:00,0
03-24-2026 00:45:00,0
03-24-2026 01:00:00,0
03-24-2026 01:15:00,0
03-24-2026 01:30:00,0
03-24-2026 01:45:00,0
03-24-2026 02:00:00,0
03-24-2026 02:15:00,0
03-24-2026 02:30:00,0
03-24-2026 02:45:00,0
03-24-2026 03:00:00,0
03-24-2026 03:15:00,0
03-24-2026 03:30:00,0
03-24-2026 03:45:00,0
03-24-2026 04:00:00,0
03-24-2026 04:15:00,0
03-24-2026 04:30:00,0
03-24-2026 04:45:00,0
03-24-2026 05:00:00,0
03-24-2026 05:15:00,0
03-24-2026 05:30:00,0
03-24-2026 05:45:00,0
03-24-2026 06:00:00,0
03-24-2026 06:15:00,0
03-24-2026 06:30:00,0
03-24-2026 06:45:00,0
03-24-2026 07:00:00,0
03-24-2026 07:15:00,0
03-24-2026 07:30:00,0
03-24-2026 07:45:00,0
03-24-2026 08:00:00,0
03-24-2026 08:15:00,0
03-24-2026 08:30:00,0
03-24-2026 08:45:00,0
03-24-2026 09:00:00,0
03-24-2026 09:15:00,0
03-24-2026 09:30:00,0
03-24-2026 09:45:00,0
03-24-2026 10:00:00,0
03-24-2026 10:15:00,0
03-24-2026 10:30:00,0
03-24-2026 10:45:00,0
03-24-2026 11:00:00,0
03-24-2026 11:15:00,0
03-24-2026 11:30:00,0
03-24-2026 11:45:00,0
03-24-2026 12:00:00,0
03-24-2026 12:15:00,0
03-24-2026 12:30:00,0
03-24-2026 12:45:00,0
03-24-2026 13:00:00,0
03-24-2026 13:15:00,0
03-24-2026 13:30:00,0
03-24-2026 13:45:00,0
03-24-2026 14:00:00,0
03-24-2026 14:15:00,0
03-24-2026 14:30:00,0
03-24-2026 14:45:00,0
03-24-2026 15:00:00,0
03-24-2026 15:15:00,0
03-24-2026 15:30:00,0
03-24-2026 15:45:00,0
03-24-2026 16:00:00,0
03-24-2026 16:15:00,""
03-24-2026 16:30:00,0
03-24-2026 16:45:00,""
03-24-2026 17:00:00,0
03-24-2026 17:15:00,0
03-24-2026 17:30:00,0
03-24-2026 17:45:00,0
03-24-2026 18:00:00,0
03-24-2026 18:15:00,0
03-24-2026 18:30:00,0
03-24-2026 18:45:00,0
03-24-2026 19:00:00,""
03-24-2026 19:15:00,0
03-24-2026 19:30:00,0
03-24-2026 19:45:00,0
03-24-2026 20:00:00,0
03-24-2026 20:15:00,0
03-24-2026 20:30:00,0
03-24-2026 20:45:00,0
03-24-2026 21:00:00,0
03-24-2026 21:15:00,0
03-24-2026 21:30:00,0
03-24-2026 21:45:00,0
03-24-2026 22:00:00,0
03-24-2026 22:15:00,0
03-24-2026 22:30:00,0
03-24-2026 22:45:00,0
03-24-2026 23:00:00,0
03-24-2026 23:15:00,0
03-24-2026 23:30:00,0
03-24-2026 23:45:00,0
03-25-2026 00:00:00,0
03-25-2026 00:15:00,0
03-25-2026 00:30:00,0
03-25-2026 00:45:00,0
03-25-2026 01:00:00,0
03-25-2026 01:15:00,0
03-25-2026 01:30:00,0
03-25-2026 01:45:00,0
03-25-2026 02:00:00,0
03-25-2026 02:15:00,0
03-25-2026 02:30:00,0
03-25-2026 02:45:00,0
03-25-2026 03:00:00,0
03-25-2026 03:15:00,0
03-25-2026 03:30:00,0
03-25-2026 03:45:00,0
03-25-2026 04:00:00,0
03-25-2026 04:15:00,0
03-25-2026 04:30:00,0
03-25-2026 04:45:00,0
03-25-2026 05:00:00,""
03-25-2026 05:15:00,0
03-25-2026 05:30:00,0
03-25-2026 05:45:00,0
03-25-2026 06:00:00,0
03-25-2026 06:15:00,0
03-25-2026 06:30:00,""
03-25-2026 06:45:00,0
03-25-2026 07:00:00,0
03-25-2026 07:15:00,0
03-25-2026 07:30:00,0
03-25-2026 07:45:00,0
03-25-2026 08:00:00,0
03-25-2026 08:15:00,0
03-25-2026 08:30:00,0
03-25-2026 08:45:00,0
03-25-2026 09:00:00,0
03-25-2026 09:15:00,0
03-25-2026 09:30:00,0
03-25-2026 09:45:00,0
03-25-2026 10:00:00,0
03-25-2026 10:15:00,0
03-25-2026 10:30:00,0
03-25-2026 10:45:00,0
03-25-2026 11:00:00,0
03-25-2026 11:15:00,0
03-25-2026 11:30:00,0
03-25-2026 11:45:00,0
03-25-2026 12:00:00,0
03-25-2026 12:15:00,0
03-25-2026 12:30:00,0
03-25-2026 12:45:00,0
03-25-2026 13:00:00,""
03-25-2026 13:15:00,0
03-25-2026 13:30:00,0
03-25-2026 13:45:00,0
03-25-2026 14:00:00,0
03-25-2026 14:15:00,0
03-25-2026 14:30:00,0
03-25-2026 14:45:00,0
03-25-2026 15:00:00,0
03-25-2026 15:15:00,0
03-25-2026 15:30:00,0
03-25-2026 15:45:00,0
03-25-2026 16:00:00,0
03-25-2026 16:15:00,0
03-25-2026 16:30:00,0
03-25-2026 16:45:00,0
03-25-2026 17:00:00,0
03-25-2026 17:15:00,0
03-25-2026 17:30:00,0
03-25-2026 17:45:00,0
03-25-2026 18:00:00,0
03-25-2026 18:15:00,0
03-25-2026 18:30:00,0
03-25-2026 18:45:00,0
03-25-2026 19:00:00,0
03-25-2026 19:15:00,0
03-25-2026 19:30:00,0
03-25-2026 19:45:00,0
03-25-2026 20:00:00,0
03-25-2026 20:15:00,0
03-25-2026 20:30:00,0
03-25-2026 20:45:00,0
03-25-2026 21:00:00,0
03-25-2026 21:15:00,0
03-25-2026 21:30:00,0
03-25-2026 21:45:00,0
03-25-2026 22:00:00,0
03-25-2026 22:15:00,0
03-25-2026 22:30:00,0
03-25-2026 22:45:00,0
03-25-2026 23:00:00,0
03-25-2026 23:15:00,0
03-25-2026 23:30:00,0
03-25-2026 23:45:00,0
03-26-2026 00:00:00,0
03-26-2026 00:15:00,""
03-26-2026 00:30:00,0
03-26-2026 00:45:00,0
03-26-2026 01:00:00,""
03-26-2026 01:15:00,0
03-26-2026 01:30:00,0
03-26-2026 01:45:00,0
03-26-2026 02:00:00,0
03-26-2026 02:15:00,0
03-26-2026 02:30:00,0
03-26-2026 02:45:00,0
03-26-2026 03:00:00,0
03-26-2026 03:15:00,0
03-26-2026 03:30:00,0
03-26-2026 03:45:00,0
03-26-2026 04:00:00,0
03-26-2026 04:15:00,0
03-26-2026 04:30:00,0
03-26-2026 04:45:00,0
03-26-2026 05:00:00,0
03-26-2026 05:15:00,0
03-26-2026 05:30:00,0
03-26-2026 05:45:00,0
03-26-2026 06:00:00,0
03-26-2026 06:15:00,0
03-26-2026 06:30:00,0
03-26-2026 06:45:00,0
03-26-2026 07:00:00,0
03-26-2026 07:15:00,0
03-26-2026 07:30:00,""
03-26-2026 07:45:00,0
03-26-2026 08:00:00,""
03-26-2026 08:15:00,0
03-26-2026 08:30:00,0
03-26-2026 08:45:00,0
03-26-2026 09:00:00,0
03-26-2026 09:15:00,0
03-26-2026 09:30:00,0
03-26-2026 09:45:00,0
03-26-2026 10:00:00,0
03-26-2026 10:15:00,0
03-26-2026 10:30:00,0
03-26-2026 10:45:00,0
03-26-2026 11:00:00,0
03-26-2026 11:15:00,0
03-26-2026 11:30:00,0
03-26-2026 11:45:00,0
03-26-2026 12:00:00,0
03-26-2026 12:15:00,0
03-26-2026 12:30:00,""
03-26-2026 12:45:00,0
03-26-2026 13:00:00,0
03-26-2026 13:15:00,0
03-26-2026 13:30:00,0
03-26-2026 13:45:00,0
03-26-2026 14:00:00,0
03-26-2026 14:15:00,0
03-26-2026 14:30:00,0
03-26-2026 14:45:00,0
03-26-2026 15:00:00,0
03-26-2026 15:15:00,0
03-26-2026 15:30:00,0
03-26-2026 15:45:00,0
03-26-2026 16:00:00,0
03-26-2026 16:15:00,0
03-26-2026 16:30:00,0
03-26-2026 16:45:00,0
03-26-2026 17:00:00,0
03-26-2026 17:15:00,0
03-26-2026 17:30:00,0
03-26-2026 17:45:00,0
03-26-2026 18:00:00,0
03-26-2026 18:15:00,0
03-26-2026 18:30:00,0
03-26-2026 18:45:00,0
03-26-2026 19:00:00,0
03-26-2026 19:15:00,0
03-26-2026 19:30:00,0
03-26-2026 19:45:00,0
03-26-2026 20:00:00,0
03-26-2026 20:15:00,0
03-26-2026 20:30:00,0
03-26-2026 20:45:00,0
03-26-2026 21:00:00,0
03-26-2026 21:15:00,0
03-26-2026 21:30:00,0
03-26-2026 21:45:00,0
03-26-2026 22:00:00,0
03-26-2026 22:15:00,0
03-26-2026 22:30:00,0
03-26-2026 22:45:00,0
03-26-2026 23:00:00,0
03-26-2026 23:15:00,0
03-26-2026 23:30:00,0
03-26-2026 23:45:00,0
03-27-2026 00:00:00,0
03-27-2026 00:15:00,0
03-27-2026 00:30:00,0
03-27-2026 00:45:00,0
03-27-2026 01:00:00,""
03-27-2026 01:15:00,0
03-27-2026 01:30:00,0
03-27-2026 01:45:00,0
03-27-2026 02:00:00,0
03-27-2026 02:15:00,0
03-27-2026 02:30:00,0
03-27-2026 02:45:00,0
03-27-2026 03:00:00,0
03-27-2026 03:15:00,0
03-27-2026 03:30:00,0
03-27-2026 03:45:00,0
03-27-2026 04:00:00,0
03-27-2026 04:15:00,0
03-27-2026 04:30:00,0
03-27-2026 04:45:00,0
03-27-2026 05:00:00,0
03-27-2026 05:15:00,0
03-27-2026 05:30:00,0
03-27-2026 05:45:00,0
03-27-2026 06:00:00,0
03-27-2026 06:15:00,0
03-27-2026 06:30:00,0
03-27-2026 06:45:00,0
03-27-2026 07:00:00,0
03-27-2026 07:15:00,0
03-27-2026 07:30:00,0
03-27-2026 07:45:00,0
03-27-2026 08:00:00,0
03-27-2026 08:15:00,0
03-27-2026 08:30:00,0
03-27-2026 08:45:00,0
03-27-2026 09:00:00,0
03-27-2026 09:15:00,""
03-27-2026 09:30:00,0
03-27-2026 09:45:00,0
03-27-2026 10:00:00,0
03-27-2026 10:15:00,0
03-27-2026 10:30:00,0
03-27-2026 10:45:00,0
03-27-2026 11:00:00,0
03-27-2026 11:15:00,0
03-27-2026 11:30:00,0
03-27-2026 11:45:00,0
03-27-2026 12:00:00,0
03-27-2026 12:15:00,0
03-27-2026 12:30:00,0
03-27-2026 12:45:00,0
03-27-2026 13:00:00,0
03-27-2026 13:15:00,0
03-27-2026 13:30:00,0
03-27-2026 13:45:00,0
03-27-2026 14:00:00,0
03-27-2026 14:15:00,0
03-27-2026 14:30:00,0
03-27-2026 14:45:00,0
03-27-2026 15:00:00,0
03-27-2026 15:15:00,0
03-27-2026 15:30:00,0
03-27-2026 15:45:00,0
03-27-2026 16:00:00,0
03-27-2026 16:15:00,0
03-27-2026 16:30:00,0
03-27-2026 16:45:00,0
03-27-2026 17:00:00,0
03-27-2026 17:15:00,0
03-27-2026 17:30:00,0
03-27-2026 17:45:00,0
03-27-2026 18:00:00,0
03-27-2026 18:15:00,0
03-27-2026 18:30:00,0
03-27-2026 18:45:00,0
03-27-2026 19:00:00,""
03-27-2026 19:15:00,0
03-27-2026 19:30:00,0
03-27-2026 19:45:00,0
03-27-2026 20:00:00,0
03-27-2026 20:15:00,""
03-27-2026 20:30:00,0
03-27-2026 20:45:00,0
03-27-2026 21:00:00,0
03-27-2026 21:15:00,0
03-27-2026 21:30:00,0
03-27-2026 21:45:00,0
03-27-2026 22:00:00,0
03-27-2026 22:15:00,0
03-27-2026 22:30:00,0
03-27-2026 22:45:00,0
03-27-2026 23:00:00,0
03-27-2026 23:15:00,0
03-27-2026 23:30:00,0
03-27-2026 23:45:00,0
03-28-2026 00:00:00,0
03-28-2026 00:15:00,0
03-28-2026 00:30:00,0
03-28-2026 00:45:00,0
03-28-2026 01:00:00,0
03-28-2026 01:15:00,0
03-28-2026 01:30:00,0
03-28-2026 01:45:00,0
03-28-2026 02:00:00,0
03-28-2026 02:15:00,0
03-28-2026 02:30:00,0
03-28-2026 02:45:00,0
03-28-2026 03:00:00,0
03-28-2026 03:15:00,0
03-28-2026 03:30:00,0
03-28-2026 03:45:00,0
03-28-2026 04:00:00,0
03-28-2026 04:15:00,0
03-28-2026 04:30:00,0
03-28-2026 04:45:00,0
03-28-2026 05:00:00,0
03-28-2026 05:15:00,0
03-28-2026 05:30:00,0
03-28-2026 05:45:00,0
03-28-2026 06:00:00,0
03-28-2026 06:15:00,0
03-28-2026 06:30:00,0
03-28-2026 06:45:00,0
03-28-2026 07:00:00,0
03-28-2026 07:15:00,0
03-28-2026 07:30:00,0
03-28-2026 07:45:00,0
03-28-2026 08:00:00,0
03-28-2026 08:15:00,0
03-28-2026 08:30:00,0
03-28-2026 08:45:00,0
03-28-2026 09:00:00,0
03-28-2026 09:15:00,0
03-28-2026 09:30:00,0
03-28-2026 09:45:00,0
03-28-2026 10:00:00,0
03-28-2026 10:15:00,0
03-28-2026 10:30:00,0
03-28-2026 10:45:00,0
03-28-2026 11:00:00,0
03-28-2026 11:15:00,0
03-28-2026 11:30:00,0
03-28-2026 11:45:00,0
03-28-2026 12:00:00,0
03-28-2026 12:15:00,0
03-28-2026 12:30:00,0
03-28-2026 12:45:00,0
03-28-2026 13:00:00,0
03-28-2026 13:15:00,0
03-28-2026 13:30:00,0
03-28-2026 13:45:00,0
03-28-2026 14:00:00,0
03-28-2026 14:15:00,0
03-28-2026 14:30:00,0
03-28-2026 14:45:00,0
03-28-2026 15:00:00,0
03-28-2026 15:15:00,0
03-28-2026 15:30:00,0
03-28-2026 15:45:00,0
03-28-2026 16:00:00,0
03-28-2026 16:15:00,0
03-28-2026 16:30:00,0
03-28-2026 16:45:00,0
03-28-2026 17:00:00,0
03-28-2026 17:15:00,""
03-28-2026 17:30:00,0
03-28-2026 17:45:00,0
03-28-2026 18:00:00,0
03-28-2026 18:15:00,0
03-28-2026 18:30:00,0
03-28-2026 18:45:00,0
03-28-2026 19:00:00,""
03-28-2026 19:15:00,0
03-28-2026 19:30:00,0
03-28-2026 19:45:00,0
03-28-2026 20:00:00,0
03-28-2026 20:15:00,0
03-28-2026 20:30:00,0
03-28-2026 20:45:00,0
03-28-2026 21:00:00,0
03-28-2026 21:15:00,""
03-28-2026 21:30:00,0
03-28-2026 21:45:00,0
03-28-2026 22:00:00,0
03-28-2026 22:15:00,0
03-28-2026 22:30:00,0
03-28-2026 22:45:00,0
03-28-2026 23:00:00,0
03-28-2026 23:15:00,0
03-28-2026 23:30:00,0
03-28-2026 23:45:00,0
03-29-2026 00:00:00,0
03-29-2026 00:15:00,0
03-29-2026 00:30:00,0
03-29-2026 00:45:00,0
03-29-2026 01:00:00,0
03-29-2026 01:15:00,0
03-29-2026 01:30:00,0
03-29-2026 01:45:00,0
03-29-2026 02:00:00,0
03-29-2026 02:15:00,0
03-29-2026 02:30:00,0
03-29-2026 02:45:00,0
03-29-2026 03:00:00,0
03-29-2026 03:15:00,0
03-29-2026 03:30:00,0
03-29-2026 03:45:00,0
03-29-2026 04:00:00,""
03-29-2026 04:15:00,0
03-29-2026 04:30:00,0
03-29-2026 04:45:00,0
03-29-2026 05:00:00,0
03-29-2026 05:15:00,0
03-29-2026 05:30:00,0
03-29-2026 05:45:00,0
03-29-2026 06:00:00,0
03-29-2026 06:15:00,0
03-29-2026 06:30:00,0
03-29-2026 06:45:00,0
03-29-2026 07:00:00,0
03-29-2026 07:15:00,0
03-29-2026 07:30:00,0
03-29-2026 07:45:00,0
03-29-2026 08:00:00,0
03-29-2026 08:15:00,0
03-29-2026 08:30:00,0
03-29-2026 08:45:00,0
03-29-2026 09:00:00,0
03-29-2026 09:15:00,0
03-29-2026 09:30:00,0
03-29-2026 09:45:00,0
03-29-2026 10:00:00,0
03-29-2026 10:15:00,0
03-29-2026 10:30:00,0
03-29-2026 10:45:00,0
03-29-2026 11:00:00,0
03-29-2026 11:15:00,0
03-29-2026 11:30:00,0
03-29-2026 11:45:00,0
03-29-2026 12:00:00,0
03-29-2026 12:15:00,0
03-29-2026 12:30:00,0
03-29-2026 12:45:00,0
03-29-2026 13:00:00,0
03-29-2026 13:15:00,0
03-29-2026 13:30:00,0
03-29-2026 13:45:00,0
03-29-2026 14:00:00,0
03-29-2026 14:15:00,0
03-29-2026 14:30:00,0
03-29-2026 14:45:00,0
03-29-2026 15:00:00,0
03-29-2026 15:15:00,0
03-29-2026 15:30:00,0
03-29-2026 15:45:00,0
03-29-2026 16:00:00,0
03-29-2026 16:15:00,0
03-29-2026 16:30:00,0
03-29-2026 16:45:00,0
03-29-2026 17:00:00,0
03-29-2026 17:15:00,0
03-29-2026 17:30:00,0
03-29-2026 17:45:00,0
03-29-2026 18:00:00,0
03-29-2026 18:15:00,0
03-29-2026 18:30:00,0
03-29-2026 18:45:00,0
03-29-2026 19:00:00,0
03-29-2026 19:15:00,0
03-29-2026 19:30:00,0
03-29-2026 19:45:00,0
03-29-2026 20:00:00,0
03-29-2026 20:15:00,0
03-29-2026 20:30:00,0
03-29-2026 20:45:00,0
03-29-2026 21:00:00,0
03-29-2026 21:15:00,0
03-29-2026 21:30:00,0
03-29-2026 21:45:00,0
03-29-2026 22:00:00,0
03-29-2026 22:15:00,0
03-29-2026 22:30:00,0
03-29-2026 22:45:00,0
03-29-2026 23:00:00,0
03-29-2026 23:15:00,0
03-29-2026 23:30:00,0
03-29-2026 23:45:00,0
03-30-2026 00:00:00,0
03-30-2026 00:15:00,0
03-30-2026 00:30:00,0
03-30-2026 00:45:00,0
03-30-2026 01:00:00,0
03-30-2026 01:15:00,""
03-30-2026 01:30:00,0
03-30-2026 01:45:00,0
03-30-2026 02:00:00,0
03-30-2026 02:15:00,0
03-30-2026 02:30:00,0
03-30-2026 02:45:00,0
03-30-2026 03:00:00,0
03-30-2026 03:15:00,0
03-30-2026 03:30:00,0
03-30-2026 03:45:00,0
03-30-2026 04:00:00,0
03-30-2026 04:15:00,0
03-30-2026 04:30:00,0
03-30-2026 04:45:00,0
03-30-2026 05:00:00,0
03-30-2026 05:15:00,0
03-30-2026 05:30:00,0
03-30-2026 05:45:00,0
03-30-2026 06:00:00,0
03-30-2026 06:15:00,0
03-30-2026 06:30:00,0
03-30-2026 06:45:00,0
03-30-2026 07:00:00,0
03-30-2026 07:15:00,0
03-30-2026 07:30:00,0
03-30-2026 07:45:00,0
03-30-2026 08:00:00,0
03-30-2026 08:15:00,0
03-30-2026 08:30:00,0
03-30-2026 08:45:00,0
03-30-2026 09:00:00,0
03-30-2026 09:15:00,""
03-30-2026 09:30:00,0
03-30-2026 09:45:00,0
03-30-2026 10:00:00,0
03-30-2026 10:15:00,0
03-30-2026 10:30:00,0
03-30-2026 10:45:00,0
03-30-2026 11:00:00,0
03-30-2026 11:15:00,0
03-30-2026 11:30:00,0
03-30-2026 11:45:00,0
03-30-2026 12:00:00,0
03-30-2026 12:15:00,0
03-30-2026 12:30:00,0
03-30-2026 12:45:00,""
03-30-2026 13:00:00,0
03-30-2026 13:15:00,0
03-30-2026 13:30:00,0
03-30-2026 13:45:00,0
03-30-2026 14:00:00,0
03-30-2026 14:15:00,0
03-30-2026 14:30:00,0
03-30-2026 14:45:00,0
03-30-2026 15:00:00,0
03-30-2026 15:15:00,0
03-30-2026 15:30:00,0
03-30-2026 15:45:00,0
03-30-2026 16:00:00,0
03-30-2026 16:15:00,0
03-30-2026 16:30:00,0
03-30-2026 16:45:00,0
03-30-2026 17:00:00,0
03-30-2026 17:15:00,0
03-30-2026 17:30:00,0
03-30-2026 17:45:00,0
03-30-2026 18:00:00,0
03-30-2026 18:15:00,0
03-30-2026 18:30:00,0
03-30-2026 18:45:00,0
03-30-2026 19:00:00,0
03-30-2026 19:15:00,0
03-30-2026 19:30:00,0
03-30-2026 19:45:00,0
03-30-2026 20:00:00,0
03-30-2026 20:15:00,0
03-30-2026 20:30:00,0
03-30-2026 20:45:00,0
03-30-2026 21:00:00,0
03-30-2026 21:15:00,0
03-30-2026 21:30:00,0
03-30-2026 21:45:00,0
03-30-2026 22:00:00,0
03-30-2026 22:15:00,0
03-30-2026 22:30:00,0
03-30-2026 22:45:00,0
03-30-2026 23:00:00,0
03-30-2026 23:15:00,0
03-30-2026 23:30:00,0
03-30-2026 23:45:00,0
03-31-2026 00:00:00,0
03-31-2026 00:15:00,0
03-31-2026 00:30:00,0
03-31-2026 00:45:00,0
03-31-2026 01:00:00,0
03-31-2026 01:15:00,0
03-31-2026 01:30:00,0
03-31-2026 01:45:00,0
03-31-2026 02:00:00,0
03-31-2026 02:15:00,0
03-31-2026 02:30:00,0
03-31-2026 02:45:00,0
03-31-2026 03:00:00,0
03-31-2026 03:15:00,0
03-31-2026 03:30:00,0
03-31-2026 03:45:00,0
03-31-2026 04:00:00,0
03-31-2026 04:15:00,0
03-31-2026 04:30:00,0
03-31-2026 04:45:00,0
03-31-2026 05:00:00,0
03-31-2026 05:15:00,0
03-31-2026 05:30:00,0
03-31-2026 05:45:00,0
03-31-2026 06:00:00,0
03-31-2026 06:15:00,0
03-31-2026 06:30:00,0
03-31-2026 06:45:00,0
03-31-2026 07:00:00,0
03-31-2026 07:15:00,0
03-31-2026 07:30:00,0
03-31-2026 07:45:00,0
03-31-2026 08:00:00,0
03-31-2026 08:15:00,0
03-31-2026 08:30:00,0
03-31-2026 08:45:00,0
03-31-2026 09:00:00,0
03-31-2026 09:15:00,""
03-31-2026 09:30:00,0
03-31-2026 09:45:00,0
03-31-2026 10:00:00,0
03-31-2026 10:15:00,0
03-31-2026 10:30:00,0
03-31-2026 10:45:00,0
03-31-2026 11:00:00,0
03-31-2026 11:15:00,0
03-31-2026 11:30:00,0
03-31-2026 11:45:00,0
03-31-2026 12:00:00,0
03-31-2026 12:15:00,0
03-31-2026 12:30:00,0
03-31-2026 12:45:00,0
03-31-2026 13:00:00,0
03-31-2026 13:15:00,""
03-31-2026 13:30:00,0
03-31-2026 13:45:00,0
03-31-2026 14:00:00,0
03-31-2026 14:15:00,0
03-31-2026 14:30:00,0
03-31-2026 14:45:00,0
03-31-2026 15:00:00,0
03-31-2026 15:15:00,0
03-31-2026 15:30:00,0
03-31-2026 15:45:00,0
03-31-2026 16:00:00,0
03-31-2026 16:15:00,0
03-31-2026 16:30:00,0
03-31-2026 16:45:00,0
03-31-2026 17:00:00,0
03-31-2026 17:15:00,""
03-31-2026 17:30:00,0
03-31-2026 17:45:00,0
03-31-2026 18:00:00,0
03-31-2026 18:15:00,0
03-31-2026 18:30:00,0
03-31-2026 18:45:00,0
03-31-2026 19:00:00,""
03-31-2026 19:15:00,0
03-31-2026 19:30:00,0
03-31-2026 19:45:00,0
03-31-2026 20:00:00,0
03-31-2026 20:15:00,0
03-31-2026 20:30:00,0
03-31-2026 20:45:00,0
03-31-2026 21:00:00,""
03-31-2026 21:15:00,0
03-31-2026 21:30:00,0
03-31-2026 21:45:00,0
03-31-2026 22:00:00,0
03-31-2026 22:15:00,0
03-31-2026 22:30:00,0
03-31-2026 22:45:00,0
03-31-2026 23:00:00,0
03-31-2026 23:15:00,0
03-31-2026 23:30:00,0
03-31-2026 23:45:00,0
04-01-2026 00:00:00,0
04-01-2026 00:15:00,0
04-01-2026 00:30:00,0
04-01-2026 00:45:00,0
04-01-2026 01:00:00,0
04-01-2026 01:15:00,0
04-01-2026 01:30:00,0
04-01-2026 01:45:00,0
04-01-2026 02:00:00,0
04-01-2026 02:15:00,0
04-01-2026 02:30:00,0
04-01-2026 02:45:00,0
04-01-2026 03:00:00,0
04-01-2026 03:15:00,0
04-01-2026 03:30:00,0
04-01-2026 03:45:00,0
04-01-2026 04:00:00,0
04-01-2026 04:15:00,0
04-01-2026 04:30:00,0
04-01-2026 04:45:00,0
04-01-2026 05:00:00,0
04-01-2026 05:15:00,0
04-01-2026 05:30:00,0
04-01-2026 05:45:00,0
04-01-2026 06:00:00,0
04-01-2026 06:15:00,0
04-01-2026 06:30:00,0
04-01-2026 06:45:00,0
04-01-2026 07:00:00,0
04-01-2026 07:15:00,0
04-01-2026 07:30:00,0
04-01-2026 07:45:00,0
04-01-2026 08:00:00,0
04-01-2026 08:15:00,0
04-01-2026 08:30:00,0
04-01-2026 08:45:00,0
04-01-2026 09:00:00,0
04-01-2026 09:15:00,0
04-01-2026 09:30:00,0
04-01-2026 09:45:00,0
04-01-2026 10:00:00,0
04-01-2026 10:15:00,0
04-01-2026 10:30:00,0
04-01-2026 10:45:00,0
04-01-2026 11:00:00,0
04-01-2026 11:15:00,0
04-01-2026 11:30:00,0
04-01-2026 11:45:00,0
04-01-2026 12:00:00,0
04-01-2026 12:15:00,0
04-01-2026 12:30:00,0
04-01-2026 12:45:00,0
04-01-2026 13:00:00,0
04-01-2026 13:15:00,0
04-01-2026 13:30:00,0
04-01-2026 13:45:00,0
04-01-2026 14:00:00,0
04-01-2026 14:15:00,0
04-01-2026 14:30:00,0
04-01-2026 14:45:00,0
04-01-2026 15:00:00,0
04-01-2026 15:15:00,0
04-01-2026 15:30:00,0
04-01-2026 15:45:00,0
04-01-2026 16:00:00,0
04-01-2026 16:15:00,0
04-01-2026 16:30:00,0
04-01-2026 16:45:00,0
04-01-2026 17:00:00,0
04-01-2026 17:15:00,0
04-01-2026 17:30:00,0
04-01-2026 17:45:00,0
04-01-2026 18:00:00,0
04-01-2026 18:15:00,0
04-01-2026 18:30:00,0
04-01-2026 18:45:00,0
04-01-2026 19:00:00,""
04-01-2026 19:15:00,0
04-01-2026 19:30:00,0
04-01-2026 19:45:00,0
04-01-2026 20:00:00,0
04-01-2026 20:15:00,0
04-01-2026 20:30:00,0
04-01-2026 20:45:00,0
04-01-2026 21:00:00,0
04-01-2026 21:15:00,""
04-01-2026 21:30:00,0
04-01-2026 21:45:00,0
04-01-2026 22:00:00,0
04-01-2026 22:15:00,0
04-01-2026 22:30:00,0
04-01-2026 22:45:00,0
04-01-2026 23:00:00,0
04-01-2026 23:15:00,0
04-01-2026 23:30:00,0
04-01-2026 23:45:00,0
04-02-2026 00:00:00,0
04-02-2026 00:15:00,0
04-02-2026 00:30:00,0
04-02-2026 00:45:00,0
04-02-2026 01:00:00,0
04-02-2026 01:15:00,0
04-02-2026 01:30:00,0
04-02-2026 01:45:00,0
04-02-2026 02:00:00,0
04-02-2026 02:15:00,0
04-02-2026 02:30:00,0
04-02-2026 02:45:00,0
04-02-2026 03:00:00,0
04-02-2026 03:15:00,0
04-02-2026 03:30:00,0
04-02-2026 03:45:00,0
04-02-2026 04:00:00,0
04-02-2026 04:15:00,0
04-02-2026 04:30:00,0
04-02-2026 04:45:00,0
04-02-2026 05:00:00,0
04-02-2026 05:15:00,0
04-02-2026 05:30:00,""
04-02-2026 05:45:00,0
04-02-2026 06:00:00,0
04-02-2026 06:15:00,0
04-02-2026 06:30:00,0
04-02-2026 06:45:00,0
04-02-2026 07:00:00,0
04-02-2026 07:15:00,0
04-02-2026 07:30:00,0
04-02-2026 07:45:00,0
04-02-2026 08:00:00,0
04-02-2026 08:15:00,0
04-02-2026 08:30:00,0
04-02-2026 08:45:00,0
04-02-2026 09:00:00,0
04-02-2026 09:15:00,0
04-02-2026 09:30:00,0
04-02-2026 09:45:00,0
04-02-2026 10:00:00,0
04-02-2026 10:15:00,0
04-02-2026 10:30:00,0
04-02-2026 10:45:00,0
04-02-2026 11:00:00,0
04-02-2026 11:15:00,0
04-02-2026 11:30:00,0
04-02-2026 11:45:00,0
04-02-2026 12:00:00,0
04-02-2026 12:15:00,0
04-02-2026 12:30:00,0
04-02-2026 12:45:00,0
04-02-2026 13:00:00,0
04-02-2026 13:15:00,0
04-02-2026 13:30:00,0
04-02-2026 13:45:00,0
04-02-2026 14:00:00,0
04-02-2026 14:15:00,0
04-02-2026 14:30:00,0
04-02-2026 14:45:00,0
04-02-2026 15:00:00,0
04-02-2026 15:15:00,0
04-02-2026 15:30:00,0
04-02-2026 15:45:00,0
04-02-2026 16:00:00,0
04-02-2026 16:15:00,0
04-02-2026 16:30:00,0
04-02-2026 16:45:00,0
04-02-2026 17:00:00,0
04-02-2026 17:15:00,0
04-02-2026 17:30:00,0
04-02-2026 17:45:00,0
04-02-2026 18:00:00,0
04-02-2026 18:15:00,0
04-02-2026 18:30:00,0
04-02-2026 18:45:00,0
04-02-2026 19:00:00,0
04-02-2026 19:15:00,0
04-02-2026 19:30:00,0
04-02-2026 19:45:00,0
04-02-2026 20:00:00,0
04-02-2026 20:15:00,0
04-02-2026 20:30:00,0
04-02-2026 20:45:00,0
04-02-2026 21:00:00,0
04-02-2026 21:15:00,0
04-02-2026 21:30:00,0
04-02-2026 21:45:00,0
04-02-2026 22:00:00,0
04-02-2026 22:15:00,0
04-02-2026 22:30:00,0
04-02-2026 22:45:00,0
04-02-2026 23:00:00,0
04-02-2026 23:15:00,0
04-02-2026 23:30:00,0
04-02-2026 23:45:00,0
04-03-2026 00:00:00,0
04-03-2026 00:15:00,0
04-03-2026 00:30:00,0
04-03-2026 00:45:00,0
04-03-2026 01:00:00,0
04-03-2026 01:15:00,""
04-03-2026 01:30:00,0
04-03-2026 01:45:00,0
04-03-2026 02:00:00,0
04-03-2026 02:15:00,0
04-03-2026 02:30:00,0
04-03-2026 02:45:00,0
04-03-2026 03:00:00,0
04-03-2026 03:15:00,0
04-03-2026 03:30:00,0
04-03-2026 03:45:00,0
04-03-2026 04:00:00,0
04-03-2026 04:15:00,0
04-03-2026 04:30:00,0
04-03-2026 04:45:00,0
04-03-2026 05:00:00,0
04-03-2026 05:15:00,0
04-03-2026 05:30:00,0
04-03-2026 05:45:00,0
04-03-2026 06:00:00,0
04-03-2026 06:15:00,0
04-03-2026 06:30:00,0
04-03-2026 06:45:00,0
04-03-2026 07:00:00,0
04-03-2026 07:15:00,0
04-03-2026 07:30:00,0
04-03-2026 07:45:00,0
04-03-2026 08:00:00,0
04-03-2026 08:15:00,0
04-03-2026 08:30:00,0
04-03-2026 08:45:00,0
04-03-2026 09:00:00,0
04-03-2026 09:15:00,0
04-03-2026 09:30:00,0
04-03-2026 09:45:00,0
04-03-2026 10:00:00,0
04-03-2026 10:15:00,0
04-03-2026 10:30:00,0
04-03-2026 10:45:00,0
04-03-2026 11:00:00,0
04-03-2026 11:15:00,0
04-03-2026 11:30:00,0
04-03-2026 11:45:00,0
04-03-2026 12:00:00,0
04-03-2026 12:15:00,0
04-03-2026 12:30:00,0
04-03-2026 12:45:00,0
04-03-2026 13:00:00,""
04-03-2026 13:15:00,0
04-03-2026 13:30:00,0
04-03-2026 13:45:00,0
04-03-2026 14:00:00,0
04-03-2026 14:15:00,0
04-03-2026 14:30:00,0
04-03-2026 14:45:00,0
04-03-2026 15:00:00,0
04-03-2026 15:15:00,0
04-03-2026 15:30:00,0
04-03-2026 15:45:00,0
04-03-2026 16:00:00,0
04-03-2026 16:15:00,0
04-03-2026 16:30:00,0
04-03-2026 16:45:00,0
04-03-2026 17:00:00,0
04-03-2026 17:15:00,0
04-03-2026 17:30:00,0
04-03-2026 17:45:00,0
04-03-2026 18:00:00,0
04-03-2026 18:15:00,0
04-03-2026 18:30:00,0
04-03-2026 18:45:00,0
04-03-2026 19:00:00,0
04-03-2026 19:15:00,0
04-03-2026 19:30:00,0
04-03-2026 19:45:00,0
04-03-2026 20:00:00,0
04-03-2026 20:15:00,0
04-03-2026 20:30:00,0
04-03-2026 20:45:00,0
04-03-2026 21:00:00,0
04-03-2026 21:15:00,0
04-03-2026 21:30:00,0
04-03-2026 21:45:00,0
04-03-2026 22:00:00,0
04-03-2026 22:15:00,0
04-03-2026 22:30:00,0
04-03-2026 22:45:00,0
04-03-2026 23:00:00,0
04-03-2026 23:15:00,0
04-03-2026 23:30:00,0
04-03-2026 23:45:00,0
04-04-2026 00:00:00,0
04-04-2026 00:15:00,0
04-04-2026 00:30:00,0
04-04-2026 00:45:00,0
04-04-2026 01:00:00,0
04-04-2026 01:15:00,0
04-04-2026 01:30:00,0
04-04-2026 01:45:00,0
04-04-2026 02:00:00,0
04-04-2026 02:15:00,0
04-04-2026 02:30:00,0
04-04-2026 02:45:00,0
04-04-2026 03:00:00,0
04-04-2026 03:15:00,0
04-04-2026 03:30:00,0
04-04-2026 03:45:00,0
04-04-2026 04:00:00,0
04-04-2026 04:15:00,0
04-04-2026 04:30:00,0
04-04-2026 04:45:00,0
04-04-2026 05:00:00,0
04-04-2026 05:15:00,0
04-04-2026 05:30:00,0
04-04-2026 05:45:00,0
04-04-2026 06:00:00,0
04-04-2026 06:15:00,0
04-04-2026 06:30:00,0
04-04-2026 06:45:00,0
04-04-2026 07:00:00,0
04-04-2026 07:15:00,0
04-04-2026 07:30:00,0
04-04-2026 07:45:00,0
04-04-2026 08:00:00,0
04-04-2026 08:15:00,0
04-04-2026 08:30:00,0
04-04-2026 08:45:00,0
04-04-2026 09:00:00,0
04-04-2026 09:15:00,0
04-04-2026 09:30:00,0
04-04-2026 09:45:00,0
04-04-2026 10:00:00,0
04-04-2026 10:15:00,0
04-04-2026 10:30:00,0
04-04-2026 10:45:00,0
04-04-2026 11:00:00,0
04-04-2026 11:15:00,0
04-04-2026 11:30:00,0
04-04-2026 11:45:00,0
04-04-2026 12:00:00,0
04-04-2026 12:15:00,0
04-04-2026 12:30:00,0
04-04-2026 12:45:00,0
04-04-2026 13:00:00,0
04-04-2026 13:15:00,0
04-04-2026 13:30:00,0
04-04-2026 13:45:00,0
04-04-2026 14:00:00,0
04-04-2026 14:15:00,0
04-04-2026 14:30:00,0
04-04-2026 14:45:00,0
04-04-2026 15:00:00,0
04-04-2026 15:15:00,0
04-04-2026 15:30:00,0
04-04-2026 15:45:00,0
04-04-2026 16:00:00,0
04-04-2026 16:15:00,0
04-04-2026 16:30:00,0
04-04-2026 16:45:00,0
04-04-2026 17:00:00,0
04-04-2026 17:15:00,0
04-04-2026 17:30:00,0
04-04-2026 17:45:00,0
04-04-2026 18:00:00,0
04-04-2026 18:15:00,0
04-04-2026 18:30:00,0
04-04-2026 18:45:00,0
04-04-2026 19:00:00,""
04-04-2026 19:15:00,0
04-04-2026 19:30:00,0
04-04-2026 19:45:00,0
04-04-2026 20:00:00,0
04-04-2026 20:15:00,0
04-04-2026 20:30:00,0
04-04-2026 20:45:00,0
04-04-2026 21:00:00,0
04-04-2026 21:15:00,""
04-04-2026 21:30:00,0
04-04-2026 21:45:00,0
04-04-2026 22:00:00,0
04-04-2026 22:15:00,0
04-04-2026 22:30:00,0
04-04-2026 22:45:00,0
04-04-2026 23:00:00,0
04-04-2026 23:15:00,0
04-04-2026 23:30:00,0
04-04-2026 23:45:00,0
04-05-2026 00:00:00,0
04-05-2026 00:15:00,0
04-05-2026 00:30:00,0
04-05-2026 00:45:00,0
04-05-2026 01:00:00,0
04-05-2026 01:15:00,0
04-05-2026 01:30:00,0
04-05-2026 01:45:00,0
04-05-2026 02:00:00,0
04-05-2026 02:15:00,0
04-05-2026 02:30:00,0
04-05-2026 02:45:00,0
04-05-2026 03:00:00,0
04-05-2026 03:15:00,0
04-05-2026 03:30:00,0
04-05-2026 03:45:00,0
04-05-2026 04:00:00,0
04-05-2026 04:15:00,0
04-05-2026 04:30:00,0
04-05-2026 04:45:00,0
04-05-2026 05:00:00,0
04-05-2026 05:15:00,0
04-05-2026 05:30:00,""
04-05-2026 05:45:00,0
04-05-2026 06:00:00,0
04-05-2026 06:15:00,0
04-05-2026 06:30:00,0
04-05-2026 06:45:00,0
04-05-2026 07:00:00,0
04-05-2026 07:15:00,0
04-05-2026 07:30:00,0
04-05-2026 07:45:00,0
04-05-2026 08:00:00,0
04-05-2026 08:15:00,0
04-05-2026 08:30:00,0
04-05-2026 08:45:00,0
04-05-2026 09:00:00,0
04-05-2026 09:15:00,0
04-05-2026 09:30:00,0
04-05-2026 09:45:00,0
04-05-2026 10:00:00,0
04-05-2026 10:15:00,0
04-05-2026 10:30:00,0
04-05-2026 10:45:00,0
04-05-2026 11:00:00,0
04-05-2026 11:15:00,0
04-05-2026 11:30:00,0
04-05-2026 11:45:00,0
04-05-2026 12:00:00,0
04-05-2026 12:15:00,0
04-05-2026 12:30:00,0
04-05-2026 12:45:00,0
04-05-2026 13:00:00,0
04-05-2026 13:15:00,0
04-05-2026 13:30:00,0
04-05-2026 13:45:00,0
04-05-2026 14:00:00,0
04-05-2026 14:15:00,0
04-05-2026 14:30:00,0
04-05-2026 14:45:00,0
04-05-2026 15:00:00,0
04-05-2026 15:15:00,0
04-05-2026 15:30:00,0
04-05-2026 15:45:00,0
04-05-2026 16:00:00,0
04-05-2026 16:15:00,0
04-05-2026 16:30:00,0
04-05-2026 16:45:00,0
04-05-2026 17:00:00,0
04-05-2026 17:15:00,0
04-05-2026 17:30:00,0
04-05-2026 17:45:00,0
04-05-2026 18:00:00,0
04-05-2026 18:15:00,0
04-05-2026 18:30:00,0
04-05-2026 18:45:00,0
04-05-2026 19:00:00,""
04-05-2026 19:15:00,0
04-05-2026 19:30:00,0
04-05-2026 19:45:00,0
04-05-2026 20:00:00,0
04-05-2026 20:15:00,0
04-05-2026 20:30:00,0
04-05-2026 20:45:00,0
04-05-2026 21:00:00,0
04-05-2026 21:15:00,""
04-05-2026 21:30:00,0
04-05-2026 21:45:00,0
04-05-2026 22:00:00,0
04-05-2026 22:15:00,0
04-05-2026 22:30:00,0
04-05-2026 22:45:00,0
04-05-2026 23:00:00,0
04-05-2026 23:15:00,0
04-05-2026 23:30:00,0
04-05-2026 23:45:00,0
04-06-2026 00:00:00,0
04-06-2026 00:15:00,0
04-06-2026 00:30:00,0
04-06-2026 00:45:00,0
04-06-2026 01:00:00,0
04-06-2026 01:15:00,0
04-06-2026 01:30:00,0
04-06-2026 01:45:00,0
04-06-2026 02:00:00,0
04-06-2026 02:15:00,0
04-06-2026 02:30:00,0
04-06-2026 02:45:00,0
04-06-2026 03:00:00,0
04-06-2026 03:15:00,0
04-06-2026 03:30:00,0
04-06-2026 03:45:00,0
04-06-2026 04:00:00,0
04-06-2026 04:15:00,0
04-06-2026 04:30:00,0
04-06-2026 04:45:00,0
04-06-2026 05:00:00,0
04-06-2026 05:15:00,0
04-06-2026 05:30:00,0
04-06-2026 05:45:00,0
04-06-2026 06:00:00,""
04-06-2026 06:15:00,0
04-06-2026 06:30:00,0
04-06-2026 06:45:00,0
04-06-2026 07:00:00,0
04-06-2026 07:15:00,0
04-06-2026 07:30:00,0
04-06-2026 07:45:00,0
04-06-2026 08:00:00,0
04-06-2026 08:15:00,0
04-06-2026 08:30:00,0
04-06-2026 08:45:00,0
04-06-2026 09:00:00,0
04-06-2026 09:15:00,0
04-06-2026 09:30:00,0
04-06-2026 09:45:00,0
04-06-2026 10:00:00,0
04-06-2026 10:15:00,0
04-06-2026 10:30:00,0
04-06-2026 10:45:00,0
04-06-2026 11:00:00,0
04-06-2026 11:15:00,0
04-06-2026 11:30:00,0
04-06-2026 11:45:00,0
04-06-2026 12:00:00,0
04-06-2026 12:15:00,0
04-06-2026 12:30:00,0
04-06-2026 12:45:00,0
04-06-2026 13:00:00,0
04-06-2026 13:15:00,0
04-06-2026 13:30:00,0
04-06-2026 13:45:00,0
04-06-2026 14:00:00,0
04-06-2026 14:15:00,0
04-06-2026 14:30:00,0
04-06-2026 14:45:00,0
04-06-2026 15:00:00,0
04-06-2026 15:15:00,0
04-06-2026 15:30:00,0
04-06-2026 15:45:00,0
04-06-2026 16:00:00,0
04-06-2026 16:15:00,0
04-06-2026 16:30:00,0
04-06-2026 16:45:00,0
04-06-2026 17:00:00,0
04-06-2026 17:15:00,0
04-06-2026 17:30:00,0
04-06-2026 17:45:00,0
04-06-2026 18:00:00,0
04-06-2026 18:15:00,0
04-06-2026 18:30:00,0
04-06-2026 18:45:00,0
04-06-2026 19:00:00,0
04-06-2026 19:15:00,0
04-06-2026 19:30:00,0
04-06-2026 19:45:00,0
04-06-2026 20:00:00,0
04-06-2026 20:15:00,0
04-06-2026 20:30:00,0
04-06-2026 20:45:00,0
04-06-2026 21:00:00,0
04-06-2026 21:15:00,0
04-06-2026 21:30:00,0
04-06-2026 21:45:00,0
04-06-2026 22:00:00,0
04-06-2026 22:15:00,0
04-06-2026 22:30:00,0
04-06-2026 22:45:00,0
04-06-2026 23:00:00,0
04-06-2026 23:15:00,0
04-06-2026 23:30:00,0
04-06-2026 23:45:00,0
04-07-2026 00:00:00,0
04-07-2026 00:15:00,0
04-07-2026 00:30:00,0
04-07-2026 00:45:00,0
04-07-2026 01:00:00,0
04-07-2026 01:15:00,0
04-07-2026 01:30:00,0
04-07-2026 01:45:00,0
04-07-2026 02:00:00,0
04-07-2026 02:15:00,0
04-07-2026 02:30:00,0
04-07-2026 02:45:00,0
04-07-2026 03:00:00,0
04-07-2026 03:15:00,0
04-07-2026 03:30:00,0
04-07-2026 03:45:00,0
04-07-2026 04:00:00,0
04-07-2026 04:15:00,0
04-07-2026 04:30:00,0
04-07-2026 04:45:00,0
04-07-2026 05:00:00,0
04-07-2026 05:15:00,0
04-07-2026 05:30:00,0
04-07-2026 05:45:00,0
04-07-2026 06:00:00,0
04-07-2026 06:15:00,0
04-07-2026 06:30:00,0
04-07-2026 06:45:00,0
04-07-2026 07:00:00,0
04-07-2026 07:15:00,0
04-07-2026 07:30:00,0
04-07-2026 07:45:00,0
04-07-2026 08:00:00,0
04-07-2026 08:15:00,0
04-07-2026 08:30:00,0
04-07-2026 08:45:00,0
04-07-2026 09:00:00,0
04-07-2026 09:15:00,0
04-07-2026 09:30:00,0
04-07-2026 09:45:00,0
04-07-2026 10:00:00,0
04-07-2026 10:15:00,0
04-07-2026 10:30:00,0
04-07-2026 10:45:00,0
04-07-2026 11:00:00,0
04-07-2026 11:15:00,0
04-07-2026 11:30:00,0
04-07-2026 11:45:00,0
04-07-2026 12:00:00,0
04-07-2026 12:15:00,0
04-07-2026 12:30:00,0
04-07-2026 12:45:00,0
04-07-2026 13:00:00,0
04-07-2026 13:15:00,""
04-07-2026 13:30:00,0
04-07-2026 13:45:00,0
04-07-2026 14:00:00,0
04-07-2026 14:15:00,0
04-07-2026 14:30:00,0
04-07-2026 14:45:00,0
04-07-2026 15:00:00,""
04-07-2026 15:15:00,0
04-07-2026 15:30:00,0
04-07-2026 15:45:00,0
04-07-2026 16:00:00,0
04-07-2026 16:15:00,0
04-07-2026 16:30:00,0
04-07-2026 16:45:00,0
04-07-2026 17:00:00,0
04-07-2026 17:15:00,0
04-07-2026 17:30:00,0
04-07-2026 17:45:00,0
04-07-2026 18:00:00,0
04-07-2026 18:15:00,0
04-07-2026 18:30:00,0
04-07-2026 18:45:00,0
04-07-2026 19:00:00,0
04-07-2026 19:15:00,0
04-07-2026 19:30:00,0
04-07-2026 19:45:00,0
04-07-2026 20:00:00,0
04-07-2026 20:15:00,0
04-07-2026 20:30:00,0
04-07-2026 20:45:00,0
04-07-2026 21:00:00,0
04-07-2026 21:15:00,0
04-07-2026 21:30:00,0
04-07-2026 21:45:00,0
04-07-2026 22:00:00,0
04-07-2026 22:15:00,0
04-07-2026 22:30:00,0
04-07-2026 22:45:00,0
04-07-2026 23:00:00,0
04-07-2026 23:15:00,0
04-07-2026 23:30:00,0
04-07-2026 23:45:00,0
04-08-2026 00:00:00,0
04-08-2026 00:15:00,0
04-08-2026 00:30:00,0
04-08-2026 00:45:00,0
04-08-2026 01:00:00,0
04-08-2026 01:15:00,0
04-08-2026 01:30:00,0
04-08-2026 01:45:00,0
04-08-2026 02:00:00,0
04-08-2026 02:15:00,0
04-08-2026 02:30:00,0
04-08-2026 02:45:00,0
04-08-2026 03:00:00,0
04-08-2026 03:15:00,0
04-08-2026 03:30:00,0
04-08-2026 03:45:00,0
04-08-2026 04:00:00,0
04-08-2026 04:15:00,0
04-08-2026 04:30:00,0
04-08-2026 04:45:00,0
04-08-2026 05:00:00,0
04-08-2026 05:15:00,0
04-08-2026 05:30:00,0
04-08-2026 05:45:00,0
04-08-2026 06:00:00,0
04-08-2026 06:15:00,0
04-08-2026 06:30:00,0
04-08-2026 06:45:00,0
04-08-2026 07:00:00,0
04-08-2026 07:15:00,0
04-08-2026 07:30:00,0
04-08-2026 07:45:00,0
04-08-2026 08:00:00,0
04-08-2026 08:15:00,0
04-08-2026 08:30:00,0
04-08-2026 08:45:00,0
04-08-2026 09:00:00,0
04-08-2026 09:15:00,0
04-08-2026 09:30:00,0
04-08-2026 09:45:00,0
04-08-2026 10:00:00,0
04-08-2026 10:15:00,0
04-08-2026 10:30:00,0
04-08-2026 10:45:00,0
04-08-2026 11:00:00,0
04-08-2026 11:15:00,0
04-08-2026 11:30:00,0
04-08-2026 11:45:00,0
04-08-2026 12:00:00,0
04-08-2026 12:15:00,0
04-08-2026 12:30:00,0
04-08-2026 12:45:00,0
04-08-2026 13:00:00,0
04-08-2026 13:15:00,0
04-08-2026 13:30:00,0
04-08-2026 13:45:00,0
04-08-2026 14:00:00,0
04-08-2026 14:15:00,0
04-08-2026 14:30:00,0
04-08-2026 14:45:00,0
04-08-2026 15:00:00,0
04-08-2026 15:15:00,0
04-08-2026 15:30:00,0
04-08-2026 15:45:00,0
04-08-2026 16:00:00,0
04-08-2026 16:15:00,0
04-08-2026 16:30:00,0
04-08-2026 16:45:00,0
04-08-2026 17:00:00,0
04-08-2026 17:15:00,""
04-08-2026 17:30:00,0
04-08-2026 17:45:00,0
04-08-2026 18:00:00,0
04-08-2026 18:15:00,0
04-08-2026 18:30:00,0
04-08-2026 18:45:00,0
04-08-2026 19:00:00,""
04-08-2026 19:15:00,0
04-08-2026 19:30:00,0
04-08-2026 19:45:00,0
04-08-2026 20:00:00,0
04-08-2026 20:15:00,0
04-08-2026 20:30:00,0
04-08-2026 20:45:00,0
04-08-2026 21:00:00,0
04-08-2026 21:15:00,0
04-08-2026 21:30:00,0
04-08-2026 21:45:00,""
04-08-2026 22:00:00,0
04-08-2026 22:15:00,0
04-08-2026 22:30:00,0
04-08-2026 22:45:00,0
04-08-2026 23:00:00,0
04-08-2026 23:15:00,0
04-08-2026 23:30:00,0
04-08-2026 23:45:00,0
04-09-2026 00:00:00,0
04-09-2026 00:15:00,0
04-09-2026 00:30:00,0
04-09-2026 00:45:00,0
04-09-2026 01:00:00,0
04-09-2026 01:15:00,0
04-09-2026 01:30:00,0
04-09-2026 01:45:00,0
04-09-2026 02:00:00,0
04-09-2026 02:15:00,0
04-09-2026 02:30:00,0
04-09-2026 02:45:00,0
04-09-2026 03:00:00,0
04-09-2026 03:15:00,0
04-09-2026 03:30:00,0
04-09-2026 03:45:00,0
04-09-2026 04:00:00,0
04-09-2026 04:15:00,0
04-09-2026 04:30:00,0
04-09-2026 04:45:00,0
04-09-2026 05:00:00,0
04-09-2026 05:15:00,0
04-09-2026 05:30:00,0
04-09-2026 05:45:00,0
04-09-2026 06:00:00,0
04-09-2026 06:15:00,0
04-09-2026 06:30:00,0
04-09-2026 06:45:00,0
04-09-2026 07:00:00,0
04-09-2026 07:15:00,0
04-09-2026 07:30:00,0
04-09-2026 07:45:00,0
04-09-2026 08:00:00,0
04-09-2026 08:15:00,0
04-09-2026 08:30:00,0
04-09-2026 08:45:00,0
04-09-2026 09:00:00,0
04-09-2026 09:15:00,0
04-09-2026 09:30:00,""
04-09-2026 09:45:00,0
04-09-2026 10:00:00,0
04-09-2026 10:15:00,0
04-09-2026 10:30:00,0
04-09-2026 10:45:00,0
04-09-2026 11:00:00,0
04-09-2026 11:15:00,0
04-09-2026 11:30:00,0
04-09-2026 11:45:00,0
04-09-2026 12:00:00,0
04-09-2026 12:15:00,0
04-09-2026 12:30:00,0
04-09-2026 12:45:00,0
04-09-2026 13:00:00,0
04-09-2026 13:15:00,0
04-09-2026 13:30:00,""
04-09-2026 13:45:00,0
04-09-2026 14:00:00,0
04-09-2026 14:15:00,0
04-09-2026 14:30:00,0
04-09-2026 14:45:00,0
04-09-2026 15:00:00,0
04-09-2026 15:15:00,0
04-09-2026 15:30:00,0
04-09-2026 15:45:00,0
04-09-2026 16:00:00,0
04-09-2026 16:15:00,0
04-09-2026 16:30:00,0
04-09-2026 16:45:00,0
04-09-2026 17:00:00,0
04-09-2026 17:15:00,0
04-09-2026 17:30:00,0
04-09-2026 17:45:00,0
04-09-2026 18:00:00,0
04-09-2026 18:15:00,0
04-09-2026 18:30:00,0
04-09-2026 18:45:00,0
04-09-2026 19:00:00,""
04-09-2026 19:15:00,0
04-09-2026 19:30:00,0
04-09-2026 19:45:00,0
04-09-2026 20:00:00,0
04-09-2026 20:15:00,0
04-09-2026 20:30:00,0
04-09-2026 20:45:00,0
04-09-2026 21:00:00,0
04-09-2026 21:15:00,0
04-09-2026 21:30:00,0
04-09-2026 21:45:00,0
04-09-2026 22:00:00,0
04-09-2026 22:15:00,0
04-09-2026 22:30:00,0
04-09-2026 22:45:00,0
04-09-2026 23:00:00,0
04-09-2026 23:15:00,0
04-09-2026 23:30:00,0
04-09-2026 23:45:00,0
04-10-2026 00:00:00,0
04-10-2026 00:15:00,0
04-10-2026 00:30:00,0
04-10-2026 00:45:00,0
04-10-2026 01:00:00,0
04-10-2026 01:15:00,""
04-10-2026 01:30:00,0
04-10-2026 01:45:00,0
04-10-2026 02:00:00,0
04-10-2026 02:15:00,0
04-10-2026 02:30:00,0
04-10-2026 02:45:00,0
04-10-2026 03:00:00,0
04-10-2026 03:15:00,0
04-10-2026 03:30:00,0
04-10-2026 03:45:00,0
04-10-2026 04:00:00,0
04-10-2026 04:15:00,0
04-10-2026 04:30:00,0
04-10-2026 04:45:00,0
04-10-2026 05:00:00,0
04-10-2026 05:15:00,""
04-10-2026 05:30:00,0
04-10-2026 05:45:00,0
04-10-2026 06:00:00,0
04-10-2026 06:15:00,0
04-10-2026 06:30:00,""
04-10-2026 06:45:00,0
04-10-2026 07:00:00,0
04-10-2026 07:15:00,0
04-10-2026 07:30:00,0
04-10-2026 07:45:00,0
04-10-2026 08:00:00,0
04-10-2026 08:15:00,0
04-10-2026 08:30:00,0
04-10-2026 08:45:00,0
04-10-2026 09:00:00,0
04-10-2026 09:15:00,0
04-10-2026 09:30:00,0
04-10-2026 09:45:00,0
04-10-2026 10:00:00,0
04-10-2026 10:15:00,0
04-10-2026 10:30:00,0
04-10-2026 10:45:00,0
04-10-2026 11:00:00,0
04-10-2026 11:15:00,0
04-10-2026 11:30:00,0
04-10-2026 11:45:00,0
04-10-2026 12:00:00,0
04-10-2026 12:15:00,0
04-10-2026 12:30:00,0
04-10-2026 12:45:00,0
04-10-2026 13:00:00,0
04-10-2026 13:15:00,0
04-10-2026 13:30:00,0
04-10-2026 13:45:00,0
04-10-2026 14:00:00,0
04-10-2026 14:15:00,0
04-10-2026 14:30:00,0
04-10-2026 14:45:00,0
04-10-2026 15:00:00,0
04-10-2026 15:15:00,0
04-10-2026 15:30:00,0
04-10-2026 15:45:00,0
04-10-2026 16:00:00,0
04-10-2026 16:15:00,0
04-10-2026 16:30:00,0
04-10-2026 16:45:00,0
04-10-2026 17:00:00,0
04-10-2026 17:15:00,0
04-10-2026 17:30:00,0
04-10-2026 17:45:00,0
04-10-2026 18:00:00,0
04-10-2026 18:15:00,0
04-10-2026 18:30:00,0
04-10-2026 18:45:00,0
04-10-2026 19:00:00,0
04-10-2026 19:15:00,0
04-10-2026 19:30:00,0
04-10-2026 19:45:00,0
04-10-2026 20:00:00,0
04-10-2026 20:15:00,0
04-10-2026 20:30:00,0
04-10-2026 20:45:00,0
04-10-2026 21:00:00,0
04-10-2026 21:15:00,0
04-10-2026 21:30:00,0
04-10-2026 21:45:00,0
04-10-2026 22:00:00,0
04-10-2026 22:15:00,0
04-10-2026 22:30:00,0
04-10-2026 22:45:00,0
04-10-2026 23:00:00,0
04-10-2026 23:15:00,0
04-10-2026 23:30:00,0
04-10-2026 23:45:00,0
04-11-2026 00:00:00,0
04-11-2026 00:15:00,0
04-11-2026 00:30:00,0
04-11-2026 00:45:00,0
04-11-2026 01:00:00,0
04-11-2026 01:15:00,0
04-11-2026 01:30:00,0
04-11-2026 01:45:00,0
04-11-2026 02:00:00,0
04-11-2026 02:15:00,0
04-11-2026 02:30:00,0
04-11-2026 02:45:00,0
04-11-2026 03:00:00,0
04-11-2026 03:15:00,0
04-11-2026 03:30:00,0
04-11-2026 03:45:00,0
04-11-2026 04:00:00,0
04-11-2026 04:15:00,0
04-11-2026 04:30:00,0
04-11-2026 04:45:00,0
04-11-2026 05:00:00,0
04-11-2026 05:15:00,0
04-11-2026 05:30:00,0
04-11-2026 05:45:00,0
04-11-2026 06:00:00,0
04-11-2026 06:15:00,0
04-11-2026 06:30:00,0
04-11-2026 06:45:00,0
04-11-2026 07:00:00,0
04-11-2026 07:15:00,0
04-11-2026 07:30:00,0
04-11-2026 07:45:00,0
04-11-2026 08:00:00,0
04-11-2026 08:15:00,0
04-11-2026 08:30:00,0
04-11-2026 08:45:00,0
04-11-2026 09:00:00,0
04-11-2026 09:15:00,0
04-11-2026 09:30:00,0
04-11-2026 09:45:00,0
04-11-2026 10:00:00,0
04-11-2026 10:15:00,0
04-11-2026 10:30:00,0
04-11-2026 10:45:00,0
04-11-2026 11:00:00,0
04-11-2026 11:15:00,0
04-11-2026 11:30:00,0
04-11-2026 11:45:00,0
04-11-2026 12:00:00,0
04-11-2026 12:15:00,0
04-11-2026 12:30:00,0
04-11-2026 12:45:00,0
04-11-2026 13:00:00,0
04-11-2026 13:15:00,""
04-11-2026 13:30:00,0
04-11-2026 13:45:00,0
04-11-2026 14:00:00,0
04-11-2026 14:15:00,0
04-11-2026 14:30:00,0
04-11-2026 14:45:00,0
04-11-2026 15:00:00,0
04-11-2026 15:15:00,0
04-11-2026 15:30:00,0
04-11-2026 15:45:00,0
04-11-2026 16:00:00,0
04-11-2026 16:15:00,""
04-11-2026 16:30:00,0
04-11-2026 16:45:00,0
04-11-2026 17:00:00,0
04-11-2026 17:15:00,0
04-11-2026 17:30:00,0
04-11-2026 17:45:00,0
04-11-2026 18:00:00,0
04-11-2026 18:15:00,0
04-11-2026 18:30:00,0
04-11-2026 18:45:00,0
04-11-2026 19:00:00,0
04-11-2026 19:15:00,0
04-11-2026 19:30:00,0
04-11-2026 19:45:00,0
04-11-2026 20:00:00,0
04-11-2026 20:15:00,0
04-11-2026 20:30:00,0
04-11-2026 20:45:00,0
04-11-2026 21:00:00,0
04-11-2026 21:15:00,0
04-11-2026 21:30:00,0
04-11-2026 21:45:00,0
04-11-2026 22:00:00,0
04-11-2026 22:15:00,0
04-11-2026 22:30:00,0
04-11-2026 22:45:00,0
04-11-2026 23:00:00,0
04-11-2026 23:15:00,0
04-11-2026 23:30:00,0
04-11-2026 23:45:00,0
04-12-2026 00:00:00,0
04-12-2026 00:15:00,0
04-12-2026 00:30:00,0
04-12-2026 00:45:00,0
04-12-2026 01:00:00,0
04-12-2026 01:15:00,0
04-12-2026 01:30:00,0
04-12-2026 01:45:00,0
04-12-2026 02:00:00,0
04-12-2026 02:15:00,0
04-12-2026 02:30:00,0
04-12-2026 02:45:00,0
04-12-2026 03:00:00,0
04-12-2026 03:15:00,0
04-12-2026 03:30:00,0
04-12-2026 03:45:00,0
04-12-2026 04:00:00,0
04-12-2026 04:15:00,0
04-12-2026 04:30:00,0
04-12-2026 04:45:00,0
04-12-2026 05:00:00,0
04-12-2026 05:15:00,0
04-12-2026 05:30:00,0
04-12-2026 05:45:00,0
04-12-2026 06:00:00,0
04-12-2026 06:15:00,0
04-12-2026 06:30:00,0
04-12-2026 06:45:00,0
04-12-2026 07:00:00,0
04-12-2026 07:15:00,0
04-12-2026 07:30:00,0
04-12-2026 07:45:00,0
04-12-2026 08:00:00,0
04-12-2026 08:15:00,0
04-12-2026 08:30:00,0
04-12-2026 08:45:00,0
04-12-2026 09:00:00,0
04-12-2026 09:15:00,0
04-12-2026 09:30:00,0
04-12-2026 09:45:00,0
04-12-2026 10:00:00,0
04-12-2026 10:15:00,0
04-12-2026 10:30:00,0
04-12-2026 10:45:00,0
04-12-2026 11:00:00,0
04-12-2026 11:15:00,0
04-12-2026 11:30:00,0
04-12-2026 11:45:00,0
04-12-2026 12:00:00,0
04-12-2026 12:15:00,0
04-12-2026 12:30:00,0
04-12-2026 12:45:00,0
04-12-2026 13:00:00,0
04-12-2026 13:15:00,0
04-12-2026 13:30:00,0
04-12-2026 13:45:00,0
04-12-2026 14:00:00,0
04-12-2026 14:15:00,0
04-12-2026 14:30:00,0
04-12-2026 14:45:00,0
04-12-2026 15:00:00,0
04-12-2026 15:15:00,0
04-12-2026 15:30:00,0
04-12-2026 15:45:00,0
04-12-2026 16:00:00,0
04-12-2026 16:15:00,0
04-12-2026 16:30:00,0
04-12-2026 16:45:00,0
04-12-2026 17:00:00,0
04-12-2026 17:15:00,0
04-12-2026 17:30:00,0
04-12-2026 17:45:00,0
04-12-2026 18:00:00,0
04-12-2026 18:15:00,0
04-12-2026 18:30:00,0
04-12-2026 18:45:00,0
04-12-2026 19:00:00,""
04-12-2026 19:15:00,0
04-12-2026 19:30:00,0
04-12-2026 19:45:00,0
04-12-2026 20:00:00,0
04-12-2026 20:15:00,0
04-12-2026 20:30:00,0
04-12-2026 20:45:00,0
04-12-2026 21:00:00,0
04-12-2026 21:15:00,0
04-12-2026 21:30:00,0
04-12-2026 21:45:00,0
04-12-2026 22:00:00,0
04-12-2026 22:15:00,0
04-12-2026 22:30:00,0
04-12-2026 22:45:00,0
04-12-2026 23:00:00,0
04-12-2026 23:15:00,0
04-12-2026 23:30:00,0
04-12-2026 23:45:00,0
04-13-2026 00:00:00,0
04-13-2026 00:15:00,0
04-13-2026 00:30:00,0
04-13-2026 00:45:00,0
04-13-2026 01:00:00,0
04-13-2026 01:15:00,0
04-13-2026 01:30:00,""
04-13-2026 01:45:00,0
04-13-2026 02:00:00,0
04-13-2026 02:15:00,0
04-13-2026 02:30:00,0
04-13-2026 02:45:00,0
04-13-2026 03:00:00,0
04-13-2026 03:15:00,0
04-13-2026 03:30:00,0
04-13-2026 03:45:00,0
04-13-2026 04:00:00,0
04-13-2026 04:15:00,0
04-13-2026 04:30:00,0
04-13-2026 04:45:00,0
04-13-2026 05:00:00,0
04-13-2026 05:15:00,0
04-13-2026 05:30:00,0
04-13-2026 05:45:00,0
04-13-2026 06:00:00,0
04-13-2026 06:15:00,0
04-13-2026 06:30:00,0
04-13-2026 06:45:00,0
04-13-2026 07:00:00,0
04-13-2026 07:15:00,0
04-13-2026 07:30:00,0
04-13-2026 07:45:00,0
04-13-2026 08:00:00,0
04-13-2026 08:15:00,0
04-13-2026 08:30:00,0
04-13-2026 08:45:00,0
04-13-2026 09:00:00,0
04-13-2026 09:15:00,0
04-13-2026 09:30:00,0
04-13-2026 09:45:00,0
04-13-2026 10:00:00,0
04-13-2026 10:15:00,0
04-13-2026 10:30:00,0
04-13-2026 10:45:00,152.172
04-13-2026 11:00:00,212.011
04-13-2026 11:15:00,256.159
04-13-2026 11:30:00,210.971
04-13-2026 11:45:00,197.753
04-13-2026 12:00:00,177.881
04-13-2026 12:15:00,170.431
04-13-2026 12:30:00,205.99
04-13-2026 12:45:00,263.215
04-13-2026 13:00:00,382.821
04-13-2026 13:15:00,440.911
04-13-2026 13:30:00,400.239
04-13-2026 13:45:00,287.848
04-13-2026 14:00:00,250.103
04-13-2026 14:15:00,303.825
04-13-2026 14:30:00,342.311
04-13-2026 14:45:00,335.457
04-13-2026 15:00:00,348.726
04-13-2026 15:15:00,435.178
04-13-2026 15:30:00,407.694
04-13-2026 15:45:00,244.298
04-13-2026 16:00:00,238.854
04-13-2026 16:15:00,291.641
04-13-2026 16:30:00,253.604
04-13-2026 16:45:00,354.095
04-13-2026 17:00:00,145.839
04-13-2026 17:15:00,132.159
04-13-2026 17:30:00,84.425
04-13-2026 17:45:00,60.261
04-13-2026 18:00:00,52.103
04-13-2026 18:15:00,21.129
04-13-2026 18:30:00,6.081
04-13-2026 18:45:00,-0.047
04-13-2026 19:00:00,""
04-13-2026 19:15:00,-0.086
04-13-2026 19:30:00,-0.094
04-13-2026 19:45:00,-0.08
04-13-2026 20:00:00,-0.081
04-13-2026 20:15:00,-0.083
04-13-2026 20:30:00,-0.098
04-13-2026 20:45:00,-0.096
04-13-2026 21:00:00,-0.09
04-13-2026 21:15:00,-0.089
04-13-2026 21:30:00,-0.097
04-13-2026 21:45:00,-0.085
04-13-2026 22:00:00,-0.09
04-13-2026 22:15:00,-0.086
04-13-2026 22:30:00,-0.088
04-13-2026 22:45:00,-0.089
04-13-2026 23:00:00,-0.097
04-13-2026 23:15:00,-0.101
04-13-2026 23:30:00,-0.096
04-13-2026 23:45:00,-0.093
04-14-2026 00:00:00,-0.082
04-14-2026 00:15:00,-0.082
04-14-2026 00:30:00,-0.091
04-14-2026 00:45:00,-0.097
04-14-2026 01:00:00,-0.089
04-14-2026 01:15:00,-0.083
04-14-2026 01:30:00,-0.083
04-14-2026 01:45:00,-0.08
04-14-2026 02:00:00,-0.089
04-14-2026 02:15:00,-0.091
04-14-2026 02:30:00,-0.089
04-14-2026 02:45:00,-0.083
04-14-2026 03:00:00,-0.082
04-14-2026 03:15:00,-0.084
04-14-2026 03:30:00,-0.081
04-14-2026 03:45:00,-0.087
04-14-2026 04:00:00,-0.09
04-14-2026 04:15:00,-0.088
04-14-2026 04:30:00,-0.092
04-14-2026 04:45:00,-0.096
04-14-2026 05:00:00,-0.089
04-14-2026 05:15:00,-0.085
04-14-2026 05:30:00,-0.082
04-14-2026 05:45:00,-0.077
04-14-2026 06:00:00,-0.061
04-14-2026 06:15:00,4.957
04-14-2026 06:30:00,20.931
04-14-2026 06:45:00,41.294
04-14-2026 07:00:00,64.314
04-14-2026 07:15:00,99.394
04-14-2026 07:30:00,171.54
04-14-2026 07:45:00,190.854
04-14-2026 08:00:00,192.935
04-14-2026 08:15:00,239.414
04-14-2026 08:30:00,276.66
04-14-2026 08:45:00,310.237
04-14-2026 09:00:00,318.114
04-14-2026 09:15:00,272.741
04-14-2026 09:30:00,280.248
04-14-2026 09:45:00,460.246
04-14-2026 10:00:00,526.458
04-14-2026 10:15:00,437.491
04-14-2026 10:30:00,443.368
04-14-2026 10:45:00,566.822
04-14-2026 11:00:00,584.907
04-14-2026 11:15:00,412.124
04-14-2026 11:30:00,281.084
04-14-2026 11:45:00,327.421
04-14-2026 12:00:00,389.489
04-14-2026 12:15:00,520.681
04-14-2026 12:30:00,666.243
04-14-2026 12:45:00,551.074
04-14-2026 13:00:00,349.398
04-14-2026 13:15:00,273.609
04-14-2026 13:30:00,250.509
04-14-2026 13:45:00,233.205
04-14-2026 14:00:00,247.013
04-14-2026 14:15:00,314.926
04-14-2026 14:30:00,290.231
04-14-2026 14:45:00,196.306
04-14-2026 15:00:00,144.928
04-14-2026 15:15:00,124.565
04-14-2026 15:30:00,125.2
04-14-2026 15:45:00,119.231
04-14-2026 16:00:00,86.486
04-14-2026 16:15:00,40.042
04-14-2026 16:30:00,29.301
04-14-2026 16:45:00,43.163
04-14-2026 17:00:00,72.794
04-14-2026 17:15:00,83.164
04-14-2026 17:30:00,59.054
04-14-2026 17:45:00,43.745
04-14-2026 18:00:00,29.89
04-14-2026 18:15:00,15.168
04-14-2026 18:30:00,3.392
04-14-2026 18:45:00,-0.037
04-14-2026 19:00:00,""
04-14-2026 19:15:00,-0.095
04-14-2026 19:30:00,-0.096
04-14-2026 19:45:00,-0.099
04-14-2026 20:00:00,-0.097
04-14-2026 20:15:00,-0.095
04-14-2026 20:30:00,-0.096
04-14-2026 20:45:00,-0.098
04-14-2026 21:00:00,-0.098
04-14-2026 21:15:00,-0.088
04-14-2026 21:30:00,-0.092
04-14-2026 21:45:00,-0.09
04-14-2026 22:00:00,-0.093
04-14-2026 22:15:00,-0.088
04-14-2026 22:30:00,-0.082
04-14-2026 22:45:00,-0.088
04-14-2026 23:00:00,-0.085
04-14-2026 23:15:00,-0.085
04-14-2026 23:30:00,-0.085
04-14-2026 23:45:00,-0.09
04-15-2026 00:00:00,-0.076
04-15-2026 00:15:00,-0.097
04-15-2026 00:30:00,-0.095
04-15-2026 00:45:00,-0.092
04-15-2026 01:00:00,-0.085
04-15-2026 01:15:00,-0.094
04-15-2026 01:30:00,-0.103
04-15-2026 01:45:00,-0.09
04-15-2026 02:00:00,-0.085
04-15-2026 02:15:00,-0.083
04-15-2026 02:30:00,-0.091
04-15-2026 02:45:00,-0.094
04-15-2026 03:00:00,-0.074
04-15-2026 03:15:00,-0.084
04-15-2026 03:30:00,-0.08
04-15-2026 03:45:00,-0.089
04-15-2026 04:00:00,-0.095
04-15-2026 04:15:00,""
04-15-2026 04:30:00,-0.091
04-15-2026 04:45:00,-0.096
04-15-2026 05:00:00,-0.083
04-15-2026 05:15:00,-0.085
04-15-2026 05:30:00,-0.086
04-15-2026 05:45:00,-0.082
04-15-2026 06:00:00,-0.032
04-15-2026 06:15:00,4.231
04-15-2026 06:30:00,23.252
04-15-2026 06:45:00,60.413
04-15-2026 07:00:00,82.057
04-15-2026 07:15:00,92.718
04-15-2026 07:30:00,71.992
04-15-2026 07:45:00,107.698
04-15-2026 08:00:00,173.212
04-15-2026 08:15:00,222.293
04-15-2026 08:30:00,144.558
04-15-2026 08:45:00,151.986
04-15-2026 09:00:00,229.497
04-15-2026 09:15:00,256.004
04-15-2026 09:30:00,246.754
04-15-2026 09:45:00,261.297
04-15-2026 10:00:00,275.106
04-15-2026 10:15:00,402.292
04-15-2026 10:30:00,462.26
04-15-2026 10:45:00,486.154
04-15-2026 11:00:00,509.453
04-15-2026 11:15:00,502.348
04-15-2026 11:30:00,498.323
04-15-2026 11:45:00,606.659
04-15-2026 12:00:00,602.787
04-15-2026 12:15:00,392.253
04-15-2026 12:30:00,314.172
04-15-2026 12:45:00,405.87
04-15-2026 13:00:00,444.394
04-15-2026 13:15:00,436.296
04-15-2026 13:30:00,393.562
04-15-2026 13:45:00,372.88
04-15-2026 14:00:00,430.973
04-15-2026 14:15:00,436.585
04-15-2026 14:30:00,440.828
04-15-2026 14:45:00,484.157
04-15-2026 15:00:00,588.621
04-15-2026 15:15:00,605.666
04-15-2026 15:30:00,572.331
04-15-2026 15:45:00,532.535
04-15-2026 16:00:00,493.056
04-15-2026 16:15:00,383.516
04-15-2026 16:30:00,243.566
04-15-2026 16:45:00,221.993
04-15-2026 17:00:00,242.435
04-15-2026 17:15:00,177.02
04-15-2026 17:30:00,93.971
04-15-2026 17:45:00,54.123
04-15-2026 18:00:00,31.832
04-15-2026 18:15:00,16.494
04-15-2026 18:30:00,7.547
04-15-2026 18:45:00,1.82
04-15-2026 19:00:00,-0.061
04-15-2026 19:15:00,-0.085
04-15-2026 19:30:00,-0.088
04-15-2026 19:45:00,-0.093
04-15-2026 20:00:00,-0.094
04-15-2026 20:15:00,-0.092
04-15-2026 20:30:00,-0.089
04-15-2026 20:45:00,-0.086
04-15-2026 21:00:00,-0.088
04-15-2026 21:15:00,-0.088
04-15-2026 21:30:00,-0.085
04-15-2026 21:45:00,-0.079
04-15-2026 22:00:00,-0.085
04-15-2026 22:15:00,-0.085
04-15-2026 22:30:00,-0.089
04-15-2026 22:45:00,-0.093
04-15-2026 23:00:00,-0.093
04-15-2026 23:15:00,-0.089
04-15-2026 23:30:00,-0.082
04-15-2026 23:45:00,-0.081
04-16-2026 00:00:00,-0.086
04-16-2026 00:15:00,-0.087
04-16-2026 00:30:00,-0.09
04-16-2026 00:45:00,-0.093
04-16-2026 01:00:00,-0.092
04-16-2026 01:15:00,-0.086
04-16-2026 01:30:00,""
04-16-2026 01:45:00,-0.069
04-16-2026 02:00:00,-0.07
04-16-2026 02:15:00,-0.082
04-16-2026 02:30:00,-0.089
04-16-2026 02:45:00,-0.085
04-16-2026 03:00:00,-0.091
04-16-2026 03:15:00,-0.096
04-16-2026 03:30:00,-0.09
04-16-2026 03:45:00,-0.082
04-16-2026 04:00:00,-0.086
04-16-2026 04:15:00,-0.093
04-16-2026 04:30:00,-0.073
04-16-2026 04:45:00,-0.074
04-16-2026 05:00:00,-0.074
04-16-2026 05:15:00,-0.081
04-16-2026 05:30:00,""
04-16-2026 05:45:00,-0.08
04-16-2026 06:00:00,0.556
04-16-2026 06:15:00,5.795
04-16-2026 06:30:00,20.335
04-16-2026 06:45:00,42.04
04-16-2026 07:00:00,100.741
04-16-2026 07:15:00,163.328
04-16-2026 07:30:00,126.468
04-16-2026 07:45:00,101.276
04-16-2026 08:00:00,171.342
04-16-2026 08:15:00,227.972
04-16-2026 08:30:00,206.693
04-16-2026 08:45:00,497.068
04-16-2026 09:00:00,531.999
04-16-2026 09:15:00,442.487
04-16-2026 09:30:00,566.908
04-16-2026 09:45:00,608.609
04-16-2026 10:00:00,629.799
04-16-2026 10:15:00,699.167
04-16-2026 10:30:00,728.865
04-16-2026 10:45:00,709.655
04-16-2026 11:00:00,701.331
04-16-2026 11:15:00,626.495
04-16-2026 11:30:00,739.624
04-16-2026 11:45:00,725.77
04-16-2026 12:00:00,740.546
04-16-2026 12:15:00,753.45
04-16-2026 12:30:00,748.433
04-16-2026 12:45:00,733.889
04-16-2026 13:00:00,""
04-16-2026 13:15:00,746.544
04-16-2026 13:30:00,725.122
04-16-2026 13:45:00,718.696
04-16-2026 14:00:00,672.077
04-16-2026 14:15:00,659.714
04-16-2026 14:30:00,633.633
04-16-2026 14:45:00,615.565
04-16-2026 15:00:00,627.903
04-16-2026 15:15:00,636.115
04-16-2026 15:30:00,555.638
04-16-2026 15:45:00,506.845
04-16-2026 16:00:00,477.489
04-16-2026 16:15:00,450.569
04-16-2026 16:30:00,286.277
04-16-2026 16:45:00,200.834
04-16-2026 17:00:00,139.105
04-16-2026 17:15:00,103.807
04-16-2026 17:30:00,114.7
04-16-2026 17:45:00,68.268
04-16-2026 18:00:00,97.436
04-16-2026 18:15:00,56.71
04-16-2026 18:30:00,20.501
04-16-2026 18:45:00,3.389
04-16-2026 19:00:00,""
04-16-2026 19:15:00,-0.094
04-16-2026 19:30:00,-0.091
04-16-2026 19:45:00,""
04-16-2026 20:00:00,-0.089
04-16-2026 20:15:00,-0.094
04-16-2026 20:30:00,-0.09
04-16-2026 20:45:00,-0.085
04-16-2026 21:00:00,-0.085
04-16-2026 21:15:00,-0.082
04-16-2026 21:30:00,-0.09
04-16-2026 21:45:00,-0.082
04-16-2026 22:00:00,-0.084
04-16-2026 22:15:00,-0.086
04-16-2026 22:30:00,-0.092
04-16-2026 22:45:00,-0.08
04-16-2026 23:00:00,-0.087
04-16-2026 23:15:00,-0.091
04-16-2026 23:30:00,-0.095
04-16-2026 23:45:00,-0.092
04-17-2026 00:00:00,-0.096
04-17-2026 00:15:00,-0.078
04-17-2026 00:30:00,-0.076
04-17-2026 00:45:00,-0.088
04-17-2026 01:00:00,-0.09
04-17-2026 01:15:00,-0.085
04-17-2026 01:30:00,-0.092
04-17-2026 01:45:00,-0.091
04-17-2026 02:00:00,-0.091
04-17-2026 02:15:00,-0.089
04-17-2026 02:30:00,-0.09
04-17-2026 02:45:00,-0.088
04-17-2026 03:00:00,-0.092
04-17-2026 03:15:00,-0.087
04-17-2026 03:30:00,-0.082
04-17-2026 03:45:00,-0.088
04-17-2026 04:00:00,-0.089
04-17-2026 04:15:00,-0.081
04-17-2026 04:30:00,-0.081
04-17-2026 04:45:00,-0.087
04-17-2026 05:00:00,-0.098
04-17-2026 05:15:00,-0.097
04-17-2026 05:30:00,-0.086
04-17-2026 05:45:00,-0.057
04-17-2026 06:00:00,2.192
04-17-2026 06:15:00,7.811
04-17-2026 06:30:00,29.628
04-17-2026 06:45:00,49.612
04-17-2026 07:00:00,96.35
04-17-2026 07:15:00,158.836
04-17-2026 07:30:00,212.866
04-17-2026 07:45:00,237.143
04-17-2026 08:00:00,286.053
04-17-2026 08:15:00,337.017
04-17-2026 08:30:00,381.661
04-17-2026 08:45:00,440.79
04-17-2026 09:00:00,490.861
04-17-2026 09:15:00,528.978
04-17-2026 09:30:00,570.3
04-17-2026 09:45:00,603.896
04-17-2026 10:00:00,632.752
04-17-2026 10:15:00,661.836
04-17-2026 10:30:00,685.235
04-17-2026 10:45:00,""
04-17-2026 11:00:00,674.378
04-17-2026 11:15:00,676.008
04-17-2026 11:30:00,681.345
04-17-2026 11:45:00,658.639
04-17-2026 12:00:00,653.624
04-17-2026 12:15:00,685.193
04-17-2026 12:30:00,717.229
04-17-2026 12:45:00,717.398
04-17-2026 13:00:00,676.689
04-17-2026 13:15:00,646.839
04-17-2026 13:30:00,664.23
04-17-2026 13:45:00,648.045
04-17-2026 14:00:00,607.835
04-17-2026 14:15:00,546.736
04-17-2026 14:30:00,457.955
04-17-2026 14:45:00,482.11
04-17-2026 15:00:00,543.457
04-17-2026 15:15:00,533.465
04-17-2026 15:30:00,472.096
04-17-2026 15:45:00,342.311
04-17-2026 16:00:00,250.018
04-17-2026 16:15:00,233.163
04-17-2026 16:30:00,238.849
04-17-2026 16:45:00,220.7
04-17-2026 17:00:00,185.841
04-17-2026 17:15:00,151.086
04-17-2026 17:30:00,""
04-17-2026 17:45:00,47.415
04-17-2026 18:00:00,30.95
04-17-2026 18:15:00,16.44
04-17-2026 18:30:00,7.405
04-17-2026 18:45:00,1.426
04-17-2026 19:00:00,""
04-17-2026 19:15:00,-0.094
04-17-2026 19:30:00,-0.094
04-17-2026 19:45:00,-0.095
04-17-2026 20:00:00,-0.093
04-17-2026 20:15:00,-0.083
04-17-2026 20:30:00,-0.083
04-17-2026 20:45:00,-0.084
04-17-2026 21:00:00,-0.076
04-17-2026 21:15:00,-0.087
04-17-2026 21:30:00,-0.086
04-17-2026 21:45:00,-0.086
04-17-2026 22:00:00,-0.095
04-17-2026 22:15:00,-0.093
04-17-2026 22:30:00,-0.091
04-17-2026 22:45:00,-0.093
04-17-2026 23:00:00,-0.093
04-17-2026 23:15:00,-0.09
04-17-2026 23:30:00,-0.083
04-17-2026 23:45:00,-0.088
04-18-2026 00:00:00,-0.09
04-18-2026 00:15:00,-0.092
04-18-2026 00:30:00,-0.086
04-18-2026 00:45:00,-0.091
04-18-2026 01:00:00,-0.094
04-18-2026 01:15:00,-0.099
04-18-2026 01:30:00,-0.096
04-18-2026 01:45:00,-0.093
04-18-2026 02:00:00,-0.093
04-18-2026 02:15:00,-0.095
04-18-2026 02:30:00,-0.099
04-18-2026 02:45:00,-0.088
04-18-2026 03:00:00,-0.078
04-18-2026 03:15:00,-0.091
04-18-2026 03:30:00,-0.089
04-18-2026 03:45:00,-0.074
04-18-2026 04:00:00,-0.086
04-18-2026 04:15:00,-0.077
04-18-2026 04:30:00,""
04-18-2026 04:45:00,-0.085
04-18-2026 05:00:00,-0.093
04-18-2026 05:15:00,-0.088
04-18-2026 05:30:00,-0.08
04-18-2026 05:45:00,-0.076
04-18-2026 06:00:00,-0.06
04-18-2026 06:15:00,1.963
04-18-2026 06:30:00,7.367
04-18-2026 06:45:00,15.614
04-18-2026 07:00:00,24.533
04-18-2026 07:15:00,39.685
04-18-2026 07:30:00,61.061
04-18-2026 07:45:00,90.308
04-18-2026 08:00:00,110.956
04-18-2026 08:15:00,138.853
04-18-2026 08:30:00,149.371
04-18-2026 08:45:00,167.505
04-18-2026 09:00:00,198.521
04-18-2026 09:15:00,203.94
04-18-2026 09:30:00,224.748
04-18-2026 09:45:00,229.556
04-18-2026 10:00:00,226.52
04-18-2026 10:15:00,217.512
04-18-2026 10:30:00,265.585
04-18-2026 10:45:00,322.377
04-18-2026 11:00:00,326.133
04-18-2026 11:15:00,302.248
04-18-2026 11:30:00,293.962
04-18-2026 11:45:00,236.081
04-18-2026 12:00:00,236.812
04-18-2026 12:15:00,311.985
04-18-2026 12:30:00,349.684
04-18-2026 12:45:00,347.514
04-18-2026 13:00:00,333.638
04-18-2026 13:15:00,270.717
04-18-2026 13:30:00,234.076
04-18-2026 13:45:00,""
04-18-2026 14:00:00,241.04
04-18-2026 14:15:00,269.808
04-18-2026 14:30:00,297.264
04-18-2026 14:45:00,324.815
04-18-2026 15:00:00,298.648
04-18-2026 15:15:00,392.484
04-18-2026 15:30:00,491.692
04-18-2026 15:45:00,387.014
04-18-2026 16:00:00,361.122
04-18-2026 16:15:00,400.902
04-18-2026 16:30:00,305.662
04-18-2026 16:45:00,190.265
04-18-2026 17:00:00,132.337
04-18-2026 17:15:00,104.745
04-18-2026 17:30:00,88.187
04-18-2026 17:45:00,61.767
04-18-2026 18:00:00,38.653
04-18-2026 18:15:00,24.602
04-18-2026 18:30:00,10.633
04-18-2026 18:45:00,1.9
04-18-2026 19:00:00,0.029
04-18-2026 19:15:00,-0.091
04-18-2026 19:30:00,-0.091
04-18-2026 19:45:00,-0.09
04-18-2026 20:00:00,-0.086
04-18-2026 20:15:00,-0.084
04-18-2026 20:30:00,-0.087
04-18-2026 20:45:00,-0.093
04-18-2026 21:00:00,-0.096
04-18-2026 21:15:00,-0.094
04-18-2026 21:30:00,-0.088
04-18-2026 21:45:00,-0.083
04-18-2026 22:00:00,-0.088
04-18-2026 22:15:00,-0.09
04-18-2026 22:30:00,-0.085
04-18-2026 22:45:00,-0.081
04-18-2026 23:00:00,-0.079
04-18-2026 23:15:00,-0.085
04-18-2026 23:30:00,-0.094
04-18-2026 23:45:00,-0.092
04-19-2026 00:00:00,-0.081
04-19-2026 00:15:00,-0.078
04-19-2026 00:30:00,-0.085
04-19-2026 00:45:00,-0.089
04-19-2026 01:00:00,-0.087
04-19-2026 01:15:00,-0.081
04-19-2026 01:30:00,-0.083
04-19-2026 01:45:00,-0.097
04-19-2026 02:00:00,-0.097
04-19-2026 02:15:00,-0.088
04-19-2026 02:30:00,-0.088
04-19-2026 02:45:00,-0.083
04-19-2026 03:00:00,-0.08
04-19-2026 03:15:00,-0.083
04-19-2026 03:30:00,-0.086
04-19-2026 03:45:00,-0.087
04-19-2026 04:00:00,-0.094
04-19-2026 04:15:00,-0.093
04-19-2026 04:30:00,-0.085
04-19-2026 04:45:00,-0.088
04-19-2026 05:00:00,-0.09
04-19-2026 05:15:00,-0.091
04-19-2026 05:30:00,-0.089
04-19-2026 05:45:00,0.189
04-19-2026 06:00:00,2.464
04-19-2026 06:15:00,9.422
04-19-2026 06:30:00,19.838
04-19-2026 06:45:00,33.373
04-19-2026 07:00:00,62.107
04-19-2026 07:15:00,133.42
04-19-2026 07:30:00,207.292
04-19-2026 07:45:00,262.808
04-19-2026 08:00:00,305.741
04-19-2026 08:15:00,323.348
04-19-2026 08:30:00,294.592
04-19-2026 08:45:00,332.883
04-19-2026 09:00:00,460.477
04-19-2026 09:15:00,452.36
04-19-2026 09:30:00,481.503
04-19-2026 09:45:00,528.768
04-19-2026 10:00:00,514.047
04-19-2026 10:15:00,557.708
04-19-2026 10:30:00,610.786
04-19-2026 10:45:00,539.25
04-19-2026 11:00:00,664.539
04-19-2026 11:15:00,715.201
04-19-2026 11:30:00,753.887
04-19-2026 11:45:00,755.195
04-19-2026 12:00:00,751.898
04-19-2026 12:15:00,723.401
04-19-2026 12:30:00,734.818
04-19-2026 12:45:00,""
04-19-2026 13:00:00,727.183
04-19-2026 13:15:00,733.655
04-19-2026 13:30:00,706.417
04-19-2026 13:45:00,703.239
04-19-2026 14:00:00,708.101
04-19-2026 14:15:00,627.987
04-19-2026 14:30:00,593.68
04-19-2026 14:45:00,526.443
04-19-2026 15:00:00,505.712
04-19-2026 15:15:00,398.283
04-19-2026 15:30:00,435.351
04-19-2026 15:45:00,482.85
04-19-2026 16:00:00,461.952
04-19-2026 16:15:00,332.128
04-19-2026 16:30:00,353.208
04-19-2026 16:45:00,329.757
04-19-2026 17:00:00,170.529
04-19-2026 17:15:00,115.522
04-19-2026 17:30:00,97.074
04-19-2026 17:45:00,62.951
04-19-2026 18:00:00,42.712
04-19-2026 18:15:00,28.448
04-19-2026 18:30:00,12.744
04-19-2026 18:45:00,3.023
04-19-2026 19:00:00,0.261
04-19-2026 19:15:00,-0.085
04-19-2026 19:30:00,-0.089
04-19-2026 19:45:00,-0.096
04-19-2026 20:00:00,-0.098
04-19-2026 20:15:00,-0.094
04-19-2026 20:30:00,-0.092
04-19-2026 20:45:00,-0.09
04-19-2026 21:00:00,-0.086
04-19-2026 21:15:00,-0.089
04-19-2026 21:30:00,-0.089
04-19-2026 21:45:00,""
04-19-2026 22:00:00,-0.084
04-19-2026 22:15:00,-0.09
04-19-2026 22:30:00,-0.09
04-19-2026 22:45:00,-0.088
04-19-2026 23:00:00,-0.088
04-19-2026 23:15:00,-0.091
04-19-2026 23:30:00,-0.093
04-19-2026 23:45:00,-0.091
04-20-2026 00:00:00,-0.083
04-20-2026 00:15:00,-0.083
04-20-2026 00:30:00,-0.087
04-20-2026 00:45:00,-0.088
04-20-2026 01:00:00,-0.088
04-20-2026 01:15:00,-0.088
04-20-2026 01:30:00,-0.087
04-20-2026 01:45:00,-0.089
04-20-2026 02:00:00,-0.094
04-20-2026 02:15:00,-0.091
04-20-2026 02:30:00,-0.083
04-20-2026 02:45:00,-0.081
04-20-2026 03:00:00,-0.082
04-20-2026 03:15:00,-0.083
04-20-2026 03:30:00,-0.089
04-20-2026 03:45:00,-0.093
04-20-2026 04:00:00,-0.09
04-20-2026 04:15:00,-0.089
04-20-2026 04:30:00,-0.093
04-20-2026 04:45:00,-0.095
04-20-2026 05:00:00,-0.091
04-20-2026 05:15:00,-0.085
04-20-2026 05:30:00,-0.085
04-20-2026 05:45:00,-0.078
04-20-2026 06:00:00,2.228
04-20-2026 06:15:00,10.287
04-20-2026 06:30:00,23.447
04-20-2026 06:45:00,41.475
04-20-2026 07:00:00,66.312
04-20-2026 07:15:00,97.135
04-20-2026 07:30:00,126.028
04-20-2026 07:45:00,142.026
04-20-2026 08:00:00,175.667
04-20-2026 08:15:00,264.631
04-20-2026 08:30:00,327.424
04-20-2026 08:45:00,258.814
04-20-2026 09:00:00,199.467
04-20-2026 09:15:00,311.773
04-20-2026 09:30:00,416.094
04-20-2026 09:45:00,400.733
04-20-2026 10:00:00,363.394
04-20-2026 10:15:00,333.927
04-20-2026 10:30:00,295.957
04-20-2026 10:45:00,294.141
04-20-2026 11:00:00,409.714
04-20-2026 11:15:00,616.587
04-20-2026 11:30:00,729.485
04-20-2026 11:45:00,671.768
04-20-2026 12:00:00,650.348
04-20-2026 12:15:00,642.334
04-20-2026 12:30:00,891.35
04-20-2026 12:45:00,769.5
04-20-2026 13:00:00,576.049
04-20-2026 13:15:00,560.171
04-20-2026 13:30:00,642.341
04-20-2026 13:45:00,696.021
04-20-2026 14:00:00,584.208
04-20-2026 14:15:00,749.056
04-20-2026 14:30:00,723.089
04-20-2026 14:45:00,681.464
04-20-2026 15:00:00,697.331
04-20-2026 15:15:00,650.828
04-20-2026 15:30:00,464.787
04-20-2026 15:45:00,475.214
04-20-2026 16:00:00,436.406
04-20-2026 16:15:00,418.197
04-20-2026 16:30:00,333.615
04-20-2026 16:45:00,324.973
04-20-2026 17:00:00,289.879
04-20-2026 17:15:00,261.015
04-20-2026 17:30:00,230.431
04-20-2026 17:45:00,165.854
04-20-2026 18:00:00,98.862
04-20-2026 18:15:00,25.16
04-20-2026 18:30:00,17.914
04-20-2026 18:45:00,2.953
04-20-2026 19:00:00,""
04-20-2026 19:15:00,-0.085
04-20-2026 19:30:00,-0.079
04-20-2026 19:45:00,-0.084
04-20-2026 20:00:00,""
04-20-2026 20:15:00,-0.096
04-20-2026 20:30:00,-0.089
04-20-2026 20:45:00,-0.101
04-20-2026 21:00:00,""
04-20-2026 21:15:00,-0.091
04-20-2026 21:30:00,-0.08
04-20-2026 21:45:00,-0.087
04-20-2026 22:00:00,-0.1
04-20-2026 22:15:00,-0.087
04-20-2026 22:30:00,-0.084
04-20-2026 22:45:00,-0.081
04-20-2026 23:00:00,-0.082
04-20-2026 23:15:00,-0.09
04-20-2026 23:30:00,-0.09
04-20-2026 23:45:00,-0.083
04-21-2026 00:00:00,-0.081
04-21-2026 00:15:00,-0.079
04-21-2026 00:30:00,-0.08
04-21-2026 00:45:00,-0.085
04-21-2026 01:00:00,-0.083
04-21-2026 01:15:00,-0.086
04-21-2026 01:30:00,-0.091
04-21-2026 01:45:00,-0.092
04-21-2026 02:00:00,-0.09
04-21-2026 02:15:00,-0.09
04-21-2026 02:30:00,-0.088
04-21-2026 02:45:00,-0.09
04-21-2026 03:00:00,-0.089
04-21-2026 03:15:00,-0.095
04-21-2026 03:30:00,-0.09
04-21-2026 03:45:00,-0.081
04-21-2026 04:00:00,-0.082
04-21-2026 04:15:00,-0.084
04-21-2026 04:30:00,-0.085
04-21-2026 04:45:00,-0.081
04-21-2026 05:00:00,-0.088
04-21-2026 05:15:00,-0.09
04-21-2026 05:30:00,-0.08
04-21-2026 05:45:00,-0.076
04-21-2026 06:00:00,3.934
04-21-2026 06:15:00,13.627
04-21-2026 06:30:00,37.036
04-21-2026 06:45:00,69.746
04-21-2026 07:00:00,111.238
04-21-2026 07:15:00,160.435
04-21-2026 07:30:00,210.961
04-21-2026 07:45:00,259.692
04-21-2026 08:00:00,311.161
04-21-2026 08:15:00,359.552
04-21-2026 08:30:00,404.621
04-21-2026 08:45:00,447.875
04-21-2026 09:00:00,378.771
04-21-2026 09:15:00,452.69
04-21-2026 09:30:00,436.461
04-21-2026 09:45:00,473.855
04-21-2026 10:00:00,566.523
04-21-2026 10:15:00,640.157
04-21-2026 10:30:00,542.529
04-21-2026 10:45:00,334.831
04-21-2026 11:00:00,259.923
04-21-2026 11:15:00,249.908
04-21-2026 11:30:00,224.47
04-21-2026 11:45:00,232.407
04-21-2026 12:00:00,264.814
04-21-2026 12:15:00,312.015
04-21-2026 12:30:00,310.279
04-21-2026 12:45:00,280.076
04-21-2026 13:00:00,270.05
04-21-2026 13:15:00,214.425
04-21-2026 13:30:00,177.23
04-21-2026 13:45:00,203.455
04-21-2026 14:00:00,248.014
04-21-2026 14:15:00,323.372
04-21-2026 14:30:00,331.35
04-21-2026 14:45:00,232.047
04-21-2026 15:00:00,165.595
04-21-2026 15:15:00,261.065
04-21-2026 15:30:00,484.204
04-21-2026 15:45:00,568.492
04-21-2026 16:00:00,433.919
04-21-2026 16:15:00,246.943
04-21-2026 16:30:00,147.549
04-21-2026 16:45:00,153.203
04-21-2026 17:00:00,110.401
04-21-2026 17:15:00,62.008
04-21-2026 17:30:00,57.119
04-21-2026 17:45:00,49.588
04-21-2026 18:00:00,32.322
04-21-2026 18:15:00,26.538
04-21-2026 18:30:00,17.086
04-21-2026 18:45:00,4.079
04-21-2026 19:00:00,-0.063
04-21-2026 19:15:00,-0.088
04-21-2026 19:30:00,-0.095
04-21-2026 19:45:00,-0.097
04-21-2026 20:00:00,-0.091
04-21-2026 20:15:00,-0.092
04-21-2026 20:30:00,-0.095
04-21-2026 20:45:00,-0.094
04-21-2026 21:00:00,-0.088
04-21-2026 21:15:00,-0.081
04-21-2026 21:30:00,-0.08
04-21-2026 21:45:00,-0.087
04-21-2026 22:00:00,-0.091
04-21-2026 22:15:00,-0.087
04-21-2026 22:30:00,-0.092
04-21-2026 22:45:00,-0.09
04-21-2026 23:00:00,-0.094
04-21-2026 23:15:00,-0.096
04-21-2026 23:30:00,-0.095
04-21-2026 23:45:00,-0.091
04-22-2026 00:00:00,-0.089
04-22-2026 00:15:00,-0.085
04-22-2026 00:30:00,-0.071
04-22-2026 00:45:00,-0.076
04-22-2026 01:00:00,-0.086
04-22-2026 01:15:00,-0.089
04-22-2026 01:30:00,-0.09
04-22-2026 01:45:00,-0.083
04-22-2026 02:00:00,-0.091
04-22-2026 02:15:00,-0.094
04-22-2026 02:30:00,-0.098
04-22-2026 02:45:00,-0.098
04-22-2026 03:00:00,-0.078
04-22-2026 03:15:00,-0.089
04-22-2026 03:30:00,-0.089
04-22-2026 03:45:00,-0.091
04-22-2026 04:00:00,-0.088
04-22-2026 04:15:00,-0.091
04-22-2026 04:30:00,-0.088
04-22-2026 04:45:00,-0.078
04-22-2026 05:00:00,-0.09
04-22-2026 05:15:00,-0.094
04-22-2026 05:30:00,-0.09
04-22-2026 05:45:00,-0.072
04-22-2026 06:00:00,""
04-22-2026 06:15:00,12.386
04-22-2026 06:30:00,46.213
04-22-2026 06:45:00,82.969
04-22-2026 07:00:00,127.851
04-22-2026 07:15:00,177.64
04-22-2026 07:30:00,229.978
04-22-2026 07:45:00,280.899
04-22-2026 08:00:00,331.16
04-22-2026 08:15:00,378.285
04-22-2026 08:30:00,421.229
04-22-2026 08:45:00,462.692
04-22-2026 09:00:00,502.811
04-22-2026 09:15:00,551.544
04-22-2026 09:30:00,594.955
04-22-2026 09:45:00,637.991
04-22-2026 10:00:00,354.062
04-22-2026 10:15:00,563.26
04-22-2026 10:30:00,684.152
04-22-2026 10:45:00,753.924
04-22-2026 11:00:00,440.8
04-22-2026 11:15:00,505.417
04-22-2026 11:30:00,678.5
04-22-2026 11:45:00,708.669
04-22-2026 12:00:00,739.747
04-22-2026 12:15:00,759.905
04-22-2026 12:30:00,747.569
04-22-2026 12:45:00,729.483
04-22-2026 13:00:00,721.568
04-22-2026 13:15:00,714.276
04-22-2026 13:30:00,698.442
04-22-2026 13:45:00,685.434
04-22-2026 14:00:00,671.216
04-22-2026 14:15:00,651.938
04-22-2026 14:30:00,629.073
04-22-2026 14:45:00,605.971
04-22-2026 15:00:00,582.059
04-22-2026 15:15:00,552.776
04-22-2026 15:30:00,522.8
04-22-2026 15:45:00,485.316
04-22-2026 16:00:00,441.523
04-22-2026 16:15:00,391.782
04-22-2026 16:30:00,322.78
04-22-2026 16:45:00,278.045
04-22-2026 17:00:00,247.481
04-22-2026 17:15:00,202.646
04-22-2026 17:30:00,150.942
04-22-2026 17:45:00,""
04-22-2026 18:00:00,53.84
04-22-2026 18:15:00,27.814
04-22-2026 18:30:00,10.311
04-22-2026 18:45:00,2.684
04-22-2026 19:00:00,0.696
04-22-2026 19:15:00,-0.099
04-22-2026 19:30:00,-0.094
04-22-2026 19:45:00,-0.09
04-22-2026 20:00:00,-0.09
04-22-2026 20:15:00,-0.096
04-22-2026 20:30:00,-0.099
04-22-2026 20:45:00,-0.094
04-22-2026 21:00:00,-0.088
04-22-2026 21:15:00,""
04-22-2026 21:30:00,""
04-22-2026 21:45:00,""
04-22-2026 22:00:00,""
04-22-2026 22:15:00,-0.084
04-22-2026 22:30:00,-0.082
04-22-2026 22:45:00,-0.089
04-22-2026 23:00:00,-0.089
04-22-2026 23:15:00,-0.086
04-22-2026 23:30:00,-0.09
04-22-2026 23:45:00,-0.091
04-23-2026 00:00:00,-0.088
04-23-2026 00:15:00,-0.092
04-23-2026 00:30:00,-0.096
04-23-2026 00:45:00,-0.094
04-23-2026 01:00:00,-0.09
04-23-2026 01:15:00,-0.085
04-23-2026 01:30:00,-0.086
04-23-2026 01:45:00,-0.091
04-23-2026 02:00:00,-0.094
04-23-2026 02:15:00,""
04-23-2026 02:30:00,-0.088
04-23-2026 02:45:00,-0.085
04-23-2026 03:00:00,-0.087
04-23-2026 03:15:00,-0.092
04-23-2026 03:30:00,-0.086
04-23-2026 03:45:00,-0.084
04-23-2026 04:00:00,-0.087
04-23-2026 04:15:00,-0.097
04-23-2026 04:30:00,-0.097
04-23-2026 04:45:00,-0.096
04-23-2026 05:00:00,-0.09
04-23-2026 05:15:00,-0.09
04-23-2026 05:30:00,-0.094
04-23-2026 05:45:00,-0.082
04-23-2026 06:00:00,0.355
04-23-2026 06:15:00,5.037
04-23-2026 06:30:00,23.898
04-23-2026 06:45:00,48.493
04-23-2026 07:00:00,42.98
04-23-2026 07:15:00,42.853
04-23-2026 07:30:00,61.532
04-23-2026 07:45:00,100.321
04-23-2026 08:00:00,146.462
04-23-2026 08:15:00,124.304
04-23-2026 08:30:00,256.639
04-23-2026 08:45:00,451.202
04-23-2026 09:00:00,294.425
04-23-2026 09:15:00,545.921
04-23-2026 09:30:00,""
04-23-2026 09:45:00,423.339
04-23-2026 10:00:00,139.438
04-23-2026 10:15:00,303.152
04-23-2026 10:30:00,504.821
04-23-2026 10:45:00,570.219
04-23-2026 11:00:00,829.99
04-23-2026 11:15:00,738.053
04-23-2026 11:30:00,748.738
04-23-2026 11:45:00,729.882
04-23-2026 12:00:00,216.517
04-23-2026 12:15:00,418.855
04-23-2026 12:30:00,890.534
04-23-2026 12:45:00,911.703
04-23-2026 13:00:00,""
04-23-2026 13:15:00,812.48
04-23-2026 13:30:00,588.734
04-23-2026 13:45:00,616.228
04-23-2026 14:00:00,704.165
04-23-2026 14:15:00,712.702
04-23-2026 14:30:00,659.577
04-23-2026 14:45:00,637.07
04-23-2026 15:00:00,477.14
04-23-2026 15:15:00,541.066
04-23-2026 15:30:00,524.257
04-23-2026 15:45:00,488.196
04-23-2026 16:00:00,442.777
04-23-2026 16:15:00,396.362
04-23-2026 16:30:00,349.835
04-23-2026 16:45:00,299.733
04-23-2026 17:00:00,248.405
04-23-2026 17:15:00,195.845
04-23-2026 17:30:00,144.246
04-23-2026 17:45:00,118.838
04-23-2026 18:00:00,54.504
04-23-2026 18:15:00,25.76
04-23-2026 18:30:00,9.06
04-23-2026 18:45:00,2.114
04-23-2026 19:00:00,0.285
04-23-2026 19:15:00,-0.092
04-23-2026 19:30:00,-0.097
04-23-2026 19:45:00,-0.092
04-23-2026 20:00:00,-0.095
04-23-2026 20:15:00,-0.086
04-23-2026 20:30:00,-0.09
04-23-2026 20:45:00,-0.098
04-23-2026 21:00:00,-0.097
04-23-2026 21:15:00,-0.089
04-23-2026 21:30:00,-0.092
04-23-2026 21:45:00,-0.095
04-23-2026 22:00:00,-0.093
04-23-2026 22:15:00,-0.083
04-23-2026 22:30:00,-0.083
04-23-2026 22:45:00,-0.078
04-23-2026 23:00:00,-0.08
04-23-2026 23:15:00,-0.085
04-23-2026 23:30:00,-0.081
04-23-2026 23:45:00,-0.084
04-24-2026 00:00:00,-0.092
04-24-2026 00:15:00,-0.094
04-24-2026 00:30:00,-0.09
04-24-2026 00:45:00,-0.086
04-24-2026 01:00:00,-0.092
04-24-2026 01:15:00,-0.096
04-24-2026 01:30:00,-0.095
04-24-2026 01:45:00,-0.091
04-24-2026 02:00:00,-0.09
04-24-2026 02:15:00,-0.093
04-24-2026 02:30:00,-0.092
04-24-2026 02:45:00,-0.096
04-24-2026 03:00:00,-0.098
04-24-2026 03:15:00,-0.091
04-24-2026 03:30:00,-0.081
04-24-2026 03:45:00,-0.079
04-24-2026 04:00:00,-0.084
04-24-2026 04:15:00,-0.091
04-24-2026 04:30:00,-0.098
04-24-2026 04:45:00,-0.096
04-24-2026 05:00:00,-0.087
04-24-2026 05:15:00,-0.083
04-24-2026 05:30:00,-0.075
04-24-2026 05:45:00,""
04-24-2026 06:00:00,2.115
04-24-2026 06:15:00,10.045
04-24-2026 06:30:00,20.302
04-24-2026 06:45:00,28.428
04-24-2026 07:00:00,38.146
04-24-2026 07:15:00,80.703
04-24-2026 07:30:00,189.333
04-24-2026 07:45:00,289.472
04-24-2026 08:00:00,333.349
04-24-2026 08:15:00,381.971
04-24-2026 08:30:00,423.105
04-24-2026 08:45:00,464.597
04-24-2026 09:00:00,502.539
04-24-2026 09:15:00,537.056
04-24-2026 09:30:00,575.163
04-24-2026 09:45:00,602.262
04-24-2026 10:00:00,628.151
04-24-2026 10:15:00,659.013
04-24-2026 10:30:00,689.795
04-24-2026 10:45:00,713.046
04-24-2026 11:00:00,722.049
04-24-2026 11:15:00,737.236
04-24-2026 11:30:00,753.502
04-24-2026 11:45:00,760.587
04-24-2026 12:00:00,759.994
04-24-2026 12:15:00,764.257
04-24-2026 12:30:00,762.674
04-24-2026 12:45:00,756.936
04-24-2026 13:00:00,750.136
04-24-2026 13:15:00,739.596
04-24-2026 13:30:00,731.678
04-24-2026 13:45:00,722.756
04-24-2026 14:00:00,711.033
04-24-2026 14:15:00,692.903
04-24-2026 14:30:00,671.452
04-24-2026 14:45:00,641.51
04-24-2026 15:00:00,621.211
04-24-2026 15:15:00,586.268
04-24-2026 15:30:00,552.635
04-24-2026 15:45:00,517.3
04-24-2026 16:00:00,476.422
04-24-2026 16:15:00,433.971
04-24-2026 16:30:00,388.186
04-24-2026 16:45:00,342.664
04-24-2026 17:00:00,291.997
04-24-2026 17:15:00,240.761
04-24-2026 17:30:00,188.137
04-24-2026 17:45:00,137.922
04-24-2026 18:00:00,97.741
04-24-2026 18:15:00,47.674
04-24-2026 18:30:00,20.594
04-24-2026 18:45:00,6.141
04-24-2026 19:00:00,""
04-24-2026 19:15:00,-0.107
04-24-2026 19:30:00,-0.098
04-24-2026 19:45:00,""
04-24-2026 20:00:00,-0.094
04-24-2026 20:15:00,""
04-24-2026 20:30:00,-0.09
04-24-2026 20:45:00,-0.092
04-24-2026 21:00:00,-0.098
04-24-2026 21:15:00,-0.098
04-24-2026 21:30:00,""
04-24-2026 21:45:00,""
04-24-2026 22:00:00,""
04-24-2026 22:15:00,-0.097
04-24-2026 22:30:00,""
04-24-2026 22:45:00,""
04-24-2026 23:00:00,""
04-24-2026 23:15:00,""
04-24-2026 23:30:00,""
04-24-2026 23:45:00,""
04-25-2026 00:00:00,""
04-25-2026 00:15:00,-0.096
04-25-2026 00:30:00,-0.084
04-25-2026 00:45:00,-0.084
04-25-2026 01:00:00,-0.086
04-25-2026 01:15:00,""
04-25-2026 01:30:00,-0.094
04-25-2026 01:45:00,-0.088
04-25-2026 02:00:00,-0.088
04-25-2026 02:15:00,-0.09
04-25-2026 02:30:00,""
04-25-2026 02:45:00,-0.09
04-25-2026 03:00:00,-0.088
04-25-2026 03:15:00,""
04-25-2026 03:30:00,-0.086
04-25-2026 03:45:00,-0.089
04-25-2026 04:00:00,-0.089
04-25-2026 04:15:00,-0.084
04-25-2026 04:30:00,-0.084
04-25-2026 04:45:00,-0.085
04-25-2026 05:00:00,-0.083
04-25-2026 05:15:00,""
04-25-2026 05:30:00,-0.065
04-25-2026 05:45:00,-0.057
04-25-2026 06:00:00,3.436
04-25-2026 06:15:00,10.541
04-25-2026 06:30:00,22.869
04-25-2026 06:45:00,38.777
04-25-2026 07:00:00,57.866
04-25-2026 07:15:00,62.858
04-25-2026 07:30:00,129.325
04-25-2026 07:45:00,247.372
04-25-2026 08:00:00,341.935
04-25-2026 08:15:00,410.878
04-25-2026 08:30:00,455.041
04-25-2026 08:45:00,487.118
04-25-2026 09:00:00,519.684
04-25-2026 09:15:00,549.189
04-25-2026 09:30:00,583.111
04-25-2026 09:45:00,619.358
04-25-2026 10:00:00,648.67
04-25-2026 10:15:00,672.769
04-25-2026 10:30:00,695.395
04-25-2026 10:45:00,714.931
04-25-2026 11:00:00,731.591
04-25-2026 11:15:00,743.173
04-25-2026 11:30:00,750.94
04-25-2026 11:45:00,758.936
04-25-2026 12:00:00,762.668
04-25-2026 12:15:00,761.569
04-25-2026 12:30:00,""
04-25-2026 12:45:00,759.69
04-25-2026 13:00:00,758.861
04-25-2026 13:15:00,753.104
04-25-2026 13:30:00,741.942
04-25-2026 13:45:00,727.043
04-25-2026 14:00:00,708.805
04-25-2026 14:15:00,""
04-25-2026 14:30:00,""
04-25-2026 14:45:00,""
04-25-2026 15:00:00,""
04-25-2026 15:15:00,571.167
04-25-2026 15:30:00,548.007
04-25-2026 15:45:00,""
04-25-2026 16:00:00,450.633
04-25-2026 16:15:00,""
04-25-2026 16:30:00,""
04-25-2026 16:45:00,327.308
04-25-2026 17:00:00,277.428
04-25-2026 17:15:00,225.162
04-25-2026 17:30:00,172.732
04-25-2026 17:45:00,122.864
04-25-2026 18:00:00,77.526
04-25-2026 18:15:00,42.511
04-25-2026 18:30:00,18.401
04-25-2026 18:45:00,4.925
04-25-2026 19:00:00,""
04-25-2026 19:15:00,-0.095
04-25-2026 19:30:00,-0.084
04-25-2026 19:45:00,-0.079
04-25-2026 20:00:00,-0.086
04-25-2026 20:15:00,-0.091
04-25-2026 20:30:00,-0.086
04-25-2026 20:45:00,-0.088
04-25-2026 21:00:00,-0.077
04-25-2026 21:15:00,-0.076
04-25-2026 21:30:00,-0.084
04-25-2026 21:45:00,-0.091
04-25-2026 22:00:00,-0.098
04-25-2026 22:15:00,-0.09
04-25-2026 22:30:00,-0.089
04-25-2026 22:45:00,-0.091
04-25-2026 23:00:00,-0.085
04-25-2026 23:15:00,-0.087
04-25-2026 23:30:00,-0.105
04-25-2026 23:45:00,-0.092
04-26-2026 00:00:00,-0.088
04-26-2026 00:15:00,-0.084
04-26-2026 00:30:00,-0.102
04-26-2026 00:45:00,-0.099
04-26-2026 01:00:00,-0.094
04-26-2026 01:15:00,-0.084
04-26-2026 01:30:00,-0.097
04-26-2026 01:45:00,-0.091
04-26-2026 02:00:00,-0.087
04-26-2026 02:15:00,-0.082
04-26-2026 02:30:00,-0.081
04-26-2026 02:45:00,-0.078
04-26-2026 03:00:00,-0.086
04-26-2026 03:15:00,-0.085
04-26-2026 03:30:00,-0.093
04-26-2026 03:45:00,-0.091
04-26-2026 04:00:00,-0.083
04-26-2026 04:15:00,-0.089
04-26-2026 04:30:00,-0.088
04-26-2026 04:45:00,-0.081
04-26-2026 05:00:00,""
04-26-2026 05:15:00,-0.099
04-26-2026 05:30:00,-0.085
04-26-2026 05:45:00,-0.028
04-26-2026 06:00:00,6.126
04-26-2026 06:15:00,16.279
04-26-2026 06:30:00,23.213
04-26-2026 06:45:00,83.113
04-26-2026 07:00:00,139.096
04-26-2026 07:15:00,160.433
04-26-2026 07:30:00,240.293
04-26-2026 07:45:00,290.618
04-26-2026 08:00:00,399.1
04-26-2026 08:15:00,314.217
04-26-2026 08:30:00,418.477
04-26-2026 08:45:00,372.321
04-26-2026 09:00:00,487.732
04-26-2026 09:15:00,555.689
04-26-2026 09:30:00,586.552
04-26-2026 09:45:00,621.318
04-26-2026 10:00:00,653.081
04-26-2026 10:15:00,686.196
04-26-2026 10:30:00,734.371
04-26-2026 10:45:00,602.299
04-26-2026 11:00:00,703.131
04-26-2026 11:15:00,772.525
04-26-2026 11:30:00,821.235
04-26-2026 11:45:00,860.617
04-26-2026 12:00:00,758.533
04-26-2026 12:15:00,766.347
04-26-2026 12:30:00,774.566
04-26-2026 12:45:00,759.547
04-26-2026 13:00:00,752.432
04-26-2026 13:15:00,742.878
04-26-2026 13:30:00,732.287
04-26-2026 13:45:00,719.023
04-26-2026 14:00:00,701.336
04-26-2026 14:15:00,682.313
04-26-2026 14:30:00,662.369
04-26-2026 14:45:00,638.01
04-26-2026 15:00:00,608.959
04-26-2026 15:15:00,575.666
04-26-2026 15:30:00,539.925
04-26-2026 15:45:00,502.467
04-26-2026 16:00:00,470.708
04-26-2026 16:15:00,389.218
04-26-2026 16:30:00,241.733
04-26-2026 16:45:00,143.057
04-26-2026 17:00:00,162.758
04-26-2026 17:15:00,164.813
04-26-2026 17:30:00,115.436
04-26-2026 17:45:00,92.545
04-26-2026 18:00:00,70.771
04-26-2026 18:15:00,31.113
04-26-2026 18:30:00,12.216
04-26-2026 18:45:00,4.128
04-26-2026 19:00:00,1.188
04-26-2026 19:15:00,-0.094
04-26-2026 19:30:00,-0.096
04-26-2026 19:45:00,-0.089
04-26-2026 20:00:00,-0.088
04-26-2026 20:15:00,-0.089
04-26-2026 20:30:00,-0.091
04-26-2026 20:45:00,-0.09
04-26-2026 21:00:00,-0.085
04-26-2026 21:15:00,-0.085
04-26-2026 21:30:00,-0.092
04-26-2026 21:45:00,""
04-26-2026 22:00:00,-0.094
04-26-2026 22:15:00,-0.097
04-26-2026 22:30:00,-0.094
04-26-2026 22:45:00,-0.088
04-26-2026 23:00:00,-0.083
04-26-2026 23:15:00,-0.087
04-26-2026 23:30:00,-0.094
04-26-2026 23:45:00,-0.09
04-27-2026 00:00:00,-0.09
04-27-2026 00:15:00,-0.097
04-27-2026 00:30:00,-0.096
04-27-2026 00:45:00,-0.092
04-27-2026 01:00:00,-0.093
04-27-2026 01:15:00,-0.093
04-27-2026 01:30:00,-0.089
04-27-2026 01:45:00,""
04-27-2026 02:00:00,-0.093
04-27-2026 02:15:00,-0.09
04-27-2026 02:30:00,-0.091
04-27-2026 02:45:00,-0.081
04-27-2026 03:00:00,-0.079
04-27-2026 03:15:00,-0.086
04-27-2026 03:30:00,-0.086
04-27-2026 03:45:00,-0.08
04-27-2026 04:00:00,-0.083
04-27-2026 04:15:00,-0.092
04-27-2026 04:30:00,-0.085
04-27-2026 04:45:00,-0.089
04-27-2026 05:00:00,-0.086
04-27-2026 05:15:00,-0.085
04-27-2026 05:30:00,-0.018
04-27-2026 05:45:00,""
04-27-2026 06:00:00,3.992
04-27-2026 06:15:00,8.685
04-27-2026 06:30:00,24.81
04-27-2026 06:45:00,55.909
04-27-2026 07:00:00,94.316
04-27-2026 07:15:00,151.214
04-27-2026 07:30:00,202.707
04-27-2026 07:45:00,253.672
04-27-2026 08:00:00,304.327
04-27-2026 08:15:00,352.542
04-27-2026 08:30:00,400.607
04-27-2026 08:45:00,444.919
04-27-2026 09:00:00,487.304
04-27-2026 09:15:00,521.689
04-27-2026 09:30:00,563.39
04-27-2026 09:45:00,596.507
04-27-2026 10:00:00,622.475
04-27-2026 10:15:00,646.242
04-27-2026 10:30:00,679.551
04-27-2026 10:45:00,701.033
04-27-2026 11:00:00,721.991
04-27-2026 11:15:00,728.684
04-27-2026 11:30:00,760.387
04-27-2026 11:45:00,""
04-27-2026 12:00:00,473.387
04-27-2026 12:15:00,763.857
04-27-2026 12:30:00,770.675
04-27-2026 12:45:00,771.485
04-27-2026 13:00:00,756.31
04-27-2026 13:15:00,580.384
04-27-2026 13:30:00,223.788
04-27-2026 13:45:00,689.152
04-27-2026 14:00:00,342.86
04-27-2026 14:15:00,669.284
04-27-2026 14:30:00,706.077
04-27-2026 14:45:00,574.467
04-27-2026 15:00:00,435.243
04-27-2026 15:15:00,""
04-27-2026 15:30:00,405.711
04-27-2026 15:45:00,480.691
04-27-2026 16:00:00,281.546
04-27-2026 16:15:00,364.662
04-27-2026 16:30:00,270.329
04-27-2026 16:45:00,281.037
04-27-2026 17:00:00,273.862
04-27-2026 17:15:00,195.608
04-27-2026 17:30:00,190.527
04-27-2026 17:45:00,156.456
04-27-2026 18:00:00,85.418
04-27-2026 18:15:00,36.242
04-27-2026 18:30:00,11.353
04-27-2026 18:45:00,2.054
04-27-2026 19:00:00,0.096
04-27-2026 19:15:00,-0.094
04-27-2026 19:30:00,-0.093
04-27-2026 19:45:00,-0.098
04-27-2026 20:00:00,-0.094
04-27-2026 20:15:00,-0.095
04-27-2026 20:30:00,-0.097
04-27-2026 20:45:00,-0.095
04-27-2026 21:00:00,-0.084
04-27-2026 21:15:00,-0.084
04-27-2026 21:30:00,-0.09
04-27-2026 21:45:00,-0.091
04-27-2026 22:00:00,-0.088
04-27-2026 22:15:00,-0.089
04-27-2026 22:30:00,-0.088
04-27-2026 22:45:00,-0.089
04-27-2026 23:00:00,-0.094
04-27-2026 23:15:00,-0.101
04-27-2026 23:30:00,-0.102
04-27-2026 23:45:00,-0.103
04-28-2026 00:00:00,-0.101
04-28-2026 00:15:00,-0.098
04-28-2026 00:30:00,-0.099
04-28-2026 00:45:00,-0.094
04-28-2026 01:00:00,-0.083
04-28-2026 01:15:00,-0.084
04-28-2026 01:30:00,-0.096
04-28-2026 01:45:00,-0.098
04-28-2026 02:00:00,-0.095
04-28-2026 02:15:00,-0.094
04-28-2026 02:30:00,-0.093
04-28-2026 02:45:00,-0.092
04-28-2026 03:00:00,-0.091
04-28-2026 03:15:00,-0.091
04-28-2026 03:30:00,-0.094
04-28-2026 03:45:00,-0.092
04-28-2026 04:00:00,-0.082
04-28-2026 04:15:00,-0.081
04-28-2026 04:30:00,-0.091
04-28-2026 04:45:00,-0.094
04-28-2026 05:00:00,-0.088
04-28-2026 05:15:00,-0.086
04-28-2026 05:30:00,-0.081
04-28-2026 05:45:00,""
04-28-2026 06:00:00,2.607
04-28-2026 06:15:00,11.157
04-28-2026 06:30:00,22.798
04-28-2026 06:45:00,36.725
04-28-2026 07:00:00,59.771
04-28-2026 07:15:00,82.598
04-28-2026 07:30:00,97.448
04-28-2026 07:45:00,118.572
04-28-2026 08:00:00,174.495
04-28-2026 08:15:00,330.744
04-28-2026 08:30:00,478.24
04-28-2026 08:45:00,448.34
04-28-2026 09:00:00,405.369
04-28-2026 09:15:00,396.581
04-28-2026 09:30:00,550.051
04-28-2026 09:45:00,687.533
04-28-2026 10:00:00,649.403
04-28-2026 10:15:00,642.117
04-28-2026 10:30:00,654.215
04-28-2026 10:45:00,598.784
04-28-2026 11:00:00,612.976
04-28-2026 11:15:00,493.961
04-28-2026 11:30:00,563.74
04-28-2026 11:45:00,182.737
04-28-2026 12:00:00,207.98
04-28-2026 12:15:00,229.919
04-28-2026 12:30:00,403.035
04-28-2026 12:45:00,762.463
04-28-2026 13:00:00,716.671
04-28-2026 13:15:00,740.052
04-28-2026 13:30:00,730.189
04-28-2026 13:45:00,720.561
04-28-2026 14:00:00,712.038
04-28-2026 14:15:00,""
04-28-2026 14:30:00,658.338
04-28-2026 14:45:00,642.763
04-28-2026 15:00:00,619.201
04-28-2026 15:15:00,589.585
04-28-2026 15:30:00,558.084
04-28-2026 15:45:00,519.33
04-28-2026 16:00:00,476.873
04-28-2026 16:15:00,436.948
04-28-2026 16:30:00,396.632
04-28-2026 16:45:00,350.085
04-28-2026 17:00:00,299.79
04-28-2026 17:15:00,244.616
04-28-2026 17:30:00,191.317
04-28-2026 17:45:00,141.105
04-28-2026 18:00:00,95.977
04-28-2026 18:15:00,64.375
04-28-2026 18:30:00,55.221
04-28-2026 18:45:00,14.383
04-28-2026 19:00:00,""
04-28-2026 19:15:00,-0.091
04-28-2026 19:30:00,-0.085
04-28-2026 19:45:00,-0.089
04-28-2026 20:00:00,-0.111
04-28-2026 20:15:00,-0.1
04-28-2026 20:30:00,-0.074
04-28-2026 20:45:00,-0.088
04-28-2026 21:00:00,-0.1
04-28-2026 21:15:00,-0.098
04-28-2026 21:30:00,-0.092
04-28-2026 21:45:00,-0.089
04-28-2026 22:00:00,-0.083
04-28-2026 22:15:00,-0.097
04-28-2026 22:30:00,-0.099
04-28-2026 22:45:00,-0.086
04-28-2026 23:00:00,-0.091
04-28-2026 23:15:00,-0.085
04-28-2026 23:30:00,-0.094
04-28-2026 23:45:00,-0.085
04-29-2026 00:00:00,-0.092
04-29-2026 00:15:00,-0.083
04-29-2026 00:30:00,-0.084
04-29-2026 00:45:00,-0.092
04-29-2026 01:00:00,-0.088
04-29-2026 01:15:00,-0.095
04-29-2026 01:30:00,-0.095
04-29-2026 01:45:00,-0.096
04-29-2026 02:00:00,-0.092
04-29-2026 02:15:00,-0.084
04-29-2026 02:30:00,-0.085
04-29-2026 02:45:00,-0.089
04-29-2026 03:00:00,-0.095
04-29-2026 03:15:00,-0.087
04-29-2026 03:30:00,-0.081
04-29-2026 03:45:00,-0.083
04-29-2026 04:00:00,-0.082
04-29-2026 04:15:00,-0.082
04-29-2026 04:30:00,-0.081
04-29-2026 04:45:00,-0.084
04-29-2026 05:00:00,-0.085
04-29-2026 05:15:00,-0.092
04-29-2026 05:30:00,-0.086
04-29-2026 05:45:00,-0.054
04-29-2026 06:00:00,4.847
04-29-2026 06:15:00,11.796
04-29-2026 06:30:00,22.297
04-29-2026 06:45:00,41.685
04-29-2026 07:00:00,57.023
04-29-2026 07:15:00,82.594
04-29-2026 07:30:00,113.979
04-29-2026 07:45:00,140.41
04-29-2026 08:00:00,134.193
04-29-2026 08:15:00,223.297
04-29-2026 08:30:00,392.789
04-29-2026 08:45:00,363.336
04-29-2026 09:00:00,369.282
04-29-2026 09:15:00,499.103
04-29-2026 09:30:00,434.552
04-29-2026 09:45:00,424.693
04-29-2026 10:00:00,613.125
04-29-2026 10:15:00,709.825
04-29-2026 10:30:00,719.528
04-29-2026 10:45:00,616.895
04-29-2026 11:00:00,473.511
04-29-2026 11:15:00,436.097
04-29-2026 11:30:00,371.161
04-29-2026 11:45:00,323.025
04-29-2026 12:00:00,317.94
04-29-2026 12:15:00,282.144
04-29-2026 12:30:00,416.992
04-29-2026 12:45:00,738.674
04-29-2026 13:00:00,898.719
04-29-2026 13:15:00,754.935
04-29-2026 13:30:00,499.021
04-29-2026 13:45:00,""
04-29-2026 14:00:00,482.936
04-29-2026 14:15:00,543.556
04-29-2026 14:30:00,578.168
04-29-2026 14:45:00,469.792
04-29-2026 15:00:00,271.27
04-29-2026 15:15:00,455.433
04-29-2026 15:30:00,549.173
04-29-2026 15:45:00,457.902
04-29-2026 16:00:00,370.934
04-29-2026 16:15:00,195.561
04-29-2026 16:30:00,161.684
04-29-2026 16:45:00,270.348
04-29-2026 17:00:00,332.352
04-29-2026 17:15:00,174.028
04-29-2026 17:30:00,68.222
04-29-2026 17:45:00,""
04-29-2026 18:00:00,112.755
04-29-2026 18:15:00,61.306
04-29-2026 18:30:00,6.756
04-29-2026 18:45:00,0.143
04-29-2026 19:00:00,""
04-29-2026 19:15:00,-0.098
04-29-2026 19:30:00,-0.09
04-29-2026 19:45:00,-0.088
04-29-2026 20:00:00,-0.086
04-29-2026 20:15:00,-0.094
04-29-2026 20:30:00,-0.1
04-29-2026 20:45:00,-0.092
04-29-2026 21:00:00,-0.089
04-29-2026 21:15:00,-0.095
04-29-2026 21:30:00,-0.088
04-29-2026 21:45:00,-0.082
04-29-2026 22:00:00,-0.09
04-29-2026 22:15:00,-0.087
04-29-2026 22:30:00,-0.098
04-29-2026 22:45:00,-0.092
04-29-2026 23:00:00,-0.094
04-29-2026 23:15:00,-0.084
04-29-2026 23:30:00,-0.095
04-29-2026 23:45:00,-0.102
04-30-2026 00:00:00,-0.085
04-30-2026 00:15:00,-0.079
04-30-2026 00:30:00,-0.082
04-30-2026 00:45:00,-0.087
04-30-2026 01:00:00,-0.092
04-30-2026 01:15:00,-0.088
04-30-2026 01:30:00,-0.094
04-30-2026 01:45:00,""
04-30-2026 02:00:00,-0.101
04-30-2026 02:15:00,-0.094
04-30-2026 02:30:00,-0.112
04-30-2026 02:45:00,-0.09
04-30-2026 03:00:00,""
04-30-2026 03:15:00,-0.098
04-30-2026 03:30:00,-0.092
04-30-2026 03:45:00,-0.091
04-30-2026 04:00:00,-0.088
04-30-2026 04:15:00,-0.099
04-30-2026 04:30:00,-0.102
04-30-2026 04:45:00,-0.094
04-30-2026 05:00:00,-0.08
04-30-2026 05:15:00,-0.075
04-30-2026 05:30:00,-0.084
04-30-2026 05:45:00,-0.046
04-30-2026 06:00:00,5.729
04-30-2026 06:15:00,12.205
04-30-2026 06:30:00,17.9
04-30-2026 06:45:00,88.792
04-30-2026 07:00:00,152.368
04-30-2026 07:15:00,86.111
04-30-2026 07:30:00,199.424
04-30-2026 07:45:00,355.203
04-30-2026 08:00:00,419.276
04-30-2026 08:15:00,453.57
04-30-2026 08:30:00,203.501
04-30-2026 08:45:00,424.337
04-30-2026 09:00:00,481.861
04-30-2026 09:15:00,412.151
04-30-2026 09:30:00,437.573
04-30-2026 09:45:00,588.791
04-30-2026 10:00:00,499.695
04-30-2026 10:15:00,639.584
04-30-2026 10:30:00,482.259
04-30-2026 10:45:00,251.352
04-30-2026 11:00:00,290.07
04-30-2026 11:15:00,462.535
04-30-2026 11:30:00,723.689
04-30-2026 11:45:00,841.259
04-30-2026 12:00:00,880.154
04-30-2026 12:15:00,562.69
04-30-2026 12:30:00,625.158
04-30-2026 12:45:00,785.214
04-30-2026 13:00:00,856.468
04-30-2026 13:15:00,840.31
04-30-2026 13:30:00,824.511
04-30-2026 13:45:00,718.4
04-30-2026 14:00:00,383.57
04-30-2026 14:15:00,306.46
04-30-2026 14:30:00,534.733
04-30-2026 14:45:00,703.466
04-30-2026 15:00:00,731.526
04-30-2026 15:15:00,641.948
04-30-2026 15:30:00,424.993
04-30-2026 15:45:00,259.583
04-30-2026 16:00:00,198.86
04-30-2026 16:15:00,219.66
04-30-2026 16:30:00,225.606
04-30-2026 16:45:00,189.619
04-30-2026 17:00:00,151.12
04-30-2026 17:15:00,109.665
04-30-2026 17:30:00,108.438
04-30-2026 17:45:00,127.304
04-30-2026 18:00:00,100.229
04-30-2026 18:15:00,51.624
04-30-2026 18:30:00,20.77
04-30-2026 18:45:00,5.783
04-30-2026 19:00:00,1.135
04-30-2026 19:15:00,-0.086
04-30-2026 19:30:00,-0.095
04-30-2026 19:45:00,-0.094
04-30-2026 20:00:00,-0.093
04-30-2026 20:15:00,-0.09
04-30-2026 20:30:00,-0.083
04-30-2026 20:45:00,-0.084
04-30-2026 21:00:00,-0.092
04-30-2026 21:15:00,-0.099
04-30-2026 21:30:00,-0.101
04-30-2026 21:45:00,""
04-30-2026 22:00:00,-0.089
04-30-2026 22:15:00,-0.088
04-30-2026 22:30:00,-0.091
04-30-2026 22:45:00,-0.093
04-30-2026 23:00:00,-0.092
04-30-2026 23:15:00,-0.092
04-30-2026 23:30:00,-0.093
04-30-2026 23:45:00,-0.093
05-01-2026 00:00:00,-0.092
05-01-2026 00:15:00,-0.089
05-01-2026 00:30:00,-0.085
05-01-2026 00:45:00,-0.088
05-01-2026 01:00:00,-0.086
05-01-2026 01:15:00,-0.083
05-01-2026 01:30:00,-0.09
05-01-2026 01:45:00,""
05-01-2026 02:00:00,-0.092
05-01-2026 02:15:00,-0.089
05-01-2026 02:30:00,""
05-01-2026 02:45:00,-0.091
05-01-2026 03:00:00,-0.085
05-01-2026 03:15:00,-0.083
05-01-2026 03:30:00,-0.089
05-01-2026 03:45:00,-0.087
05-01-2026 04:00:00,-0.079
05-01-2026 04:15:00,-0.08
05-01-2026 04:30:00,-0.085
05-01-2026 04:45:00,-0.085
05-01-2026 05:00:00,-0.101
05-01-2026 05:15:00,-0.089
05-01-2026 05:30:00,-0.046
05-01-2026 05:45:00,""
05-01-2026 06:00:00,2.47
05-01-2026 06:15:00,7.79
05-01-2026 06:30:00,21.492
05-01-2026 06:45:00,31.819
05-01-2026 07:00:00,60.701
05-01-2026 07:15:00,110.861
05-01-2026 07:30:00,68.721
05-01-2026 07:45:00,84.662
05-01-2026 08:00:00,123.942
05-01-2026 08:15:00,208.299
05-01-2026 08:30:00,238.241
05-01-2026 08:45:00,515.774
05-01-2026 09:00:00,169.18
05-01-2026 09:15:00,208.703
05-01-2026 09:30:00,234.711
05-01-2026 09:45:00,""
05-01-2026 10:00:00,710.573
05-01-2026 10:15:00,530.55
05-01-2026 10:30:00,247.355
05-01-2026 10:45:00,782.369
05-01-2026 11:00:00,749.655
05-01-2026 11:15:00,523.12
05-01-2026 11:30:00,596.75
05-01-2026 11:45:00,833.706
05-01-2026 12:00:00,250.667
05-01-2026 12:15:00,427.814
05-01-2026 12:30:00,876.275
05-01-2026 12:45:00,""
05-01-2026 13:00:00,624.532
05-01-2026 13:15:00,860.726
05-01-2026 13:30:00,310.049
05-01-2026 13:45:00,638.666
05-01-2026 14:00:00,533.151
05-01-2026 14:15:00,748.594
05-01-2026 14:30:00,834.519
05-01-2026 14:45:00,435.5
05-01-2026 15:00:00,426.449
05-01-2026 15:15:00,476.711
05-01-2026 15:30:00,582.231
05-01-2026 15:45:00,617.954
05-01-2026 16:00:00,330.466
05-01-2026 16:15:00,338.236
05-01-2026 16:30:00,207.3
05-01-2026 16:45:00,141.401
05-01-2026 17:00:00,80.257
05-01-2026 17:15:00,57.291
05-01-2026 17:30:00,114.371
05-01-2026 17:45:00,104.851
05-01-2026 18:00:00,64.392
05-01-2026 18:15:00,34.957
05-01-2026 18:30:00,13.935
05-01-2026 18:45:00,2.963
05-01-2026 19:00:00,0.215
05-01-2026 19:15:00,-0.089
05-01-2026 19:30:00,-0.087
05-01-2026 19:45:00,-0.084
05-01-2026 20:00:00,-0.087
05-01-2026 20:15:00,-0.088
05-01-2026 20:30:00,-0.092
05-01-2026 20:45:00,-0.087
05-01-2026 21:00:00,-0.082
05-01-2026 21:15:00,-0.082
05-01-2026 21:30:00,-0.088
05-01-2026 21:45:00,-0.087
05-01-2026 22:00:00,-0.089
05-01-2026 22:15:00,-0.093
05-01-2026 22:30:00,-0.092
05-01-2026 22:45:00,-0.093
05-01-2026 23:00:00,-0.094
05-01-2026 23:15:00,-0.088
05-01-2026 23:30:00,-0.077
05-01-2026 23:45:00,-0.085
05-02-2026 00:00:00,-0.092
05-02-2026 00:15:00,-0.093
05-02-2026 00:30:00,-0.087
05-02-2026 00:45:00,-0.087
05-02-2026 01:00:00,-0.096
05-02-2026 01:15:00,-0.098
05-02-2026 01:30:00,-0.096
05-02-2026 01:45:00,-0.095
05-02-2026 02:00:00,-0.094
05-02-2026 02:15:00,-0.093
05-02-2026 02:30:00,-0.092
05-02-2026 02:45:00,-0.091
05-02-2026 03:00:00,-0.091
05-02-2026 03:15:00,-0.091
05-02-2026 03:30:00,-0.09
05-02-2026 03:45:00,-0.09
05-02-2026 04:00:00,-0.088
05-02-2026 04:15:00,-0.089
05-02-2026 04:30:00,-0.089
05-02-2026 04:45:00,-0.088
05-02-2026 05:00:00,-0.091
05-02-2026 05:15:00,-0.095
05-02-2026 05:30:00,-0.084
05-02-2026 05:45:00,0.605
05-02-2026 06:00:00,3.682
05-02-2026 06:15:00,9.809
05-02-2026 06:30:00,20.524
05-02-2026 06:45:00,40.888
05-02-2026 07:00:00,83.723
05-02-2026 07:15:00,156.674
05-02-2026 07:30:00,209.024
05-02-2026 07:45:00,214.582
05-02-2026 08:00:00,268.178
05-02-2026 08:15:00,368.518
05-02-2026 08:30:00,416.144
05-02-2026 08:45:00,435.393
05-02-2026 09:00:00,485.234
05-02-2026 09:15:00,559.963
05-02-2026 09:30:00,596.705
05-02-2026 09:45:00,""
05-02-2026 10:00:00,656.746
05-02-2026 10:15:00,674.355
05-02-2026 10:30:00,697.323
05-02-2026 10:45:00,719.75
05-02-2026 11:00:00,742.542
05-02-2026 11:15:00,756.087
05-02-2026 11:30:00,761.754
05-02-2026 11:45:00,767.906
05-02-2026 12:00:00,771.37
05-02-2026 12:15:00,774.747
05-02-2026 12:30:00,773
05-02-2026 12:45:00,781.59
05-02-2026 13:00:00,804.71
05-02-2026 13:15:00,821.72
05-02-2026 13:30:00,760.728
05-02-2026 13:45:00,751.644
05-02-2026 14:00:00,723.539
05-02-2026 14:15:00,701.68
05-02-2026 14:30:00,687.922
05-02-2026 14:45:00,663.031
05-02-2026 15:00:00,625.769
05-02-2026 15:15:00,588.227
05-02-2026 15:30:00,564.17
05-02-2026 15:45:00,515.762
05-02-2026 16:00:00,497.605
05-02-2026 16:15:00,450.607
05-02-2026 16:30:00,401.852
05-02-2026 16:45:00,352.196
05-02-2026 17:00:00,301.083
05-02-2026 17:15:00,244.17
05-02-2026 17:30:00,180.753
05-02-2026 17:45:00,153.272
05-02-2026 18:00:00,92.195
05-02-2026 18:15:00,50.156
05-02-2026 18:30:00,22.734
05-02-2026 18:45:00,8.355
05-02-2026 19:00:00,""
05-02-2026 19:15:00,-0.11
05-02-2026 19:30:00,-0.092
05-02-2026 19:45:00,-0.087
05-02-2026 20:00:00,-0.086
05-02-2026 20:15:00,-0.099
05-02-2026 20:30:00,-0.086
05-02-2026 20:45:00,-0.075
05-02-2026 21:00:00,-0.1
05-02-2026 21:15:00,-0.079
05-02-2026 21:30:00,""
05-02-2026 21:45:00,-0.091
05-02-2026 22:00:00,-0.09
05-02-2026 22:15:00,-0.093
05-02-2026 22:30:00,-0.082
05-02-2026 22:45:00,-0.098
05-02-2026 23:00:00,-0.087
05-02-2026 23:15:00,-0.087
05-02-2026 23:30:00,-0.091
05-02-2026 23:45:00,-0.092
05-03-2026 00:00:00,-0.089
05-03-2026 00:15:00,-0.1
05-03-2026 00:30:00,-0.084
05-03-2026 00:45:00,-0.082
05-03-2026 01:00:00,-0.08
05-03-2026 01:15:00,-0.096
05-03-2026 01:30:00,-0.089
05-03-2026 01:45:00,-0.085
05-03-2026 02:00:00,""
05-03-2026 02:15:00,-0.105
05-03-2026 02:30:00,-0.093
05-03-2026 02:45:00,-0.093
05-03-2026 03:00:00,-0.091
05-03-2026 03:15:00,-0.089
05-03-2026 03:30:00,-0.094
05-03-2026 03:45:00,-0.083
05-03-2026 04:00:00,-0.087
05-03-2026 04:15:00,-0.082
05-03-2026 04:30:00,-0.081
05-03-2026 04:45:00,-0.09
05-03-2026 05:00:00,-0.087
05-03-2026 05:15:00,-0.085
05-03-2026 05:30:00,-0.073
05-03-2026 05:45:00,0.387
05-03-2026 06:00:00,5.321
05-03-2026 06:15:00,13.85
05-03-2026 06:30:00,20.079
05-03-2026 06:45:00,23.366
05-03-2026 07:00:00,34.008
05-03-2026 07:15:00,71.495
05-03-2026 07:30:00,172.852
05-03-2026 07:45:00,282.241
05-03-2026 08:00:00,351.994
05-03-2026 08:15:00,399.057
05-03-2026 08:30:00,449.244
05-03-2026 08:45:00,488.814
05-03-2026 09:00:00,362.841
05-03-2026 09:15:00,292.651
05-03-2026 09:30:00,444.354
05-03-2026 09:45:00,597.568
05-03-2026 10:00:00,679.275
05-03-2026 10:15:00,708.881
05-03-2026 10:30:00,734.018
05-03-2026 10:45:00,750.859
05-03-2026 11:00:00,764.29
05-03-2026 11:15:00,767.504
05-03-2026 11:30:00,764.006
05-03-2026 11:45:00,763.678
05-03-2026 12:00:00,759.983
05-03-2026 12:15:00,760.648
05-03-2026 12:30:00,770.964
05-03-2026 12:45:00,774.857
05-03-2026 13:00:00,773.309
05-03-2026 13:15:00,767.843
05-03-2026 13:30:00,753.038
05-03-2026 13:45:00,739.345
05-03-2026 14:00:00,713.988
05-03-2026 14:15:00,693.051
05-03-2026 14:30:00,672.831
05-03-2026 14:45:00,649.492
05-03-2026 15:00:00,619.854
05-03-2026 15:15:00,587.981
05-03-2026 15:30:00,554.796
05-03-2026 15:45:00,523.821
05-03-2026 16:00:00,501.954
05-03-2026 16:15:00,475.259
05-03-2026 16:30:00,428.33
05-03-2026 16:45:00,363.973
05-03-2026 17:00:00,309.12
05-03-2026 17:15:00,270.276
05-03-2026 17:30:00,218.822
05-03-2026 17:45:00,184.724
05-03-2026 18:00:00,96.721
05-03-2026 18:15:00,47.632
05-03-2026 18:30:00,19.695
05-03-2026 18:45:00,5.106
05-03-2026 19:00:00,""
05-03-2026 19:15:00,-0.094
05-03-2026 19:30:00,-0.09
05-03-2026 19:45:00,-0.088
05-03-2026 20:00:00,-0.094
05-03-2026 20:15:00,-0.097
05-03-2026 20:30:00,-0.097
05-03-2026 20:45:00,-0.095
05-03-2026 21:00:00,-0.094
05-03-2026 21:15:00,-0.093
05-03-2026 21:30:00,-0.086
05-03-2026 21:45:00,""
05-03-2026 22:00:00,-0.082
05-03-2026 22:15:00,-0.088
05-03-2026 22:30:00,-0.086
05-03-2026 22:45:00,-0.085
05-03-2026 23:00:00,-0.088
05-03-2026 23:15:00,-0.093
05-03-2026 23:30:00,-0.088
05-03-2026 23:45:00,-0.082
05-04-2026 00:00:00,-0.088
05-04-2026 00:15:00,-0.082
05-04-2026 00:30:00,-0.085
05-04-2026 00:45:00,-0.088
05-04-2026 01:00:00,-0.09
05-04-2026 01:15:00,-0.091
05-04-2026 01:30:00,-0.09
05-04-2026 01:45:00,""
05-04-2026 02:00:00,-0.079
05-04-2026 02:15:00,-0.09
05-04-2026 02:30:00,-0.093
05-04-2026 02:45:00,-0.088
05-04-2026 03:00:00,-0.098
05-04-2026 03:15:00,-0.09
05-04-2026 03:30:00,-0.097
05-04-2026 03:45:00,-0.087
05-04-2026 04:00:00,-0.084
05-04-2026 04:15:00,-0.091
05-04-2026 04:30:00,-0.086
05-04-2026 04:45:00,-0.086
05-04-2026 05:00:00,-0.09
05-04-2026 05:15:00,-0.097
05-04-2026 05:30:00,-0.097
05-04-2026 05:45:00,-0.07
05-04-2026 06:00:00,""
05-04-2026 06:15:00,13.693
05-04-2026 06:30:00,20.128
05-04-2026 06:45:00,25.521
05-04-2026 07:00:00,57.305
05-04-2026 07:15:00,192.596
05-04-2026 07:30:00,255.278
05-04-2026 07:45:00,308.688
05-04-2026 08:00:00,360.957
05-04-2026 08:15:00,402.662
05-04-2026 08:30:00,453.563
05-04-2026 08:45:00,497.361
05-04-2026 09:00:00,541.999
05-04-2026 09:15:00,577.907
05-04-2026 09:30:00,606.921
05-04-2026 09:45:00,633.997
05-04-2026 10:00:00,660.846
05-04-2026 10:15:00,687.605
05-04-2026 10:30:00,707.786
05-04-2026 10:45:00,726.409
05-04-2026 11:00:00,732.803
05-04-2026 11:15:00,759.539
05-04-2026 11:30:00,764.79
05-04-2026 11:45:00,766.751
05-04-2026 12:00:00,763.637
05-04-2026 12:15:00,760.451
05-04-2026 12:30:00,756.39
05-04-2026 12:45:00,752.533
05-04-2026 13:00:00,751.127
05-04-2026 13:15:00,740.991
05-04-2026 13:30:00,729.206
05-04-2026 13:45:00,719.153
05-04-2026 14:00:00,702.536
05-04-2026 14:15:00,680.733
05-04-2026 14:30:00,659.221
05-04-2026 14:45:00,635.796
05-04-2026 15:00:00,607.924
05-04-2026 15:15:00,576.65
05-04-2026 15:30:00,542.52
05-04-2026 15:45:00,504.475
05-04-2026 16:00:00,462.404
05-04-2026 16:15:00,416.213
05-04-2026 16:30:00,369.593
05-04-2026 16:45:00,321.477
05-04-2026 17:00:00,270.637
05-04-2026 17:15:00,217.916
05-04-2026 17:30:00,165.153
05-04-2026 17:45:00,115.581
05-04-2026 18:00:00,71.74
05-04-2026 18:15:00,37.565
05-04-2026 18:30:00,15.803
05-04-2026 18:45:00,5.114
05-04-2026 19:00:00,1.813
05-04-2026 19:15:00,-0.08
05-04-2026 19:30:00,-0.091
05-04-2026 19:45:00,-0.092
05-04-2026 20:00:00,-0.092
05-04-2026 20:15:00,-0.087
05-04-2026 20:30:00,-0.085
05-04-2026 20:45:00,-0.094
05-04-2026 21:00:00,-0.104
05-04-2026 21:15:00,""
05-04-2026 21:30:00,-0.1
05-04-2026 21:45:00,-0.091
05-04-2026 22:00:00,-0.081
05-04-2026 22:15:00,""
05-04-2026 22:30:00,""
05-04-2026 22:45:00,-0.085
05-04-2026 23:00:00,-0.085
05-04-2026 23:15:00,-0.089
05-04-2026 23:30:00,-0.088
05-04-2026 23:45:00,-0.083
05-05-2026 00:00:00,-0.082
05-05-2026 00:15:00,-0.084
05-05-2026 00:30:00,-0.091
05-05-2026 00:45:00,-0.096
05-05-2026 01:00:00,-0.094
05-05-2026 01:15:00,-0.087
05-05-2026 01:30:00,-0.09
05-05-2026 01:45:00,-0.09
05-05-2026 02:00:00,-0.085
05-05-2026 02:15:00,-0.079
05-05-2026 02:30:00,-0.082
05-05-2026 02:45:00,-0.085
05-05-2026 03:00:00,-0.082
05-05-2026 03:15:00,-0.079
05-05-2026 03:30:00,-0.082
05-05-2026 03:45:00,-0.085
05-05-2026 04:00:00,-0.091
05-05-2026 04:15:00,-0.088
05-05-2026 04:30:00,-0.088
05-05-2026 04:45:00,-0.088
05-05-2026 05:00:00,-0.086
05-05-2026 05:15:00,-0.097
05-05-2026 05:30:00,-0.079
05-05-2026 05:45:00,""
05-05-2026 06:00:00,5.011
05-05-2026 06:15:00,13.259
05-05-2026 06:30:00,29.259
05-05-2026 06:45:00,48.571
05-05-2026 07:00:00,75.275
05-05-2026 07:15:00,113.284
05-05-2026 07:30:00,149.246
05-05-2026 07:45:00,192.299
05-05-2026 08:00:00,258.493
05-05-2026 08:15:00,218.596
05-05-2026 08:30:00,268.933
05-05-2026 08:45:00,520.037
05-05-2026 09:00:00,486.018
05-05-2026 09:15:00,585.651
05-05-2026 09:30:00,629.85
05-05-2026 09:45:00,665.823
05-05-2026 10:00:00,543.956
05-05-2026 10:15:00,720.636
05-05-2026 10:30:00,787.039
05-05-2026 10:45:00,698.193
05-05-2026 11:00:00,910.971
05-05-2026 11:15:00,732.887
05-05-2026 11:30:00,818.005
05-05-2026 11:45:00,832.543
05-05-2026 12:00:00,""
05-05-2026 12:15:00,603.938
05-05-2026 12:30:00,593.697
05-05-2026 12:45:00,466.956
05-05-2026 13:00:00,285.35
05-05-2026 13:15:00,355.927
05-05-2026 13:30:00,464.539
05-05-2026 13:45:00,484.496
05-05-2026 14:00:00,646.818
05-05-2026 14:15:00,762.825
05-05-2026 14:30:00,727.24
05-05-2026 14:45:00,701.575
05-05-2026 15:00:00,683.545
05-05-2026 15:15:00,674.467
05-05-2026 15:30:00,603.897
05-05-2026 15:45:00,429.694
05-05-2026 16:00:00,358.233
05-05-2026 16:15:00,421.084
05-05-2026 16:30:00,399.931
05-05-2026 16:45:00,329.253
05-05-2026 17:00:00,278.771
05-05-2026 17:15:00,187.713
05-05-2026 17:30:00,92.945
05-05-2026 17:45:00,67.6
05-05-2026 18:00:00,45.23
05-05-2026 18:15:00,25.852
05-05-2026 18:30:00,8.922
05-05-2026 18:45:00,3.8
05-05-2026 19:00:00,""
05-05-2026 19:15:00,-0.098
05-05-2026 19:30:00,-0.098
05-05-2026 19:45:00,-0.101
05-05-2026 20:00:00,-0.1
05-05-2026 20:15:00,-0.094
05-05-2026 20:30:00,-0.095
05-05-2026 20:45:00,-0.099
05-05-2026 21:00:00,-0.083
05-05-2026 21:15:00,-0.075
05-05-2026 21:30:00,-0.086
05-05-2026 21:45:00,-0.092
05-05-2026 22:00:00,-0.093
05-05-2026 22:15:00,-0.087
05-05-2026 22:30:00,-0.09
05-05-2026 22:45:00,-0.091
05-05-2026 23:00:00,-0.082
05-05-2026 23:15:00,-0.082
05-05-2026 23:30:00,-0.088
05-05-2026 23:45:00,-0.091
05-06-2026 00:00:00,-0.088
05-06-2026 00:15:00,-0.091
05-06-2026 00:30:00,-0.089
05-06-2026 00:45:00,-0.093
05-06-2026 01:00:00,-0.102
05-06-2026 01:15:00,-0.1
05-06-2026 01:30:00,-0.1
05-06-2026 01:45:00,-0.095
05-06-2026 02:00:00,-0.096
05-06-2026 02:15:00,-0.086
05-06-2026 02:30:00,-0.087
05-06-2026 02:45:00,-0.086
05-06-2026 03:00:00,-0.096
05-06-2026 03:15:00,-0.083
05-06-2026 03:30:00,-0.088
05-06-2026 03:45:00,-0.074
05-06-2026 04:00:00,-0.092
05-06-2026 04:15:00,-0.094
05-06-2026 04:30:00,-0.095
05-06-2026 04:45:00,-0.103
05-06-2026 05:00:00,-0.086
05-06-2026 05:15:00,-0.088
05-06-2026 05:30:00,-0.083
05-06-2026 05:45:00,""
05-06-2026 06:00:00,3.773
05-06-2026 06:15:00,""
05-06-2026 06:30:00,47.822
05-06-2026 06:45:00,74.836
05-06-2026 07:00:00,118.42
05-06-2026 07:15:00,170.009
05-06-2026 07:30:00,188.444
05-06-2026 07:45:00,183.921
05-06-2026 08:00:00,301.897
05-06-2026 08:15:00,407.404
05-06-2026 08:30:00,524.458
05-06-2026 08:45:00,382.257
05-06-2026 09:00:00,320.399
05-06-2026 09:15:00,349.754
05-06-2026 09:30:00,410.667
05-06-2026 09:45:00,491.075
05-06-2026 10:00:00,496.915
05-06-2026 10:15:00,626.811
05-06-2026 10:30:00,342.414
05-06-2026 10:45:00,323.528
05-06-2026 11:00:00,424.418
05-06-2026 11:15:00,734.262
05-06-2026 11:30:00,782.641
05-06-2026 11:45:00,730.978
05-06-2026 12:00:00,507.253
05-06-2026 12:15:00,442.885
05-06-2026 12:30:00,372.857
05-06-2026 12:45:00,331.703
05-06-2026 13:00:00,249.647
05-06-2026 13:15:00,202.868
05-06-2026 13:30:00,248.441
05-06-2026 13:45:00,248.185
05-06-2026 14:00:00,279.692
05-06-2026 14:15:00,306.046
05-06-2026 14:30:00,298.707
05-06-2026 14:45:00,271.314
05-06-2026 15:00:00,264.759
05-06-2026 15:15:00,230.406
05-06-2026 15:30:00,160.31
05-06-2026 15:45:00,121.71
05-06-2026 16:00:00,104.798
05-06-2026 16:15:00,123.012
05-06-2026 16:30:00,122.283
05-06-2026 16:45:00,80.582
05-06-2026 17:00:00,42.205
05-06-2026 17:15:00,26.577
05-06-2026 17:30:00,25.741
05-06-2026 17:45:00,26.523
05-06-2026 18:00:00,""
05-06-2026 18:15:00,14.303
05-06-2026 18:30:00,5.73
05-06-2026 18:45:00,0.997
05-06-2026 19:00:00,-0.056
05-06-2026 19:15:00,-0.085
05-06-2026 19:30:00,-0.095
05-06-2026 19:45:00,-0.095
05-06-2026 20:00:00,-0.093
05-06-2026 20:15:00,-0.084
05-06-2026 20:30:00,-0.082
05-06-2026 20:45:00,-0.09
05-06-2026 21:00:00,-0.096
05-06-2026 21:15:00,-0.097
05-06-2026 21:30:00,-0.095
05-06-2026 21:45:00,-0.092
05-06-2026 22:00:00,""
05-06-2026 22:15:00,-0.091
05-06-2026 22:30:00,-0.093
05-06-2026 22:45:00,-0.092
05-06-2026 23:00:00,-0.089
05-06-2026 23:15:00,-0.089
05-06-2026 23:30:00,-0.092
05-06-2026 23:45:00,-0.097
05-07-2026 00:00:00,-0.099
05-07-2026 00:15:00,-0.095
05-07-2026 00:30:00,-0.089
05-07-2026 00:45:00,-0.084
05-07-2026 01:00:00,-0.08
05-07-2026 01:15:00,-0.083
05-07-2026 01:30:00,-0.092
05-07-2026 01:45:00,-0.089
05-07-2026 02:00:00,-0.085
05-07-2026 02:15:00,-0.087
05-07-2026 02:30:00,-0.092
05-07-2026 02:45:00,-0.094
05-07-2026 03:00:00,-0.088
05-07-2026 03:15:00,-0.079
05-07-2026 03:30:00,-0.081
05-07-2026 03:45:00,-0.082
05-07-2026 04:00:00,-0.088
05-07-2026 04:15:00,-0.09
05-07-2026 04:30:00,-0.09
05-07-2026 04:45:00,-0.085
05-07-2026 05:00:00,-0.087
05-07-2026 05:15:00,-0.086
05-07-2026 05:30:00,-0.083
05-07-2026 05:45:00,0.43
05-07-2026 06:00:00,4.423
05-07-2026 06:15:00,15.862
05-07-2026 06:30:00,30.989
05-07-2026 06:45:00,48.051
05-07-2026 07:00:00,70.015
05-07-2026 07:15:00,102.634
05-07-2026 07:30:00,137.738
05-07-2026 07:45:00,172.599
05-07-2026 08:00:00,189.938
05-07-2026 08:15:00,204.987
05-07-2026 08:30:00,279.698
05-07-2026 08:45:00,530.557
05-07-2026 09:00:00,511.756
05-07-2026 09:15:00,451.527
05-07-2026 09:30:00,579.487
05-07-2026 09:45:00,""
05-07-2026 10:00:00,647.28
05-07-2026 10:15:00,659.432
05-07-2026 10:30:00,686.657
05-07-2026 10:45:00,743.743
05-07-2026 11:00:00,743.288
05-07-2026 11:15:00,745.693
05-07-2026 11:30:00,732.706
05-07-2026 11:45:00,486.373
05-07-2026 12:00:00,749.923
05-07-2026 12:15:00,753.97
05-07-2026 12:30:00,752.841
05-07-2026 12:45:00,752.066
05-07-2026 13:00:00,745.222
05-07-2026 13:15:00,""
05-07-2026 13:30:00,572.837
05-07-2026 13:45:00,676.161
05-07-2026 14:00:00,692.24
05-07-2026 14:15:00,683.563
05-07-2026 14:30:00,665.697
05-07-2026 14:45:00,661.103
05-07-2026 15:00:00,487.667
05-07-2026 15:15:00,348.892
05-07-2026 15:30:00,610.034
05-07-2026 15:45:00,566.683
05-07-2026 16:00:00,494.379
05-07-2026 16:15:00,284.15
05-07-2026 16:30:00,278.201
05-07-2026 16:45:00,269.45
05-07-2026 17:00:00,165.55
05-07-2026 17:15:00,158.042
05-07-2026 17:30:00,80.733
05-07-2026 17:45:00,43.919
05-07-2026 18:00:00,36.252
05-07-2026 18:15:00,20.995
05-07-2026 18:30:00,10.42
05-07-2026 18:45:00,2.604
05-07-2026 19:00:00,0.201
05-07-2026 19:15:00,-0.086
05-07-2026 19:30:00,-0.092
05-07-2026 19:45:00,-0.095
05-07-2026 20:00:00,-0.1
05-07-2026 20:15:00,-0.094
05-07-2026 20:30:00,-0.088
05-07-2026 20:45:00,-0.09
05-07-2026 21:00:00,-0.092
05-07-2026 21:15:00,-0.098
05-07-2026 21:30:00,-0.094
05-07-2026 21:45:00,-0.089
05-07-2026 22:00:00,-0.088
05-07-2026 22:15:00,-0.089
05-07-2026 22:30:00,-0.079
05-07-2026 22:45:00,-0.084
05-07-2026 23:00:00,-0.091
05-07-2026 23:15:00,-0.085
05-07-2026 23:30:00,-0.083
05-07-2026 23:45:00,-0.09
05-08-2026 00:00:00,-0.094
05-08-2026 00:15:00,-0.098
05-08-2026 00:30:00,-0.099
05-08-2026 00:45:00,-0.094
05-08-2026 01:00:00,-0.093
05-08-2026 01:15:00,-0.095
05-08-2026 01:30:00,-0.09
05-08-2026 01:45:00,-0.088
05-08-2026 02:00:00,-0.09
05-08-2026 02:15:00,-0.091
05-08-2026 02:30:00,-0.094
05-08-2026 02:45:00,-0.089
05-08-2026 03:00:00,-0.085
05-08-2026 03:15:00,-0.089
05-08-2026 03:30:00,-0.089
05-08-2026 03:45:00,-0.089
05-08-2026 04:00:00,-0.097
05-08-2026 04:15:00,-0.101
05-08-2026 04:30:00,-0.093
05-08-2026 04:45:00,-0.085
05-08-2026 05:00:00,-0.083
05-08-2026 05:15:00,-0.087
05-08-2026 05:30:00,-0.085
05-08-2026 05:45:00,1.518
05-08-2026 06:00:00,7.261
05-08-2026 06:15:00,18.336
05-08-2026 06:30:00,35.442
05-08-2026 06:45:00,54.801
05-08-2026 07:00:00,72.772
05-08-2026 07:15:00,90.61
05-08-2026 07:30:00,109.073
05-08-2026 07:45:00,142.612
05-08-2026 08:00:00,190.493
05-08-2026 08:15:00,219.137
05-08-2026 08:30:00,253.279
05-08-2026 08:45:00,335.272
05-08-2026 09:00:00,373.82
05-08-2026 09:15:00,399.427
05-08-2026 09:30:00,523.623
05-08-2026 09:45:00,526.044
05-08-2026 10:00:00,514.391
05-08-2026 10:15:00,522.934
05-08-2026 10:30:00,494.521
05-08-2026 10:45:00,720.2
05-08-2026 11:00:00,723.164
05-08-2026 11:15:00,740.923
05-08-2026 11:30:00,762.333
05-08-2026 11:45:00,750.546
05-08-2026 12:00:00,734.817
05-08-2026 12:15:00,767.67
05-08-2026 12:30:00,740.946
05-08-2026 12:45:00,731.427
05-08-2026 13:00:00,747.759
05-08-2026 13:15:00,766.22
05-08-2026 13:30:00,724.666
05-08-2026 13:45:00,722.057
05-08-2026 14:00:00,751.891
05-08-2026 14:15:00,691.743
05-08-2026 14:30:00,480.172
05-08-2026 14:45:00,424.768
05-08-2026 15:00:00,520.714
05-08-2026 15:15:00,534.624
05-08-2026 15:30:00,552.735
05-08-2026 15:45:00,469.021
05-08-2026 16:00:00,295.536
05-08-2026 16:15:00,465.255
05-08-2026 16:30:00,390.879
05-08-2026 16:45:00,303.355
05-08-2026 17:00:00,212.955
05-08-2026 17:15:00,129.161
05-08-2026 17:30:00,157.541
05-08-2026 17:45:00,76.367
05-08-2026 18:00:00,60.74
05-08-2026 18:15:00,50.088
05-08-2026 18:30:00,24.285
05-08-2026 18:45:00,11.755
05-08-2026 19:00:00,""
05-08-2026 19:15:00,-0.102
05-08-2026 19:30:00,-0.087
05-08-2026 19:45:00,-0.086
05-08-2026 20:00:00,""
05-08-2026 20:15:00,-0.079
05-08-2026 20:30:00,-0.097
05-08-2026 20:45:00,-0.103
05-08-2026 21:00:00,-0.096
05-08-2026 21:15:00,-0.083
05-08-2026 21:30:00,-0.098
05-08-2026 21:45:00,-0.09
05-08-2026 22:00:00,-0.096
05-08-2026 22:15:00,-0.097
05-08-2026 22:30:00,-0.098
05-08-2026 22:45:00,-0.086
05-08-2026 23:00:00,-0.089
05-08-2026 23:15:00,-0.093
05-08-2026 23:30:00,-0.093
05-08-2026 23:45:00,-0.097
05-09-2026 00:00:00,-0.109
05-09-2026 00:15:00,-0.096
05-09-2026 00:30:00,-0.093
05-09-2026 00:45:00,-0.098
05-09-2026 01:00:00,-0.089
05-09-2026 01:15:00,-0.088
05-09-2026 01:30:00,-0.093
05-09-2026 01:45:00,-0.093
05-09-2026 02:00:00,-0.093
05-09-2026 02:15:00,-0.095
05-09-2026 02:30:00,-0.088
05-09-2026 02:45:00,-0.09
05-09-2026 03:00:00,-0.089
05-09-2026 03:15:00,-0.094
05-09-2026 03:30:00,-0.094
05-09-2026 03:45:00,-0.092
05-09-2026 04:00:00,-0.09
05-09-2026 04:15:00,-0.094
05-09-2026 04:30:00,-0.094
05-09-2026 04:45:00,-0.088
05-09-2026 05:00:00,-0.075
05-09-2026 05:15:00,-0.083
05-09-2026 05:30:00,-0.062
05-09-2026 05:45:00,1.327
05-09-2026 06:00:00,9.102
05-09-2026 06:15:00,22.582
05-09-2026 06:30:00,32.771
05-09-2026 06:45:00,40.714
05-09-2026 07:00:00,61.83
05-09-2026 07:15:00,79.049
05-09-2026 07:30:00,84.34
05-09-2026 07:45:00,122.443
05-09-2026 08:00:00,231.801
05-09-2026 08:15:00,356.87
05-09-2026 08:30:00,439.943
05-09-2026 08:45:00,504.438
05-09-2026 09:00:00,560.002
05-09-2026 09:15:00,597.564
05-09-2026 09:30:00,614.919
05-09-2026 09:45:00,632.451
05-09-2026 10:00:00,659.352
05-09-2026 10:15:00,681.826
05-09-2026 10:30:00,707.438
05-09-2026 10:45:00,629.769
05-09-2026 11:00:00,567.526
05-09-2026 11:15:00,665.851
05-09-2026 11:30:00,733.526
05-09-2026 11:45:00,604.104
05-09-2026 12:00:00,459.288
05-09-2026 12:15:00,560.244
05-09-2026 12:30:00,762.445
05-09-2026 12:45:00,711.396
05-09-2026 13:00:00,433.937
05-09-2026 13:15:00,292.053
05-09-2026 13:30:00,395.5
05-09-2026 13:45:00,589.948
05-09-2026 14:00:00,""
05-09-2026 14:15:00,766.723
05-09-2026 14:30:00,720.245
05-09-2026 14:45:00,663.461
05-09-2026 15:00:00,602.348
05-09-2026 15:15:00,520.717
05-09-2026 15:30:00,472.897
05-09-2026 15:45:00,465.243
05-09-2026 16:00:00,363.295
05-09-2026 16:15:00,269.253
05-09-2026 16:30:00,260.667
05-09-2026 16:45:00,208.979
05-09-2026 17:00:00,138.001
05-09-2026 17:15:00,121.805
05-09-2026 17:30:00,103.561
05-09-2026 17:45:00,80.52
05-09-2026 18:00:00,59.379
05-09-2026 18:15:00,40.05
05-09-2026 18:30:00,22.448
05-09-2026 18:45:00,4.921
05-09-2026 19:00:00,""
05-09-2026 19:15:00,-0.093
05-09-2026 19:30:00,-0.091
05-09-2026 19:45:00,-0.096
05-09-2026 20:00:00,-0.096
05-09-2026 20:15:00,-0.098
05-09-2026 20:30:00,-0.089
05-09-2026 20:45:00,-0.095
05-09-2026 21:00:00,-0.103
05-09-2026 21:15:00,-0.094
05-09-2026 21:30:00,-0.097
05-09-2026 21:45:00,-0.094
05-09-2026 22:00:00,-0.092
05-09-2026 22:15:00,-0.092
05-09-2026 22:30:00,-0.093
05-09-2026 22:45:00,-0.087
05-09-2026 23:00:00,-0.084
05-09-2026 23:15:00,-0.091
05-09-2026 23:30:00,-0.085
05-09-2026 23:45:00,-0.09
05-10-2026 00:00:00,-0.094
05-10-2026 00:15:00,-0.09
05-10-2026 00:30:00,-0.092
05-10-2026 00:45:00,-0.108
05-10-2026 01:00:00,-0.083
05-10-2026 01:15:00,-0.087
05-10-2026 01:30:00,-0.095
05-10-2026 01:45:00,-0.095
05-10-2026 02:00:00,-0.094
05-10-2026 02:15:00,-0.087
05-10-2026 02:30:00,-0.092
05-10-2026 02:45:00,-0.089
05-10-2026 03:00:00,-0.1
05-10-2026 03:15:00,-0.1
05-10-2026 03:30:00,-0.093
05-10-2026 03:45:00,-0.099
05-10-2026 04:00:00,-0.086
05-10-2026 04:15:00,-0.095
05-10-2026 04:30:00,""
05-10-2026 04:45:00,-0.102
05-10-2026 05:00:00,-0.092
05-10-2026 05:15:00,-0.083
05-10-2026 05:30:00,-0.076
05-10-2026 05:45:00,4.274
05-10-2026 06:00:00,16.185
05-10-2026 06:15:00,37.202
05-10-2026 06:30:00,38.484
05-10-2026 06:45:00,107.173
05-10-2026 07:00:00,127.12
05-10-2026 07:15:00,204.459
05-10-2026 07:30:00,263.111
05-10-2026 07:45:00,318.792
05-10-2026 08:00:00,367.301
05-10-2026 08:15:00,410.759
05-10-2026 08:30:00,465.54
05-10-2026 08:45:00,315.039
05-10-2026 09:00:00,222.742
05-10-2026 09:15:00,340.496
05-10-2026 09:30:00,559.647
05-10-2026 09:45:00,447.598
05-10-2026 10:00:00,544.366
05-10-2026 10:15:00,746.216
05-10-2026 10:30:00,628.045
05-10-2026 10:45:00,718.868
05-10-2026 11:00:00,708.082
05-10-2026 11:15:00,775.818
05-10-2026 11:30:00,741.687
05-10-2026 11:45:00,651.824
05-10-2026 12:00:00,754.638
05-10-2026 12:15:00,644.036
05-10-2026 12:30:00,585.907
05-10-2026 12:45:00,632.817
05-10-2026 13:00:00,428.825
05-10-2026 13:15:00,559.729
05-10-2026 13:30:00,521.36
05-10-2026 13:45:00,446.577
05-10-2026 14:00:00,475.098
05-10-2026 14:15:00,686.064
05-10-2026 14:30:00,604.796
05-10-2026 14:45:00,559.93
05-10-2026 15:00:00,619.666
05-10-2026 15:15:00,632.31
05-10-2026 15:30:00,571.593
05-10-2026 15:45:00,515.308
05-10-2026 16:00:00,509.888
05-10-2026 16:15:00,498.88
05-10-2026 16:30:00,454.511
05-10-2026 16:45:00,338.669
05-10-2026 17:00:00,255.698
05-10-2026 17:15:00,229.299
05-10-2026 17:30:00,157.841
05-10-2026 17:45:00,75.722
05-10-2026 18:00:00,42.083
05-10-2026 18:15:00,30.749
05-10-2026 18:30:00,18.175
05-10-2026 18:45:00,7.55
05-10-2026 19:00:00,3.018
05-10-2026 19:15:00,-0.083
05-10-2026 19:30:00,-0.09
05-10-2026 19:45:00,-0.083
05-10-2026 20:00:00,-0.084
05-10-2026 20:15:00,-0.088
05-10-2026 20:30:00,-0.089
05-10-2026 20:45:00,-0.087
05-10-2026 21:00:00,-0.09
05-10-2026 21:15:00,-0.093
05-10-2026 21:30:00,-0.092
05-10-2026 21:45:00,-0.089
05-10-2026 22:00:00,""
05-10-2026 22:15:00,-0.09
05-10-2026 22:30:00,-0.09
05-10-2026 22:45:00,-0.089
05-10-2026 23:00:00,-0.091
05-10-2026 23:15:00,-0.092
05-10-2026 23:30:00,-0.093
05-10-2026 23:45:00,-0.091
05-11-2026 00:00:00,-0.09
05-11-2026 00:15:00,-0.094
05-11-2026 00:30:00,-0.093
05-11-2026 00:45:00,-0.087
05-11-2026 01:00:00,-0.086
05-11-2026 01:15:00,-0.086
05-11-2026 01:30:00,-0.088
05-11-2026 01:45:00,-0.091
05-11-2026 02:00:00,-0.095
05-11-2026 02:15:00,-0.099
05-11-2026 02:30:00,-0.096
05-11-2026 02:45:00,-0.092
05-11-2026 03:00:00,-0.084
05-11-2026 03:15:00,-0.082
05-11-2026 03:30:00,-0.093
05-11-2026 03:45:00,-0.096
05-11-2026 04:00:00,-0.096
05-11-2026 04:15:00,-0.096
05-11-2026 04:30:00,-0.092
05-11-2026 04:45:00,-0.092
05-11-2026 05:00:00,-0.089
05-11-2026 05:15:00,-0.088
05-11-2026 05:30:00,-0.089
05-11-2026 05:45:00,0.268
05-11-2026 06:00:00,2.694
05-11-2026 06:15:00,9.616
05-11-2026 06:30:00,23.443
05-11-2026 06:45:00,43.123
05-11-2026 07:00:00,55.696
05-11-2026 07:15:00,119.337
05-11-2026 07:30:00,201.213
05-11-2026 07:45:00,81.058
05-11-2026 08:00:00,97.706
05-11-2026 08:15:00,110.784
05-11-2026 08:30:00,134.842
05-11-2026 08:45:00,219.953
05-11-2026 09:00:00,236.941
05-11-2026 09:15:00,287.587
05-11-2026 09:30:00,629.953
05-11-2026 09:45:00,431.58
05-11-2026 10:00:00,338.737
05-11-2026 10:15:00,301.496
05-11-2026 10:30:00,683.829
05-11-2026 10:45:00,496.934
05-11-2026 11:00:00,835.13
05-11-2026 11:15:00,838.243
05-11-2026 11:30:00,835.893
05-11-2026 11:45:00,843.175
05-11-2026 12:00:00,806.512
05-11-2026 12:15:00,356.926
05-11-2026 12:30:00,909.203
05-11-2026 12:45:00,876.319
05-11-2026 13:00:00,492.734
05-11-2026 13:15:00,253.784
05-11-2026 13:30:00,468.439
05-11-2026 13:45:00,200.22
05-11-2026 14:00:00,""
05-11-2026 14:15:00,785.729
05-11-2026 14:30:00,814.735
05-11-2026 14:45:00,880.427
05-11-2026 15:00:00,257.324
05-11-2026 15:15:00,204.12
05-11-2026 15:30:00,151.936
05-11-2026 15:45:00,188.912
05-11-2026 16:00:00,424.896
05-11-2026 16:15:00,222.986
05-11-2026 16:30:00,104.264
05-11-2026 16:45:00,116.846
05-11-2026 17:00:00,212.234
05-11-2026 17:15:00,226.838
05-11-2026 17:30:00,188.255
05-11-2026 17:45:00,134.676
05-11-2026 18:00:00,78.063
05-11-2026 18:15:00,29.372
05-11-2026 18:30:00,13.671
05-11-2026 18:45:00,3.545
05-11-2026 19:00:00,0.33
05-11-2026 19:15:00,-0.088
05-11-2026 19:30:00,-0.091
05-11-2026 19:45:00,-0.092
05-11-2026 20:00:00,-0.096
05-11-2026 20:15:00,-0.093
05-11-2026 20:30:00,-0.09
05-11-2026 20:45:00,-0.091
05-11-2026 21:00:00,-0.091
05-11-2026 21:15:00,-0.093
05-11-2026 21:30:00,-0.095
05-11-2026 21:45:00,-0.098
05-11-2026 22:00:00,-0.096
05-11-2026 22:15:00,-0.092
05-11-2026 22:30:00,-0.09
05-11-2026 22:45:00,-0.085
05-11-2026 23:00:00,-0.085
05-11-2026 23:15:00,-0.088
05-11-2026 23:30:00,-0.086
05-11-2026 23:45:00,-0.086
05-12-2026 00:00:00,-0.094
05-12-2026 00:15:00,-0.096
05-12-2026 00:30:00,-0.094
05-12-2026 00:45:00,-0.091
05-12-2026 01:00:00,-0.085
05-12-2026 01:15:00,-0.083
05-12-2026 01:30:00,-0.089
05-12-2026 01:45:00,-0.09
05-12-2026 02:00:00,-0.088
05-12-2026 02:15:00,-0.092
05-12-2026 02:30:00,-0.098
05-12-2026 02:45:00,-0.093
05-12-2026 03:00:00,-0.092
05-12-2026 03:15:00,-0.093
05-12-2026 03:30:00,-0.091
05-12-2026 03:45:00,-0.088
05-12-2026 04:00:00,-0.081
05-12-2026 04:15:00,-0.081
05-12-2026 04:30:00,-0.092
05-12-2026 04:45:00,-0.094
05-12-2026 05:00:00,-0.093
05-12-2026 05:15:00,-0.096
05-12-2026 05:30:00,-0.08
05-12-2026 05:45:00,1.075
05-12-2026 06:00:00,""
05-12-2026 06:15:00,16.102
05-12-2026 06:30:00,36.856
05-12-2026 06:45:00,63.796
05-12-2026 07:00:00,100.571
05-12-2026 07:15:00,170.452
05-12-2026 07:30:00,247.242
05-12-2026 07:45:00,301.433
05-12-2026 08:00:00,347.677
05-12-2026 08:15:00,391.405
05-12-2026 08:30:00,438.285
05-12-2026 08:45:00,483.885
05-12-2026 09:00:00,526.823
05-12-2026 09:15:00,563.054
05-12-2026 09:30:00,596.069
05-12-2026 09:45:00,629.985
05-12-2026 10:00:00,658.182
05-12-2026 10:15:00,688.553
05-12-2026 10:30:00,714.194
05-12-2026 10:45:00,720.289
05-12-2026 11:00:00,704.459
05-12-2026 11:15:00,714.066
05-12-2026 11:30:00,769.364
05-12-2026 11:45:00,796.676
05-12-2026 12:00:00,809.697
05-12-2026 12:15:00,737.194
05-12-2026 12:30:00,535.705
05-12-2026 12:45:00,454.709
05-12-2026 13:00:00,665.288
05-12-2026 13:15:00,581.49
05-12-2026 13:30:00,775.277
05-12-2026 13:45:00,623.895
05-12-2026 14:00:00,""
05-12-2026 14:15:00,746.771
05-12-2026 14:30:00,725.983
05-12-2026 14:45:00,695.495
05-12-2026 15:00:00,662.81
05-12-2026 15:15:00,634.773
05-12-2026 15:30:00,611.755
05-12-2026 15:45:00,559.11
05-12-2026 16:00:00,464.198
05-12-2026 16:15:00,438.883
05-12-2026 16:30:00,221.879
05-12-2026 16:45:00,186.78
05-12-2026 17:00:00,343.667
05-12-2026 17:15:00,268.582
05-12-2026 17:30:00,82.612
05-12-2026 17:45:00,142.627
05-12-2026 18:00:00,97.431
05-12-2026 18:15:00,61.376
05-12-2026 18:30:00,32.637
05-12-2026 18:45:00,12.5
05-12-2026 19:00:00,""
05-12-2026 19:15:00,-0.096
05-12-2026 19:30:00,-0.088
05-12-2026 19:45:00,-0.094
05-12-2026 20:00:00,-0.089
05-12-2026 20:15:00,-0.095
05-12-2026 20:30:00,-0.097
05-12-2026 20:45:00,-0.093
05-12-2026 21:00:00,-0.091
05-12-2026 21:15:00,-0.083
05-12-2026 21:30:00,-0.091
05-12-2026 21:45:00,-0.082
05-12-2026 22:00:00,""
05-12-2026 22:15:00,-0.084
05-12-2026 22:30:00,-0.09
05-12-2026 22:45:00,-0.087
05-12-2026 23:00:00,-0.089
05-12-2026 23:15:00,-0.087
05-12-2026 23:30:00,-0.086
05-12-2026 23:45:00,-0.09
05-13-2026 00:00:00,-0.091
05-13-2026 00:15:00,-0.09
05-13-2026 00:30:00,-0.096
05-13-2026 00:45:00,-0.099
05-13-2026 01:00:00,-0.082
05-13-2026 01:15:00,-0.085
05-13-2026 01:30:00,-0.088
05-13-2026 01:45:00,-0.097
05-13-2026 02:00:00,-0.103
05-13-2026 02:15:00,-0.094
05-13-2026 02:30:00,-0.081
05-13-2026 02:45:00,-0.084
05-13-2026 03:00:00,-0.098
05-13-2026 03:15:00,-0.093
05-13-2026 03:30:00,-0.086
05-13-2026 03:45:00,-0.094
05-13-2026 04:00:00,-0.094
05-13-2026 04:15:00,-0.085
05-13-2026 04:30:00,-0.085
05-13-2026 04:45:00,-0.089
05-13-2026 05:00:00,-0.082
05-13-2026 05:15:00,-0.082
05-13-2026 05:30:00,-0.053
05-13-2026 05:45:00,5.226
05-13-2026 06:00:00,13.656
05-13-2026 06:15:00,26.734
05-13-2026 06:30:00,36.787
05-13-2026 06:45:00,106.591
05-13-2026 07:00:00,117.709
05-13-2026 07:15:00,88.204
05-13-2026 07:30:00,169.663
05-13-2026 07:45:00,279.86
05-13-2026 08:00:00,362.1
05-13-2026 08:15:00,412.123
05-13-2026 08:30:00,468.255
05-13-2026 08:45:00,531.795
05-13-2026 09:00:00,418.552
05-13-2026 09:15:00,460.732
05-13-2026 09:30:00,591.437
05-13-2026 09:45:00,655.918
05-13-2026 10:00:00,688.767
05-13-2026 10:15:00,667.651
05-13-2026 10:30:00,482.135
05-13-2026 10:45:00,487.101
05-13-2026 11:00:00,676.278
05-13-2026 11:15:00,756.676
05-13-2026 11:30:00,760.401
05-13-2026 11:45:00,766.931
05-13-2026 12:00:00,598.178
05-13-2026 12:15:00,513.576
05-13-2026 12:30:00,669.699
05-13-2026 12:45:00,766.139
05-13-2026 13:00:00,762.944
05-13-2026 13:15:00,756.286
05-13-2026 13:30:00,606.841
05-13-2026 13:45:00,482.861
05-13-2026 14:00:00,513.026
05-13-2026 14:15:00,553.592
05-13-2026 14:30:00,616.394
05-13-2026 14:45:00,640.818
05-13-2026 15:00:00,616.324
05-13-2026 15:15:00,567.32
05-13-2026 15:30:00,532.401
05-13-2026 15:45:00,585.793
05-13-2026 16:00:00,577.124
05-13-2026 16:15:00,493.393
05-13-2026 16:30:00,377.561
05-13-2026 16:45:00,239.566
05-13-2026 17:00:00,218.586
05-13-2026 17:15:00,199.498
05-13-2026 17:30:00,102.416
05-13-2026 17:45:00,63.095
05-13-2026 18:00:00,45.24
05-13-2026 18:15:00,25.807
05-13-2026 18:30:00,14.199
05-13-2026 18:45:00,6.172
05-13-2026 19:00:00,""
05-13-2026 19:15:00,-0.099
05-13-2026 19:30:00,-0.103
05-13-2026 19:45:00,-0.098
05-13-2026 20:00:00,-0.091
05-13-2026 20:15:00,-0.083
05-13-2026 20:30:00,-0.081
05-13-2026 20:45:00,-0.089
05-13-2026 21:00:00,-0.094
05-13-2026 21:15:00,-0.096
05-13-2026 21:30:00,-0.094
05-13-2026 21:45:00,-0.088
05-13-2026 22:00:00,-0.087
05-13-2026 22:15:00,-0.11
05-13-2026 22:30:00,-0.108
05-13-2026 22:45:00,-0.102
05-13-2026 23:00:00,-0.093
05-13-2026 23:15:00,-0.085
05-13-2026 23:30:00,-0.09
05-13-2026 23:45:00,-0.095
05-14-2026 00:00:00,-0.092
05-14-2026 00:15:00,-0.088
05-14-2026 00:30:00,-0.091
05-14-2026 00:45:00,-0.097
05-14-2026 01:00:00,-0.086
05-14-2026 01:15:00,-0.092
05-14-2026 01:30:00,-0.097
05-14-2026 01:45:00,-0.094
05-14-2026 02:00:00,-0.09
05-14-2026 02:15:00,-0.089
05-14-2026 02:30:00,-0.091
05-14-2026 02:45:00,-0.094
05-14-2026 03:00:00,-0.085
05-14-2026 03:15:00,-0.087
05-14-2026 03:30:00,-0.083
05-14-2026 03:45:00,-0.088
05-14-2026 04:00:00,-0.105
05-14-2026 04:15:00,-0.092
05-14-2026 04:30:00,-0.102
05-14-2026 04:45:00,-0.087
05-14-2026 05:00:00,-0.098
05-14-2026 05:15:00,-0.085
05-14-2026 05:30:00,-0.085
05-14-2026 05:45:00,0.019
05-14-2026 06:00:00,""
05-14-2026 06:15:00,35.584
05-14-2026 06:30:00,37.813
05-14-2026 06:45:00,51.237
05-14-2026 07:00:00,62.542
05-14-2026 07:15:00,75.013
05-14-2026 07:30:00,""
05-14-2026 07:45:00,374.736
05-14-2026 08:00:00,449.892
05-14-2026 08:15:00,120.877
05-14-2026 08:30:00,274.788
05-14-2026 08:45:00,177.587
05-14-2026 09:00:00,181.836
05-14-2026 09:15:00,582.411
05-14-2026 09:30:00,678.602
05-14-2026 09:45:00,350.821
05-14-2026 10:00:00,271.627
05-14-2026 10:15:00,274.016
05-14-2026 10:30:00,651.152
05-14-2026 10:45:00,731.241
05-14-2026 11:00:00,787.795
05-14-2026 11:15:00,830.499
05-14-2026 11:30:00,781.237
05-14-2026 11:45:00,772.368
05-14-2026 12:00:00,763.795
05-14-2026 12:15:00,767.717
05-14-2026 12:30:00,765.133
05-14-2026 12:45:00,758.982
05-14-2026 13:00:00,564.619
05-14-2026 13:15:00,667.704
05-14-2026 13:30:00,730.055
05-14-2026 13:45:00,719.983
05-14-2026 14:00:00,702.583
05-14-2026 14:15:00,687.288
05-14-2026 14:30:00,665.202
05-14-2026 14:45:00,402.438
05-14-2026 15:00:00,451.505
05-14-2026 15:15:00,475.083
05-14-2026 15:30:00,504.523
05-14-2026 15:45:00,517.711
05-14-2026 16:00:00,366.499
05-14-2026 16:15:00,205.361
05-14-2026 16:30:00,259.517
05-14-2026 16:45:00,314.476
05-14-2026 17:00:00,283.938
05-14-2026 17:15:00,191.679
05-14-2026 17:30:00,97.618
05-14-2026 17:45:00,47.451
05-14-2026 18:00:00,31.21
05-14-2026 18:15:00,17.3
05-14-2026 18:30:00,8.275
05-14-2026 18:45:00,3.129
05-14-2026 19:00:00,1.218
05-14-2026 19:15:00,-0.082
05-14-2026 19:30:00,-0.095
05-14-2026 19:45:00,-0.093
05-14-2026 20:00:00,-0.094
05-14-2026 20:15:00,-0.1
05-14-2026 20:30:00,-0.1
05-14-2026 20:45:00,-0.093
05-14-2026 21:00:00,-0.092
05-14-2026 21:15:00,-0.095
05-14-2026 21:30:00,-0.096
05-14-2026 21:45:00,-0.096
05-14-2026 22:00:00,-0.095
05-14-2026 22:15:00,-0.09
05-14-2026 22:30:00,-0.085
05-14-2026 22:45:00,-0.084
05-14-2026 23:00:00,-0.086
05-14-2026 23:15:00,-0.089
05-14-2026 23:30:00,-0.091
05-14-2026 23:45:00,-0.093
05-15-2026 00:00:00,-0.095
05-15-2026 00:15:00,-0.094
05-15-2026 00:30:00,-0.09
05-15-2026 00:45:00,-0.091
05-15-2026 01:00:00,-0.097
05-15-2026 01:15:00,-0.096
05-15-2026 01:30:00,-0.087
05-15-2026 01:45:00,-0.088
05-15-2026 02:00:00,-0.092
05-15-2026 02:15:00,-0.091
05-15-2026 02:30:00,-0.094
05-15-2026 02:45:00,-0.094
05-15-2026 03:00:00,-0.089
05-15-2026 03:15:00,-0.09
05-15-2026 03:30:00,-0.092
05-15-2026 03:45:00,-0.089
05-15-2026 04:00:00,-0.082
05-15-2026 04:15:00,-0.084
05-15-2026 04:30:00,-0.092
05-15-2026 04:45:00,-0.094
05-15-2026 05:00:00,-0.089
05-15-2026 05:15:00,-0.084
05-15-2026 05:30:00,-0.075
05-15-2026 05:45:00,1.425
05-15-2026 06:00:00,""
05-15-2026 06:15:00,20.128
05-15-2026 06:30:00,29.861
05-15-2026 06:45:00,68.342
05-15-2026 07:00:00,116.056
05-15-2026 07:15:00,124.879
05-15-2026 07:30:00,108.05
05-15-2026 07:45:00,184.107
05-15-2026 08:00:00,317.877
05-15-2026 08:15:00,339.417
05-15-2026 08:30:00,337.202
05-15-2026 08:45:00,279.436
05-15-2026 09:00:00,304.687
05-15-2026 09:15:00,251.514
05-15-2026 09:30:00,314.403
05-15-2026 09:45:00,390.098
05-15-2026 10:00:00,475.798
05-15-2026 10:15:00,558.39
05-15-2026 10:30:00,368.997
05-15-2026 10:45:00,537.32
05-15-2026 11:00:00,591.289
05-15-2026 11:15:00,274.916
05-15-2026 11:30:00,301.919
05-15-2026 11:45:00,298.765
05-15-2026 12:00:00,456.162
05-15-2026 12:15:00,649.101
05-15-2026 12:30:00,456.737
05-15-2026 12:45:00,730.681
05-15-2026 13:00:00,162.044
05-15-2026 13:15:00,146.285
05-15-2026 13:30:00,165.503
05-15-2026 13:45:00,100.749
05-15-2026 14:00:00,60.838
05-15-2026 14:15:00,47.763
05-15-2026 14:30:00,13.104
05-15-2026 14:45:00,6.115
05-15-2026 15:00:00,10.319
05-15-2026 15:15:00,7.7
05-15-2026 15:30:00,4.793
05-15-2026 15:45:00,3.533
05-15-2026 16:00:00,2.363
05-15-2026 16:15:00,""
05-15-2026 16:30:00,5.795
05-15-2026 16:45:00,13.1
05-15-2026 17:00:00,6.726
05-15-2026 17:15:00,11.785
05-15-2026 17:30:00,13.027
05-15-2026 17:45:00,1.651
05-15-2026 18:00:00,2.664
05-15-2026 18:15:00,2.858
05-15-2026 18:30:00,0.609
05-15-2026 18:45:00,0.011
05-15-2026 19:00:00,-0.072
05-15-2026 19:15:00,-0.094
05-15-2026 19:30:00,-0.092
05-15-2026 19:45:00,-0.1
05-15-2026 20:00:00,-0.095
05-15-2026 20:15:00,-0.096
05-15-2026 20:30:00,-0.101
05-15-2026 20:45:00,-0.093
05-15-2026 21:00:00,-0.099
05-15-2026 21:15:00,-0.1
05-15-2026 21:30:00,-0.094
05-15-2026 21:45:00,-0.098
05-15-2026 22:00:00,-0.087
05-15-2026 22:15:00,-0.095
05-15-2026 22:30:00,-0.095
05-15-2026 22:45:00,-0.091
05-15-2026 23:00:00,-0.092
05-15-2026 23:15:00,-0.095
05-15-2026 23:30:00,-0.1
05-15-2026 23:45:00,-0.101
05-16-2026 00:00:00,-0.091
05-16-2026 00:15:00,-0.087
05-16-2026 00:30:00,-0.094
05-16-2026 00:45:00,-0.092
05-16-2026 01:00:00,-0.089
05-16-2026 01:15:00,-0.094
05-16-2026 01:30:00,-0.092
05-16-2026 01:45:00,-0.086
05-16-2026 02:00:00,-0.085
05-16-2026 02:15:00,-0.092
05-16-2026 02:30:00,-0.095
05-16-2026 02:45:00,-0.095
05-16-2026 03:00:00,-0.093
05-16-2026 03:15:00,-0.087
05-16-2026 03:30:00,-0.086
05-16-2026 03:45:00,-0.088
05-16-2026 04:00:00,-0.088
05-16-2026 04:15:00,-0.089
05-16-2026 04:30:00,-0.093
05-16-2026 04:45:00,-0.091
05-16-2026 05:00:00,-0.091
05-16-2026 05:15:00,-0.091
05-16-2026 05:30:00,-0.07
05-16-2026 05:45:00,2.055
05-16-2026 06:00:00,6.721
05-16-2026 06:15:00,20.711
05-16-2026 06:30:00,33.729
05-16-2026 06:45:00,62.999
05-16-2026 07:00:00,95.476
05-16-2026 07:15:00,129.018
05-16-2026 07:30:00,193.868
05-16-2026 07:45:00,260.544
05-16-2026 08:00:00,311.697
05-16-2026 08:15:00,371.642
05-16-2026 08:30:00,450.133
05-16-2026 08:45:00,523.306
05-16-2026 09:00:00,553.545
05-16-2026 09:15:00,560.612
05-16-2026 09:30:00,515.598
05-16-2026 09:45:00,374.774
05-16-2026 10:00:00,275.851
05-16-2026 10:15:00,329.489
05-16-2026 10:30:00,423.816
05-16-2026 10:45:00,576.411
05-16-2026 11:00:00,731.387
05-16-2026 11:15:00,725.74
05-16-2026 11:30:00,727.926
05-16-2026 11:45:00,735.516
05-16-2026 12:00:00,743.73
05-16-2026 12:15:00,755.102
05-16-2026 12:30:00,766.692
05-16-2026 12:45:00,766.58
05-16-2026 13:00:00,754.941
05-16-2026 13:15:00,790.913
05-16-2026 13:30:00,808.633
05-16-2026 13:45:00,747.407
05-16-2026 14:00:00,""
05-16-2026 14:15:00,699.229
05-16-2026 14:30:00,682.169
05-16-2026 14:45:00,657.244
05-16-2026 15:00:00,650.392
05-16-2026 15:15:00,595.993
05-16-2026 15:30:00,534.626
05-16-2026 15:45:00,500.701
05-16-2026 16:00:00,464.766
05-16-2026 16:15:00,422.827
05-16-2026 16:30:00,377.325
05-16-2026 16:45:00,307.523
05-16-2026 17:00:00,228.89
05-16-2026 17:15:00,237.937
05-16-2026 17:30:00,184.995
05-16-2026 17:45:00,129.487
05-16-2026 18:00:00,""
05-16-2026 18:15:00,41.711
05-16-2026 18:30:00,21.463
05-16-2026 18:45:00,13.497
05-16-2026 19:00:00,""
05-16-2026 19:15:00,-0.103
05-16-2026 19:30:00,-0.093
05-16-2026 19:45:00,-0.094
05-16-2026 20:00:00,-0.092
05-16-2026 20:15:00,-0.089
05-16-2026 20:30:00,-0.09
05-16-2026 20:45:00,-0.098
05-16-2026 21:00:00,-0.1
05-16-2026 21:15:00,-0.094
05-16-2026 21:30:00,-0.091
05-16-2026 21:45:00,-0.08
05-16-2026 22:00:00,-0.093
05-16-2026 22:15:00,-0.08
05-16-2026 22:30:00,-0.094
05-16-2026 22:45:00,-0.09
05-16-2026 23:00:00,-0.101
05-16-2026 23:15:00,-0.1
05-16-2026 23:30:00,""
05-16-2026 23:45:00,-0.087
05-17-2026 00:00:00,-0.092
05-17-2026 00:15:00,-0.088
05-17-2026 00:30:00,-0.085
05-17-2026 00:45:00,-0.093
05-17-2026 01:00:00,-0.093
05-17-2026 01:15:00,-0.086
05-17-2026 01:30:00,-0.092
05-17-2026 01:45:00,-0.088
05-17-2026 02:00:00,-0.095
05-17-2026 02:15:00,-0.095
05-17-2026 02:30:00,-0.093
05-17-2026 02:45:00,-0.087
05-17-2026 03:00:00,-0.093
05-17-2026 03:15:00,-0.088
05-17-2026 03:30:00,-0.088
05-17-2026 03:45:00,-0.091
05-17-2026 04:00:00,-0.103
05-17-2026 04:15:00,-0.098
05-17-2026 04:30:00,-0.081
05-17-2026 04:45:00,-0.074
05-17-2026 05:00:00,-0.081
05-17-2026 05:15:00,-0.086
05-17-2026 05:30:00,-0.054
05-17-2026 05:45:00,5.746
05-17-2026 06:00:00,16.39
05-17-2026 06:15:00,34.595
05-17-2026 06:30:00,64.316
05-17-2026 06:45:00,104.7
05-17-2026 07:00:00,151.093
05-17-2026 07:15:00,197.844
05-17-2026 07:30:00,247.269
05-17-2026 07:45:00,297.518
05-17-2026 08:00:00,347.627
05-17-2026 08:15:00,394.826
05-17-2026 08:30:00,440.927
05-17-2026 08:45:00,490.075
05-17-2026 09:00:00,528.495
05-17-2026 09:15:00,560.184
05-17-2026 09:30:00,598.115
05-17-2026 09:45:00,634.906
05-17-2026 10:00:00,667.697
05-17-2026 10:15:00,543.933
05-17-2026 10:30:00,459.122
05-17-2026 10:45:00,397.14
05-17-2026 11:00:00,267.471
05-17-2026 11:15:00,189.799
05-17-2026 11:30:00,452.784
05-17-2026 11:45:00,530.432
05-17-2026 12:00:00,358.16
05-17-2026 12:15:00,259.794
05-17-2026 12:30:00,211.276
05-17-2026 12:45:00,399.237
05-17-2026 13:00:00,682.553
05-17-2026 13:15:00,753.684
05-17-2026 13:30:00,714.522
05-17-2026 13:45:00,665.709
05-17-2026 14:00:00,645.617
05-17-2026 14:15:00,662.028
05-17-2026 14:30:00,616.218
05-17-2026 14:45:00,547.597
05-17-2026 15:00:00,541.557
05-17-2026 15:15:00,510.615
05-17-2026 15:30:00,456.96
05-17-2026 15:45:00,472.753
05-17-2026 16:00:00,439.926
05-17-2026 16:15:00,348.451
05-17-2026 16:30:00,308.781
05-17-2026 16:45:00,283.596
05-17-2026 17:00:00,275.203
05-17-2026 17:15:00,224.472
05-17-2026 17:30:00,125.398
05-17-2026 17:45:00,105.163
05-17-2026 18:00:00,108.667
05-17-2026 18:15:00,61.689
05-17-2026 18:30:00,29.754
05-17-2026 18:45:00,13.39
05-17-2026 19:00:00,""
05-17-2026 19:15:00,-0.094
05-17-2026 19:30:00,-0.105
05-17-2026 19:45:00,-0.094
05-17-2026 20:00:00,-0.083
05-17-2026 20:15:00,-0.088
05-17-2026 20:30:00,-0.095
05-17-2026 20:45:00,-0.099
05-17-2026 21:00:00,-0.092
05-17-2026 21:15:00,-0.085
05-17-2026 21:30:00,-0.087
05-17-2026 21:45:00,-0.094
05-17-2026 22:00:00,-0.096
05-17-2026 22:15:00,-0.095
05-17-2026 22:30:00,-0.091
05-17-2026 22:45:00,-0.084
05-17-2026 23:00:00,-0.082
05-17-2026 23:15:00,-0.087
05-17-2026 23:30:00,-0.086
05-17-2026 23:45:00,-0.092
05-18-2026 00:00:00,-0.091
05-18-2026 00:15:00,-0.087
05-18-2026 00:30:00,-0.085
05-18-2026 00:45:00,-0.087
05-18-2026 01:00:00,-0.101
05-18-2026 01:15:00,-0.095
05-18-2026 01:30:00,-0.091
05-18-2026 01:45:00,-0.091
05-18-2026 02:00:00,""
05-18-2026 02:15:00,-0.091
05-18-2026 02:30:00,-0.085
05-18-2026 02:45:00,-0.088
05-18-2026 03:00:00,-0.092
05-18-2026 03:15:00,-0.099
05-18-2026 03:30:00,-0.091
05-18-2026 03:45:00,-0.096
05-18-2026 04:00:00,-0.095
05-18-2026 04:15:00,-0.091
05-18-2026 04:30:00,-0.095
05-18-2026 04:45:00,-0.09
05-18-2026 05:00:00,-0.096
05-18-2026 05:15:00,-0.091
05-18-2026 05:30:00,-0.078
05-18-2026 05:45:00,-0.006
05-18-2026 06:00:00,""
05-18-2026 06:15:00,13.843
05-18-2026 06:30:00,18.793
05-18-2026 06:45:00,31.085
05-18-2026 07:00:00,52.026
05-18-2026 07:15:00,107.626
05-18-2026 07:30:00,153.525
05-18-2026 07:45:00,224.43
05-18-2026 08:00:00,327.196
05-18-2026 08:15:00,285.316
05-18-2026 08:30:00,447.353
05-18-2026 08:45:00,""
05-18-2026 09:00:00,231.088
05-18-2026 09:15:00,584.827
05-18-2026 09:30:00,770.846
05-18-2026 09:45:00,360.891
05-18-2026 10:00:00,298.233
05-18-2026 10:15:00,204.324
05-18-2026 10:30:00,835.934
05-18-2026 10:45:00,388.784
05-18-2026 11:00:00,317.281
05-18-2026 11:15:00,295.766
05-18-2026 11:30:00,583.636
05-18-2026 11:45:00,427.194
05-18-2026 12:00:00,824.796
05-18-2026 12:15:00,872.002
05-18-2026 12:30:00,917.749
05-18-2026 12:45:00,918.09
05-18-2026 13:00:00,643.535
05-18-2026 13:15:00,707.26
05-18-2026 13:30:00,751.164
05-18-2026 13:45:00,722.866
05-18-2026 14:00:00,696.942
05-18-2026 14:15:00,690.939
05-18-2026 14:30:00,530.305
05-18-2026 14:45:00,571.114
05-18-2026 15:00:00,551.672
05-18-2026 15:15:00,551.471
05-18-2026 15:30:00,548.446
05-18-2026 15:45:00,513.055
05-18-2026 16:00:00,485.876
05-18-2026 16:15:00,431.209
05-18-2026 16:30:00,399.077
05-18-2026 16:45:00,337.869
05-18-2026 17:00:00,291.325
05-18-2026 17:15:00,229.69
05-18-2026 17:30:00,174.194
05-18-2026 17:45:00,122.843
05-18-2026 18:00:00,78.739
05-18-2026 18:15:00,47.047
05-18-2026 18:30:00,23.266
05-18-2026 18:45:00,7.961
05-18-2026 19:00:00,1.977
05-18-2026 19:15:00,-0.078
05-18-2026 19:30:00,-0.089
05-18-2026 19:45:00,-0.092
05-18-2026 20:00:00,-0.095
05-18-2026 20:15:00,-0.096
05-18-2026 20:30:00,-0.097
05-18-2026 20:45:00,-0.097
05-18-2026 21:00:00,-0.1
05-18-2026 21:15:00,-0.097
05-18-2026 21:30:00,-0.093
05-18-2026 21:45:00,-0.09
05-18-2026 22:00:00,-0.086
05-18-2026 22:15:00,-0.087
05-18-2026 22:30:00,-0.092
05-18-2026 22:45:00,-0.096
05-18-2026 23:00:00,-0.093
05-18-2026 23:15:00,-0.089
05-18-2026 23:30:00,-0.088
05-18-2026 23:45:00,-0.087
05-19-2026 00:00:00,-0.086
05-19-2026 00:15:00,-0.085
05-19-2026 00:30:00,-0.086
05-19-2026 00:45:00,-0.091
05-19-2026 01:00:00,-0.093
05-19-2026 01:15:00,-0.091
05-19-2026 01:30:00,-0.092
05-19-2026 01:45:00,-0.095
05-19-2026 02:00:00,-0.092
05-19-2026 02:15:00,-0.091
05-19-2026 02:30:00,-0.095
05-19-2026 02:45:00,-0.09
05-19-2026 03:00:00,-0.083
05-19-2026 03:15:00,-0.085
05-19-2026 03:30:00,-0.087
05-19-2026 03:45:00,-0.089
05-19-2026 04:00:00,-0.092
05-19-2026 04:15:00,-0.088
05-19-2026 04:30:00,-0.085
05-19-2026 04:45:00,-0.085
05-19-2026 05:00:00,-0.086
05-19-2026 05:15:00,-0.09
05-19-2026 05:30:00,-0.079
05-19-2026 05:45:00,0.951
05-19-2026 06:00:00,4.388
05-19-2026 06:15:00,15.134
05-19-2026 06:30:00,25.387
05-19-2026 06:45:00,36.136
05-19-2026 07:00:00,54.593
05-19-2026 07:15:00,89.058
05-19-2026 07:30:00,145.899
05-19-2026 07:45:00,182.872
05-19-2026 08:00:00,168.177
05-19-2026 08:15:00,254.397
05-19-2026 08:30:00,436.596
05-19-2026 08:45:00,488.81
05-19-2026 09:00:00,540.978
05-19-2026 09:15:00,547.068
05-19-2026 09:30:00,428.595
05-19-2026 09:45:00,375.682
05-19-2026 10:00:00,638.873
05-19-2026 10:15:00,666.043
05-19-2026 10:30:00,675.98
05-19-2026 10:45:00,548.466
05-19-2026 11:00:00,424.284
05-19-2026 11:15:00,730.412
05-19-2026 11:30:00,733.408
05-19-2026 11:45:00,733.471
05-19-2026 12:00:00,737.785
05-19-2026 12:15:00,738.822
05-19-2026 12:30:00,737.216
05-19-2026 12:45:00,742.85
05-19-2026 13:00:00,752.963
05-19-2026 13:15:00,777.906
05-19-2026 13:30:00,754.635
05-19-2026 13:45:00,771.337
05-19-2026 14:00:00,""
05-19-2026 14:15:00,741.74
05-19-2026 14:30:00,792.003
05-19-2026 14:45:00,771.021
05-19-2026 15:00:00,729.261
05-19-2026 15:15:00,585.163
05-19-2026 15:30:00,250.912
05-19-2026 15:45:00,266.854
05-19-2026 16:00:00,419.087
05-19-2026 16:15:00,281.494
05-19-2026 16:30:00,216.278
05-19-2026 16:45:00,""
05-19-2026 17:00:00,326.536
05-19-2026 17:15:00,215.473
05-19-2026 17:30:00,""
05-19-2026 17:45:00,105.194
05-19-2026 18:00:00,149.576
05-19-2026 18:15:00,""
05-19-2026 18:30:00,18.803
05-19-2026 18:45:00,2.952
05-19-2026 19:00:00,0.06
05-19-2026 19:15:00,-0.089
05-19-2026 19:30:00,-0.091
05-19-2026 19:45:00,-0.111
05-19-2026 20:00:00,-0.094
05-19-2026 20:15:00,-0.105
05-19-2026 20:30:00,-0.099
05-19-2026 20:45:00,-0.088
05-19-2026 21:00:00,-0.096
05-19-2026 21:15:00,-0.09
05-19-2026 21:30:00,-0.089
05-19-2026 21:45:00,-0.089
05-19-2026 22:00:00,-0.091
05-19-2026 22:15:00,-0.091
05-19-2026 22:30:00,-0.082
05-19-2026 22:45:00,-0.084
05-19-2026 23:00:00,-0.096
05-19-2026 23:15:00,-0.09
05-19-2026 23:30:00,-0.088
05-19-2026 23:45:00,-0.092
05-20-2026 00:00:00,-0.087
05-20-2026 00:15:00,-0.088
05-20-2026 00:30:00,-0.081
05-20-2026 00:45:00,-0.087
05-20-2026 01:00:00,-0.085
05-20-2026 01:15:00,-0.095
05-20-2026 01:30:00,-0.096
05-20-2026 01:45:00,-0.09
05-20-2026 02:00:00,-0.09
05-20-2026 02:15:00,-0.097
05-20-2026 02:30:00,-0.096
05-20-2026 02:45:00,-0.092
05-20-2026 03:00:00,-0.084
05-20-2026 03:15:00,-0.087
05-20-2026 03:30:00,-0.092
05-20-2026 03:45:00,-0.089
05-20-2026 04:00:00,-0.086
05-20-2026 04:15:00,-0.089
05-20-2026 04:30:00,-0.093
05-20-2026 04:45:00,-0.09
05-20-2026 05:00:00,-0.091
05-20-2026 05:15:00,-0.085
05-20-2026 05:30:00,-0.064
05-20-2026 05:45:00,2.322
05-20-2026 06:00:00,7.291
05-20-2026 06:15:00,""
05-20-2026 06:30:00,21.731
05-20-2026 06:45:00,34.323
05-20-2026 07:00:00,40.7
05-20-2026 07:15:00,105.857
05-20-2026 07:30:00,222.011
05-20-2026 07:45:00,266.784
05-20-2026 08:00:00,317.537
05-20-2026 08:15:00,368.642
05-20-2026 08:30:00,320.495
05-20-2026 08:45:00,371.655
05-20-2026 09:00:00,424.303
05-20-2026 09:15:00,433.109
05-20-2026 09:30:00,560.438
05-20-2026 09:45:00,665.597
05-20-2026 10:00:00,698.644
05-20-2026 10:15:00,716.776
05-20-2026 10:30:00,753.499
05-20-2026 10:45:00,812.896
05-20-2026 11:00:00,841.713
05-20-2026 11:15:00,814.418
05-20-2026 11:30:00,781.542
05-20-2026 11:45:00,720.261
05-20-2026 12:00:00,504.013
05-20-2026 12:15:00,424.935
05-20-2026 12:30:00,596.81
05-20-2026 12:45:00,598.143
05-20-2026 13:00:00,494.955
05-20-2026 13:15:00,477.199
05-20-2026 13:30:00,391.452
05-20-2026 13:45:00,276.654
05-20-2026 14:00:00,251.558
05-20-2026 14:15:00,271.018
05-20-2026 14:30:00,389.253
05-20-2026 14:45:00,572.774
05-20-2026 15:00:00,548.665
05-20-2026 15:15:00,499.614
05-20-2026 15:30:00,587.515
05-20-2026 15:45:00,404.065
05-20-2026 16:00:00,391.058
05-20-2026 16:15:00,497.852
05-20-2026 16:30:00,328.047
05-20-2026 16:45:00,144.503
05-20-2026 17:00:00,149.063
05-20-2026 17:15:00,144.413
05-20-2026 17:30:00,114.049
05-20-2026 17:45:00,91.77
05-20-2026 18:00:00,58.014
05-20-2026 18:15:00,42.023
05-20-2026 18:30:00,17.712
05-20-2026 18:45:00,9.42
05-20-2026 19:00:00,""
05-20-2026 19:15:00,-0.095
05-20-2026 19:30:00,-0.083
05-20-2026 19:45:00,-0.084
05-20-2026 20:00:00,-0.09
05-20-2026 20:15:00,-0.093
05-20-2026 20:30:00,-0.089
05-20-2026 20:45:00,-0.081
05-20-2026 21:00:00,-0.074
05-20-2026 21:15:00,-0.077
05-20-2026 21:30:00,-0.091
05-20-2026 21:45:00,-0.091
05-20-2026 22:00:00,""
05-20-2026 22:15:00,-0.097
05-20-2026 22:30:00,-0.096
05-20-2026 22:45:00,-0.093
05-20-2026 23:00:00,-0.103
05-20-2026 23:15:00,-0.098
05-20-2026 23:30:00,-0.086
05-20-2026 23:45:00,-0.086
05-21-2026 00:00:00,-0.091
05-21-2026 00:15:00,-0.092
05-21-2026 00:30:00,-0.083
05-21-2026 00:45:00,-0.093
05-21-2026 01:00:00,-0.099
05-21-2026 01:15:00,-0.086
05-21-2026 01:30:00,-0.087
05-21-2026 01:45:00,-0.085
05-21-2026 02:00:00,-0.082
05-21-2026 02:15:00,-0.095
05-21-2026 02:30:00,-0.091
05-21-2026 02:45:00,-0.095
05-21-2026 03:00:00,-0.094
05-21-2026 03:15:00,""
05-21-2026 03:30:00,-0.088
05-21-2026 03:45:00,-0.081
05-21-2026 04:00:00,-0.101
05-21-2026 04:15:00,-0.1
05-21-2026 04:30:00,-0.092
05-21-2026 04:45:00,-0.103
05-21-2026 05:00:00,-0.102
05-21-2026 05:15:00,-0.088
05-21-2026 05:30:00,-0.044
05-21-2026 05:45:00,2.553
05-21-2026 06:00:00,8.583
05-21-2026 06:15:00,16.295
05-21-2026 06:30:00,28.896
05-21-2026 06:45:00,49.691
05-21-2026 07:00:00,53.783
05-21-2026 07:15:00,198.912
05-21-2026 07:30:00,121.527
05-21-2026 07:45:00,94.427
05-21-2026 08:00:00,128.652
05-21-2026 08:15:00,126.603
05-21-2026 08:30:00,126.891
05-21-2026 08:45:00,448.177
05-21-2026 09:00:00,442.714
05-21-2026 09:15:00,249.582
05-21-2026 09:30:00,267.102
05-21-2026 09:45:00,554.062
05-21-2026 10:00:00,502.201
05-21-2026 10:15:00,430.978
05-21-2026 10:30:00,214.513
05-21-2026 10:45:00,210.106
05-21-2026 11:00:00,193.352
05-21-2026 11:15:00,556.011
05-21-2026 11:30:00,501.049
05-21-2026 11:45:00,346.738
05-21-2026 12:00:00,431.342
05-21-2026 12:15:00,420.975
05-21-2026 12:30:00,332.238
05-21-2026 12:45:00,325.041
05-21-2026 13:00:00,318.124
05-21-2026 13:15:00,284.425
05-21-2026 13:30:00,254.225
05-21-2026 13:45:00,235.19
05-21-2026 14:00:00,269.335
05-21-2026 14:15:00,""
05-21-2026 14:30:00,290.291
05-21-2026 14:45:00,244.742
05-21-2026 15:00:00,173.766
05-21-2026 15:15:00,140.057
05-21-2026 15:30:00,141.458
05-21-2026 15:45:00,118.121
05-21-2026 16:00:00,95.167
05-21-2026 16:15:00,88.663
05-21-2026 16:30:00,86.443
05-21-2026 16:45:00,77.854
05-21-2026 17:00:00,64.851
05-21-2026 17:15:00,59.911
05-21-2026 17:30:00,55.713
05-21-2026 17:45:00,45.431
05-21-2026 18:00:00,35.573
05-21-2026 18:15:00,""
05-21-2026 18:30:00,8.355
05-21-2026 18:45:00,3.969
05-21-2026 19:00:00,1.788
05-21-2026 19:15:00,-0.068
05-21-2026 19:30:00,-0.087
05-21-2026 19:45:00,-0.089
05-21-2026 20:00:00,-0.092
05-21-2026 20:15:00,-0.094
05-21-2026 20:30:00,-0.091
05-21-2026 20:45:00,-0.09
05-21-2026 21:00:00,-0.09
05-21-2026 21:15:00,-0.085
05-21-2026 21:30:00,-0.082
05-21-2026 21:45:00,-0.088
05-21-2026 22:00:00,-0.092
05-21-2026 22:15:00,-0.092
05-21-2026 22:30:00,-0.094
05-21-2026 22:45:00,-0.094
05-21-2026 23:00:00,-0.092
05-21-2026 23:15:00,-0.098
05-21-2026 23:30:00,-0.101
05-21-2026 23:45:00,-0.095
05-22-2026 00:00:00,-0.093
05-22-2026 00:15:00,-0.088
05-22-2026 00:30:00,-0.088
05-22-2026 00:45:00,-0.087
05-22-2026 01:00:00,-0.085
05-22-2026 01:15:00,-0.097
05-22-2026 01:30:00,-0.101
05-22-2026 01:45:00,-0.095
05-22-2026 02:00:00,-0.09
05-22-2026 02:15:00,-0.084
05-22-2026 02:30:00,-0.09
05-22-2026 02:45:00,-0.094
05-22-2026 03:00:00,-0.088
05-22-2026 03:15:00,-0.088
05-22-2026 03:30:00,-0.091
05-22-2026 03:45:00,-0.089
05-22-2026 04:00:00,-0.088
05-22-2026 04:15:00,-0.091
05-22-2026 04:30:00,-0.088
05-22-2026 04:45:00,-0.081
05-22-2026 05:00:00,-0.081
05-22-2026 05:15:00,-0.088
05-22-2026 05:30:00,-0.079
05-22-2026 05:45:00,0.202
05-22-2026 06:00:00,3.414
05-22-2026 06:15:00,16.133
05-22-2026 06:30:00,30.149
05-22-2026 06:45:00,41.631
05-22-2026 07:00:00,54.363
05-22-2026 07:15:00,57.618
05-22-2026 07:30:00,92.346
05-22-2026 07:45:00,131.216
05-22-2026 08:00:00,113.074
05-22-2026 08:15:00,100.477
05-22-2026 08:30:00,132.978
05-22-2026 08:45:00,139.752
05-22-2026 09:00:00,118.856
05-22-2026 09:15:00,173.822
05-22-2026 09:30:00,397.938
05-22-2026 09:45:00,561.826
05-22-2026 10:00:00,389.833
05-22-2026 10:15:00,216.826
05-22-2026 10:30:00,""
05-22-2026 10:45:00,260.557
05-22-2026 11:00:00,301.143
05-22-2026 11:15:00,424.433
05-22-2026 11:30:00,349.446
05-22-2026 11:45:00,279.787
05-22-2026 12:00:00,315.337
05-22-2026 12:15:00,277.454
05-22-2026 12:30:00,352.848
05-22-2026 12:45:00,362.662
05-22-2026 13:00:00,321.479
05-22-2026 13:15:00,480.534
05-22-2026 13:30:00,779.339
05-22-2026 13:45:00,558.989
05-22-2026 14:00:00,377.228
05-22-2026 14:15:00,299.265
05-22-2026 14:30:00,228.712
05-22-2026 14:45:00,195.464
05-22-2026 15:00:00,180.688
05-22-2026 15:15:00,189.541
05-22-2026 15:30:00,186.571
05-22-2026 15:45:00,175.695
05-22-2026 16:00:00,136.97
05-22-2026 16:15:00,176.306
05-22-2026 16:30:00,131.949
05-22-2026 16:45:00,97.79
05-22-2026 17:00:00,88.77
05-22-2026 17:15:00,82.442
05-22-2026 17:30:00,57.856
05-22-2026 17:45:00,68.891
05-22-2026 18:00:00,58.415
05-22-2026 18:15:00,46.695
05-22-2026 18:30:00,9.999
05-22-2026 18:45:00,3.527
05-22-2026 19:00:00,0.878
05-22-2026 19:15:00,-0.092
05-22-2026 19:30:00,-0.096
05-22-2026 19:45:00,-0.086
05-22-2026 20:00:00,-0.094
05-22-2026 20:15:00,-0.098
05-22-2026 20:30:00,-0.087
05-22-2026 20:45:00,-0.088
05-22-2026 21:00:00,-0.087
05-22-2026 21:15:00,-0.084
05-22-2026 21:30:00,-0.092
05-22-2026 21:45:00,-0.093
05-22-2026 22:00:00,-0.089
05-22-2026 22:15:00,""
05-22-2026 22:30:00,-0.1
05-22-2026 22:45:00,-0.096
05-22-2026 23:00:00,-0.084
05-22-2026 23:15:00,-0.08
05-22-2026 23:30:00,-0.088
05-22-2026 23:45:00,-0.094
05-23-2026 00:00:00,-0.09
05-23-2026 00:15:00,-0.09
05-23-2026 00:30:00,-0.093
05-23-2026 00:45:00,-0.091
05-23-2026 01:00:00,-0.088
05-23-2026 01:15:00,-0.086
05-23-2026 01:30:00,-0.085
05-23-2026 01:45:00,-0.086
05-23-2026 02:00:00,-0.089
05-23-2026 02:15:00,""
05-23-2026 02:30:00,-0.09
05-23-2026 02:45:00,-0.094
05-23-2026 03:00:00,-0.089
05-23-2026 03:15:00,-0.087
05-23-2026 03:30:00,-0.094
05-23-2026 03:45:00,-0.099
05-23-2026 04:00:00,-0.093
05-23-2026 04:15:00,-0.088
05-23-2026 04:30:00,-0.09
05-23-2026 04:45:00,-0.087
05-23-2026 05:00:00,-0.082
05-23-2026 05:15:00,-0.078
05-23-2026 05:30:00,-0.066
05-23-2026 05:45:00,0.881
05-23-2026 06:00:00,6.791
05-23-2026 06:15:00,20.038
05-23-2026 06:30:00,34.903
05-23-2026 06:45:00,45.91
05-23-2026 07:00:00,55.043
05-23-2026 07:15:00,71.236
05-23-2026 07:30:00,98.166
05-23-2026 07:45:00,133.116
05-23-2026 08:00:00,202.59
05-23-2026 08:15:00,252.84
05-23-2026 08:30:00,222.352
05-23-2026 08:45:00,200.784
05-23-2026 09:00:00,209.636
05-23-2026 09:15:00,271.011
05-23-2026 09:30:00,375.194
05-23-2026 09:45:00,530.283
05-23-2026 10:00:00,473.249
05-23-2026 10:15:00,426.833
05-23-2026 10:30:00,395.724
05-23-2026 10:45:00,593.725
05-23-2026 11:00:00,549.875
05-23-2026 11:15:00,546.092
05-23-2026 11:30:00,708.863
05-23-2026 11:45:00,476.307
05-23-2026 12:00:00,544.901
05-23-2026 12:15:00,594.409
05-23-2026 12:30:00,806.006
05-23-2026 12:45:00,796.156
05-23-2026 13:00:00,817.976
05-23-2026 13:15:00,874.018
05-23-2026 13:30:00,882.998
05-23-2026 13:45:00,827.281
05-23-2026 14:00:00,797.597
05-23-2026 14:15:00,482.383
05-23-2026 14:30:00,432.509
05-23-2026 14:45:00,254.844
05-23-2026 15:00:00,""
05-23-2026 15:15:00,422.263
05-23-2026 15:30:00,202.562
05-23-2026 15:45:00,170.318
05-23-2026 16:00:00,194.559
05-23-2026 16:15:00,184.076
05-23-2026 16:30:00,109.692
05-23-2026 16:45:00,185.622
05-23-2026 17:00:00,128.04
05-23-2026 17:15:00,""
05-23-2026 17:30:00,74.2
05-23-2026 17:45:00,87.731
05-23-2026 18:00:00,52.505
05-23-2026 18:15:00,35.005
05-23-2026 18:30:00,12.455
05-23-2026 18:45:00,1.779
05-23-2026 19:00:00,0.099
05-23-2026 19:15:00,-0.064
05-23-2026 19:30:00,-0.097
05-23-2026 19:45:00,-0.095
05-23-2026 20:00:00,-0.092
05-23-2026 20:15:00,-0.087
05-23-2026 20:30:00,-0.087
05-23-2026 20:45:00,-0.088
05-23-2026 21:00:00,-0.083
05-23-2026 21:15:00,-0.083
05-23-2026 21:30:00,-0.083
05-23-2026 21:45:00,-0.088
05-23-2026 22:00:00,-0.095
05-23-2026 22:15:00,-0.095
05-23-2026 22:30:00,-0.092
05-23-2026 22:45:00,-0.093
05-23-2026 23:00:00,-0.094
05-23-2026 23:15:00,-0.091
05-23-2026 23:30:00,-0.094
05-23-2026 23:45:00,-0.099
05-24-2026 00:00:00,-0.096
05-24-2026 00:15:00,-0.097
05-24-2026 00:30:00,-0.089
05-24-2026 00:45:00,-0.087
05-24-2026 01:00:00,-0.093
05-24-2026 01:15:00,-0.095
05-24-2026 01:30:00,-0.09
05-24-2026 01:45:00,-0.091
05-24-2026 02:00:00,-0.093
05-24-2026 02:15:00,-0.093
05-24-2026 02:30:00,-0.092
05-24-2026 02:45:00,-0.095
05-24-2026 03:00:00,-0.094
05-24-2026 03:15:00,-0.092
05-24-2026 03:30:00,-0.097
05-24-2026 03:45:00,-0.098
05-24-2026 04:00:00,-0.097
05-24-2026 04:15:00,-0.092
05-24-2026 04:30:00,-0.09
05-24-2026 04:45:00,-0.091
05-24-2026 05:00:00,-0.094
05-24-2026 05:15:00,-0.094
05-24-2026 05:30:00,-0.069
05-24-2026 05:45:00,1.659
05-24-2026 06:00:00,7.428
05-24-2026 06:15:00,""
05-24-2026 06:30:00,32.743
05-24-2026 06:45:00,52.016
05-24-2026 07:00:00,72.25
05-24-2026 07:15:00,78.727
05-24-2026 07:30:00,119.77
05-24-2026 07:45:00,156.157
05-24-2026 08:00:00,124.758
05-24-2026 08:15:00,109.832
05-24-2026 08:30:00,219.526
05-24-2026 08:45:00,372.564
05-24-2026 09:00:00,342.029
05-24-2026 09:15:00,218.135
05-24-2026 09:30:00,193.225
05-24-2026 09:45:00,226.082
05-24-2026 10:00:00,278.349
05-24-2026 10:15:00,""
05-24-2026 10:30:00,403.542
05-24-2026 10:45:00,485.292
05-24-2026 11:00:00,544.592
05-24-2026 11:15:00,532.052
05-24-2026 11:30:00,497.198
05-24-2026 11:45:00,632.012
05-24-2026 12:00:00,462.981
05-24-2026 12:15:00,330.9
05-24-2026 12:30:00,627.687
05-24-2026 12:45:00,862.793
05-24-2026 13:00:00,753.145
05-24-2026 13:15:00,746.29
05-24-2026 13:30:00,844.342
05-24-2026 13:45:00,805.186
05-24-2026 14:00:00,821.871
05-24-2026 14:15:00,774.208
05-24-2026 14:30:00,560.43
05-24-2026 14:45:00,429.144
05-24-2026 15:00:00,475.45
05-24-2026 15:15:00,164.795
05-24-2026 15:30:00,234.817
05-24-2026 15:45:00,295.545
05-24-2026 16:00:00,482.739
05-24-2026 16:15:00,615.927
05-24-2026 16:30:00,378.08
05-24-2026 16:45:00,111.732
05-24-2026 17:00:00,97.31
05-24-2026 17:15:00,92.03
05-24-2026 17:30:00,126.949
05-24-2026 17:45:00,94.682
05-24-2026 18:00:00,118.341
05-24-2026 18:15:00,75.913
05-24-2026 18:30:00,51.156
05-24-2026 18:45:00,22.274
05-24-2026 19:00:00,""
05-24-2026 19:15:00,-0.083
05-24-2026 19:30:00,-0.08
05-24-2026 19:45:00,-0.094
05-24-2026 20:00:00,-0.098
05-24-2026 20:15:00,-0.104
05-24-2026 20:30:00,-0.095
05-24-2026 20:45:00,-0.086
05-24-2026 21:00:00,-0.099
05-24-2026 21:15:00,-0.089
05-24-2026 21:30:00,-0.088
05-24-2026 21:45:00,-0.096
05-24-2026 22:00:00,-0.088
05-24-2026 22:15:00,-0.097
05-24-2026 22:30:00,-0.097
05-24-2026 22:45:00,-0.095
05-24-2026 23:00:00,-0.101
05-24-2026 23:15:00,-0.083
05-24-2026 23:30:00,-0.102
05-24-2026 23:45:00,""
05-25-2026 00:00:00,-0.102
05-25-2026 00:15:00,-0.089
05-25-2026 00:30:00,-0.087
05-25-2026 00:45:00,-0.094
05-25-2026 01:00:00,-0.095
05-25-2026 01:15:00,-0.1
05-25-2026 01:30:00,-0.091
05-25-2026 01:45:00,-0.08
05-25-2026 02:00:00,-0.088
05-25-2026 02:15:00,-0.094
05-25-2026 02:30:00,-0.101
05-25-2026 02:45:00,-0.087
05-25-2026 03:00:00,-0.092
05-25-2026 03:15:00,-0.088
05-25-2026 03:30:00,-0.086
05-25-2026 03:45:00,-0.086
05-25-2026 04:00:00,-0.092
05-25-2026 04:15:00,-0.091
05-25-2026 04:30:00,-0.087
05-25-2026 04:45:00,-0.086
05-25-2026 05:00:00,-0.089
05-25-2026 05:15:00,-0.079
05-25-2026 05:30:00,-0.054
05-25-2026 05:45:00,3.292
05-25-2026 06:00:00,7.453
05-25-2026 06:15:00,21.028
05-25-2026 06:30:00,27.442
05-25-2026 06:45:00,28.201
05-25-2026 07:00:00,34.343
05-25-2026 07:15:00,49.146
05-25-2026 07:30:00,109.235
05-25-2026 07:45:00,127.263
05-25-2026 08:00:00,282.563
05-25-2026 08:15:00,236.672
05-25-2026 08:30:00,124.59
05-25-2026 08:45:00,110.979
05-25-2026 09:00:00,157.516
05-25-2026 09:15:00,396.237
05-25-2026 09:30:00,423.923
05-25-2026 09:45:00,498.076
05-25-2026 10:00:00,673.579
05-25-2026 10:15:00,723.161
05-25-2026 10:30:00,359.121
05-25-2026 10:45:00,411.664
05-25-2026 11:00:00,641.982
05-25-2026 11:15:00,724.293
05-25-2026 11:30:00,766.626
05-25-2026 11:45:00,789.251
05-25-2026 12:00:00,789.176
05-25-2026 12:15:00,782.955
05-25-2026 12:30:00,783.336
05-25-2026 12:45:00,786.15
05-25-2026 13:00:00,763.656
05-25-2026 13:15:00,738.438
05-25-2026 13:30:00,743.245
05-25-2026 13:45:00,722.221
05-25-2026 14:00:00,669.308
05-25-2026 14:15:00,664.599
05-25-2026 14:30:00,665.208
05-25-2026 14:45:00,629.615
05-25-2026 15:00:00,620.423
05-25-2026 15:15:00,600.614
05-25-2026 15:30:00,534.608
05-25-2026 15:45:00,480.719
05-25-2026 16:00:00,447.307
05-25-2026 16:15:00,368.466
05-25-2026 16:30:00,271.335
05-25-2026 16:45:00,292.616
05-25-2026 17:00:00,325.85
05-25-2026 17:15:00,260.648
05-25-2026 17:30:00,199.886
05-25-2026 17:45:00,145.862
05-25-2026 18:00:00,117.841
05-25-2026 18:15:00,""
05-25-2026 18:30:00,34.241
05-25-2026 18:45:00,18.643
05-25-2026 19:00:00,""
05-25-2026 19:15:00,-0.057
05-25-2026 19:30:00,-0.086
05-25-2026 19:45:00,-0.09
05-25-2026 20:00:00,-0.095
05-25-2026 20:15:00,-0.1
05-25-2026 20:30:00,-0.099
05-25-2026 20:45:00,-0.095
05-25-2026 21:00:00,-0.096
05-25-2026 21:15:00,-0.097
05-25-2026 21:30:00,-0.094
05-25-2026 21:45:00,-0.088
05-25-2026 22:00:00,-0.094
05-25-2026 22:15:00,-0.098
05-25-2026 22:30:00,-0.101
05-25-2026 22:45:00,-0.09
05-25-2026 23:00:00,-0.088
05-25-2026 23:15:00,-0.093
05-25-2026 23:30:00,-0.095
05-25-2026 23:45:00,-0.103
05-26-2026 00:00:00,-0.09
05-26-2026 00:15:00,-0.09
05-26-2026 00:30:00,-0.09
05-26-2026 00:45:00,-0.092
05-26-2026 01:00:00,-0.103
05-26-2026 01:15:00,-0.089
05-26-2026 01:30:00,-0.084
05-26-2026 01:45:00,-0.098
05-26-2026 02:00:00,-0.096
05-26-2026 02:15:00,-0.108
05-26-2026 02:30:00,-0.1
05-26-2026 02:45:00,-0.095
05-26-2026 03:00:00,-0.089
05-26-2026 03:15:00,-0.098
05-26-2026 03:30:00,-0.102
05-26-2026 03:45:00,-0.101
05-26-2026 04:00:00,-0.082
05-26-2026 04:15:00,-0.089
05-26-2026 04:30:00,-0.087
05-26-2026 04:45:00,-0.081
05-26-2026 05:00:00,-0.089
05-26-2026 05:15:00,-0.086
05-26-2026 05:30:00,-0.071
05-26-2026 05:45:00,0.197
05-26-2026 06:00:00,4.329
05-26-2026 06:15:00,11.366
05-26-2026 06:30:00,18.364
05-26-2026 06:45:00,""
05-26-2026 07:00:00,50.357
05-26-2026 07:15:00,229.465
05-26-2026 07:30:00,71.716
05-26-2026 07:45:00,317.395
05-26-2026 08:00:00,345.501
05-26-2026 08:15:00,196.939
05-26-2026 08:30:00,427.254
05-26-2026 08:45:00,537.087
05-26-2026 09:00:00,574.195
05-26-2026 09:15:00,578.385
05-26-2026 09:30:00,628.013
05-26-2026 09:45:00,661.763
05-26-2026 10:00:00,621.511
05-26-2026 10:15:00,680.526
05-26-2026 10:30:00,434.925
05-26-2026 10:45:00,446.676
05-26-2026 11:00:00,684.795
05-26-2026 11:15:00,645.238
05-26-2026 11:30:00,559.067
05-26-2026 11:45:00,647.328
05-26-2026 12:00:00,719.082
05-26-2026 12:15:00,816.8
05-26-2026 12:30:00,815.133
05-26-2026 12:45:00,838.273
05-26-2026 13:00:00,743.819
05-26-2026 13:15:00,754.819
05-26-2026 13:30:00,619.017
05-26-2026 13:45:00,667
05-26-2026 14:00:00,754.647
05-26-2026 14:15:00,767.017
05-26-2026 14:30:00,488.285
05-26-2026 14:45:00,561.422
05-26-2026 15:00:00,632.919
05-26-2026 15:15:00,602.096
05-26-2026 15:30:00,551.05
05-26-2026 15:45:00,518.571
05-26-2026 16:00:00,407.679
05-26-2026 16:15:00,248.111
05-26-2026 16:30:00,272.047
05-26-2026 16:45:00,320.715
05-26-2026 17:00:00,301.949
05-26-2026 17:15:00,248.901
05-26-2026 17:30:00,161.452
05-26-2026 17:45:00,109.02
05-26-2026 18:00:00,88.651
05-26-2026 18:15:00,75.457
05-26-2026 18:30:00,32.134
05-26-2026 18:45:00,13.59
05-26-2026 19:00:00,5.419
05-26-2026 19:15:00,-0.067
05-26-2026 19:30:00,-0.085
05-26-2026 19:45:00,-0.093
05-26-2026 20:00:00,-0.093
05-26-2026 20:15:00,-0.095
05-26-2026 20:30:00,-0.091
05-26-2026 20:45:00,-0.088
05-26-2026 21:00:00,-0.09
05-26-2026 21:15:00,-0.093
05-26-2026 21:30:00,-0.094
05-26-2026 21:45:00,-0.097
05-26-2026 22:00:00,-0.099
05-26-2026 22:15:00,""
05-26-2026 22:30:00,-0.09
05-26-2026 22:45:00,-0.09
05-26-2026 23:00:00,-0.092
05-26-2026 23:15:00,-0.094
05-26-2026 23:30:00,-0.096
05-26-2026 23:45:00,-0.096
05-27-2026 00:00:00,-0.087
05-27-2026 00:15:00,-0.079
05-27-2026 00:30:00,-0.081
05-27-2026 00:45:00,-0.09
05-27-2026 01:00:00,-0.096
05-27-2026 01:15:00,-0.091
05-27-2026 01:30:00,-0.084
05-27-2026 01:45:00,-0.086
05-27-2026 02:00:00,-0.086
05-27-2026 02:15:00,""
05-27-2026 02:30:00,-0.083
05-27-2026 02:45:00,-0.082
05-27-2026 03:00:00,-0.083
05-27-2026 03:15:00,-0.086
05-27-2026 03:30:00,-0.088
05-27-2026 03:45:00,-0.086
05-27-2026 04:00:00,-0.089
05-27-2026 04:15:00,-0.097
05-27-2026 04:30:00,-0.096
05-27-2026 04:45:00,-0.091
05-27-2026 05:00:00,-0.089
05-27-2026 05:15:00,-0.08
05-27-2026 05:30:00,0.134
05-27-2026 05:45:00,1.712
05-27-2026 06:00:00,6.399
05-27-2026 06:15:00,14.77
05-27-2026 06:30:00,28.057
05-27-2026 06:45:00,36.576
05-27-2026 07:00:00,33.94
05-27-2026 07:15:00,106.383
05-27-2026 07:30:00,244.582
05-27-2026 07:45:00,292.365
05-27-2026 08:00:00,340.756
05-27-2026 08:15:00,380.952
05-27-2026 08:30:00,324.86
05-27-2026 08:45:00,143.359
05-27-2026 09:00:00,225.188
05-27-2026 09:15:00,294.901
05-27-2026 09:30:00,276.652
05-27-2026 09:45:00,365.521
05-27-2026 10:00:00,759.744
05-27-2026 10:15:00,450.796
05-27-2026 10:30:00,722.592
05-27-2026 10:45:00,686.625
05-27-2026 11:00:00,364.018
05-27-2026 11:15:00,558.278
05-27-2026 11:30:00,320.95
05-27-2026 11:45:00,502.655
05-27-2026 12:00:00,805.352
05-27-2026 12:15:00,326.726
05-27-2026 12:30:00,720.116
05-27-2026 12:45:00,294.285
05-27-2026 13:00:00,286.185
05-27-2026 13:15:00,761.128
05-27-2026 13:30:00,233.402
05-27-2026 13:45:00,766.569
05-27-2026 14:00:00,750.144
05-27-2026 14:15:00,306.951
05-27-2026 14:30:00,768.143
05-27-2026 14:45:00,""
05-27-2026 15:00:00,627.54
05-27-2026 15:15:00,593.672
05-27-2026 15:30:00,564.449
05-27-2026 15:45:00,546.753
05-27-2026 16:00:00,479.671
05-27-2026 16:15:00,449.688
05-27-2026 16:30:00,418.869
05-27-2026 16:45:00,356.685
05-27-2026 17:00:00,198.493
05-27-2026 17:15:00,230.647
05-27-2026 17:30:00,184.433
05-27-2026 17:45:00,128.829
05-27-2026 18:00:00,82.259
05-27-2026 18:15:00,46.478
05-27-2026 18:30:00,21.648
05-27-2026 18:45:00,6.964
05-27-2026 19:00:00,1.447
05-27-2026 19:15:00,0.005
05-27-2026 19:30:00,-0.09
05-27-2026 19:45:00,-0.091
05-27-2026 20:00:00,-0.096
05-27-2026 20:15:00,-0.087
05-27-2026 20:30:00,-0.085
05-27-2026 20:45:00,-0.093
05-27-2026 21:00:00,-0.094
05-27-2026 21:15:00,-0.092
05-27-2026 21:30:00,-0.095
05-27-2026 21:45:00,-0.092
05-27-2026 22:00:00,-0.094
05-27-2026 22:15:00,-0.093
05-27-2026 22:30:00,-0.087
05-27-2026 22:45:00,-0.085
05-27-2026 23:00:00,-0.095
05-27-2026 23:15:00,-0.091
05-27-2026 23:30:00,-0.086
05-27-2026 23:45:00,-0.085
05-28-2026 00:00:00,-0.091
05-28-2026 00:15:00,-0.105
05-28-2026 00:30:00,-0.1
05-28-2026 00:45:00,-0.092
05-28-2026 01:00:00,-0.099
05-28-2026 01:15:00,-0.097
05-28-2026 01:30:00,-0.093
05-28-2026 01:45:00,-0.091
05-28-2026 02:00:00,-0.092
05-28-2026 02:15:00,-0.095
05-28-2026 02:30:00,-0.093
05-28-2026 02:45:00,-0.093
05-28-2026 03:00:00,-0.094
05-28-2026 03:15:00,-0.09
05-28-2026 03:30:00,-0.087
05-28-2026 03:45:00,-0.088
05-28-2026 04:00:00,-0.091
05-28-2026 04:15:00,-0.092
05-28-2026 04:30:00,-0.096
05-28-2026 04:45:00,-0.097
05-28-2026 05:00:00,-0.092
05-28-2026 05:15:00,-0.084
05-28-2026 05:30:00,-0.065
05-28-2026 05:45:00,0.158
05-28-2026 06:00:00,2.847
05-28-2026 06:15:00,13.423
05-28-2026 06:30:00,41.717
05-28-2026 06:45:00,92.13
05-28-2026 07:00:00,118.45
05-28-2026 07:15:00,133.005
05-28-2026 07:30:00,223.363
05-28-2026 07:45:00,319.153
05-28-2026 08:00:00,354.411
05-28-2026 08:15:00,376.661
05-28-2026 08:30:00,379.865
05-28-2026 08:45:00,393.37
05-28-2026 09:00:00,386.367
05-28-2026 09:15:00,340.88
05-28-2026 09:30:00,410.072
05-28-2026 09:45:00,609.034
05-28-2026 10:00:00,739.75
05-28-2026 10:15:00,""
05-28-2026 10:30:00,700.7
05-28-2026 10:45:00,631.039
05-28-2026 11:00:00,503.885
05-28-2026 11:15:00,494.865
05-28-2026 11:30:00,752.753
05-28-2026 11:45:00,761.948
05-28-2026 12:00:00,766.854
05-28-2026 12:15:00,782.053
05-28-2026 12:30:00,797.881
05-28-2026 12:45:00,815.349
05-28-2026 13:00:00,821.561
05-28-2026 13:15:00,723.292
05-28-2026 13:30:00,660.768
05-28-2026 13:45:00,706.722
05-28-2026 14:00:00,545.276
05-28-2026 14:15:00,""
05-28-2026 14:30:00,404.927
05-28-2026 14:45:00,346.663
05-28-2026 15:00:00,410.678
05-28-2026 15:15:00,563.579
05-28-2026 15:30:00,336.247
05-28-2026 15:45:00,477.699
05-28-2026 16:00:00,221.266
05-28-2026 16:15:00,207.136
05-28-2026 16:30:00,401.716
05-28-2026 16:45:00,405.053
05-28-2026 17:00:00,336.263
05-28-2026 17:15:00,156.027
05-28-2026 17:30:00,229.454
05-28-2026 17:45:00,176.342
05-28-2026 18:00:00,125.928
05-28-2026 18:15:00,""
05-28-2026 18:30:00,26.231
05-28-2026 18:45:00,19.083
05-28-2026 19:00:00,""
05-28-2026 19:15:00,-0.088
05-28-2026 19:30:00,-0.083
05-28-2026 19:45:00,-0.091
05-28-2026 20:00:00,-0.095
05-28-2026 20:15:00,-0.094
05-28-2026 20:30:00,-0.09
05-28-2026 20:45:00,""
05-28-2026 21:00:00,-0.087
05-28-2026 21:15:00,-0.097
05-28-2026 21:30:00,-0.09
05-28-2026 21:45:00,-0.079
05-28-2026 22:00:00,-0.077
05-28-2026 22:15:00,-0.084
05-28-2026 22:30:00,-0.087
05-28-2026 22:45:00,-0.095
05-28-2026 23:00:00,-0.083
05-28-2026 23:15:00,-0.09
05-28-2026 23:30:00,-0.094
05-28-2026 23:45:00,-0.098
05-29-2026 00:00:00,-0.089
05-29-2026 00:15:00,-0.087
05-29-2026 00:30:00,-0.09
05-29-2026 00:45:00,-0.096
05-29-2026 01:00:00,-0.093
05-29-2026 01:15:00,-0.096
05-29-2026 01:30:00,-0.092
05-29-2026 01:45:00,-0.088
05-29-2026 02:00:00,-0.099
05-29-2026 02:15:00,-0.095
05-29-2026 02:30:00,-0.086
05-29-2026 02:45:00,-0.089
05-29-2026 03:00:00,-0.093
05-29-2026 03:15:00,-0.089
05-29-2026 03:30:00,-0.088
05-29-2026 03:45:00,-0.087
05-29-2026 04:00:00,-0.081
05-29-2026 04:15:00,-0.076
05-29-2026 04:30:00,-0.077
05-29-2026 04:45:00,-0.085
05-29-2026 05:00:00,-0.085
05-29-2026 05:15:00,-0.079
05-29-2026 05:30:00,-0.057
05-29-2026 05:45:00,2.428
05-29-2026 06:00:00,7.754
05-29-2026 06:15:00,24.307
05-29-2026 06:30:00,29.287
05-29-2026 06:45:00,46.255
05-29-2026 07:00:00,79.938
05-29-2026 07:15:00,98.368
05-29-2026 07:30:00,77.144
05-29-2026 07:45:00,89.186
05-29-2026 08:00:00,147.079
05-29-2026 08:15:00,171.968
05-29-2026 08:30:00,305.562
05-29-2026 08:45:00,386.566
05-29-2026 09:00:00,460.073
05-29-2026 09:15:00,568.453
05-29-2026 09:30:00,623.441
05-29-2026 09:45:00,672.673
05-29-2026 10:00:00,606.111
05-29-2026 10:15:00,539.248
05-29-2026 10:30:00,666.383
05-29-2026 10:45:00,815.103
05-29-2026 11:00:00,857.595
05-29-2026 11:15:00,854.391
05-29-2026 11:30:00,838.346
05-29-2026 11:45:00,701.791
05-29-2026 12:00:00,607.298
05-29-2026 12:15:00,696.918
05-29-2026 12:30:00,691.713
05-29-2026 12:45:00,609.936
05-29-2026 13:00:00,661.227
05-29-2026 13:15:00,669.046
05-29-2026 13:30:00,580.626
05-29-2026 13:45:00,513.491
05-29-2026 14:00:00,531.865
05-29-2026 14:15:00,642.639
05-29-2026 14:30:00,669.557
05-29-2026 14:45:00,645.248
05-29-2026 15:00:00,661.657
05-29-2026 15:15:00,616.837
05-29-2026 15:30:00,555.469
05-29-2026 15:45:00,515.602
05-29-2026 16:00:00,374.327
05-29-2026 16:15:00,194.622
05-29-2026 16:30:00,155.53
05-29-2026 16:45:00,154.392
05-29-2026 17:00:00,164.376
05-29-2026 17:15:00,198.005
05-29-2026 17:30:00,162.388
05-29-2026 17:45:00,79.627
05-29-2026 18:00:00,83.633
05-29-2026 18:15:00,""
05-29-2026 18:30:00,28.312
05-29-2026 18:45:00,13.401
05-29-2026 19:00:00,""
05-29-2026 19:15:00,-0.063
05-29-2026 19:30:00,-0.086
05-29-2026 19:45:00,-0.095
05-29-2026 20:00:00,-0.099
05-29-2026 20:15:00,-0.091
05-29-2026 20:30:00,-0.09
05-29-2026 20:45:00,-0.097
05-29-2026 21:00:00,-0.102
05-29-2026 21:15:00,-0.092
05-29-2026 21:30:00,-0.09
05-29-2026 21:45:00,-0.089
05-29-2026 22:00:00,-0.09
05-29-2026 22:15:00,-0.086
05-29-2026 22:30:00,-0.09
05-29-2026 22:45:00,-0.095
05-29-2026 23:00:00,-0.091
05-29-2026 23:15:00,-0.096
05-29-2026 23:30:00,-0.094
05-29-2026 23:45:00,-0.095
05-30-2026 00:00:00,-0.106
05-30-2026 00:15:00,-0.089
05-30-2026 00:30:00,-0.092
05-30-2026 00:45:00,-0.092
05-30-2026 01:00:00,-0.089
05-30-2026 01:15:00,-0.091
05-30-2026 01:30:00,-0.1
05-30-2026 01:45:00,-0.089
05-30-2026 02:00:00,-0.088
05-30-2026 02:15:00,""
05-30-2026 02:30:00,-0.088
05-30-2026 02:45:00,-0.078
05-30-2026 03:00:00,-0.089
05-30-2026 03:15:00,-0.102
05-30-2026 03:30:00,-0.086
05-30-2026 03:45:00,-0.086
05-30-2026 04:00:00,-0.09
05-30-2026 04:15:00,-0.081
05-30-2026 04:30:00,-0.1
05-30-2026 04:45:00,-0.085
05-30-2026 05:00:00,-0.082
05-30-2026 05:15:00,-0.084
05-30-2026 05:30:00,-0.084
05-30-2026 05:45:00,0.022
05-30-2026 06:00:00,""
05-30-2026 06:15:00,20.905
05-30-2026 06:30:00,21.534
05-30-2026 06:45:00,29.685
05-30-2026 07:00:00,167.084
05-30-2026 07:15:00,72.647
05-30-2026 07:30:00,262.515
05-30-2026 07:45:00,330.287
05-30-2026 08:00:00,372.058
05-30-2026 08:15:00,390.079
05-30-2026 08:30:00,330.684
05-30-2026 08:45:00,481.548
05-30-2026 09:00:00,583.264
05-30-2026 09:15:00,393.15
05-30-2026 09:30:00,557.634
05-30-2026 09:45:00,559.035
05-30-2026 10:00:00,344.626
05-30-2026 10:15:00,345.353
05-30-2026 10:30:00,246.25
05-30-2026 10:45:00,518.373
05-30-2026 11:00:00,733.557
05-30-2026 11:15:00,705.04
05-30-2026 11:30:00,378.717
05-30-2026 11:45:00,359.374
05-30-2026 12:00:00,600.317
05-30-2026 12:15:00,598.963
05-30-2026 12:30:00,594.359
05-30-2026 12:45:00,807.777
05-30-2026 13:00:00,737.716
05-30-2026 13:15:00,719.226
05-30-2026 13:30:00,732.248
05-30-2026 13:45:00,689.957
05-30-2026 14:00:00,558.087
05-30-2026 14:15:00,596.932
05-30-2026 14:30:00,651.606
05-30-2026 14:45:00,637.422
05-30-2026 15:00:00,607.824
05-30-2026 15:15:00,575.189
05-30-2026 15:30:00,540.799
05-30-2026 15:45:00,504.287
05-30-2026 16:00:00,465.696
05-30-2026 16:15:00,424.627
05-30-2026 16:30:00,380.606
05-30-2026 16:45:00,328.432
05-30-2026 17:00:00,291.712
05-30-2026 17:15:00,245.83
05-30-2026 17:30:00,191.197
05-30-2026 17:45:00,139.465
05-30-2026 18:00:00,97.06
05-30-2026 18:15:00,67.887
05-30-2026 18:30:00,30.028
05-30-2026 18:45:00,10.653
05-30-2026 19:00:00,3.713
05-30-2026 19:15:00,-0.047
05-30-2026 19:30:00,-0.076
05-30-2026 19:45:00,-0.088
05-30-2026 20:00:00,-0.091
05-30-2026 20:15:00,-0.093
05-30-2026 20:30:00,-0.09
05-30-2026 20:45:00,-0.087
05-30-2026 21:00:00,-0.086
05-30-2026 21:15:00,-0.09
05-30-2026 21:30:00,-0.093
05-30-2026 21:45:00,-0.091
05-30-2026 22:00:00,-0.095
05-30-2026 22:15:00,-0.098
05-30-2026 22:30:00,-0.094
05-30-2026 22:45:00,-0.089
05-30-2026 23:00:00,-0.089
05-30-2026 23:15:00,-0.091
05-30-2026 23:30:00,-0.093
05-30-2026 23:45:00,-0.093
05-31-2026 00:00:00,-0.091
05-31-2026 00:15:00,-0.09
05-31-2026 00:30:00,-0.093
05-31-2026 00:45:00,-0.093
05-31-2026 01:00:00,-0.09
05-31-2026 01:15:00,-0.087
05-31-2026 01:30:00,-0.087
05-31-2026 01:45:00,-0.095
05-31-2026 02:00:00,-0.097
05-31-2026 02:15:00,-0.092
05-31-2026 02:30:00,-0.086
05-31-2026 02:45:00,-0.092
05-31-2026 03:00:00,-0.095
05-31-2026 03:15:00,-0.091
05-31-2026 03:30:00,-0.088
05-31-2026 03:45:00,-0.091
05-31-2026 04:00:00,-0.093
05-31-2026 04:15:00,-0.092
05-31-2026 04:30:00,-0.089
05-31-2026 04:45:00,-0.093
05-31-2026 05:00:00,-0.095
05-31-2026 05:15:00,-0.08
05-31-2026 05:30:00,-0.058
05-31-2026 05:45:00,1.427
05-31-2026 06:00:00,10.061
05-31-2026 06:15:00,27.906
05-31-2026 06:30:00,43.695
05-31-2026 06:45:00,56.066
05-31-2026 07:00:00,75.647
05-31-2026 07:15:00,122.121
05-31-2026 07:30:00,207.035
05-31-2026 07:45:00,214.47
05-31-2026 08:00:00,121.719
05-31-2026 08:15:00,176.94
05-31-2026 08:30:00,331.794
05-31-2026 08:45:00,494.575
05-31-2026 09:00:00,487.963
05-31-2026 09:15:00,392.56
05-31-2026 09:30:00,630.87
05-31-2026 09:45:00,672.264
05-31-2026 10:00:00,695.066
05-31-2026 10:15:00,""
05-31-2026 10:30:00,793.655
05-31-2026 10:45:00,769.1
05-31-2026 11:00:00,""
05-31-2026 11:15:00,735.142
05-31-2026 11:30:00,757.603
05-31-2026 11:45:00,778.583
05-31-2026 12:00:00,737.058
05-31-2026 12:15:00,757.213
05-31-2026 12:30:00,771.922
05-31-2026 12:45:00,762.299
05-31-2026 13:00:00,758.716
05-31-2026 13:15:00,748.25
05-31-2026 13:30:00,737.161
05-31-2026 13:45:00,722.818
05-31-2026 14:00:00,709.212
05-31-2026 14:15:00,693.943
05-31-2026 14:30:00,681.285
05-31-2026 14:45:00,653.98
05-31-2026 15:00:00,632.368
05-31-2026 15:15:00,598.922
05-31-2026 15:30:00,566.587
05-31-2026 15:45:00,532.78
05-31-2026 16:00:00,496.898
05-31-2026 16:15:00,""
05-31-2026 16:30:00,362.658
05-31-2026 16:45:00,321.966
05-31-2026 17:00:00,271.369
05-31-2026 17:15:00,221.806
05-31-2026 17:30:00,172.308
05-31-2026 17:45:00,121.791
05-31-2026 18:00:00,77.398
05-31-2026 18:15:00,45.051
05-31-2026 18:30:00,38.764
05-31-2026 18:45:00,5.721
05-31-2026 19:00:00,1.065
05-31-2026 19:15:00,-0.025
05-31-2026 19:30:00,-0.087
05-31-2026 19:45:00,-0.091
05-31-2026 20:00:00,-0.092
05-31-2026 20:15:00,-0.1
05-31-2026 20:30:00,-0.092
05-31-2026 20:45:00,-0.091
05-31-2026 21:00:00,-0.091
05-31-2026 21:15:00,-0.088
05-31-2026 21:30:00,-0.096
05-31-2026 21:45:00,-0.099
05-31-2026 22:00:00,-0.091
05-31-2026 22:15:00,-0.088
05-31-2026 22:30:00,-0.088
05-31-2026 22:45:00,-0.081
05-31-2026 23:00:00,-0.085
05-31-2026 23:15:00,-0.087
05-31-2026 23:30:00,-0.093
05-31-2026 23:45:00,-0.096
06-01-2026 00:00:00,-0.096
06-01-2026 00:15:00,-0.093
06-01-2026 00:30:00,-0.096
06-01-2026 00:45:00,-0.094
06-01-2026 01:00:00,-0.09
06-01-2026 01:15:00,-0.093
06-01-2026 01:30:00,-0.096
06-01-2026 01:45:00,-0.097
06-01-2026 02:00:00,-0.093
06-01-2026 02:15:00,-0.084
06-01-2026 02:30:00,-0.081
06-01-2026 02:45:00,-0.086
06-01-2026 03:00:00,-0.092
06-01-2026 03:15:00,-0.096
06-01-2026 03:30:00,-0.089
06-01-2026 03:45:00,-0.088
06-01-2026 04:00:00,-0.095
06-01-2026 04:15:00,-0.094
06-01-2026 04:30:00,-0.091
06-01-2026 04:45:00,-0.095
06-01-2026 05:00:00,-0.097
06-01-2026 05:15:00,-0.09
06-01-2026 05:30:00,-0.073
06-01-2026 05:45:00,3.288
06-01-2026 06:00:00,13.497
06-01-2026 06:15:00,22.931
06-01-2026 06:30:00,25.688
06-01-2026 06:45:00,30.126
06-01-2026 07:00:00,82.109
06-01-2026 07:15:00,177.638
06-01-2026 07:30:00,250.497
06-01-2026 07:45:00,250.016
06-01-2026 08:00:00,252.344
06-01-2026 08:15:00,288.855
06-01-2026 08:30:00,291.381
06-01-2026 08:45:00,367.214
06-01-2026 09:00:00,499.262
06-01-2026 09:15:00,543.066
06-01-2026 09:30:00,554.305
06-01-2026 09:45:00,596.924
06-01-2026 10:00:00,649.825
06-01-2026 10:15:00,657.995
06-01-2026 10:30:00,578.632
06-01-2026 10:45:00,657.15
06-01-2026 11:00:00,817.311
06-01-2026 11:15:00,790.089
06-01-2026 11:30:00,751.894
06-01-2026 11:45:00,759.478
06-01-2026 12:00:00,759.246
06-01-2026 12:15:00,747.138
06-01-2026 12:30:00,736.08
06-01-2026 12:45:00,736.363
06-01-2026 13:00:00,749.741
06-01-2026 13:15:00,750.468
06-01-2026 13:30:00,744.658
06-01-2026 13:45:00,695.3
06-01-2026 14:00:00,572.235
06-01-2026 14:15:00,""
06-01-2026 14:30:00,659.208
06-01-2026 14:45:00,639.274
06-01-2026 15:00:00,616.125
06-01-2026 15:15:00,602.765
06-01-2026 15:30:00,586.71
06-01-2026 15:45:00,518.963
06-01-2026 16:00:00,398.994
06-01-2026 16:15:00,334.813
06-01-2026 16:30:00,473.404
06-01-2026 16:45:00,422.94
06-01-2026 17:00:00,304.958
06-01-2026 17:15:00,183.663
06-01-2026 17:30:00,252.217
06-01-2026 17:45:00,110.809
06-01-2026 18:00:00,100.659
06-01-2026 18:15:00,""
06-01-2026 18:30:00,13.556
06-01-2026 18:45:00,9.508
06-01-2026 19:00:00,""
06-01-2026 19:15:00,-0.09
06-01-2026 19:30:00,-0.09
06-01-2026 19:45:00,-0.098
06-01-2026 20:00:00,-0.1
06-01-2026 20:15:00,-0.087
06-01-2026 20:30:00,-0.094
06-01-2026 20:45:00,-0.096
06-01-2026 21:00:00,-0.094
06-01-2026 21:15:00,-0.103
06-01-2026 21:30:00,-0.082
06-01-2026 21:45:00,-0.082
06-01-2026 22:00:00,-0.089
06-01-2026 22:15:00,-0.089
06-01-2026 22:30:00,-0.091
06-01-2026 22:45:00,-0.097
06-01-2026 23:00:00,-0.073
06-01-2026 23:15:00,-0.095
06-01-2026 23:30:00,-0.088
06-01-2026 23:45:00,""
06-02-2026 00:00:00,-0.09
06-02-2026 00:15:00,-0.073
06-02-2026 00:30:00,-0.098
06-02-2026 00:45:00,-0.086
06-02-2026 01:00:00,-0.094
06-02-2026 01:15:00,-0.088
06-02-2026 01:30:00,-0.087
06-02-2026 01:45:00,-0.103
06-02-2026 02:00:00,-0.091
06-02-2026 02:15:00,-0.097
06-02-2026 02:30:00,-0.097
06-02-2026 02:45:00,-0.086
06-02-2026 03:00:00,-0.092
06-02-2026 03:15:00,-0.095
06-02-2026 03:30:00,-0.09
06-02-2026 03:45:00,-0.085
06-02-2026 04:00:00,-0.087
06-02-2026 04:15:00,-0.087
06-02-2026 04:30:00,-0.096
06-02-2026 04:45:00,-0.094
06-02-2026 05:00:00,-0.093
06-02-2026 05:15:00,-0.09
06-02-2026 05:30:00,-0.045
06-02-2026 05:45:00,2.164
06-02-2026 06:00:00,9.281
06-02-2026 06:15:00,25.935
06-02-2026 06:30:00,""
06-02-2026 06:45:00,52.287
06-02-2026 07:00:00,63.896
06-02-2026 07:15:00,76.663
06-02-2026 07:30:00,79.287
06-02-2026 07:45:00,73.766
06-02-2026 08:00:00,73.649
06-02-2026 08:15:00,114.624
06-02-2026 08:30:00,169.831
06-02-2026 08:45:00,172.289
06-02-2026 09:00:00,136.332
06-02-2026 09:15:00,137.383
06-02-2026 09:30:00,137.715
06-02-2026 09:45:00,129.883
06-02-2026 10:00:00,140.544
06-02-2026 10:15:00,165.696
06-02-2026 10:30:00,192.528
06-02-2026 10:45:00,229.235
06-02-2026 11:00:00,275.091
06-02-2026 11:15:00,325.587
06-02-2026 11:30:00,515.569
06-02-2026 11:45:00,665.279
06-02-2026 12:00:00,713.042
06-02-2026 12:15:00,755.614
06-02-2026 12:30:00,688.373
06-02-2026 12:45:00,592.128
06-02-2026 13:00:00,498.236
06-02-2026 13:15:00,428.882
06-02-2026 13:30:00,430.872
06-02-2026 13:45:00,378.556
06-02-2026 14:00:00,286.569
06-02-2026 14:15:00,265.079
06-02-2026 14:30:00,288.363
06-02-2026 14:45:00,278.232
06-02-2026 15:00:00,233.506
06-02-2026 15:15:00,210.973
06-02-2026 15:30:00,225.824
06-02-2026 15:45:00,244.647
06-02-2026 16:00:00,208.477
06-02-2026 16:15:00,134.509
06-02-2026 16:30:00,90.684
06-02-2026 16:45:00,70.516
06-02-2026 17:00:00,59.72
06-02-2026 17:15:00,58.938
06-02-2026 17:30:00,56.009
06-02-2026 17:45:00,59.974
06-02-2026 18:00:00,65.891
06-02-2026 18:15:00,49.249
06-02-2026 18:30:00,27.344
06-02-2026 18:45:00,15
06-02-2026 19:00:00,""
06-02-2026 19:15:00,-0.066
06-02-2026 19:30:00,-0.087
06-02-2026 19:45:00,-0.09
06-02-2026 20:00:00,-0.092
06-02-2026 20:15:00,-0.094
06-02-2026 20:30:00,-0.097
06-02-2026 20:45:00,-0.101
06-02-2026 21:00:00,-0.097
06-02-2026 21:15:00,-0.088
06-02-2026 21:30:00,-0.09
06-02-2026 21:45:00,-0.096
06-02-2026 22:00:00,-0.096
06-02-2026 22:15:00,""
06-02-2026 22:30:00,-0.092
06-02-2026 22:45:00,-0.095
06-02-2026 23:00:00,-0.09
06-02-2026 23:15:00,-0.095
06-02-2026 23:30:00,-0.09
06-02-2026 23:45:00,-0.078
06-03-2026 00:00:00,-0.085
06-03-2026 00:15:00,-0.088
06-03-2026 00:30:00,-0.086
06-03-2026 00:45:00,-0.084
06-03-2026 01:00:00,-0.091
06-03-2026 01:15:00,-0.097
06-03-2026 01:30:00,-0.097
06-03-2026 01:45:00,-0.096
06-03-2026 02:00:00,-0.093
06-03-2026 02:15:00,""
06-03-2026 02:30:00,-0.082
06-03-2026 02:45:00,-0.087
06-03-2026 03:00:00,-0.093
06-03-2026 03:15:00,-0.092
06-03-2026 03:30:00,-0.089
06-03-2026 03:45:00,-0.092
06-03-2026 04:00:00,-0.1
06-03-2026 04:15:00,-0.092
06-03-2026 04:30:00,-0.094
06-03-2026 04:45:00,-0.09
06-03-2026 05:00:00,-0.086
06-03-2026 05:15:00,-0.084
06-03-2026 05:30:00,-0.058
06-03-2026 05:45:00,0.391
06-03-2026 06:00:00,4.764
06-03-2026 06:15:00,14.538
06-03-2026 06:30:00,29.638
06-03-2026 06:45:00,48.844
06-03-2026 07:00:00,72.883
06-03-2026 07:15:00,""
06-03-2026 07:30:00,93.063
06-03-2026 07:45:00,346.545
06-03-2026 08:00:00,366.492
06-03-2026 08:15:00,264.693
06-03-2026 08:30:00,125.934
06-03-2026 08:45:00,126.836
06-03-2026 09:00:00,338.053
06-03-2026 09:15:00,525.377
06-03-2026 09:30:00,638.952
06-03-2026 09:45:00,655.246
06-03-2026 10:00:00,673.467
06-03-2026 10:15:00,285.859
06-03-2026 10:30:00,610.678
06-03-2026 10:45:00,740.757
06-03-2026 11:00:00,746.016
06-03-2026 11:15:00,736.55
06-03-2026 11:30:00,762.572
06-03-2026 11:45:00,452.999
06-03-2026 12:00:00,564.99
06-03-2026 12:15:00,739.433
06-03-2026 12:30:00,564.544
06-03-2026 12:45:00,569.624
06-03-2026 13:00:00,729.604
06-03-2026 13:15:00,519.69
06-03-2026 13:30:00,630.798
06-03-2026 13:45:00,711.031
06-03-2026 14:00:00,709.808
06-03-2026 14:15:00,551.556
06-03-2026 14:30:00,376.258
06-03-2026 14:45:00,353.045
06-03-2026 15:00:00,461.738
06-03-2026 15:15:00,580.433
06-03-2026 15:30:00,374.504
06-03-2026 15:45:00,377.05
06-03-2026 16:00:00,476.336
06-03-2026 16:15:00,464.106
06-03-2026 16:30:00,413.802
06-03-2026 16:45:00,247.545
06-03-2026 17:00:00,126.187
06-03-2026 17:15:00,152.087
06-03-2026 17:30:00,174.183
06-03-2026 17:45:00,140.117
06-03-2026 18:00:00,95.357
06-03-2026 18:15:00,60.12
06-03-2026 18:30:00,""
06-03-2026 18:45:00,8.866
06-03-2026 19:00:00,4.228
06-03-2026 19:15:00,-0.064
06-03-2026 19:30:00,-0.082
06-03-2026 19:45:00,-0.086
06-03-2026 20:00:00,-0.088
06-03-2026 20:15:00,-0.092
06-03-2026 20:30:00,-0.094
06-03-2026 20:45:00,-0.092
06-03-2026 21:00:00,-0.091
06-03-2026 21:15:00,-0.095
06-03-2026 21:30:00,-0.096
06-03-2026 21:45:00,-0.093
06-03-2026 22:00:00,-0.099
06-03-2026 22:15:00,-0.105
06-03-2026 22:30:00,-0.101
06-03-2026 22:45:00,-0.098
06-03-2026 23:00:00,-0.095
06-03-2026 23:15:00,-0.092
06-03-2026 23:30:00,-0.087
06-03-2026 23:45:00,-0.082
06-04-2026 00:00:00,-0.084
06-04-2026 00:15:00,-0.089
06-04-2026 00:30:00,-0.088
06-04-2026 00:45:00,-0.09
06-04-2026 01:00:00,-0.1
06-04-2026 01:15:00,-0.101
06-04-2026 01:30:00,-0.093
06-04-2026 01:45:00,-0.093
06-04-2026 02:00:00,-0.093
06-04-2026 02:15:00,-0.09
06-04-2026 02:30:00,-0.09
06-04-2026 02:45:00,-0.091
06-04-2026 03:00:00,-0.09
06-04-2026 03:15:00,-0.093
06-04-2026 03:30:00,-0.098
06-04-2026 03:45:00,-0.096
06-04-2026 04:00:00,-0.09
06-04-2026 04:15:00,-0.088
06-04-2026 04:30:00,-0.085
06-04-2026 04:45:00,-0.091
06-04-2026 05:00:00,-0.097
06-04-2026 05:15:00,-0.09
06-04-2026 05:30:00,0.128
06-04-2026 05:45:00,1.488
06-04-2026 06:00:00,5.41
06-04-2026 06:15:00,10.644
06-04-2026 06:30:00,21.327
06-04-2026 06:45:00,42.868
06-04-2026 07:00:00,84.274
06-04-2026 07:15:00,117.761
06-04-2026 07:30:00,143.257
06-04-2026 07:45:00,275.422
06-04-2026 08:00:00,461.416
06-04-2026 08:15:00,403.482
06-04-2026 08:30:00,409.319
06-04-2026 08:45:00,515.629
06-04-2026 09:00:00,585.472
06-04-2026 09:15:00,423.023
06-04-2026 09:30:00,357.43
06-04-2026 09:45:00,670.112
06-04-2026 10:00:00,845.443
06-04-2026 10:15:00,""
06-04-2026 10:30:00,780.204
06-04-2026 10:45:00,792.719
06-04-2026 11:00:00,669.766
06-04-2026 11:15:00,575.862
06-04-2026 11:30:00,860.715
06-04-2026 11:45:00,831.697
06-04-2026 12:00:00,758.388
06-04-2026 12:15:00,601.52
06-04-2026 12:30:00,406.567
06-04-2026 12:45:00,633.84
06-04-2026 13:00:00,890.991
06-04-2026 13:15:00,808.254
06-04-2026 13:30:00,806.815
06-04-2026 13:45:00,503.459
06-04-2026 14:00:00,367.342
06-04-2026 14:15:00,""
06-04-2026 14:30:00,480.164
06-04-2026 14:45:00,783.045
06-04-2026 15:00:00,""
06-04-2026 15:15:00,588.053
06-04-2026 15:30:00,603.457
06-04-2026 15:45:00,221.454
06-04-2026 16:00:00,120.032
06-04-2026 16:15:00,92.878
06-04-2026 16:30:00,138.064
06-04-2026 16:45:00,102.118
06-04-2026 17:00:00,61.928
06-04-2026 17:15:00,69.22
06-04-2026 17:30:00,85.063
06-04-2026 17:45:00,77.664
06-04-2026 18:00:00,59.018
06-04-2026 18:15:00,36.619
06-04-2026 18:30:00,26.838
06-04-2026 18:45:00,11.307
06-04-2026 19:00:00,2.238
06-04-2026 19:15:00,0.091
06-04-2026 19:30:00,-0.084
06-04-2026 19:45:00,-0.086
06-04-2026 20:00:00,-0.092
06-04-2026 20:15:00,-0.09
06-04-2026 20:30:00,-0.097
06-04-2026 20:45:00,-0.1
06-04-2026 21:00:00,-0.1
06-04-2026 21:15:00,-0.089
06-04-2026 21:30:00,-0.095
06-04-2026 21:45:00,-0.099
06-04-2026 22:00:00,-0.097
06-04-2026 22:15:00,-0.093
06-04-2026 22:30:00,-0.101
06-04-2026 22:45:00,-0.086
06-04-2026 23:00:00,-0.084
06-04-2026 23:15:00,-0.09
06-04-2026 23:30:00,-0.084
06-04-2026 23:45:00,-0.088
06-05-2026 00:00:00,-0.097
06-05-2026 00:15:00,-0.096
06-05-2026 00:30:00,-0.092
06-05-2026 00:45:00,-0.091
06-05-2026 01:00:00,-0.091
06-05-2026 01:15:00,-0.09
06-05-2026 01:30:00,-0.09
06-05-2026 01:45:00,-0.085
06-05-2026 02:00:00,-0.089
06-05-2026 02:15:00,-0.094
06-05-2026 02:30:00,-0.094
06-05-2026 02:45:00,-0.093
06-05-2026 03:00:00,-0.087
06-05-2026 03:15:00,-0.082
06-05-2026 03:30:00,-0.087
06-05-2026 03:45:00,-0.093
06-05-2026 04:00:00,-0.095
06-05-2026 04:15:00,-0.092
06-05-2026 04:30:00,-0.088
06-05-2026 04:45:00,-0.089
06-05-2026 05:00:00,-0.091
06-05-2026 05:15:00,-0.088
06-05-2026 05:30:00,-0.068
06-05-2026 05:45:00,1.566
06-05-2026 06:00:00,9.665
06-05-2026 06:15:00,25.463
06-05-2026 06:30:00,42.589
06-05-2026 06:45:00,59.573
06-05-2026 07:00:00,75.957
06-05-2026 07:15:00,129.451
06-05-2026 07:30:00,192.878
06-05-2026 07:45:00,168.975
06-05-2026 08:00:00,132.581
06-05-2026 08:15:00,197.171
06-05-2026 08:30:00,323.425
06-05-2026 08:45:00,349.867
06-05-2026 09:00:00,257.182
06-05-2026 09:15:00,223.589
06-05-2026 09:30:00,264.889
06-05-2026 09:45:00,342.521
06-05-2026 10:00:00,404.605
06-05-2026 10:15:00,546.232
06-05-2026 10:30:00,714.049
06-05-2026 10:45:00,714.419
06-05-2026 11:00:00,732.677
06-05-2026 11:15:00,750.326
06-05-2026 11:30:00,706.599
06-05-2026 11:45:00,529.158
06-05-2026 12:00:00,520.656
06-05-2026 12:15:00,770.326
06-05-2026 12:30:00,737.783
06-05-2026 12:45:00,578.6
06-05-2026 13:00:00,549.022
06-05-2026 13:15:00,757.926
06-05-2026 13:30:00,675.472
06-05-2026 13:45:00,773.207
06-05-2026 14:00:00,776.91
06-05-2026 14:15:00,775.876
06-05-2026 14:30:00,761.864
06-05-2026 14:45:00,685.203
06-05-2026 15:00:00,659.604
06-05-2026 15:15:00,633.777
06-05-2026 15:30:00,594.377
06-05-2026 15:45:00,466.02
06-05-2026 16:00:00,199.923
06-05-2026 16:15:00,168.769
06-05-2026 16:30:00,204.87
06-05-2026 16:45:00,209.426
06-05-2026 17:00:00,172.499
06-05-2026 17:15:00,100.397
06-05-2026 17:30:00,78.666
06-05-2026 17:45:00,63.981
06-05-2026 18:00:00,50.847
06-05-2026 18:15:00,""
06-05-2026 18:30:00,16.788
06-05-2026 18:45:00,10.386
06-05-2026 19:00:00,""
06-05-2026 19:15:00,-0.082
06-05-2026 19:30:00,-0.09
06-05-2026 19:45:00,-0.085
06-05-2026 20:00:00,-0.092
06-05-2026 20:15:00,-0.091
06-05-2026 20:30:00,-0.093
06-05-2026 20:45:00,-0.104
06-05-2026 21:00:00,-0.1
06-05-2026 21:15:00,-0.094
06-05-2026 21:30:00,-0.092
06-05-2026 21:45:00,-0.108
06-05-2026 22:00:00,-0.108
06-05-2026 22:15:00,""
06-05-2026 22:30:00,-0.083
06-05-2026 22:45:00,-0.098
06-05-2026 23:00:00,-0.08
06-05-2026 23:15:00,-0.091
06-05-2026 23:30:00,-0.099
06-05-2026 23:45:00,-0.095
06-06-2026 00:00:00,-0.095
06-06-2026 00:15:00,-0.096
06-06-2026 00:30:00,-0.098
06-06-2026 00:45:00,-0.098
06-06-2026 01:00:00,-0.089
06-06-2026 01:15:00,-0.088
06-06-2026 01:30:00,-0.087
06-06-2026 01:45:00,-0.087
06-06-2026 02:00:00,-0.08
06-06-2026 02:15:00,-0.085
06-06-2026 02:30:00,-0.092
06-06-2026 02:45:00,-0.094
06-06-2026 03:00:00,-0.093
06-06-2026 03:15:00,-0.084
06-06-2026 03:30:00,-0.086
06-06-2026 03:45:00,-0.081
06-06-2026 04:00:00,-0.091
06-06-2026 04:15:00,-0.095
06-06-2026 04:30:00,-0.097
06-06-2026 04:45:00,-0.096
06-06-2026 05:00:00,-0.091
06-06-2026 05:15:00,-0.084
06-06-2026 05:30:00,-0.057
06-06-2026 05:45:00,3.296
06-06-2026 06:00:00,8.398
06-06-2026 06:15:00,23.69
06-06-2026 06:30:00,30.777
06-06-2026 06:45:00,48.054
06-06-2026 07:00:00,65.994
06-06-2026 07:15:00,88.506
06-06-2026 07:30:00,120.033
06-06-2026 07:45:00,293.186
06-06-2026 08:00:00,275.125
06-06-2026 08:15:00,319.467
06-06-2026 08:30:00,503.174
06-06-2026 08:45:00,661.506
06-06-2026 09:00:00,505.461
06-06-2026 09:15:00,506.648
06-06-2026 09:30:00,465.171
06-06-2026 09:45:00,415.718
06-06-2026 10:00:00,584.71
06-06-2026 10:15:00,758.375
06-06-2026 10:30:00,609.1
06-06-2026 10:45:00,492.62
06-06-2026 11:00:00,574.122
06-06-2026 11:15:00,726.746
06-06-2026 11:30:00,712.567
06-06-2026 11:45:00,496.53
06-06-2026 12:00:00,357.865
06-06-2026 12:15:00,375.485
06-06-2026 12:30:00,398.872
06-06-2026 12:45:00,375.161
06-06-2026 13:00:00,523.552
06-06-2026 13:15:00,689.539
06-06-2026 13:30:00,589.992
06-06-2026 13:45:00,478.846
06-06-2026 14:00:00,468.896
06-06-2026 14:15:00,438.201
06-06-2026 14:30:00,""
06-06-2026 14:45:00,517.228
06-06-2026 15:00:00,578.23
06-06-2026 15:15:00,455.056
06-06-2026 15:30:00,445.274
06-06-2026 15:45:00,516.008
06-06-2026 16:00:00,479.319
06-06-2026 16:15:00,420.235
06-06-2026 16:30:00,345.896
06-06-2026 16:45:00,220.087
06-06-2026 17:00:00,107.771
06-06-2026 17:15:00,135.617
06-06-2026 17:30:00,147.946
06-06-2026 17:45:00,130.984
06-06-2026 18:00:00,117.856
06-06-2026 18:15:00,89.953
06-06-2026 18:30:00,""
06-06-2026 18:45:00,9.99
06-06-2026 19:00:00,""
06-06-2026 19:15:00,-0.059
06-06-2026 19:30:00,-0.079
06-06-2026 19:45:00,-0.093
06-06-2026 20:00:00,-0.095
06-06-2026 20:15:00,-0.096
06-06-2026 20:30:00,-0.092
06-06-2026 20:45:00,-0.092
06-06-2026 21:00:00,-0.098
06-06-2026 21:15:00,-0.092
06-06-2026 21:30:00,-0.09
06-06-2026 21:45:00,-0.094
06-06-2026 22:00:00,-0.099
06-06-2026 22:15:00,-0.095
06-06-2026 22:30:00,-0.091
06-06-2026 22:45:00,-0.093
06-06-2026 23:00:00,-0.1
06-06-2026 23:15:00,-0.093
06-06-2026 23:30:00,-0.092
06-06-2026 23:45:00,-0.098
06-07-2026 00:00:00,-0.098
06-07-2026 00:15:00,-0.099
06-07-2026 00:30:00,-0.087
06-07-2026 00:45:00,-0.084
06-07-2026 01:00:00,-0.099
06-07-2026 01:15:00,-0.091
06-07-2026 01:30:00,-0.087
06-07-2026 01:45:00,-0.093
06-07-2026 02:00:00,-0.095
06-07-2026 02:15:00,-0.097
06-07-2026 02:30:00,-0.091
06-07-2026 02:45:00,-0.1
06-07-2026 03:00:00,-0.088
06-07-2026 03:15:00,-0.086
06-07-2026 03:30:00,-0.091
06-07-2026 03:45:00,-0.091
06-07-2026 04:00:00,-0.082
06-07-2026 04:15:00,-0.088
06-07-2026 04:30:00,-0.09
06-07-2026 04:45:00,-0.089
06-07-2026 05:00:00,-0.089
06-07-2026 05:15:00,-0.084
06-07-2026 05:30:00,-0.081
06-07-2026 05:45:00,0.015
06-07-2026 06:00:00,1.99
06-07-2026 06:15:00,""
06-07-2026 06:30:00,43.886
06-07-2026 06:45:00,59.461
06-07-2026 07:00:00,196.468
06-07-2026 07:15:00,164.243
06-07-2026 07:30:00,131.345
06-07-2026 07:45:00,291.164
06-07-2026 08:00:00,348.538
06-07-2026 08:15:00,466.42
06-07-2026 08:30:00,304.969
06-07-2026 08:45:00,515.649
06-07-2026 09:00:00,260.64
06-07-2026 09:15:00,455.572
06-07-2026 09:30:00,548.724
06-07-2026 09:45:00,662.651
06-07-2026 10:00:00,488.374
06-07-2026 10:15:00,610.478
06-07-2026 10:30:00,677.48
06-07-2026 10:45:00,648.928
06-07-2026 11:00:00,764.237
06-07-2026 11:15:00,440.667
06-07-2026 11:30:00,409.482
06-07-2026 11:45:00,674.31
06-07-2026 12:00:00,780.827
06-07-2026 12:15:00,787.092
06-07-2026 12:30:00,803.545
06-07-2026 12:45:00,792.056
06-07-2026 13:00:00,793.418
06-07-2026 13:15:00,773.349
06-07-2026 13:30:00,752.682
06-07-2026 13:45:00,732.457
06-07-2026 14:00:00,712.686
06-07-2026 14:15:00,693.876
06-07-2026 14:30:00,680.567
06-07-2026 14:45:00,657.907
06-07-2026 15:00:00,625.867
06-07-2026 15:15:00,599.357
06-07-2026 15:30:00,566.811
06-07-2026 15:45:00,531.06
06-07-2026 16:00:00,500.286
06-07-2026 16:15:00,457.862
06-07-2026 16:30:00,435.417
06-07-2026 16:45:00,291.605
06-07-2026 17:00:00,129.258
06-07-2026 17:15:00,87.436
06-07-2026 17:30:00,119.938
06-07-2026 17:45:00,138.588
06-07-2026 18:00:00,106.514
06-07-2026 18:15:00,58.537
06-07-2026 18:30:00,39.301
06-07-2026 18:45:00,8.729
06-07-2026 19:00:00,3.672
06-07-2026 19:15:00,-0.061
06-07-2026 19:30:00,-0.083
06-07-2026 19:45:00,-0.089
06-07-2026 20:00:00,-0.087
06-07-2026 20:15:00,-0.092
06-07-2026 20:30:00,-0.099
06-07-2026 20:45:00,-0.102
06-07-2026 21:00:00,-0.102
06-07-2026 21:15:00,-0.096
06-07-2026 21:30:00,-0.09
06-07-2026 21:45:00,-0.093
06-07-2026 22:00:00,-0.096
06-07-2026 22:15:00,-0.097
06-07-2026 22:30:00,""
06-07-2026 22:45:00,-0.098
06-07-2026 23:00:00,-0.095
06-07-2026 23:15:00,-0.094
06-07-2026 23:30:00,-0.093
06-07-2026 23:45:00,-0.096
06-08-2026 00:00:00,-0.1
06-08-2026 00:15:00,-0.1
06-08-2026 00:30:00,-0.095
06-08-2026 00:45:00,-0.091
06-08-2026 01:00:00,-0.09
06-08-2026 01:15:00,-0.088
06-08-2026 01:30:00,-0.087
06-08-2026 01:45:00,-0.092
06-08-2026 02:00:00,-0.092
06-08-2026 02:15:00,-0.086
06-08-2026 02:30:00,""
06-08-2026 02:45:00,-0.088
06-08-2026 03:00:00,-0.092
06-08-2026 03:15:00,-0.094
06-08-2026 03:30:00,-0.093
06-08-2026 03:45:00,-0.087
06-08-2026 04:00:00,-0.087
06-08-2026 04:15:00,-0.091
06-08-2026 04:30:00,-0.09
06-08-2026 04:45:00,-0.086
06-08-2026 05:00:00,-0.095
06-08-2026 05:15:00,-0.103
06-08-2026 05:30:00,-0.078
06-08-2026 05:45:00,0.413
06-08-2026 06:00:00,4.085
06-08-2026 06:15:00,15.321
06-08-2026 06:30:00,""
06-08-2026 06:45:00,73.38
06-08-2026 07:00:00,75.982
06-08-2026 07:15:00,67.681
06-08-2026 07:30:00,85.565
06-08-2026 07:45:00,116.383
06-08-2026 08:00:00,111.685
06-08-2026 08:15:00,106.877
06-08-2026 08:30:00,161.732
06-08-2026 08:45:00,189.86
06-08-2026 09:00:00,294.566
06-08-2026 09:15:00,537.32
06-08-2026 09:30:00,199.652
06-08-2026 09:45:00,277.938
06-08-2026 10:00:00,289.583
06-08-2026 10:15:00,244.993
06-08-2026 10:30:00,320.171
06-08-2026 10:45:00,677.562
06-08-2026 11:00:00,271.063
06-08-2026 11:15:00,310.973
06-08-2026 11:30:00,416.974
06-08-2026 11:45:00,806.624
06-08-2026 12:00:00,730.318
06-08-2026 12:15:00,442.746
06-08-2026 12:30:00,904.707
06-08-2026 12:45:00,797.763
06-08-2026 13:00:00,764.009
06-08-2026 13:15:00,773.367
06-08-2026 13:30:00,765.993
06-08-2026 13:45:00,775.458
06-08-2026 14:00:00,""
06-08-2026 14:15:00,701.289
06-08-2026 14:30:00,697.085
06-08-2026 14:45:00,678.092
06-08-2026 15:00:00,644.938
06-08-2026 15:15:00,586.878
06-08-2026 15:30:00,550.313
06-08-2026 15:45:00,527.652
06-08-2026 16:00:00,494.37
06-08-2026 16:15:00,468.842
06-08-2026 16:30:00,146.693
06-08-2026 16:45:00,297.097
06-08-2026 17:00:00,290.983
06-08-2026 17:15:00,119.798
06-08-2026 17:30:00,84.148
06-08-2026 17:45:00,52.26
06-08-2026 18:00:00,41.08
06-08-2026 18:15:00,31.289
06-08-2026 18:30:00,22.322
06-08-2026 18:45:00,7.85
06-08-2026 19:00:00,1.776
06-08-2026 19:15:00,0.089
06-08-2026 19:30:00,-0.104
06-08-2026 19:45:00,-0.101
06-08-2026 20:00:00,-0.093
06-08-2026 20:15:00,-0.095
06-08-2026 20:30:00,-0.1
06-08-2026 20:45:00,-0.096
06-08-2026 21:00:00,-0.098
06-08-2026 21:15:00,-0.098
06-08-2026 21:30:00,-0.095
06-08-2026 21:45:00,-0.098
06-08-2026 22:00:00,-0.09
06-08-2026 22:15:00,-0.083
06-08-2026 22:30:00,-0.081
06-08-2026 22:45:00,-0.078
06-08-2026 23:00:00,-0.084
06-08-2026 23:15:00,-0.088
06-08-2026 23:30:00,-0.092
06-08-2026 23:45:00,-0.091
06-09-2026 00:00:00,-0.086
06-09-2026 00:15:00,-0.091
06-09-2026 00:30:00,-0.099
06-09-2026 00:45:00,-0.097
06-09-2026 01:00:00,-0.089
06-09-2026 01:15:00,-0.086
06-09-2026 01:30:00,-0.089
06-09-2026 01:45:00,-0.093
06-09-2026 02:00:00,-0.097
06-09-2026 02:15:00,-0.098
06-09-2026 02:30:00,-0.097
06-09-2026 02:45:00,-0.095
06-09-2026 03:00:00,-0.091
06-09-2026 03:15:00,-0.089
06-09-2026 03:30:00,-0.092
06-09-2026 03:45:00,-0.1
06-09-2026 04:00:00,-0.1
06-09-2026 04:15:00,-0.093
06-09-2026 04:30:00,-0.089
06-09-2026 04:45:00,-0.091
06-09-2026 05:00:00,-0.096
06-09-2026 05:15:00,-0.095
06-09-2026 05:30:00,-0.075
06-09-2026 05:45:00,1.642
06-09-2026 06:00:00,7.146
06-09-2026 06:15:00,14.634
06-09-2026 06:30:00,""
06-09-2026 06:45:00,28.699
06-09-2026 07:00:00,63.578
06-09-2026 07:15:00,161.562
06-09-2026 07:30:00,253.108
06-09-2026 07:45:00,302.672
06-09-2026 08:00:00,359.381
06-09-2026 08:15:00,403.804
06-09-2026 08:30:00,432.661
06-09-2026 08:45:00,467.738
06-09-2026 09:00:00,510.059
06-09-2026 09:15:00,553.053
06-09-2026 09:30:00,592.344
06-09-2026 09:45:00,600.763
06-09-2026 10:00:00,610.527
06-09-2026 10:15:00,663.102
06-09-2026 10:30:00,""
06-09-2026 10:45:00,691.397
06-09-2026 11:00:00,588.289
06-09-2026 11:15:00,546.745
06-09-2026 11:30:00,730.137
06-09-2026 11:45:00,738.164
06-09-2026 12:00:00,755.228
06-09-2026 12:15:00,776.517
06-09-2026 12:30:00,782.583
06-09-2026 12:45:00,745.521
06-09-2026 13:00:00,744.654
06-09-2026 13:15:00,739.271
06-09-2026 13:30:00,723.196
06-09-2026 13:45:00,714.01
06-09-2026 14:00:00,705.547
06-09-2026 14:15:00,694.375
06-09-2026 14:30:00,673.093
06-09-2026 14:45:00,648.281
06-09-2026 15:00:00,643.07
06-09-2026 15:15:00,641.721
06-09-2026 15:30:00,596.614
06-09-2026 15:45:00,529.272
06-09-2026 16:00:00,438.714
06-09-2026 16:15:00,485.109
06-09-2026 16:30:00,418.751
06-09-2026 16:45:00,386.646
06-09-2026 17:00:00,317.512
06-09-2026 17:15:00,150.748
06-09-2026 17:30:00,243.967
06-09-2026 17:45:00,178.666
06-09-2026 18:00:00,159.265
06-09-2026 18:15:00,93.516
06-09-2026 18:30:00,67.241
06-09-2026 18:45:00,33.802
06-09-2026 19:00:00,""
06-09-2026 19:15:00,-0.085
06-09-2026 19:30:00,-0.095
06-09-2026 19:45:00,-0.092
06-09-2026 20:00:00,-0.092
06-09-2026 20:15:00,""
06-09-2026 20:30:00,-0.092
06-09-2026 20:45:00,-0.089
06-09-2026 21:00:00,-0.081
06-09-2026 21:15:00,-0.087
06-09-2026 21:30:00,-0.08
06-09-2026 21:45:00,-0.089
06-09-2026 22:00:00,-0.099
06-09-2026 22:15:00,-0.102
06-09-2026 22:30:00,-0.098
06-09-2026 22:45:00,-0.098
06-09-2026 23:00:00,-0.092
06-09-2026 23:15:00,-0.081
06-09-2026 23:30:00,-0.091
06-09-2026 23:45:00,-0.099
06-10-2026 00:00:00,-0.103
06-10-2026 00:15:00,-0.096
06-10-2026 00:30:00,-0.098
06-10-2026 00:45:00,-0.095
06-10-2026 01:00:00,-0.092
06-10-2026 01:15:00,-0.099
06-10-2026 01:30:00,-0.105
06-10-2026 01:45:00,-0.1
06-10-2026 02:00:00,-0.105
06-10-2026 02:15:00,-0.1
06-10-2026 02:30:00,-0.093
06-10-2026 02:45:00,-0.081
06-10-2026 03:00:00,-0.083
06-10-2026 03:15:00,-0.092
06-10-2026 03:30:00,-0.1
06-10-2026 03:45:00,-0.097
06-10-2026 04:00:00,-0.101
06-10-2026 04:15:00,-0.096
06-10-2026 04:30:00,-0.096
06-10-2026 04:45:00,-0.094
06-10-2026 05:00:00,-0.088
06-10-2026 05:15:00,-0.087
06-10-2026 05:30:00,-0.055
06-10-2026 05:45:00,2.89
06-10-2026 06:00:00,8.723
06-10-2026 06:15:00,14.491
06-10-2026 06:30:00,18.81
06-10-2026 06:45:00,31.315
06-10-2026 07:00:00,58.65
06-10-2026 07:15:00,105.308
06-10-2026 07:30:00,179.334
06-10-2026 07:45:00,170.501
06-10-2026 08:00:00,227.676
06-10-2026 08:15:00,371.188
06-10-2026 08:30:00,474.928
06-10-2026 08:45:00,519.695
06-10-2026 09:00:00,420.049
06-10-2026 09:15:00,306.31
06-10-2026 09:30:00,295.088
06-10-2026 09:45:00,406.101
06-10-2026 10:00:00,480.325
06-10-2026 10:15:00,503.685
06-10-2026 10:30:00,551.399
06-10-2026 10:45:00,782.027
06-10-2026 11:00:00,670.454
06-10-2026 11:15:00,441.237
06-10-2026 11:30:00,477.738
06-10-2026 11:45:00,607.427
06-10-2026 12:00:00,607.091
06-10-2026 12:15:00,694.309
06-10-2026 12:30:00,647.451
06-10-2026 12:45:00,504.779
06-10-2026 13:00:00,561.022
06-10-2026 13:15:00,642.932
06-10-2026 13:30:00,717.726
06-10-2026 13:45:00,743.811
06-10-2026 14:00:00,673.925
06-10-2026 14:15:00,678.424
06-10-2026 14:30:00,""
06-10-2026 14:45:00,541.814
06-10-2026 15:00:00,531.148
06-10-2026 15:15:00,611.33
06-10-2026 15:30:00,547.085
06-10-2026 15:45:00,374.882
06-10-2026 16:00:00,292.476
06-10-2026 16:15:00,252.491
06-10-2026 16:30:00,211.209
06-10-2026 16:45:00,179.831
06-10-2026 17:00:00,169.65
06-10-2026 17:15:00,162.491
06-10-2026 17:30:00,181.292
06-10-2026 17:45:00,174.733
06-10-2026 18:00:00,94.413
06-10-2026 18:15:00,54.952
06-10-2026 18:30:00,42.1
06-10-2026 18:45:00,27.628
06-10-2026 19:00:00,""
06-10-2026 19:15:00,-0.041
06-10-2026 19:30:00,-0.066
06-10-2026 19:45:00,-0.095
06-10-2026 20:00:00,-0.096
06-10-2026 20:15:00,-0.1
06-10-2026 20:30:00,-0.101
06-10-2026 20:45:00,-0.101
06-10-2026 21:00:00,-0.102
06-10-2026 21:15:00,-0.091
06-10-2026 21:30:00,-0.089
06-10-2026 21:45:00,-0.095
06-10-2026 22:00:00,-0.091
06-10-2026 22:15:00,-0.099
06-10-2026 22:30:00,""
06-10-2026 22:45:00,-0.095
06-10-2026 23:00:00,-0.095
06-10-2026 23:15:00,-0.095
06-10-2026 23:30:00,-0.096
06-10-2026 23:45:00,-0.095
06-11-2026 00:00:00,-0.1
06-11-2026 00:15:00,-0.094
06-11-2026 00:30:00,-0.091
06-11-2026 00:45:00,-0.088
06-11-2026 01:00:00,-0.089
06-11-2026 01:15:00,-0.089
06-11-2026 01:30:00,-0.098
06-11-2026 01:45:00,-0.084
06-11-2026 02:00:00,-0.094
06-11-2026 02:15:00,-0.1
06-11-2026 02:30:00,-0.098
06-11-2026 02:45:00,-0.088
06-11-2026 03:00:00,-0.085
06-11-2026 03:15:00,-0.092
06-11-2026 03:30:00,-0.095
06-11-2026 03:45:00,-0.082
06-11-2026 04:00:00,-0.098
06-11-2026 04:15:00,-0.086
06-11-2026 04:30:00,-0.083
06-11-2026 04:45:00,-0.094
06-11-2026 05:00:00,""
06-11-2026 05:15:00,-0.094
06-11-2026 05:30:00,-0.032
06-11-2026 05:45:00,3.887
06-11-2026 06:00:00,9.615
06-11-2026 06:15:00,16.719
06-11-2026 06:30:00,30.334
06-11-2026 06:45:00,33.342
06-11-2026 07:00:00,121.509
06-11-2026 07:15:00,159.418
06-11-2026 07:30:00,251.488
06-11-2026 07:45:00,309.277
06-11-2026 08:00:00,356.004
06-11-2026 08:15:00,402.027
06-11-2026 08:30:00,444.653
06-11-2026 08:45:00,483.959
06-11-2026 09:00:00,520.546
06-11-2026 09:15:00,557.381
06-11-2026 09:30:00,588.853
06-11-2026 09:45:00,619.47
06-11-2026 10:00:00,640.805
06-11-2026 10:15:00,661.706
06-11-2026 10:30:00,682.469
06-11-2026 10:45:00,704.833
06-11-2026 11:00:00,716.115
06-11-2026 11:15:00,726.452
06-11-2026 11:30:00,740.91
06-11-2026 11:45:00,748.763
06-11-2026 12:00:00,754.4
06-11-2026 12:15:00,756.706
06-11-2026 12:30:00,750.936
06-11-2026 12:45:00,745.619
06-11-2026 13:00:00,736.481
06-11-2026 13:15:00,728.578
06-11-2026 13:30:00,725.617
06-11-2026 13:45:00,717.044
06-11-2026 14:00:00,697.55
06-11-2026 14:15:00,675.963
06-11-2026 14:30:00,659.577
06-11-2026 14:45:00,634.58
06-11-2026 15:00:00,613.349
06-11-2026 15:15:00,583.032
06-11-2026 15:30:00,547.491
06-11-2026 15:45:00,514.422
06-11-2026 16:00:00,476.891
06-11-2026 16:15:00,433.316
06-11-2026 16:30:00,391.574
06-11-2026 16:45:00,342.185
06-11-2026 17:00:00,292.136
06-11-2026 17:15:00,246.487
06-11-2026 17:30:00,201.707
06-11-2026 17:45:00,153.916
06-11-2026 18:00:00,106.469
06-11-2026 18:15:00,66.041
06-11-2026 18:30:00,43.35
06-11-2026 18:45:00,13.734
06-11-2026 19:00:00,6.367
06-11-2026 19:15:00,0.169
06-11-2026 19:30:00,-0.08
06-11-2026 19:45:00,-0.087
06-11-2026 20:00:00,-0.091
06-11-2026 20:15:00,-0.096
06-11-2026 20:30:00,-0.095
06-11-2026 20:45:00,-0.089
06-11-2026 21:00:00,-0.089
06-11-2026 21:15:00,-0.095
06-11-2026 21:30:00,-0.095
06-11-2026 21:45:00,-0.091
06-11-2026 22:00:00,-0.091
06-11-2026 22:15:00,-0.091
06-11-2026 22:30:00,-0.089
06-11-2026 22:45:00,-0.087
06-11-2026 23:00:00,-0.086
06-11-2026 23:15:00,-0.089
06-11-2026 23:30:00,-0.093
06-11-2026 23:45:00,-0.091
06-12-2026 00:00:00,-0.093
06-12-2026 00:15:00,-0.093
06-12-2026 00:30:00,-0.087
06-12-2026 00:45:00,-0.084
06-12-2026 01:00:00,-0.088
06-12-2026 01:15:00,-0.091
06-12-2026 01:30:00,-0.089
06-12-2026 01:45:00,-0.086
06-12-2026 02:00:00,-0.086
06-12-2026 02:15:00,-0.092
06-12-2026 02:30:00,-0.097
06-12-2026 02:45:00,-0.096
06-12-2026 03:00:00,-0.098
06-12-2026 03:15:00,-0.098
06-12-2026 03:30:00,-0.098
06-12-2026 03:45:00,-0.101
06-12-2026 04:00:00,-0.096
06-12-2026 04:15:00,-0.091
06-12-2026 04:30:00,-0.092
06-12-2026 04:45:00,-0.096
06-12-2026 05:00:00,-0.103
06-12-2026 05:15:00,-0.093
06-12-2026 05:30:00,0.088
06-12-2026 05:45:00,1.511
06-12-2026 06:00:00,5.996
06-12-2026 06:15:00,14.215
06-12-2026 06:30:00,""
06-12-2026 06:45:00,103.585
06-12-2026 07:00:00,129.447
06-12-2026 07:15:00,177.933
06-12-2026 07:30:00,227.591
06-12-2026 07:45:00,277.086
06-12-2026 08:00:00,324.372
06-12-2026 08:15:00,370.818
06-12-2026 08:30:00,414.521
06-12-2026 08:45:00,456.711
06-12-2026 09:00:00,493.966
06-12-2026 09:15:00,528.403
06-12-2026 09:30:00,566.127
06-12-2026 09:45:00,599.985
06-12-2026 10:00:00,632.091
06-12-2026 10:15:00,654.074
06-12-2026 10:30:00,691.007
06-12-2026 10:45:00,690.931
06-12-2026 11:00:00,706.283
06-12-2026 11:15:00,721.428
06-12-2026 11:30:00,730.943
06-12-2026 11:45:00,736.136
06-12-2026 12:00:00,738.852
06-12-2026 12:15:00,746.734
06-12-2026 12:30:00,746.501
06-12-2026 12:45:00,741.233
06-12-2026 13:00:00,""
06-12-2026 13:15:00,720.627
06-12-2026 13:30:00,711.623
06-12-2026 13:45:00,707.219
06-12-2026 14:00:00,688.214
06-12-2026 14:15:00,670.536
06-12-2026 14:30:00,649.24
06-12-2026 14:45:00,627.782
06-12-2026 15:00:00,616.241
06-12-2026 15:15:00,579.27
06-12-2026 15:30:00,543.477
06-12-2026 15:45:00,342.305
06-12-2026 16:00:00,450.727
06-12-2026 16:15:00,469.87
06-12-2026 16:30:00,416.116
06-12-2026 16:45:00,370.254
06-12-2026 17:00:00,316.125
06-12-2026 17:15:00,301.328
06-12-2026 17:30:00,233.092
06-12-2026 17:45:00,156.862
06-12-2026 18:00:00,93.02
06-12-2026 18:15:00,41.653
06-12-2026 18:30:00,18.527
06-12-2026 18:45:00,7.717
06-12-2026 19:00:00,1.962
06-12-2026 19:15:00,0.114
06-12-2026 19:30:00,-0.098
06-12-2026 19:45:00,-0.09
06-12-2026 20:00:00,-0.101
06-12-2026 20:15:00,-0.095
06-12-2026 20:30:00,-0.095
06-12-2026 20:45:00,-0.09
06-12-2026 21:00:00,-0.091
06-12-2026 21:15:00,-0.098
06-12-2026 21:30:00,-0.089
06-12-2026 21:45:00,-0.09
06-12-2026 22:00:00,-0.087
06-12-2026 22:15:00,-0.083
06-12-2026 22:30:00,-0.085
06-12-2026 22:45:00,-0.09
06-12-2026 23:00:00,-0.09
06-12-2026 23:15:00,-0.089
06-12-2026 23:30:00,-0.084
06-12-2026 23:45:00,-0.082
06-13-2026 00:00:00,-0.088
06-13-2026 00:15:00,-0.097
06-13-2026 00:30:00,-0.098
06-13-2026 00:45:00,-0.094
06-13-2026 01:00:00,-0.098
06-13-2026 01:15:00,-0.099
06-13-2026 01:30:00,-0.094
06-13-2026 01:45:00,-0.087
06-13-2026 02:00:00,-0.087
06-13-2026 02:15:00,-0.089
06-13-2026 02:30:00,-0.089
06-13-2026 02:45:00,-0.091
06-13-2026 03:00:00,-0.093
06-13-2026 03:15:00,-0.092
06-13-2026 03:30:00,-0.091
06-13-2026 03:45:00,-0.092
06-13-2026 04:00:00,-0.094
06-13-2026 04:15:00,-0.09
06-13-2026 04:30:00,-0.086
06-13-2026 04:45:00,-0.089
06-13-2026 05:00:00,-0.088
06-13-2026 05:15:00,-0.083
06-13-2026 05:30:00,0.297
06-13-2026 05:45:00,2.725
06-13-2026 06:00:00,8.171
06-13-2026 06:15:00,21.698
06-13-2026 06:30:00,52.33
06-13-2026 06:45:00,95.15
06-13-2026 07:00:00,141.758
06-13-2026 07:15:00,190.866
06-13-2026 07:30:00,241.313
06-13-2026 07:45:00,290.853
06-13-2026 08:00:00,338.619
06-13-2026 08:15:00,385.592
06-13-2026 08:30:00,431.296
06-13-2026 08:45:00,472.921
06-13-2026 09:00:00,510.984
06-13-2026 09:15:00,545.524
06-13-2026 09:30:00,577.382
06-13-2026 09:45:00,606.391
06-13-2026 10:00:00,632.271
06-13-2026 10:15:00,658.368
06-13-2026 10:30:00,680.538
06-13-2026 10:45:00,694.366
06-13-2026 11:00:00,706.424
06-13-2026 11:15:00,716.06
06-13-2026 11:30:00,723.306
06-13-2026 11:45:00,730.886
06-13-2026 12:00:00,740.041
06-13-2026 12:15:00,746.468
06-13-2026 12:30:00,745.417
06-13-2026 12:45:00,743.116
06-13-2026 13:00:00,737.596
06-13-2026 13:15:00,734.97
06-13-2026 13:30:00,732.99
06-13-2026 13:45:00,717.826
06-13-2026 14:00:00,702.468
06-13-2026 14:15:00,688.072
06-13-2026 14:30:00,669.393
06-13-2026 14:45:00,648.112
06-13-2026 15:00:00,624.485
06-13-2026 15:15:00,597.498
06-13-2026 15:30:00,567.99
06-13-2026 15:45:00,534.545
06-13-2026 16:00:00,497.438
06-13-2026 16:15:00,458.955
06-13-2026 16:30:00,418.067
06-13-2026 16:45:00,373.154
06-13-2026 17:00:00,328.79
06-13-2026 17:15:00,281.101
06-13-2026 17:30:00,231.247
06-13-2026 17:45:00,181.568
06-13-2026 18:00:00,132.064
06-13-2026 18:15:00,86.11
06-13-2026 18:30:00,47.564
06-13-2026 18:45:00,20.543
06-13-2026 19:00:00,""
06-13-2026 19:15:00,-0.037
06-13-2026 19:30:00,-0.083
06-13-2026 19:45:00,-0.09
06-13-2026 20:00:00,-0.084
06-13-2026 20:15:00,-0.107
06-13-2026 20:30:00,-0.093
06-13-2026 20:45:00,-0.105
06-13-2026 21:00:00,-0.086
06-13-2026 21:15:00,-0.087
06-13-2026 21:30:00,""
06-13-2026 21:45:00,-0.084
06-13-2026 22:00:00,-0.086
06-13-2026 22:15:00,-0.104
06-13-2026 22:30:00,-0.095
06-13-2026 22:45:00,-0.094
06-13-2026 23:00:00,-0.106
06-13-2026 23:15:00,-0.109
06-13-2026 23:30:00,-0.109
06-13-2026 23:45:00,-0.097
06-14-2026 00:00:00,-0.086
06-14-2026 00:15:00,-0.087
06-14-2026 00:30:00,-0.088
06-14-2026 00:45:00,-0.082
06-14-2026 01:00:00,-0.095
06-14-2026 01:15:00,-0.097
06-14-2026 01:30:00,-0.087
06-14-2026 01:45:00,-0.087
06-14-2026 02:00:00,-0.097
06-14-2026 02:15:00,-0.1
06-14-2026 02:30:00,-0.092
06-14-2026 02:45:00,-0.087
06-14-2026 03:00:00,-0.09
06-14-2026 03:15:00,-0.08
06-14-2026 03:30:00,-0.087
06-14-2026 03:45:00,-0.096
06-14-2026 04:00:00,-0.093
06-14-2026 04:15:00,-0.095
06-14-2026 04:30:00,-0.1
06-14-2026 04:45:00,-0.091
06-14-2026 05:00:00,-0.093
06-14-2026 05:15:00,-0.087
06-14-2026 05:30:00,-0.056
06-14-2026 05:45:00,4.706
06-14-2026 06:00:00,18.069
06-14-2026 06:15:00,22.341
06-14-2026 06:30:00,44.813
06-14-2026 06:45:00,67.051
06-14-2026 07:00:00,81.313
06-14-2026 07:15:00,82.015
06-14-2026 07:30:00,96.69
06-14-2026 07:45:00,99.621
06-14-2026 08:00:00,125.183
06-14-2026 08:15:00,157.822
06-14-2026 08:30:00,170.729
06-14-2026 08:45:00,189.61
06-14-2026 09:00:00,193.906
06-14-2026 09:15:00,207.197
06-14-2026 09:30:00,334.498
06-14-2026 09:45:00,325.794
06-14-2026 10:00:00,256.319
06-14-2026 10:15:00,502.809
06-14-2026 10:30:00,557.47
06-14-2026 10:45:00,450.545
06-14-2026 11:00:00,628.714
06-14-2026 11:15:00,821.441
06-14-2026 11:30:00,716.472
06-14-2026 11:45:00,501.557
06-14-2026 12:00:00,548.387
06-14-2026 12:15:00,767.411
06-14-2026 12:30:00,838.46
06-14-2026 12:45:00,824.595
06-14-2026 13:00:00,831.739
06-14-2026 13:15:00,763.382
06-14-2026 13:30:00,672.069
06-14-2026 13:45:00,582.295
06-14-2026 14:00:00,521.337
06-14-2026 14:15:00,608.174
06-14-2026 14:30:00,688.951
06-14-2026 14:45:00,682.017
06-14-2026 15:00:00,593.688
06-14-2026 15:15:00,375.713
06-14-2026 15:30:00,219.684
06-14-2026 15:45:00,213.841
06-14-2026 16:00:00,229.091
06-14-2026 16:15:00,267.6
06-14-2026 16:30:00,317.305
06-14-2026 16:45:00,245.324
06-14-2026 17:00:00,165.911
06-14-2026 17:15:00,149.927
06-14-2026 17:30:00,81.134
06-14-2026 17:45:00,46.971
06-14-2026 18:00:00,33.857
06-14-2026 18:15:00,23.774
06-14-2026 18:30:00,14.19
06-14-2026 18:45:00,7.88
06-14-2026 19:00:00,""
06-14-2026 19:15:00,-0.072
06-14-2026 19:30:00,-0.093
06-14-2026 19:45:00,-0.098
06-14-2026 20:00:00,-0.095
06-14-2026 20:15:00,-0.09
06-14-2026 20:30:00,-0.088
06-14-2026 20:45:00,-0.081
06-14-2026 21:00:00,-0.082
06-14-2026 21:15:00,-0.091
06-14-2026 21:30:00,-0.096
06-14-2026 21:45:00,-0.098
06-14-2026 22:00:00,-0.095
06-14-2026 22:15:00,-0.091
06-14-2026 22:30:00,-0.088
06-14-2026 22:45:00,-0.081
06-14-2026 23:00:00,-0.088
06-14-2026 23:15:00,-0.09
06-14-2026 23:30:00,-0.092
06-14-2026 23:45:00,-0.094
06-15-2026 00:00:00,-0.106
06-15-2026 00:15:00,-0.092
06-15-2026 00:30:00,-0.09
06-15-2026 00:45:00,-0.09
06-15-2026 01:00:00,-0.095
06-15-2026 01:15:00,-0.097
06-15-2026 01:30:00,-0.093
06-15-2026 01:45:00,-0.088
06-15-2026 02:00:00,-0.091
06-15-2026 02:15:00,-0.102
06-15-2026 02:30:00,-0.098
06-15-2026 02:45:00,-0.089
06-15-2026 03:00:00,-0.087
06-15-2026 03:15:00,-0.098
06-15-2026 03:30:00,-0.088
06-15-2026 03:45:00,-0.101
06-15-2026 04:00:00,-0.1
06-15-2026 04:15:00,-0.099
06-15-2026 04:30:00,-0.099
06-15-2026 04:45:00,-0.1
06-15-2026 05:00:00,-0.097
06-15-2026 05:15:00,-0.09
06-15-2026 05:30:00,-0.092
06-15-2026 05:45:00,0.051
06-15-2026 06:00:00,2.285
06-15-2026 06:15:00,8.761
06-15-2026 06:30:00,""
06-15-2026 06:45:00,33.473
06-15-2026 07:00:00,80.332
06-15-2026 07:15:00,66.285
06-15-2026 07:30:00,61.392
06-15-2026 07:45:00,47.963
06-15-2026 08:00:00,93.375
06-15-2026 08:15:00,104.862
06-15-2026 08:30:00,476.577
06-15-2026 08:45:00,593.57
06-15-2026 09:00:00,589.614
06-15-2026 09:15:00,607.397
06-15-2026 09:30:00,617.873
06-15-2026 09:45:00,644.611
06-15-2026 10:00:00,674.067
06-15-2026 10:15:00,769.923
06-15-2026 10:30:00,475.572
06-15-2026 10:45:00,657.698
06-15-2026 11:00:00,739.955
06-15-2026 11:15:00,740.542
06-15-2026 11:30:00,765.989
06-15-2026 11:45:00,797.566
06-15-2026 12:00:00,779.648
06-15-2026 12:15:00,787.94
06-15-2026 12:30:00,635.128
06-15-2026 12:45:00,687.974
06-15-2026 13:00:00,751.209
06-15-2026 13:15:00,780.828
06-15-2026 13:30:00,749.203
06-15-2026 13:45:00,709.531
06-15-2026 14:00:00,692.54
06-15-2026 14:15:00,674.392
06-15-2026 14:30:00,655.535
06-15-2026 14:45:00,637.845
06-15-2026 15:00:00,619.546
06-15-2026 15:15:00,566.731
06-15-2026 15:30:00,417.548
06-15-2026 15:45:00,468.538
06-15-2026 16:00:00,550.726
06-15-2026 16:15:00,495.675
06-15-2026 16:30:00,411.209
06-15-2026 16:45:00,369.988
06-15-2026 17:00:00,326.743
06-15-2026 17:15:00,265.871
06-15-2026 17:30:00,204.962
06-15-2026 17:45:00,140.208
06-15-2026 18:00:00,76.318
06-15-2026 18:15:00,36.456
06-15-2026 18:30:00,19.025
06-15-2026 18:45:00,9.43
06-15-2026 19:00:00,4.736
06-15-2026 19:15:00,0.416
06-15-2026 19:30:00,-0.084
06-15-2026 19:45:00,-0.095
06-15-2026 20:00:00,-0.102
06-15-2026 20:15:00,-0.1
06-15-2026 20:30:00,-0.094
06-15-2026 20:45:00,-0.095
06-15-2026 21:00:00,-0.093
06-15-2026 21:15:00,-0.091
06-15-2026 21:30:00,-0.094
06-15-2026 21:45:00,-0.091
06-15-2026 22:00:00,-0.088
06-15-2026 22:15:00,-0.087
06-15-2026 22:30:00,-0.086
06-15-2026 22:45:00,-0.09
06-15-2026 23:00:00,-0.091
06-15-2026 23:15:00,-0.092
06-15-2026 23:30:00,-0.097
06-15-2026 23:45:00,-0.098
06-16-2026 00:00:00,-0.099
06-16-2026 00:15:00,-0.103
06-16-2026 00:30:00,-0.101
06-16-2026 00:45:00,-0.095
06-16-2026 01:00:00,-0.094
06-16-2026 01:15:00,-0.096
06-16-2026 01:30:00,-0.092
06-16-2026 01:45:00,-0.091
06-16-2026 02:00:00,-0.088
06-16-2026 02:15:00,-0.094
06-16-2026 02:30:00,-0.097
06-16-2026 02:45:00,-0.091
06-16-2026 03:00:00,-0.09
06-16-2026 03:15:00,-0.09
06-16-2026 03:30:00,-0.089
06-16-2026 03:45:00,-0.089
06-16-2026 04:00:00,-0.083
06-16-2026 04:15:00,-0.087
06-16-2026 04:30:00,-0.091
06-16-2026 04:45:00,-0.093
06-16-2026 05:00:00,-0.094
06-16-2026 05:15:00,-0.087
06-16-2026 05:30:00,0.038
06-16-2026 05:45:00,1.106
06-16-2026 06:00:00,4.598
06-16-2026 06:15:00,10.149
06-16-2026 06:30:00,""
06-16-2026 06:45:00,21.65
06-16-2026 07:00:00,25.466
06-16-2026 07:15:00,49.915
06-16-2026 07:30:00,91.175
06-16-2026 07:45:00,153.363
06-16-2026 08:00:00,342.818
06-16-2026 08:15:00,165.93
06-16-2026 08:30:00,429.995
06-16-2026 08:45:00,469.255
06-16-2026 09:00:00,509.804
06-16-2026 09:15:00,540.073
06-16-2026 09:30:00,573.597
06-16-2026 09:45:00,602
06-16-2026 10:00:00,630.45
06-16-2026 10:15:00,651.222
06-16-2026 10:30:00,""
06-16-2026 10:45:00,713.72
06-16-2026 11:00:00,719.366
06-16-2026 11:15:00,721.875
06-16-2026 11:30:00,739.36
06-16-2026 11:45:00,740.182
06-16-2026 12:00:00,748.371
06-16-2026 12:15:00,748.061
06-16-2026 12:30:00,745.322
06-16-2026 12:45:00,746.011
06-16-2026 13:00:00,738.737
06-16-2026 13:15:00,""
06-16-2026 13:30:00,717.696
06-16-2026 13:45:00,706.24
06-16-2026 14:00:00,694.295
06-16-2026 14:15:00,681.175
06-16-2026 14:30:00,654.746
06-16-2026 14:45:00,630.778
06-16-2026 15:00:00,604.331
06-16-2026 15:15:00,580.7
06-16-2026 15:30:00,547.369
06-16-2026 15:45:00,512.622
06-16-2026 16:00:00,478.038
06-16-2026 16:15:00,439.841
06-16-2026 16:30:00,386.978
06-16-2026 16:45:00,337.601
06-16-2026 17:00:00,283.299
06-16-2026 17:15:00,237.289
06-16-2026 17:30:00,188.385
06-16-2026 17:45:00,140.029
06-16-2026 18:00:00,96.201
06-16-2026 18:15:00,57.815
06-16-2026 18:30:00,29.543
06-16-2026 18:45:00,12.045
06-16-2026 19:00:00,2.961
06-16-2026 19:15:00,0.215
06-16-2026 19:30:00,-0.089
06-16-2026 19:45:00,-0.091
06-16-2026 20:00:00,-0.089
06-16-2026 20:15:00,-0.09
06-16-2026 20:30:00,-0.094
06-16-2026 20:45:00,-0.092
06-16-2026 21:00:00,-0.088
06-16-2026 21:15:00,-0.09
06-16-2026 21:30:00,-0.095
06-16-2026 21:45:00,-0.095
06-16-2026 22:00:00,-0.093
06-16-2026 22:15:00,-0.092
06-16-2026 22:30:00,-0.093
06-16-2026 22:45:00,""
06-16-2026 23:00:00,-0.088
06-16-2026 23:15:00,-0.087
06-16-2026 23:30:00,-0.095
06-16-2026 23:45:00,-0.094
06-17-2026 00:00:00,-0.087
06-17-2026 00:15:00,-0.088
06-17-2026 00:30:00,-0.092
06-17-2026 00:45:00,-0.092
06-17-2026 01:00:00,-0.096
06-17-2026 01:15:00,-0.099
06-17-2026 01:30:00,-0.096
06-17-2026 01:45:00,-0.091
06-17-2026 02:00:00,-0.088
06-17-2026 02:15:00,-0.088
06-17-2026 02:30:00,-0.086
06-17-2026 02:45:00,-0.086
06-17-2026 03:00:00,-0.092
06-17-2026 03:15:00,-0.095
06-17-2026 03:30:00,-0.09
06-17-2026 03:45:00,-0.086
06-17-2026 04:00:00,-0.087
06-17-2026 04:15:00,-0.094
06-17-2026 04:30:00,-0.097
06-17-2026 04:45:00,-0.096
06-17-2026 05:00:00,-0.098
06-17-2026 05:15:00,-0.09
06-17-2026 05:30:00,0.007
06-17-2026 05:45:00,2.023
06-17-2026 06:00:00,9.134
06-17-2026 06:15:00,22.389
06-17-2026 06:30:00,40.212
06-17-2026 06:45:00,52.525
06-17-2026 07:00:00,53.538
06-17-2026 07:15:00,84.169
06-17-2026 07:30:00,176.549
06-17-2026 07:45:00,263.803
06-17-2026 08:00:00,308.547
06-17-2026 08:15:00,360.49
06-17-2026 08:30:00,409.617
06-17-2026 08:45:00,443.706
06-17-2026 09:00:00,479.794
06-17-2026 09:15:00,514.806
06-17-2026 09:30:00,550.107
06-17-2026 09:45:00,580.868
06-17-2026 10:00:00,605.977
06-17-2026 10:15:00,631.322
06-17-2026 10:30:00,651.051
06-17-2026 10:45:00,672.693
06-17-2026 11:00:00,689.4
06-17-2026 11:15:00,703.253
06-17-2026 11:30:00,712.355
06-17-2026 11:45:00,720.363
06-17-2026 12:00:00,729.2
06-17-2026 12:15:00,733.878
06-17-2026 12:30:00,734.352
06-17-2026 12:45:00,733.17
06-17-2026 13:00:00,729.036
06-17-2026 13:15:00,729.49
06-17-2026 13:30:00,723.732
06-17-2026 13:45:00,706.609
06-17-2026 14:00:00,689.964
06-17-2026 14:15:00,693.094
06-17-2026 14:30:00,""
06-17-2026 14:45:00,626.862
06-17-2026 15:00:00,612.815
06-17-2026 15:15:00,590.878
06-17-2026 15:30:00,557.316
06-17-2026 15:45:00,509.033
06-17-2026 16:00:00,484.428
06-17-2026 16:15:00,442.503
06-17-2026 16:30:00,407.605
06-17-2026 16:45:00,362.949
06-17-2026 17:00:00,318.734
06-17-2026 17:15:00,270.319
06-17-2026 17:30:00,235.616
06-17-2026 17:45:00,186.452
06-17-2026 18:00:00,105.161
06-17-2026 18:15:00,52.123
06-17-2026 18:30:00,35.289
06-17-2026 18:45:00,21.214
06-17-2026 19:00:00,""
06-17-2026 19:15:00,-0.084
06-17-2026 19:30:00,-0.085
06-17-2026 19:45:00,-0.091
06-17-2026 20:00:00,""
06-17-2026 20:15:00,-0.092
06-17-2026 20:30:00,-0.083
06-17-2026 20:45:00,-0.091
06-17-2026 21:00:00,-0.1
06-17-2026 21:15:00,-0.097
06-17-2026 21:30:00,-0.078
06-17-2026 21:45:00,-0.085
06-17-2026 22:00:00,-0.079
06-17-2026 22:15:00,-0.088
06-17-2026 22:30:00,-0.091
06-17-2026 22:45:00,-0.094
06-17-2026 23:00:00,-0.1
06-17-2026 23:15:00,-0.087
06-17-2026 23:30:00,-0.085
06-17-2026 23:45:00,-0.087
06-18-2026 00:00:00,-0.091
06-18-2026 00:15:00,-0.089
06-18-2026 00:30:00,-0.101
06-18-2026 00:45:00,-0.106
06-18-2026 01:00:00,-0.105
06-18-2026 01:15:00,-0.101
06-18-2026 01:30:00,-0.095
06-18-2026 01:45:00,-0.091
06-18-2026 02:00:00,-0.094
06-18-2026 02:15:00,-0.096
06-18-2026 02:30:00,-0.09
06-18-2026 02:45:00,-0.089
06-18-2026 03:00:00,-0.089
06-18-2026 03:15:00,-0.088
06-18-2026 03:30:00,-0.095
06-18-2026 03:45:00,-0.093
06-18-2026 04:00:00,-0.097
06-18-2026 04:15:00,-0.086
06-18-2026 04:30:00,-0.074
06-18-2026 04:45:00,-0.079
06-18-2026 05:00:00,-0.09
06-18-2026 05:15:00,-0.08
06-18-2026 05:30:00,-0.057
06-18-2026 05:45:00,3.163
06-18-2026 06:00:00,9.898
06-18-2026 06:15:00,17.957
06-18-2026 06:30:00,48.275
06-18-2026 06:45:00,93.1
06-18-2026 07:00:00,137.168
06-18-2026 07:15:00,183.06
06-18-2026 07:30:00,230.539
06-18-2026 07:45:00,276.566
06-18-2026 08:00:00,324.42
06-18-2026 08:15:00,288.898
06-18-2026 08:30:00,317.235
06-18-2026 08:45:00,456.264
06-18-2026 09:00:00,400.502
06-18-2026 09:15:00,233.46
06-18-2026 09:30:00,195.795
06-18-2026 09:45:00,389.546
06-18-2026 10:00:00,592.593
06-18-2026 10:15:00,634.329
06-18-2026 10:30:00,502.256
06-18-2026 10:45:00,283.344
06-18-2026 11:00:00,257.234
06-18-2026 11:15:00,371.294
06-18-2026 11:30:00,511.949
06-18-2026 11:45:00,566.074
06-18-2026 12:00:00,388.751
06-18-2026 12:15:00,388.703
06-18-2026 12:30:00,581.905
06-18-2026 12:45:00,603.8
06-18-2026 13:00:00,621.265
06-18-2026 13:15:00,634.126
06-18-2026 13:30:00,589.187
06-18-2026 13:45:00,463.379
06-18-2026 14:00:00,296.305
06-18-2026 14:15:00,377.258
06-18-2026 14:30:00,573.735
06-18-2026 14:45:00,583.846
06-18-2026 15:00:00,365.655
06-18-2026 15:15:00,262.228
06-18-2026 15:30:00,320.015
06-18-2026 15:45:00,407.124
06-18-2026 16:00:00,377.198
06-18-2026 16:15:00,169.508
06-18-2026 16:30:00,124.918
06-18-2026 16:45:00,148.877
06-18-2026 17:00:00,165.816
06-18-2026 17:15:00,198.682
06-18-2026 17:30:00,195.253
06-18-2026 17:45:00,141.112
06-18-2026 18:00:00,126.647
06-18-2026 18:15:00,69.979
06-18-2026 18:30:00,23.977
06-18-2026 18:45:00,14.051
06-18-2026 19:00:00,""
06-18-2026 19:15:00,-0.046
06-18-2026 19:30:00,-0.071
06-18-2026 19:45:00,-0.107
06-18-2026 20:00:00,-0.104
06-18-2026 20:15:00,-0.096
06-18-2026 20:30:00,-0.094
06-18-2026 20:45:00,-0.088
06-18-2026 21:00:00,-0.097
06-18-2026 21:15:00,-0.098
06-18-2026 21:30:00,-0.091
06-18-2026 21:45:00,-0.092
06-18-2026 22:00:00,-0.089
06-18-2026 22:15:00,-0.093
06-18-2026 22:30:00,-0.085
06-18-2026 22:45:00,-0.089
06-18-2026 23:00:00,-0.091
06-18-2026 23:15:00,-0.095
06-18-2026 23:30:00,-0.101
06-18-2026 23:45:00,-0.093
06-19-2026 00:00:00,-0.086
06-19-2026 00:15:00,-0.088
06-19-2026 00:30:00,-0.088
06-19-2026 00:45:00,-0.097
06-19-2026 01:00:00,-0.09
06-19-2026 01:15:00,-0.088
06-19-2026 01:30:00,-0.094
06-19-2026 01:45:00,-0.084
06-19-2026 02:00:00,-0.098
06-19-2026 02:15:00,-0.1
06-19-2026 02:30:00,""
06-19-2026 02:45:00,-0.092
06-19-2026 03:00:00,-0.098
06-19-2026 03:15:00,-0.084
06-19-2026 03:30:00,-0.094
06-19-2026 03:45:00,-0.091
06-19-2026 04:00:00,-0.099
06-19-2026 04:15:00,""
06-19-2026 04:30:00,-0.076
06-19-2026 04:45:00,-0.099
06-19-2026 05:00:00,-0.1
06-19-2026 05:15:00,-0.088
06-19-2026 05:30:00,-0.045
06-19-2026 05:45:00,3.299
06-19-2026 06:00:00,9.342
06-19-2026 06:15:00,20.563
06-19-2026 06:30:00,51.271
06-19-2026 06:45:00,65.918
06-19-2026 07:00:00,63.474
06-19-2026 07:15:00,58.101
06-19-2026 07:30:00,219.187
06-19-2026 07:45:00,294.844
06-19-2026 08:00:00,190.57
06-19-2026 08:15:00,369.002
06-19-2026 08:30:00,434.306
06-19-2026 08:45:00,250.286
06-19-2026 09:00:00,448.382
06-19-2026 09:15:00,273.4
06-19-2026 09:30:00,354.237
06-19-2026 09:45:00,621.372
06-19-2026 10:00:00,719.272
06-19-2026 10:15:00,774.198
06-19-2026 10:30:00,576.436
06-19-2026 10:45:00,465.846
06-19-2026 11:00:00,627.807
06-19-2026 11:15:00,467.755
06-19-2026 11:30:00,517.45
06-19-2026 11:45:00,504.476
06-19-2026 12:00:00,335.801
06-19-2026 12:15:00,321.324
06-19-2026 12:30:00,229.931
06-19-2026 12:45:00,243.116
06-19-2026 13:00:00,203.054
06-19-2026 13:15:00,259.383
06-19-2026 13:30:00,294.595
06-19-2026 13:45:00,421.884
06-19-2026 14:00:00,606.781
06-19-2026 14:15:00,671.733
06-19-2026 14:30:00,651.495
06-19-2026 14:45:00,622.909
06-19-2026 15:00:00,597.928
06-19-2026 15:15:00,570.926
06-19-2026 15:30:00,540.839
06-19-2026 15:45:00,508.229
06-19-2026 16:00:00,470.17
06-19-2026 16:15:00,430.361
06-19-2026 16:30:00,391.316
06-19-2026 16:45:00,348.385
06-19-2026 17:00:00,301.324
06-19-2026 17:15:00,252.793
06-19-2026 17:30:00,203.654
06-19-2026 17:45:00,155.145
06-19-2026 18:00:00,109.41
06-19-2026 18:15:00,63.569
06-19-2026 18:30:00,26.875
06-19-2026 18:45:00,9.895
06-19-2026 19:00:00,5.648
06-19-2026 19:15:00,0.021
06-19-2026 19:30:00,-0.075
06-19-2026 19:45:00,-0.089
06-19-2026 20:00:00,-0.092
06-19-2026 20:15:00,-0.096
06-19-2026 20:30:00,-0.096
06-19-2026 20:45:00,-0.094
06-19-2026 21:00:00,-0.091
06-19-2026 21:15:00,-0.088
06-19-2026 21:30:00,-0.09
06-19-2026 21:45:00,-0.095
06-19-2026 22:00:00,-0.096
06-19-2026 22:15:00,-0.091
06-19-2026 22:30:00,-0.089
06-19-2026 22:45:00,-0.09
06-19-2026 23:00:00,-0.088
06-19-2026 23:15:00,-0.091
06-19-2026 23:30:00,-0.095
06-19-2026 23:45:00,-0.101
06-20-2026 00:00:00,-0.098
06-20-2026 00:15:00,-0.088
06-20-2026 00:30:00,-0.087
06-20-2026 00:45:00,-0.09
06-20-2026 01:00:00,-0.084
06-20-2026 01:15:00,-0.088
06-20-2026 01:30:00,-0.092
06-20-2026 01:45:00,-0.086
06-20-2026 02:00:00,-0.082
06-20-2026 02:15:00,-0.086
06-20-2026 02:30:00,-0.095
06-20-2026 02:45:00,-0.097
06-20-2026 03:00:00,-0.1
06-20-2026 03:15:00,-0.094
06-20-2026 03:30:00,-0.087
06-20-2026 03:45:00,-0.086
06-20-2026 04:00:00,-0.083
06-20-2026 04:15:00,-0.082
06-20-2026 04:30:00,-0.091
06-20-2026 04:45:00,-0.098
06-20-2026 05:00:00,-0.097
06-20-2026 05:15:00,-0.086
06-20-2026 05:30:00,0.007
06-20-2026 05:45:00,0.946
06-20-2026 06:00:00,4.488
06-20-2026 06:15:00,10.633
06-20-2026 06:30:00,19.732
06-20-2026 06:45:00,49.041
06-20-2026 07:00:00,112.167
06-20-2026 07:15:00,111.63
06-20-2026 07:30:00,92.769
06-20-2026 07:45:00,264.437
06-20-2026 08:00:00,314.276
06-20-2026 08:15:00,361.808
06-20-2026 08:30:00,399.404
06-20-2026 08:45:00,445.278
06-20-2026 09:00:00,485.254
06-20-2026 09:15:00,520.506
06-20-2026 09:30:00,553.47
06-20-2026 09:45:00,584.434
06-20-2026 10:00:00,612.575
06-20-2026 10:15:00,635.908
06-20-2026 10:30:00,659.453
06-20-2026 10:45:00,675.851
06-20-2026 11:00:00,691.989
06-20-2026 11:15:00,706.38
06-20-2026 11:30:00,""
06-20-2026 11:45:00,730.087
06-20-2026 12:00:00,733.331
06-20-2026 12:15:00,742.755
06-20-2026 12:30:00,744.245
06-20-2026 12:45:00,742.006
06-20-2026 13:00:00,737.282
06-20-2026 13:15:00,734.22
06-20-2026 13:30:00,727.402
06-20-2026 13:45:00,715.325
06-20-2026 14:00:00,""
06-20-2026 14:15:00,670.188
06-20-2026 14:30:00,650.45
06-20-2026 14:45:00,626.944
06-20-2026 15:00:00,600.659
06-20-2026 15:15:00,571.014
06-20-2026 15:30:00,534.786
06-20-2026 15:45:00,531.956
06-20-2026 16:00:00,462.521
06-20-2026 16:15:00,417.951
06-20-2026 16:30:00,378.077
06-20-2026 16:45:00,332.482
06-20-2026 17:00:00,285.396
06-20-2026 17:15:00,235.166
06-20-2026 17:30:00,187.748
06-20-2026 17:45:00,140.176
06-20-2026 18:00:00,93.907
06-20-2026 18:15:00,57.631
06-20-2026 18:30:00,27.234
06-20-2026 18:45:00,10.562
06-20-2026 19:00:00,2.532
06-20-2026 19:15:00,0.189
06-20-2026 19:30:00,-0.085
06-20-2026 19:45:00,-0.09
06-20-2026 20:00:00,-0.09
06-20-2026 20:15:00,-0.09
06-20-2026 20:30:00,-0.095
06-20-2026 20:45:00,-0.096
06-20-2026 21:00:00,-0.093
06-20-2026 21:15:00,-0.097
06-20-2026 21:30:00,-0.097
06-20-2026 21:45:00,-0.101
06-20-2026 22:00:00,-0.095
06-20-2026 22:15:00,-0.1
06-20-2026 22:30:00,-0.111
06-20-2026 22:45:00,-0.098
06-20-2026 23:00:00,-0.097
06-20-2026 23:15:00,-0.102
06-20-2026 23:30:00,-0.097
06-20-2026 23:45:00,-0.091
06-21-2026 00:00:00,-0.088
06-21-2026 00:15:00,-0.085
06-21-2026 00:30:00,-0.088
06-21-2026 00:45:00,-0.089
06-21-2026 01:00:00,-0.084
06-21-2026 01:15:00,-0.088
06-21-2026 01:30:00,-0.098
06-21-2026 01:45:00,-0.101
06-21-2026 02:00:00,-0.1
06-21-2026 02:15:00,-0.097
06-21-2026 02:30:00,-0.09
06-21-2026 02:45:00,-0.087
06-21-2026 03:00:00,-0.091
06-21-2026 03:15:00,-0.095
06-21-2026 03:30:00,-0.096
06-21-2026 03:45:00,-0.094
06-21-2026 04:00:00,-0.093
06-21-2026 04:15:00,-0.091
06-21-2026 04:30:00,-0.088
06-21-2026 04:45:00,-0.086
06-21-2026 05:00:00,-0.086
06-21-2026 05:15:00,-0.084
06-21-2026 05:30:00,-0.068
06-21-2026 05:45:00,1.532
06-21-2026 06:00:00,6.307
06-21-2026 06:15:00,14.046
06-21-2026 06:30:00,35.494
06-21-2026 06:45:00,80.226
06-21-2026 07:00:00,130.762
06-21-2026 07:15:00,176.695
06-21-2026 07:30:00,206.013
06-21-2026 07:45:00,272.679
06-21-2026 08:00:00,321.576
06-21-2026 08:15:00,367.203
06-21-2026 08:30:00,410.663
06-21-2026 08:45:00,395.777
06-21-2026 09:00:00,316.957
06-21-2026 09:15:00,391.189
06-21-2026 09:30:00,567.683
06-21-2026 09:45:00,601.221
06-21-2026 10:00:00,628.671
06-21-2026 10:15:00,647.838
06-21-2026 10:30:00,664.085
06-21-2026 10:45:00,676.026
06-21-2026 11:00:00,687.519
06-21-2026 11:15:00,702.071
06-21-2026 11:30:00,""
06-21-2026 11:45:00,717.516
06-21-2026 12:00:00,722.174
06-21-2026 12:15:00,727.516
06-21-2026 12:30:00,727.514
06-21-2026 12:45:00,724.321
06-21-2026 13:00:00,721.89
06-21-2026 13:15:00,717.292
06-21-2026 13:30:00,706.804
06-21-2026 13:45:00,697.98
06-21-2026 14:00:00,684.891
06-21-2026 14:15:00,669.841
06-21-2026 14:30:00,652.986
06-21-2026 14:45:00,633.854
06-21-2026 15:00:00,611.787
06-21-2026 15:15:00,582.935
06-21-2026 15:30:00,""
06-21-2026 15:45:00,507.133
06-21-2026 16:00:00,489.295
06-21-2026 16:15:00,451.791
06-21-2026 16:30:00,411.214
06-21-2026 16:45:00,372.824
06-21-2026 17:00:00,331.949
06-21-2026 17:15:00,261.022
06-21-2026 17:30:00,163.634
06-21-2026 17:45:00,184.256
06-21-2026 18:00:00,139.073
06-21-2026 18:15:00,95.11
06-21-2026 18:30:00,56.297
06-21-2026 18:45:00,27.893
06-21-2026 19:00:00,""
06-21-2026 19:15:00,-0.037
06-21-2026 19:30:00,""
06-21-2026 19:45:00,-0.09
06-21-2026 20:00:00,-0.09
06-21-2026 20:15:00,-0.104
06-21-2026 20:30:00,-0.088
06-21-2026 20:45:00,""
06-21-2026 21:00:00,-0.094
06-21-2026 21:15:00,-0.104
06-21-2026 21:30:00,-0.095
06-21-2026 21:45:00,-0.087
06-21-2026 22:00:00,-0.092
06-21-2026 22:15:00,-0.085
06-21-2026 22:30:00,-0.091
06-21-2026 22:45:00,-0.082
06-21-2026 23:00:00,-0.107
06-21-2026 23:15:00,-0.092
06-21-2026 23:30:00,-0.09
06-21-2026 23:45:00,-0.09
06-22-2026 00:00:00,-0.094
06-22-2026 00:15:00,-0.087
06-22-2026 00:30:00,-0.09
06-22-2026 00:45:00,-0.1
06-22-2026 01:00:00,-0.087
06-22-2026 01:15:00,-0.092
06-22-2026 01:30:00,-0.094
06-22-2026 01:45:00,-0.097
06-22-2026 02:00:00,-0.096
06-22-2026 02:15:00,-0.087
06-22-2026 02:30:00,-0.085
06-22-2026 02:45:00,-0.081
06-22-2026 03:00:00,-0.088
06-22-2026 03:15:00,-0.084
06-22-2026 03:30:00,-0.086
06-22-2026 03:45:00,-0.093
06-22-2026 04:00:00,-0.094
06-22-2026 04:15:00,-0.089
06-22-2026 04:30:00,-0.093
06-22-2026 04:45:00,-0.096
06-22-2026 05:00:00,-0.095
06-22-2026 05:15:00,-0.091
06-22-2026 05:30:00,-0.062
06-22-2026 05:45:00,3.004
06-22-2026 06:00:00,8.865
06-22-2026 06:15:00,15.098
06-22-2026 06:30:00,20.156
06-22-2026 06:45:00,42.602
06-22-2026 07:00:00,77.902
06-22-2026 07:15:00,88.058
06-22-2026 07:30:00,133.979
06-22-2026 07:45:00,246.552
06-22-2026 08:00:00,333.61
06-22-2026 08:15:00,399.582
06-22-2026 08:30:00,453.976
06-22-2026 08:45:00,421.923
06-22-2026 09:00:00,300.616
06-22-2026 09:15:00,253.532
06-22-2026 09:30:00,277.6
06-22-2026 09:45:00,268.001
06-22-2026 10:00:00,279.061
06-22-2026 10:15:00,401.043
06-22-2026 10:30:00,440.917
06-22-2026 10:45:00,442.582
06-22-2026 11:00:00,612.738
06-22-2026 11:15:00,733.699
06-22-2026 11:30:00,728.14
06-22-2026 11:45:00,734.364
06-22-2026 12:00:00,781.367
06-22-2026 12:15:00,819.125
06-22-2026 12:30:00,792.357
06-22-2026 12:45:00,763.997
06-22-2026 13:00:00,759.889
06-22-2026 13:15:00,744.43
06-22-2026 13:30:00,733.747
06-22-2026 13:45:00,736.324
06-22-2026 14:00:00,743.878
06-22-2026 14:15:00,730.134
06-22-2026 14:30:00,694.74
06-22-2026 14:45:00,668.303
06-22-2026 15:00:00,605.878
06-22-2026 15:15:00,442.884
06-22-2026 15:30:00,305.04
06-22-2026 15:45:00,162.048
06-22-2026 16:00:00,135.977
06-22-2026 16:15:00,145.294
06-22-2026 16:30:00,144.524
06-22-2026 16:45:00,142.97
06-22-2026 17:00:00,226.438
06-22-2026 17:15:00,306.91
06-22-2026 17:30:00,234.055
06-22-2026 17:45:00,150.165
06-22-2026 18:00:00,147.072
06-22-2026 18:15:00,111.488
06-22-2026 18:30:00,66.29
06-22-2026 18:45:00,30.987
06-22-2026 19:00:00,""
06-22-2026 19:15:00,-0.042
06-22-2026 19:30:00,""
06-22-2026 19:45:00,-0.094
06-22-2026 20:00:00,-0.091
06-22-2026 20:15:00,-0.095
06-22-2026 20:30:00,-0.094
06-22-2026 20:45:00,-0.082
06-22-2026 21:00:00,-0.085
06-22-2026 21:15:00,-0.088
06-22-2026 21:30:00,-0.086
06-22-2026 21:45:00,-0.087
06-22-2026 22:00:00,-0.091
06-22-2026 22:15:00,-0.087
06-22-2026 22:30:00,-0.091
06-22-2026 22:45:00,-0.085
06-22-2026 23:00:00,-0.093
06-22-2026 23:15:00,-0.085
06-22-2026 23:30:00,""
06-22-2026 23:45:00,-0.095
06-23-2026 00:00:00,-0.097
06-23-2026 00:15:00,-0.087
06-23-2026 00:30:00,-0.095
06-23-2026 00:45:00,-0.089
06-23-2026 01:00:00,-0.097
06-23-2026 01:15:00,-0.097
06-23-2026 01:30:00,-0.095
06-23-2026 01:45:00,-0.088
06-23-2026 02:00:00,-0.092
06-23-2026 02:15:00,-0.087
06-23-2026 02:30:00,-0.088
06-23-2026 02:45:00,-0.096
06-23-2026 03:00:00,-0.097
06-23-2026 03:15:00,""
06-23-2026 03:30:00,-0.087
06-23-2026 03:45:00,-0.091
06-23-2026 04:00:00,-0.086
06-23-2026 04:15:00,-0.089
06-23-2026 04:30:00,-0.093
06-23-2026 04:45:00,-0.085
06-23-2026 05:00:00,-0.102
06-23-2026 05:15:00,-0.09
06-23-2026 05:30:00,-0.053
06-23-2026 05:45:00,0.624
06-23-2026 06:00:00,6.009
06-23-2026 06:15:00,15.791
06-23-2026 06:30:00,29.487
06-23-2026 06:45:00,45.113
06-23-2026 07:00:00,51.184
06-23-2026 07:15:00,52.297
06-23-2026 07:30:00,129.116
06-23-2026 07:45:00,150.491
06-23-2026 08:00:00,186.225
06-23-2026 08:15:00,343.835
06-23-2026 08:30:00,233.774
06-23-2026 08:45:00,421.06
06-23-2026 09:00:00,491.201
06-23-2026 09:15:00,449.237
06-23-2026 09:30:00,388.837
06-23-2026 09:45:00,585.948
06-23-2026 10:00:00,634.606
06-23-2026 10:15:00,640.384
06-23-2026 10:30:00,468.833
06-23-2026 10:45:00,371.001
06-23-2026 11:00:00,477.423
06-23-2026 11:15:00,439.245
06-23-2026 11:30:00,387.681
06-23-2026 11:45:00,320.836
06-23-2026 12:00:00,343.825
06-23-2026 12:15:00,386.38
06-23-2026 12:30:00,617.17
06-23-2026 12:45:00,637.138
06-23-2026 13:00:00,504.406
06-23-2026 13:15:00,401.303
06-23-2026 13:30:00,363.31
06-23-2026 13:45:00,342.479
06-23-2026 14:00:00,435.627
06-23-2026 14:15:00,401.689
06-23-2026 14:30:00,315.958
06-23-2026 14:45:00,460.166
06-23-2026 15:00:00,494.291
06-23-2026 15:15:00,363.504
06-23-2026 15:30:00,255.102
06-23-2026 15:45:00,199.761
06-23-2026 16:00:00,190.422
06-23-2026 16:15:00,186.915
06-23-2026 16:30:00,151.396
06-23-2026 16:45:00,97.481
06-23-2026 17:00:00,64.997
06-23-2026 17:15:00,50.126
06-23-2026 17:30:00,43.507
06-23-2026 17:45:00,43.828
06-23-2026 18:00:00,42.627
06-23-2026 18:15:00,35.922
06-23-2026 18:30:00,22.341
06-23-2026 18:45:00,11.678
06-23-2026 19:00:00,""
06-23-2026 19:15:00,-0.054
06-23-2026 19:30:00,-0.069
06-23-2026 19:45:00,-0.09
06-23-2026 20:00:00,-0.092
06-23-2026 20:15:00,-0.089
06-23-2026 20:30:00,-0.091
06-23-2026 20:45:00,-0.094
06-23-2026 21:00:00,-0.093
06-23-2026 21:15:00,-0.095
06-23-2026 21:30:00,-0.091
06-23-2026 21:45:00,-0.086
06-23-2026 22:00:00,-0.089
06-23-2026 22:15:00,-0.097
06-23-2026 22:30:00,-0.099
06-23-2026 22:45:00,-0.088
06-23-2026 23:00:00,-0.085
06-23-2026 23:15:00,-0.087
06-23-2026 23:30:00,-0.092
06-23-2026 23:45:00,-0.088
06-24-2026 00:00:00,-0.093
06-24-2026 00:15:00,-0.096
06-24-2026 00:30:00,-0.094
06-24-2026 00:45:00,-0.094
06-24-2026 01:00:00,-0.093
06-24-2026 01:15:00,-0.086
06-24-2026 01:30:00,-0.081
06-24-2026 01:45:00,-0.083
06-24-2026 02:00:00,-0.091
06-24-2026 02:15:00,-0.091
06-24-2026 02:30:00,-0.085
06-24-2026 02:45:00,-0.087
06-24-2026 03:00:00,-0.096
06-24-2026 03:15:00,-0.098
06-24-2026 03:30:00,-0.106
06-24-2026 03:45:00,-0.103
06-24-2026 04:00:00,-0.094
06-24-2026 04:15:00,-0.096
06-24-2026 04:30:00,-0.099
06-24-2026 04:45:00,-0.096
06-24-2026 05:00:00,-0.096
06-24-2026 05:15:00,-0.09
06-24-2026 05:30:00,-0.059
06-24-2026 05:45:00,0.365
06-24-2026 06:00:00,2.923
06-24-2026 06:15:00,9.662
06-24-2026 06:30:00,21.406
06-24-2026 06:45:00,28.918
06-24-2026 07:00:00,35.642
06-24-2026 07:15:00,43.586
06-24-2026 07:30:00,88.011
06-24-2026 07:45:00,270.984
06-24-2026 08:00:00,136.162
06-24-2026 08:15:00,142
06-24-2026 08:30:00,138.642
06-24-2026 08:45:00,""
06-24-2026 09:00:00,201.601
06-24-2026 09:15:00,216.063
06-24-2026 09:30:00,374.225
06-24-2026 09:45:00,197.009
06-24-2026 10:00:00,403.975
06-24-2026 10:15:00,339.45
06-24-2026 10:30:00,300.944
06-24-2026 10:45:00,509.537
06-24-2026 11:00:00,301.41
06-24-2026 11:15:00,661.471
06-24-2026 11:30:00,779.186
06-24-2026 11:45:00,685.9
06-24-2026 12:00:00,196.877
06-24-2026 12:15:00,658.05
06-24-2026 12:30:00,777.794
06-24-2026 12:45:00,766.397
06-24-2026 13:00:00,765.277
06-24-2026 13:15:00,755.767
06-24-2026 13:30:00,782.828
06-24-2026 13:45:00,393.291
06-24-2026 14:00:00,246.568
06-24-2026 14:15:00,251.748
06-24-2026 14:30:00,261.482
06-24-2026 14:45:00,277.467
06-24-2026 15:00:00,265.691
06-24-2026 15:15:00,180.92
06-24-2026 15:30:00,166.894
06-24-2026 15:45:00,""
06-24-2026 16:00:00,226.229
06-24-2026 16:15:00,200.625
06-24-2026 16:30:00,131.91
06-24-2026 16:45:00,77.414
06-24-2026 17:00:00,56.067
06-24-2026 17:15:00,116.745
06-24-2026 17:30:00,97.216
06-24-2026 17:45:00,51.641
06-24-2026 18:00:00,36.393
06-24-2026 18:15:00,42.616
06-24-2026 18:30:00,34.267
06-24-2026 18:45:00,16.794
06-24-2026 19:00:00,5.472
06-24-2026 19:15:00,0.853
06-24-2026 19:30:00,-0.083
06-24-2026 19:45:00,-0.092
06-24-2026 20:00:00,-0.095
06-24-2026 20:15:00,-0.095
06-24-2026 20:30:00,-0.096
06-24-2026 20:45:00,-0.092
06-24-2026 21:00:00,-0.093
06-24-2026 21:15:00,-0.101
06-24-2026 21:30:00,-0.104
06-24-2026 21:45:00,-0.104
06-24-2026 22:00:00,-0.099
06-24-2026 22:15:00,-0.09
06-24-2026 22:30:00,-0.09
06-24-2026 22:45:00,-0.092
06-24-2026 23:00:00,-0.091
06-24-2026 23:15:00,-0.089
06-24-2026 23:30:00,-0.088
06-24-2026 23:45:00,-0.087
06-25-2026 00:00:00,-0.083
06-25-2026 00:15:00,-0.085
06-25-2026 00:30:00,-0.093
06-25-2026 00:45:00,-0.096
06-25-2026 01:00:00,-0.097
06-25-2026 01:15:00,-0.094
06-25-2026 01:30:00,-0.081
06-25-2026 01:45:00,-0.073
06-25-2026 02:00:00,-0.079
06-25-2026 02:15:00,-0.088
06-25-2026 02:30:00,-0.091
06-25-2026 02:45:00,-0.095
06-25-2026 03:00:00,-0.098
06-25-2026 03:15:00,-0.095
06-25-2026 03:30:00,-0.096
06-25-2026 03:45:00,-0.097
06-25-2026 04:00:00,-0.096
06-25-2026 04:15:00,-0.096
06-25-2026 04:30:00,-0.095
06-25-2026 04:45:00,-0.087
06-25-2026 05:00:00,-0.084
06-25-2026 05:15:00,-0.09
06-25-2026 05:30:00,-0.082
06-25-2026 05:45:00,0.518
06-25-2026 06:00:00,3.938
06-25-2026 06:15:00,11.33
06-25-2026 06:30:00,20.183
06-25-2026 06:45:00,34.549
06-25-2026 07:00:00,60.788
06-25-2026 07:15:00,77.921
06-25-2026 07:30:00,""
06-25-2026 07:45:00,211.897
06-25-2026 08:00:00,312.124
06-25-2026 08:15:00,255.585
06-25-2026 08:30:00,195.053
06-25-2026 08:45:00,442.105
06-25-2026 09:00:00,380.875
06-25-2026 09:15:00,240.854
06-25-2026 09:30:00,581.062
06-25-2026 09:45:00,627.038
06-25-2026 10:00:00,680.491
06-25-2026 10:15:00,680.681
06-25-2026 10:30:00,695.308
06-25-2026 10:45:00,707.188
06-25-2026 11:00:00,767.548
06-25-2026 11:15:00,839.502
06-25-2026 11:30:00,""
06-25-2026 11:45:00,664.886
06-25-2026 12:00:00,740.565
06-25-2026 12:15:00,352.748
06-25-2026 12:30:00,640.49
06-25-2026 12:45:00,648.706
06-25-2026 13:00:00,804.114
06-25-2026 13:15:00,743.259
06-25-2026 13:30:00,391.365
06-25-2026 13:45:00,184.149
06-25-2026 14:00:00,732.715
06-25-2026 14:15:00,531.38
06-25-2026 14:30:00,""
06-25-2026 14:45:00,651.465
06-25-2026 15:00:00,570.757
06-25-2026 15:15:00,589.401
06-25-2026 15:30:00,570.866
06-25-2026 15:45:00,548.228
06-25-2026 16:00:00,482.941
06-25-2026 16:15:00,439.018
06-25-2026 16:30:00,408.438
06-25-2026 16:45:00,348.609
06-25-2026 17:00:00,304.711
06-25-2026 17:15:00,257.192
06-25-2026 17:30:00,197.335
06-25-2026 17:45:00,148.607
06-25-2026 18:00:00,103.977
06-25-2026 18:15:00,65.163
06-25-2026 18:30:00,32.469
06-25-2026 18:45:00,12.194
06-25-2026 19:00:00,2.773
06-25-2026 19:15:00,0.171
06-25-2026 19:30:00,-0.089
06-25-2026 19:45:00,-0.091
06-25-2026 20:00:00,-0.087
06-25-2026 20:15:00,-0.081
06-25-2026 20:30:00,-0.084
06-25-2026 20:45:00,-0.101
06-25-2026 21:00:00,-0.095
06-25-2026 21:15:00,-0.096
06-25-2026 21:30:00,-0.09
06-25-2026 21:45:00,-0.091
06-25-2026 22:00:00,-0.093
06-25-2026 22:15:00,-0.093
06-25-2026 22:30:00,-0.095
06-25-2026 22:45:00,-0.092
06-25-2026 23:00:00,-0.087
06-25-2026 23:15:00,-0.09
06-25-2026 23:30:00,-0.094
06-25-2026 23:45:00,""
06-26-2026 00:00:00,-0.093
06-26-2026 00:15:00,-0.087
06-26-2026 00:30:00,-0.095
06-26-2026 00:45:00,-0.098
06-26-2026 01:00:00,-0.093
06-26-2026 01:15:00,-0.093
06-26-2026 01:30:00,-0.091
06-26-2026 01:45:00,-0.09
06-26-2026 02:00:00,-0.085
06-26-2026 02:15:00,-0.08
06-26-2026 02:30:00,-0.087
06-26-2026 02:45:00,-0.095
06-26-2026 03:00:00,-0.094
06-26-2026 03:15:00,-0.091
06-26-2026 03:30:00,-0.087
06-26-2026 03:45:00,-0.086
06-26-2026 04:00:00,-0.088
06-26-2026 04:15:00,-0.088
06-26-2026 04:30:00,-0.089
06-26-2026 04:45:00,-0.085
06-26-2026 05:00:00,-0.084
06-26-2026 05:15:00,-0.088
06-26-2026 05:30:00,-0.077
06-26-2026 05:45:00,1.017
06-26-2026 06:00:00,5.482
06-26-2026 06:15:00,14.293
06-26-2026 06:30:00,23.178
06-26-2026 06:45:00,33.85
06-26-2026 07:00:00,68.899
06-26-2026 07:15:00,129.303
06-26-2026 07:30:00,158.698
06-26-2026 07:45:00,178.878
06-26-2026 08:00:00,270.079
06-26-2026 08:15:00,282.505
06-26-2026 08:30:00,207.021
06-26-2026 08:45:00,243.425
06-26-2026 09:00:00,276.822
06-26-2026 09:15:00,332.88
06-26-2026 09:30:00,385.365
06-26-2026 09:45:00,385.275
06-26-2026 10:00:00,358.69
06-26-2026 10:15:00,338.432
06-26-2026 10:30:00,429.406
06-26-2026 10:45:00,606.473
06-26-2026 11:00:00,708.031
06-26-2026 11:15:00,610.887
06-26-2026 11:30:00,537.078
06-26-2026 11:45:00,525.591
06-26-2026 12:00:00,541.074
06-26-2026 12:15:00,621.055
06-26-2026 12:30:00,371.733
06-26-2026 12:45:00,439.937
06-26-2026 13:00:00,484.783
06-26-2026 13:15:00,576.545
06-26-2026 13:30:00,709.768
06-26-2026 13:45:00,481.462
06-26-2026 14:00:00,630.61
06-26-2026 14:15:00,266.525
06-26-2026 14:30:00,265.863
06-26-2026 14:45:00,192.265
06-26-2026 15:00:00,170.115
06-26-2026 15:15:00,283.442
06-26-2026 15:30:00,""
06-26-2026 15:45:00,195.631
06-26-2026 16:00:00,153.653
06-26-2026 16:15:00,216.029
06-26-2026 16:30:00,404.457
06-26-2026 16:45:00,99.484
06-26-2026 17:00:00,163.279
06-26-2026 17:15:00,315.904
06-26-2026 17:30:00,245.926
06-26-2026 17:45:00,52.69
06-26-2026 18:00:00,39.373
06-26-2026 18:15:00,44.429
06-26-2026 18:30:00,58.558
06-26-2026 18:45:00,16.221
06-26-2026 19:00:00,""
06-26-2026 19:15:00,-0.038
06-26-2026 19:30:00,-0.039
06-26-2026 19:45:00,-0.087
06-26-2026 20:00:00,""
06-26-2026 20:15:00,-0.092
06-26-2026 20:30:00,-0.093
06-26-2026 20:45:00,-0.099
06-26-2026 21:00:00,-0.093
06-26-2026 21:15:00,-0.099
06-26-2026 21:30:00,-0.099
06-26-2026 21:45:00,-0.099
06-26-2026 22:00:00,-0.089
06-26-2026 22:15:00,-0.088
06-26-2026 22:30:00,-0.086
06-26-2026 22:45:00,-0.086
06-26-2026 23:00:00,-0.092
06-26-2026 23:15:00,-0.079
06-26-2026 23:30:00,-0.087
06-26-2026 23:45:00,-0.088
06-27-2026 00:00:00,-0.094
06-27-2026 00:15:00,-0.096
06-27-2026 00:30:00,-0.099
06-27-2026 00:45:00,-0.087
06-27-2026 01:00:00,-0.087
06-27-2026 01:15:00,-0.091
06-27-2026 01:30:00,-0.08
06-27-2026 01:45:00,-0.086
06-27-2026 02:00:00,-0.088
06-27-2026 02:15:00,-0.091
06-27-2026 02:30:00,-0.086
06-27-2026 02:45:00,-0.097
06-27-2026 03:00:00,-0.094
06-27-2026 03:15:00,-0.088
06-27-2026 03:30:00,-0.088
06-27-2026 03:45:00,-0.086
06-27-2026 04:00:00,-0.087
06-27-2026 04:15:00,-0.092
06-27-2026 04:30:00,-0.092
06-27-2026 04:45:00,-0.089
06-27-2026 05:00:00,-0.087
06-27-2026 05:15:00,-0.082
06-27-2026 05:30:00,-0.052
06-27-2026 05:45:00,3.332
06-27-2026 06:00:00,13.74
06-27-2026 06:15:00,23.874
06-27-2026 06:30:00,33.759
06-27-2026 06:45:00,44.604
06-27-2026 07:00:00,54.927
06-27-2026 07:15:00,63.939
06-27-2026 07:30:00,85.345
06-27-2026 07:45:00,127.995
06-27-2026 08:00:00,127.288
06-27-2026 08:15:00,116.643
06-27-2026 08:30:00,150.977
06-27-2026 08:45:00,150.978
06-27-2026 09:00:00,314.795
06-27-2026 09:15:00,567.472
06-27-2026 09:30:00,640.452
06-27-2026 09:45:00,644.075
06-27-2026 10:00:00,730.278
06-27-2026 10:15:00,784.429
06-27-2026 10:30:00,751.537
06-27-2026 10:45:00,608.734
06-27-2026 11:00:00,512.548
06-27-2026 11:15:00,671.548
06-27-2026 11:30:00,830.898
06-27-2026 11:45:00,""
06-27-2026 12:00:00,696.539
06-27-2026 12:15:00,659.448
06-27-2026 12:30:00,798.325
06-27-2026 12:45:00,777.979
06-27-2026 13:00:00,788.488
06-27-2026 13:15:00,824.741
06-27-2026 13:30:00,735.87
06-27-2026 13:45:00,547.613
06-27-2026 14:00:00,592.805
06-27-2026 14:15:00,674.329
06-27-2026 14:30:00,628.099
06-27-2026 14:45:00,674.004
06-27-2026 15:00:00,""
06-27-2026 15:15:00,603.363
06-27-2026 15:30:00,594.854
06-27-2026 15:45:00,583.158
06-27-2026 16:00:00,573.971
06-27-2026 16:15:00,549.89
06-27-2026 16:30:00,452.311
06-27-2026 16:45:00,325.288
06-27-2026 17:00:00,300.704
06-27-2026 17:15:00,315.489
06-27-2026 17:30:00,234.229
06-27-2026 17:45:00,104.602
06-27-2026 18:00:00,69.843
06-27-2026 18:15:00,64.804
06-27-2026 18:30:00,49.084
06-27-2026 18:45:00,17.376
06-27-2026 19:00:00,""
06-27-2026 19:15:00,-0.033
06-27-2026 19:30:00,-0.058
06-27-2026 19:45:00,-0.096
06-27-2026 20:00:00,-0.091
06-27-2026 20:15:00,-0.09
06-27-2026 20:30:00,-0.091
06-27-2026 20:45:00,-0.1
06-27-2026 21:00:00,-0.088
06-27-2026 21:15:00,-0.089
06-27-2026 21:30:00,-0.093
06-27-2026 21:45:00,-0.089
06-27-2026 22:00:00,-0.098
06-27-2026 22:15:00,-0.091
06-27-2026 22:30:00,-0.093
06-27-2026 22:45:00,-0.09
06-27-2026 23:00:00,-0.093
06-27-2026 23:15:00,-0.095
06-27-2026 23:30:00,-0.089
06-27-2026 23:45:00,-0.086
06-28-2026 00:00:00,-0.097
06-28-2026 00:15:00,-0.091
06-28-2026 00:30:00,-0.085
06-28-2026 00:45:00,-0.085
06-28-2026 01:00:00,-0.086
06-28-2026 01:15:00,-0.093
06-28-2026 01:30:00,-0.09
06-28-2026 01:45:00,-0.1
06-28-2026 02:00:00,-0.096
06-28-2026 02:15:00,-0.079
06-28-2026 02:30:00,-0.088
06-28-2026 02:45:00,-0.092
06-28-2026 03:00:00,""
06-28-2026 03:15:00,-0.094
06-28-2026 03:30:00,-0.083
06-28-2026 03:45:00,-0.099
06-28-2026 04:00:00,-0.095
06-28-2026 04:15:00,-0.093
06-28-2026 04:30:00,-0.099
06-28-2026 04:45:00,-0.084
06-28-2026 05:00:00,-0.099
06-28-2026 05:15:00,-0.096
06-28-2026 05:30:00,-0.05
06-28-2026 05:45:00,1.951
06-28-2026 06:00:00,9.224
06-28-2026 06:15:00,16.954
06-28-2026 06:30:00,20.191
06-28-2026 06:45:00,49.254
06-28-2026 07:00:00,66.253
06-28-2026 07:15:00,72.963
06-28-2026 07:30:00,110.456
06-28-2026 07:45:00,118.33
06-28-2026 08:00:00,230.524
06-28-2026 08:15:00,246.217
06-28-2026 08:30:00,426.995
06-28-2026 08:45:00,530.718
06-28-2026 09:00:00,555.636
06-28-2026 09:15:00,583.081
06-28-2026 09:30:00,610.776
06-28-2026 09:45:00,637.064
06-28-2026 10:00:00,656.521
06-28-2026 10:15:00,672.421
06-28-2026 10:30:00,694.351
06-28-2026 10:45:00,720.642
06-28-2026 11:00:00,761.227
06-28-2026 11:15:00,775.043
06-28-2026 11:30:00,778.765
06-28-2026 11:45:00,781.372
06-28-2026 12:00:00,828.184
06-28-2026 12:15:00,829.131
06-28-2026 12:30:00,817.992
06-28-2026 12:45:00,811.027
06-28-2026 13:00:00,786.942
06-28-2026 13:15:00,761.1
06-28-2026 13:30:00,747.032
06-28-2026 13:45:00,721.733
06-28-2026 14:00:00,632.59
06-28-2026 14:15:00,544.07
06-28-2026 14:30:00,569.875
06-28-2026 14:45:00,517.367
06-28-2026 15:00:00,393.383
06-28-2026 15:15:00,454.234
06-28-2026 15:30:00,448.094
06-28-2026 15:45:00,293.378
06-28-2026 16:00:00,266.45
06-28-2026 16:15:00,263.089
06-28-2026 16:30:00,220.373
06-28-2026 16:45:00,266.068
06-28-2026 17:00:00,256.295
06-28-2026 17:15:00,193.902
06-28-2026 17:30:00,175.077
06-28-2026 17:45:00,118.47
06-28-2026 18:00:00,67.913
06-28-2026 18:15:00,54.913
06-28-2026 18:30:00,37.123
06-28-2026 18:45:00,18.887
06-28-2026 19:00:00,8.768
06-28-2026 19:15:00,-0.043
06-28-2026 19:30:00,-0.076
06-28-2026 19:45:00,-0.085
06-28-2026 20:00:00,-0.087
06-28-2026 20:15:00,-0.095
06-28-2026 20:30:00,-0.095
06-28-2026 20:45:00,-0.094
06-28-2026 21:00:00,-0.097
06-28-2026 21:15:00,-0.093
06-28-2026 21:30:00,-0.088
06-28-2026 21:45:00,-0.086
06-28-2026 22:00:00,-0.086
06-28-2026 22:15:00,-0.099
06-28-2026 22:30:00,-0.104
06-28-2026 22:45:00,-0.099
06-28-2026 23:00:00,-0.096
06-28-2026 23:15:00,-0.096
06-28-2026 23:30:00,-0.099
06-28-2026 23:45:00,-0.092
06-29-2026 00:00:00,-0.092
06-29-2026 00:15:00,-0.095
06-29-2026 00:30:00,-0.092
06-29-2026 00:45:00,-0.088
06-29-2026 01:00:00,-0.088
06-29-2026 01:15:00,-0.09
06-29-2026 01:30:00,-0.09
06-29-2026 01:45:00,-0.089
06-29-2026 02:00:00,-0.091
06-29-2026 02:15:00,-0.1
06-29-2026 02:30:00,-0.1
06-29-2026 02:45:00,-0.089
06-29-2026 03:00:00,-0.087
06-29-2026 03:15:00,-0.098
06-29-2026 03:30:00,-0.101
06-29-2026 03:45:00,-0.087
06-29-2026 04:00:00,-0.097
06-29-2026 04:15:00,-0.092
06-29-2026 04:30:00,-0.084
06-29-2026 04:45:00,-0.084
06-29-2026 05:00:00,-0.088
06-29-2026 05:15:00,-0.087
06-29-2026 05:30:00,-0.082
06-29-2026 05:45:00,0.01
06-29-2026 06:00:00,1.166
06-29-2026 06:15:00,6.548
06-29-2026 06:30:00,12.448
06-29-2026 06:45:00,29.486
06-29-2026 07:00:00,56.971
06-29-2026 07:15:00,82.362
06-29-2026 07:30:00,70.758
06-29-2026 07:45:00,220.628
06-29-2026 08:00:00,334.953
06-29-2026 08:15:00,277.536
06-29-2026 08:30:00,452.168
06-29-2026 08:45:00,461.416
06-29-2026 09:00:00,515.798
06-29-2026 09:15:00,203.917
06-29-2026 09:30:00,""
06-29-2026 09:45:00,677.76
06-29-2026 10:00:00,653.208
06-29-2026 10:15:00,671.353
06-29-2026 10:30:00,688.568
06-29-2026 10:45:00,717.499
06-29-2026 11:00:00,734.099
06-29-2026 11:15:00,729.437
06-29-2026 11:30:00,730.539
06-29-2026 11:45:00,736.062
06-29-2026 12:00:00,737.886
06-29-2026 12:15:00,748.956
06-29-2026 12:30:00,797.561
06-29-2026 12:45:00,340.089
06-29-2026 13:00:00,310.597
06-29-2026 13:15:00,537.185
06-29-2026 13:30:00,768.195
06-29-2026 13:45:00,807.646
06-29-2026 14:00:00,794.25
06-29-2026 14:15:00,746.112
06-29-2026 14:30:00,733.888
06-29-2026 14:45:00,651.473
06-29-2026 15:00:00,468.733
06-29-2026 15:15:00,539.709
06-29-2026 15:30:00,549.242
06-29-2026 15:45:00,530.45
06-29-2026 16:00:00,475.966
06-29-2026 16:15:00,439.868
06-29-2026 16:30:00,410.45
06-29-2026 16:45:00,280.299
06-29-2026 17:00:00,137.874
06-29-2026 17:15:00,137.633
06-29-2026 17:30:00,163.649
06-29-2026 17:45:00,158.86
06-29-2026 18:00:00,122.843
06-29-2026 18:15:00,77.407
06-29-2026 18:30:00,44.143
06-29-2026 18:45:00,22.705
06-29-2026 19:00:00,11.528
06-29-2026 19:15:00,1.589
06-29-2026 19:30:00,0.103
06-29-2026 19:45:00,-0.092
06-29-2026 20:00:00,-0.092
06-29-2026 20:15:00,-0.092
06-29-2026 20:30:00,-0.089
06-29-2026 20:45:00,-0.092
06-29-2026 21:00:00,-0.095
06-29-2026 21:15:00,-0.093
06-29-2026 21:30:00,-0.095
06-29-2026 21:45:00,-0.1
06-29-2026 22:00:00,-0.096
06-29-2026 22:15:00,-0.094
06-29-2026 22:30:00,-0.097
06-29-2026 22:45:00,-0.095
06-29-2026 23:00:00,-0.092
06-29-2026 23:15:00,-0.092
06-29-2026 23:30:00,-0.097
06-29-2026 23:45:00,-0.098
06-30-2026 00:00:00,-0.092
06-30-2026 00:15:00,-0.087
06-30-2026 00:30:00,-0.089
06-30-2026 00:45:00,-0.09
06-30-2026 01:00:00,-0.088
06-30-2026 01:15:00,-0.085
06-30-2026 01:30:00,-0.09
06-30-2026 01:45:00,-0.094
06-30-2026 02:00:00,-0.088
06-30-2026 02:15:00,-0.089
06-30-2026 02:30:00,-0.094
06-30-2026 02:45:00,-0.094
06-30-2026 03:00:00,-0.087
06-30-2026 03:15:00,-0.082
06-30-2026 03:30:00,-0.081
06-30-2026 03:45:00,-0.081
06-30-2026 04:00:00,-0.078
06-30-2026 04:15:00,-0.077
06-30-2026 04:30:00,-0.084
06-30-2026 04:45:00,-0.093
06-30-2026 05:00:00,-0.099
06-30-2026 05:15:00,-0.093
06-30-2026 05:30:00,-0.085
06-30-2026 05:45:00,0.571
06-30-2026 06:00:00,4.584
06-30-2026 06:15:00,13.779
06-30-2026 06:30:00,26.625
06-30-2026 06:45:00,48.128
06-30-2026 07:00:00,94.176
06-30-2026 07:15:00,179.727
06-30-2026 07:30:00,228.652
06-30-2026 07:45:00,290.117
06-30-2026 08:00:00,345.264
06-30-2026 08:15:00,298.616
06-30-2026 08:30:00,472.671
06-30-2026 08:45:00,526.554
06-30-2026 09:00:00,331.448
06-30-2026 09:15:00,370.228
06-30-2026 09:30:00,458.975
06-30-2026 09:45:00,522.309
06-30-2026 10:00:00,393.83
06-30-2026 10:15:00,518.889
06-30-2026 10:30:00,727.204
06-30-2026 10:45:00,752.695
06-30-2026 11:00:00,416.008
06-30-2026 11:15:00,791.079
06-30-2026 11:30:00,""
06-30-2026 11:45:00,661.404
06-30-2026 12:00:00,603.362
06-30-2026 12:15:00,390.05
06-30-2026 12:30:00,917.714
06-30-2026 12:45:00,848.527
06-30-2026 13:00:00,500.626
06-30-2026 13:15:00,838.845
06-30-2026 13:30:00,808.3
06-30-2026 13:45:00,720.75
06-30-2026 14:00:00,722.141
06-30-2026 14:15:00,697.427
06-30-2026 14:30:00,""
06-30-2026 14:45:00,665.278
06-30-2026 15:00:00,652.39
06-30-2026 15:15:00,633.954
06-30-2026 15:30:00,575.908
06-30-2026 15:45:00,451.503
06-30-2026 16:00:00,509.282
06-30-2026 16:15:00,192.17
06-30-2026 16:30:00,363.038
06-30-2026 16:45:00,343.834
06-30-2026 17:00:00,295.011
06-30-2026 17:15:00,250.12
06-30-2026 17:30:00,204.412
06-30-2026 17:45:00,152.674
06-30-2026 18:00:00,102.97
06-30-2026 18:15:00,61.494
06-30-2026 18:30:00,29.813
06-30-2026 18:45:00,12.617
06-30-2026 19:00:00,3.551
06-30-2026 19:15:00,0.19
06-30-2026 19:30:00,-0.097
06-30-2026 19:45:00,-0.098
06-30-2026 20:00:00,-0.093
06-30-2026 20:15:00,-0.095
06-30-2026 20:30:00,-0.094
06-30-2026 20:45:00,-0.098
06-30-2026 21:00:00,-0.094
06-30-2026 21:15:00,-0.095
06-30-2026 21:30:00,-0.093
06-30-2026 21:45:00,-0.094
06-30-2026 22:00:00,-0.09
06-30-2026 22:15:00,-0.088
06-30-2026 22:30:00,-0.09
06-30-2026 22:45:00,-0.096
06-30-2026 23:00:00,-0.094
06-30-2026 23:15:00,-0.092
06-30-2026 23:30:00,-0.093
06-30-2026 23:45:00,-0.089
07-01-2026 00:00:00,-0.086
07-01-2026 00:15:00,-0.087
07-01-2026 00:30:00,-0.088
07-01-2026 00:45:00,-0.084
07-01-2026 01:00:00,-0.085
07-01-2026 01:15:00,-0.089
07-01-2026 01:30:00,-0.091
07-01-2026 01:45:00,-0.095
07-01-2026 02:00:00,-0.096
07-01-2026 02:15:00,-0.089
07-01-2026 02:30:00,-0.082
07-01-2026 02:45:00,-0.086
07-01-2026 03:00:00,-0.094
07-01-2026 03:15:00,-0.097
07-01-2026 03:30:00,-0.095
07-01-2026 03:45:00,""
07-01-2026 04:00:00,-0.094
07-01-2026 04:15:00,-0.09
07-01-2026 04:30:00,-0.086
07-01-2026 04:45:00,-0.091
07-01-2026 05:00:00,-0.094
07-01-2026 05:15:00,-0.09
07-01-2026 05:30:00,-0.078
07-01-2026 05:45:00,2.109
07-01-2026 06:00:00,9.682
07-01-2026 06:15:00,18.447
07-01-2026 06:30:00,23.388
07-01-2026 06:45:00,28.742
07-01-2026 07:00:00,33.464
07-01-2026 07:15:00,44.714
07-01-2026 07:30:00,70.447
07-01-2026 07:45:00,95.496
07-01-2026 08:00:00,140.331
07-01-2026 08:15:00,223.49
07-01-2026 08:30:00,341.343
07-01-2026 08:45:00,409.729
07-01-2026 09:00:00,383.415
07-01-2026 09:15:00,501.318
07-01-2026 09:30:00,614.438
07-01-2026 09:45:00,624.663
07-01-2026 10:00:00,656.08
07-01-2026 10:15:00,695.352
07-01-2026 10:30:00,713.135
07-01-2026 10:45:00,701.66
07-01-2026 11:00:00,555.529
07-01-2026 11:15:00,459.222
07-01-2026 11:30:00,744.748
07-01-2026 11:45:00,737.611
07-01-2026 12:00:00,750.64
07-01-2026 12:15:00,758.057
07-01-2026 12:30:00,759.479
07-01-2026 12:45:00,752.065
07-01-2026 13:00:00,745.981
07-01-2026 13:15:00,791.061
07-01-2026 13:30:00,783.417
07-01-2026 13:45:00,765.635
07-01-2026 14:00:00,774.408
07-01-2026 14:15:00,722.356
07-01-2026 14:30:00,696.769
07-01-2026 14:45:00,541.003
07-01-2026 15:00:00,689.339
07-01-2026 15:15:00,712.604
07-01-2026 15:30:00,639.708
07-01-2026 15:45:00,502.649
07-01-2026 16:00:00,168.409
07-01-2026 16:15:00,175.382
07-01-2026 16:30:00,421.831
07-01-2026 16:45:00,471.296
07-01-2026 17:00:00,385.116
07-01-2026 17:15:00,294.122
07-01-2026 17:30:00,253.112
07-01-2026 17:45:00,160.434
07-01-2026 18:00:00,149.889
07-01-2026 18:15:00,102.682
07-01-2026 18:30:00,67.702
07-01-2026 18:45:00,""
07-01-2026 19:00:00,1.356
07-01-2026 19:15:00,-0.032
07-01-2026 19:30:00,-0.086
07-01-2026 19:45:00,-0.09
07-01-2026 20:00:00,-0.094
07-01-2026 20:15:00,-0.095
07-01-2026 20:30:00,-0.092
07-01-2026 20:45:00,-0.095
07-01-2026 21:00:00,-0.084
07-01-2026 21:15:00,-0.092
07-01-2026 21:30:00,-0.096
07-01-2026 21:45:00,-0.107
07-01-2026 22:00:00,-0.098
07-01-2026 22:15:00,-0.102
07-01-2026 22:30:00,-0.097
07-01-2026 22:45:00,-0.094
07-01-2026 23:00:00,-0.101
07-01-2026 23:15:00,-0.088
07-01-2026 23:30:00,-0.095
07-01-2026 23:45:00,-0.091
07-02-2026 00:00:00,-0.094
07-02-2026 00:15:00,-0.097
07-02-2026 00:30:00,-0.083
07-02-2026 00:45:00,-0.081
07-02-2026 01:00:00,-0.096
07-02-2026 01:15:00,-0.098
07-02-2026 01:30:00,-0.09
07-02-2026 01:45:00,-0.087
07-02-2026 02:00:00,-0.092
07-02-2026 02:15:00,-0.091
07-02-2026 02:30:00,-0.087
07-02-2026 02:45:00,-0.084
07-02-2026 03:00:00,-0.086
07-02-2026 03:15:00,-0.099
07-02-2026 03:30:00,-0.1
07-02-2026 03:45:00,-0.094
07-02-2026 04:00:00,-0.092
07-02-2026 04:15:00,-0.094
07-02-2026 04:30:00,-0.097
07-02-2026 04:45:00,-0.101
07-02-2026 05:00:00,-0.093
07-02-2026 05:15:00,-0.084
07-02-2026 05:30:00,-0.061
07-02-2026 05:45:00,-0.042
07-02-2026 06:00:00,2.765
07-02-2026 06:15:00,8.692
07-02-2026 06:30:00,18.619
07-02-2026 06:45:00,29.562
07-02-2026 07:00:00,38.397
07-02-2026 07:15:00,50.814
07-02-2026 07:30:00,139.143
07-02-2026 07:45:00,209.299
07-02-2026 08:00:00,225.671
07-02-2026 08:15:00,114.735
07-02-2026 08:30:00,125.597
07-02-2026 08:45:00,131.245
07-02-2026 09:00:00,287.89
07-02-2026 09:15:00,554.097
07-02-2026 09:30:00,630.184
07-02-2026 09:45:00,628.939
07-02-2026 10:00:00,666.051
07-02-2026 10:15:00,552.201
07-02-2026 10:30:00,386.663
07-02-2026 10:45:00,427.606
07-02-2026 11:00:00,634.939
07-02-2026 11:15:00,767.817
07-02-2026 11:30:00,773.184
07-02-2026 11:45:00,""
07-02-2026 12:00:00,735.763
07-02-2026 12:15:00,662.183
07-02-2026 12:30:00,637.848
07-02-2026 12:45:00,486.032
07-02-2026 13:00:00,408.708
07-02-2026 13:15:00,650.005
07-02-2026 13:30:00,795.313
07-02-2026 13:45:00,749.939
07-02-2026 14:00:00,720.99
07-02-2026 14:15:00,727.152
07-02-2026 14:30:00,692.833
07-02-2026 14:45:00,634.35
07-02-2026 15:00:00,557.86
07-02-2026 15:15:00,445.848
07-02-2026 15:30:00,306.11
07-02-2026 15:45:00,191.681
07-02-2026 16:00:00,252.124
07-02-2026 16:15:00,406.019
07-02-2026 16:30:00,316.239
07-02-2026 16:45:00,121.3
07-02-2026 17:00:00,194.6
07-02-2026 17:15:00,296.428
07-02-2026 17:30:00,223.833
07-02-2026 17:45:00,123.607
07-02-2026 18:00:00,82.606
07-02-2026 18:15:00,43.829
07-02-2026 18:30:00,33.25
07-02-2026 18:45:00,9.454
07-02-2026 19:00:00,""
07-02-2026 19:15:00,-0.05
07-02-2026 19:30:00,-0.056
07-02-2026 19:45:00,""
07-02-2026 20:00:00,-0.095
07-02-2026 20:15:00,-0.087
07-02-2026 20:30:00,-0.096
07-02-2026 20:45:00,-0.085
07-02-2026 21:00:00,-0.091
07-02-2026 21:15:00,-0.086
07-02-2026 21:30:00,-0.086
07-02-2026 21:45:00,-0.093
07-02-2026 22:00:00,-0.094
07-02-2026 22:15:00,-0.088
07-02-2026 22:30:00,-0.102
07-02-2026 22:45:00,-0.079
07-02-2026 23:00:00,-0.091
07-02-2026 23:15:00,-0.105
07-02-2026 23:30:00,-0.089
07-02-2026 23:45:00,-0.101
07-03-2026 00:00:00,-0.092
07-03-2026 00:15:00,-0.086
07-03-2026 00:30:00,-0.095
07-03-2026 00:45:00,-0.091
07-03-2026 01:00:00,-0.103
07-03-2026 01:15:00,""
07-03-2026 01:30:00,-0.081
07-03-2026 01:45:00,-0.089
07-03-2026 02:00:00,-0.108
07-03-2026 02:15:00,-0.087
07-03-2026 02:30:00,-0.097
07-03-2026 02:45:00,-0.092
07-03-2026 03:00:00,-0.09
07-03-2026 03:15:00,-0.094
07-03-2026 03:30:00,-0.084
07-03-2026 03:45:00,-0.088
07-03-2026 04:00:00,-0.078
07-03-2026 04:15:00,-0.085
07-03-2026 04:30:00,-0.096
07-03-2026 04:45:00,-0.088
07-03-2026 05:00:00,-0.085
07-03-2026 05:15:00,-0.09
07-03-2026 05:30:00,-0.068
07-03-2026 05:45:00,1.89
07-03-2026 06:00:00,6.529
07-03-2026 06:15:00,12.592
07-03-2026 06:30:00,29.303
07-03-2026 06:45:00,36.381
07-03-2026 07:00:00,126.209
07-03-2026 07:15:00,193.779
07-03-2026 07:30:00,242.226
07-03-2026 07:45:00,278.678
07-03-2026 08:00:00,336.175
07-03-2026 08:15:00,385.887
07-03-2026 08:30:00,427.616
07-03-2026 08:45:00,469.404
07-03-2026 09:00:00,506.894
07-03-2026 09:15:00,542.683
07-03-2026 09:30:00,576.136
07-03-2026 09:45:00,593.664
07-03-2026 10:00:00,622.703
07-03-2026 10:15:00,651.438
07-03-2026 10:30:00,674.246
07-03-2026 10:45:00,695.298
07-03-2026 11:00:00,717.065
07-03-2026 11:15:00,728.46
07-03-2026 11:30:00,733.852
07-03-2026 11:45:00,739.44
07-03-2026 12:00:00,756.319
07-03-2026 12:15:00,707.836
07-03-2026 12:30:00,688.569
07-03-2026 12:45:00,725.823
07-03-2026 13:00:00,700.995
07-03-2026 13:15:00,689.212
07-03-2026 13:30:00,700.607
07-03-2026 13:45:00,699.188
07-03-2026 14:00:00,713.933
07-03-2026 14:15:00,718
07-03-2026 14:30:00,713.416
07-03-2026 14:45:00,716.76
07-03-2026 15:00:00,683.538
07-03-2026 15:15:00,616.132
07-03-2026 15:30:00,587.246
07-03-2026 15:45:00,591.56
07-03-2026 16:00:00,505.377
07-03-2026 16:15:00,362.048
07-03-2026 16:30:00,258.068
07-03-2026 16:45:00,178.706
07-03-2026 17:00:00,122.933
07-03-2026 17:15:00,76.233
07-03-2026 17:30:00,60.397
07-03-2026 17:45:00,48.157
07-03-2026 18:00:00,41.371
07-03-2026 18:15:00,37.208
07-03-2026 18:30:00,35.522
07-03-2026 18:45:00,23.091
07-03-2026 19:00:00,""
07-03-2026 19:15:00,-0.049
07-03-2026 19:30:00,-0.068
07-03-2026 19:45:00,""
07-03-2026 20:00:00,-0.1
07-03-2026 20:15:00,-0.099
07-03-2026 20:30:00,-0.095
07-03-2026 20:45:00,-0.085
07-03-2026 21:00:00,-0.087
07-03-2026 21:15:00,-0.089
07-03-2026 21:30:00,-0.093
07-03-2026 21:45:00,-0.091
07-03-2026 22:00:00,-0.083
07-03-2026 22:15:00,-0.087
07-03-2026 22:30:00,-0.092
07-03-2026 22:45:00,-0.092
07-03-2026 23:00:00,-0.094
07-03-2026 23:15:00,-0.092
07-03-2026 23:30:00,-0.097
07-03-2026 23:45:00,-0.097
07-04-2026 00:00:00,-0.095
07-04-2026 00:15:00,-0.098
07-04-2026 00:30:00,-0.095
07-04-2026 00:45:00,-0.089
07-04-2026 01:00:00,-0.091
07-04-2026 01:15:00,-0.093
07-04-2026 01:30:00,-0.096
07-04-2026 01:45:00,-0.095
07-04-2026 02:00:00,-0.087
07-04-2026 02:15:00,-0.089
07-04-2026 02:30:00,-0.085
07-04-2026 02:45:00,-0.096
07-04-2026 03:00:00,-0.096
07-04-2026 03:15:00,-0.098
07-04-2026 03:30:00,-0.094
07-04-2026 03:45:00,""
07-04-2026 04:00:00,-0.09
07-04-2026 04:15:00,-0.098
07-04-2026 04:30:00,-0.099
07-04-2026 04:45:00,-0.092
07-04-2026 05:00:00,-0.078
07-04-2026 05:15:00,-0.083
07-04-2026 05:30:00,-0.09
07-04-2026 05:45:00,-0.031
07-04-2026 06:00:00,0.691
07-04-2026 06:15:00,10.683
07-04-2026 06:30:00,31.094
07-04-2026 06:45:00,45.788
07-04-2026 07:00:00,56.065
07-04-2026 07:15:00,""
07-04-2026 07:30:00,53.037
07-04-2026 07:45:00,92.476
07-04-2026 08:00:00,104.076
07-04-2026 08:15:00,152.569
07-04-2026 08:30:00,474.907
07-04-2026 08:45:00,587.389
07-04-2026 09:00:00,480.918
07-04-2026 09:15:00,257.503
07-04-2026 09:30:00,288.596
07-04-2026 09:45:00,342.945
07-04-2026 10:00:00,717.252
07-04-2026 10:15:00,519.587
07-04-2026 10:30:00,355.435
07-04-2026 10:45:00,321.286
07-04-2026 11:00:00,384.183
07-04-2026 11:15:00,664.534
07-04-2026 11:30:00,396.014
07-04-2026 11:45:00,470.571
07-04-2026 12:00:00,723.278
07-04-2026 12:15:00,788.959
07-04-2026 12:30:00,791.948
07-04-2026 12:45:00,783.085
07-04-2026 13:00:00,388.57
07-04-2026 13:15:00,218.623
07-04-2026 13:30:00,540.43
07-04-2026 13:45:00,733.147
07-04-2026 14:00:00,729.319
07-04-2026 14:15:00,695.197
07-04-2026 14:30:00,665.466
07-04-2026 14:45:00,640.002
07-04-2026 15:00:00,567.469
07-04-2026 15:15:00,556.621
07-04-2026 15:30:00,558.976
07-04-2026 15:45:00,""
07-04-2026 16:00:00,502.334
07-04-2026 16:15:00,472.302
07-04-2026 16:30:00,444.586
07-04-2026 16:45:00,387.085
07-04-2026 17:00:00,326.134
07-04-2026 17:15:00,277.941
07-04-2026 17:30:00,232.466
07-04-2026 17:45:00,184.751
07-04-2026 18:00:00,143.736
07-04-2026 18:15:00,100.375
07-04-2026 18:30:00,56.154
07-04-2026 18:45:00,27.778
07-04-2026 19:00:00,15.573
07-04-2026 19:15:00,2.957
07-04-2026 19:30:00,-0.076
07-04-2026 19:45:00,-0.091
07-04-2026 20:00:00,-0.097
07-04-2026 20:15:00,-0.095
07-04-2026 20:30:00,-0.088
07-04-2026 20:45:00,-0.084
07-04-2026 21:00:00,-0.087
07-04-2026 21:15:00,-0.094
07-04-2026 21:30:00,-0.097
07-04-2026 21:45:00,-0.091
07-04-2026 22:00:00,-0.09
07-04-2026 22:15:00,-0.097
07-04-2026 22:30:00,-0.096
07-04-2026 22:45:00,-0.091
07-04-2026 23:00:00,-0.093
07-04-2026 23:15:00,-0.095
07-04-2026 23:30:00,-0.096
07-04-2026 23:45:00,-0.095
07-05-2026 00:00:00,-0.091
07-05-2026 00:15:00,-0.09
07-05-2026 00:30:00,-0.093
07-05-2026 00:45:00,-0.093
07-05-2026 01:00:00,-0.091
07-05-2026 01:15:00,-0.09
07-05-2026 01:30:00,-0.087
07-05-2026 01:45:00,-0.091
07-05-2026 02:00:00,-0.094
07-05-2026 02:15:00,-0.093
07-05-2026 02:30:00,-0.096
07-05-2026 02:45:00,-0.092
07-05-2026 03:00:00,-0.095
07-05-2026 03:15:00,-0.095
07-05-2026 03:30:00,-0.089
07-05-2026 03:45:00,-0.088
07-05-2026 04:00:00,-0.087
07-05-2026 04:15:00,-0.089
07-05-2026 04:30:00,-0.083
07-05-2026 04:45:00,-0.086
07-05-2026 05:00:00,-0.089
07-05-2026 05:15:00,-0.088
07-05-2026 05:30:00,-0.08
07-05-2026 05:45:00,0.266
07-05-2026 06:00:00,3.324
07-05-2026 06:15:00,13.154
07-05-2026 06:30:00,24.999
07-05-2026 06:45:00,30.898
07-05-2026 07:00:00,50.367
07-05-2026 07:15:00,76.891
07-05-2026 07:30:00,93.691
07-05-2026 07:45:00,122.503
07-05-2026 08:00:00,158.376
07-05-2026 08:15:00,334.831
07-05-2026 08:30:00,237.866
07-05-2026 08:45:00,204.064
07-05-2026 09:00:00,292.642
07-05-2026 09:15:00,511.875
07-05-2026 09:30:00,230.266
07-05-2026 09:45:00,504.069
07-05-2026 10:00:00,613.249
07-05-2026 10:15:00,458.28
07-05-2026 10:30:00,722.043
07-05-2026 10:45:00,652.943
07-05-2026 11:00:00,342.006
07-05-2026 11:15:00,782.315
07-05-2026 11:30:00,776.872
07-05-2026 11:45:00,""
07-05-2026 12:00:00,799.306
07-05-2026 12:15:00,776.14
07-05-2026 12:30:00,564.571
07-05-2026 12:45:00,408.894
07-05-2026 13:00:00,703.185
07-05-2026 13:15:00,332.893
07-05-2026 13:30:00,""
07-05-2026 13:45:00,584.274
07-05-2026 14:00:00,661.153
07-05-2026 14:15:00,658.275
07-05-2026 14:30:00,754.548
07-05-2026 14:45:00,726.89
07-05-2026 15:00:00,540.988
07-05-2026 15:15:00,345.556
07-05-2026 15:30:00,654.048
07-05-2026 15:45:00,677.02
07-05-2026 16:00:00,256
07-05-2026 16:15:00,321.172
07-05-2026 16:30:00,182.877
07-05-2026 16:45:00,258.325
07-05-2026 17:00:00,286.975
07-05-2026 17:15:00,307.768
07-05-2026 17:30:00,250.846
07-05-2026 17:45:00,144.529
07-05-2026 18:00:00,135.109
07-05-2026 18:15:00,79.565
07-05-2026 18:30:00,40.474
07-05-2026 18:45:00,19.177
07-05-2026 19:00:00,4.945
07-05-2026 19:15:00,0.41
07-05-2026 19:30:00,-0.08
07-05-2026 19:45:00,-0.089
07-05-2026 20:00:00,-0.096
07-05-2026 20:15:00,-0.097
07-05-2026 20:30:00,-0.095
07-05-2026 20:45:00,-0.09
07-05-2026 21:00:00,-0.093
07-05-2026 21:15:00,-0.096
07-05-2026 21:30:00,-0.099
07-05-2026 21:45:00,-0.096
07-05-2026 22:00:00,-0.092
07-05-2026 22:15:00,-0.089
07-05-2026 22:30:00,-0.096
07-05-2026 22:45:00,-0.095
07-05-2026 23:00:00,-0.093
07-05-2026 23:15:00,-0.088
07-05-2026 23:30:00,-0.084
07-05-2026 23:45:00,-0.085
07-06-2026 00:00:00,-0.093
07-06-2026 00:15:00,-0.099
07-06-2026 00:30:00,-0.095
07-06-2026 00:45:00,-0.092
07-06-2026 01:00:00,-0.089
07-06-2026 01:15:00,-0.086
07-06-2026 01:30:00,-0.085
07-06-2026 01:45:00,-0.092
07-06-2026 02:00:00,-0.1
07-06-2026 02:15:00,-0.098
07-06-2026 02:30:00,-0.088
07-06-2026 02:45:00,-0.085
07-06-2026 03:00:00,-0.093
07-06-2026 03:15:00,-0.096
07-06-2026 03:30:00,-0.092
07-06-2026 03:45:00,-0.087
07-06-2026 04:00:00,-0.087
07-06-2026 04:15:00,-0.092
07-06-2026 04:30:00,-0.093
07-06-2026 04:45:00,-0.096
07-06-2026 05:00:00,-0.095
07-06-2026 05:15:00,-0.089
07-06-2026 05:30:00,-0.074
07-06-2026 05:45:00,1.166
07-06-2026 06:00:00,5.942
07-06-2026 06:15:00,13.768
07-06-2026 06:30:00,26.242
07-06-2026 06:45:00,41.487
07-06-2026 07:00:00,75.985
07-06-2026 07:15:00,141.439
07-06-2026 07:30:00,155.705
07-06-2026 07:45:00,""
07-06-2026 08:00:00,120.785
07-06-2026 08:15:00,122.35
07-06-2026 08:30:00,118.77
07-06-2026 08:45:00,223.891
07-06-2026 09:00:00,488.515
07-06-2026 09:15:00,602.267
07-06-2026 09:30:00,437.76
07-06-2026 09:45:00,460.769
07-06-2026 10:00:00,678.135
07-06-2026 10:15:00,803.202
07-06-2026 10:30:00,791.353
07-06-2026 10:45:00,600.827
07-06-2026 11:00:00,346.709
07-06-2026 11:15:00,508.188
07-06-2026 11:30:00,711.607
07-06-2026 11:45:00,649.253
07-06-2026 12:00:00,696.991
07-06-2026 12:15:00,480.974
07-06-2026 12:30:00,299.052
07-06-2026 12:45:00,267.792
07-06-2026 13:00:00,451.072
07-06-2026 13:15:00,685.667
07-06-2026 13:30:00,422.803
07-06-2026 13:45:00,754.169
07-06-2026 14:00:00,685.934
07-06-2026 14:15:00,749.532
07-06-2026 14:30:00,605.716
07-06-2026 14:45:00,723.592
07-06-2026 15:00:00,668.824
07-06-2026 15:15:00,633.455
07-06-2026 15:30:00,564.081
07-06-2026 15:45:00,598.419
07-06-2026 16:00:00,546.272
07-06-2026 16:15:00,343.168
07-06-2026 16:30:00,259.254
07-06-2026 16:45:00,434.116
07-06-2026 17:00:00,137.239
07-06-2026 17:15:00,91.529
07-06-2026 17:30:00,156.858
07-06-2026 17:45:00,241.408
07-06-2026 18:00:00,179.196
07-06-2026 18:15:00,128.639
07-06-2026 18:30:00,72.838
07-06-2026 18:45:00,27.337
07-06-2026 19:00:00,""
07-06-2026 19:15:00,-0.051
07-06-2026 19:30:00,-0.062
07-06-2026 19:45:00,""
07-06-2026 20:00:00,-0.096
07-06-2026 20:15:00,-0.098
07-06-2026 20:30:00,-0.09
07-06-2026 20:45:00,-0.095
07-06-2026 21:00:00,-0.093
07-06-2026 21:15:00,-0.086
07-06-2026 21:30:00,-0.089
07-06-2026 21:45:00,-0.09
07-06-2026 22:00:00,-0.095
07-06-2026 22:15:00,-0.089
07-06-2026 22:30:00,-0.087
07-06-2026 22:45:00,-0.091
07-06-2026 23:00:00,-0.09
07-06-2026 23:15:00,-0.09
07-06-2026 23:30:00,-0.088
07-06-2026 23:45:00,-0.092
07-07-2026 00:00:00,-0.098
07-07-2026 00:15:00,-0.098
07-07-2026 00:30:00,-0.087
07-07-2026 00:45:00,-0.092
07-07-2026 01:00:00,-0.093
07-07-2026 01:15:00,-0.1
07-07-2026 01:30:00,-0.093
07-07-2026 01:45:00,-0.089
07-07-2026 02:00:00,-0.084
07-07-2026 02:15:00,-0.088
07-07-2026 02:30:00,-0.084
07-07-2026 02:45:00,-0.084
07-07-2026 03:00:00,-0.094
07-07-2026 03:15:00,-0.099
07-07-2026 03:30:00,-0.097
07-07-2026 03:45:00,-0.092
07-07-2026 04:00:00,-0.093
07-07-2026 04:15:00,-0.097
07-07-2026 04:30:00,-0.099
07-07-2026 04:45:00,-0.093
07-07-2026 05:00:00,-0.09
07-07-2026 05:15:00,-0.09
07-07-2026 05:30:00,-0.08
07-07-2026 05:45:00,-0.06
07-07-2026 06:00:00,7.571
07-07-2026 06:15:00,23.766
07-07-2026 06:30:00,44.036
07-07-2026 06:45:00,55.909
07-07-2026 07:00:00,69.182
07-07-2026 07:15:00,77.343
07-07-2026 07:30:00,177.748
07-07-2026 07:45:00,309.784
07-07-2026 08:00:00,374.912
07-07-2026 08:15:00,295.218
07-07-2026 08:30:00,271.655
07-07-2026 08:45:00,428.275
07-07-2026 09:00:00,403.724
07-07-2026 09:15:00,220.476
07-07-2026 09:30:00,295.413
07-07-2026 09:45:00,416.537
07-07-2026 10:00:00,326.042
07-07-2026 10:15:00,394.226
07-07-2026 10:30:00,569.716
07-07-2026 10:45:00,589.258
07-07-2026 11:00:00,662.085
07-07-2026 11:15:00,765.244
07-07-2026 11:30:00,778.955
07-07-2026 11:45:00,788.869
07-07-2026 12:00:00,788.694
07-07-2026 12:15:00,787.168
07-07-2026 12:30:00,795.186
07-07-2026 12:45:00,800.565
07-07-2026 13:00:00,796.457
07-07-2026 13:15:00,764.003
07-07-2026 13:30:00,706.958
07-07-2026 13:45:00,708.154
07-07-2026 14:00:00,747.837
07-07-2026 14:15:00,733.256
07-07-2026 14:30:00,713.397
07-07-2026 14:45:00,658.096
07-07-2026 15:00:00,545.931
07-07-2026 15:15:00,531.751
07-07-2026 15:30:00,586.63
07-07-2026 15:45:00,""
07-07-2026 16:00:00,355.384
07-07-2026 16:15:00,442.519
07-07-2026 16:30:00,431.17
07-07-2026 16:45:00,405.348
07-07-2026 17:00:00,292.904
07-07-2026 17:15:00,223.566
07-07-2026 17:30:00,221.835
07-07-2026 17:45:00,113.575
07-07-2026 18:00:00,53.105
07-07-2026 18:15:00,57.464
07-07-2026 18:30:00,42.368
07-07-2026 18:45:00,20.698
07-07-2026 19:00:00,""
07-07-2026 19:15:00,-0.035
07-07-2026 19:30:00,-0.063
07-07-2026 19:45:00,""
07-07-2026 20:00:00,-0.091
07-07-2026 20:15:00,-0.096
07-07-2026 20:30:00,-0.089
07-07-2026 20:45:00,-0.085
07-07-2026 21:00:00,-0.098
07-07-2026 21:15:00,-0.095
07-07-2026 21:30:00,-0.093
07-07-2026 21:45:00,-0.093
07-07-2026 22:00:00,-0.092
07-07-2026 22:15:00,-0.095
07-07-2026 22:30:00,-0.089
07-07-2026 22:45:00,-0.096
07-07-2026 23:00:00,-0.087
07-07-2026 23:15:00,-0.1
07-07-2026 23:30:00,-0.088
07-07-2026 23:45:00,-0.103
07-08-2026 00:00:00,-0.097
07-08-2026 00:15:00,-0.084
07-08-2026 00:30:00,-0.091
07-08-2026 00:45:00,-0.096
07-08-2026 01:00:00,-0.097
07-08-2026 01:15:00,-0.088
07-08-2026 01:30:00,""
07-08-2026 01:45:00,-0.1
07-08-2026 02:00:00,-0.103
07-08-2026 02:15:00,-0.099
07-08-2026 02:30:00,-0.103
07-08-2026 02:45:00,-0.087
07-08-2026 03:00:00,-0.1
07-08-2026 03:15:00,-0.085
07-08-2026 03:30:00,-0.081
07-08-2026 03:45:00,-0.088
07-08-2026 04:00:00,-0.107
07-08-2026 04:15:00,-0.097
07-08-2026 04:30:00,-0.089
07-08-2026 04:45:00,-0.108
07-08-2026 05:00:00,-0.1
07-08-2026 05:15:00,-0.088
07-08-2026 05:30:00,-0.065
07-08-2026 05:45:00,1.305
07-08-2026 06:00:00,6.075
07-08-2026 06:15:00,16.943
07-08-2026 06:30:00,24.108
07-08-2026 06:45:00,31.838
07-08-2026 07:00:00,49.902
07-08-2026 07:15:00,85.647
07-08-2026 07:30:00,129.024
07-08-2026 07:45:00,270.488
07-08-2026 08:00:00,173.395
07-08-2026 08:15:00,194.547
07-08-2026 08:30:00,385.302
07-08-2026 08:45:00,505.621
07-08-2026 09:00:00,335.798
07-08-2026 09:15:00,462.073
07-08-2026 09:30:00,605.497
07-08-2026 09:45:00,641.489
07-08-2026 10:00:00,661.985
07-08-2026 10:15:00,691.377
07-08-2026 10:30:00,729.093
07-08-2026 10:45:00,754.298
07-08-2026 11:00:00,751.618
07-08-2026 11:15:00,748.758
07-08-2026 11:30:00,701.294
07-08-2026 11:45:00,708.761
07-08-2026 12:00:00,750.424
07-08-2026 12:15:00,765.817
07-08-2026 12:30:00,765.561
07-08-2026 12:45:00,744.674
07-08-2026 13:00:00,738.317
07-08-2026 13:15:00,748.418
07-08-2026 13:30:00,759.43
07-08-2026 13:45:00,758.276
07-08-2026 14:00:00,755.723
07-08-2026 14:15:00,738.192
07-08-2026 14:30:00,720.553
07-08-2026 14:45:00,722.883
07-08-2026 15:00:00,709.537
07-08-2026 15:15:00,662.409
07-08-2026 15:30:00,492.105
07-08-2026 15:45:00,356.325
07-08-2026 16:00:00,415.298
07-08-2026 16:15:00,397.366
07-08-2026 16:30:00,304.827
07-08-2026 16:45:00,324.428
07-08-2026 17:00:00,292.895
07-08-2026 17:15:00,164.037
07-08-2026 17:30:00,114.594
07-08-2026 17:45:00,126.122
07-08-2026 18:00:00,97.026
07-08-2026 18:15:00,68.355
07-08-2026 18:30:00,49.287
07-08-2026 18:45:00,17.494
07-08-2026 19:00:00,""
07-08-2026 19:15:00,-0.047
07-08-2026 19:30:00,-0.074
07-08-2026 19:45:00,-0.093
07-08-2026 20:00:00,-0.095
07-08-2026 20:15:00,-0.098
07-08-2026 20:30:00,-0.101
07-08-2026 20:45:00,-0.101
07-08-2026 21:00:00,-0.097
07-08-2026 21:15:00,-0.093
07-08-2026 21:30:00,-0.091
07-08-2026 21:45:00,-0.094
07-08-2026 22:00:00,-0.093
07-08-2026 22:15:00,-0.091
07-08-2026 22:30:00,-0.095
07-08-2026 22:45:00,-0.099
07-08-2026 23:00:00,-0.093
07-08-2026 23:15:00,-0.089
07-08-2026 23:30:00,-0.094
07-08-2026 23:45:00,-0.096
07-09-2026 00:00:00,-0.099
07-09-2026 00:15:00,-0.098
07-09-2026 00:30:00,-0.103
07-09-2026 00:45:00,-0.102
07-09-2026 01:00:00,-0.093
07-09-2026 01:15:00,-0.087
07-09-2026 01:30:00,-0.085
07-09-2026 01:45:00,-0.087
07-09-2026 02:00:00,-0.084
07-09-2026 02:15:00,-0.088
07-09-2026 02:30:00,-0.092
07-09-2026 02:45:00,-0.084
07-09-2026 03:00:00,-0.094
07-09-2026 03:15:00,-0.092
07-09-2026 03:30:00,-0.087
07-09-2026 03:45:00,-0.081
07-09-2026 04:00:00,-0.086
07-09-2026 04:15:00,-0.094
07-09-2026 04:30:00,-0.089
07-09-2026 04:45:00,-0.088
07-09-2026 05:00:00,-0.105
07-09-2026 05:15:00,-0.095
07-09-2026 05:30:00,-0.1
07-09-2026 05:45:00,-0.036
07-09-2026 06:00:00,0.858
07-09-2026 06:15:00,6.597
07-09-2026 06:30:00,12.548
07-09-2026 06:45:00,22.205
07-09-2026 07:00:00,52.463
07-09-2026 07:15:00,48.398
07-09-2026 07:30:00,104.985
07-09-2026 07:45:00,""
07-09-2026 08:00:00,284.599
07-09-2026 08:15:00,""
07-09-2026 08:30:00,495.282
07-09-2026 08:45:00,480.777
07-09-2026 09:00:00,486.844
07-09-2026 09:15:00,573.096
07-09-2026 09:30:00,597.773
07-09-2026 09:45:00,612.259
07-09-2026 10:00:00,651.28
07-09-2026 10:15:00,628.33
07-09-2026 10:30:00,695.075
07-09-2026 10:45:00,712.716
07-09-2026 11:00:00,362.209
07-09-2026 11:15:00,662.225
07-09-2026 11:30:00,743.58
07-09-2026 11:45:00,751.926
07-09-2026 12:00:00,752.779
07-09-2026 12:15:00,736.036
07-09-2026 12:30:00,731.749
07-09-2026 12:45:00,747.928
07-09-2026 13:00:00,764.333
07-09-2026 13:15:00,785.12
07-09-2026 13:30:00,643.608
07-09-2026 13:45:00,589.671
07-09-2026 14:00:00,460.198
07-09-2026 14:15:00,552.35
07-09-2026 14:30:00,601.759
07-09-2026 14:45:00,603.524
07-09-2026 15:00:00,540.136
07-09-2026 15:15:00,337.573
07-09-2026 15:30:00,370.39
07-09-2026 15:45:00,445.497
07-09-2026 16:00:00,314.274
07-09-2026 16:15:00,202.549
07-09-2026 16:30:00,204.216
07-09-2026 16:45:00,212.879
07-09-2026 17:00:00,163.818
07-09-2026 17:15:00,115.319
07-09-2026 17:30:00,88.418
07-09-2026 17:45:00,62.519
07-09-2026 18:00:00,44.328
07-09-2026 18:15:00,29.779
07-09-2026 18:30:00,15.552
07-09-2026 18:45:00,5.552
07-09-2026 19:00:00,""
07-09-2026 19:15:00,-0.046
07-09-2026 19:30:00,-0.077
07-09-2026 19:45:00,-0.097
07-09-2026 20:00:00,-0.094
07-09-2026 20:15:00,-0.092
07-09-2026 20:30:00,-0.094
07-09-2026 20:45:00,-0.097
07-09-2026 21:00:00,-0.098
07-09-2026 21:15:00,-0.094
07-09-2026 21:30:00,-0.092
07-09-2026 21:45:00,-0.097
07-09-2026 22:00:00,-0.096
07-09-2026 22:15:00,-0.094
07-09-2026 22:30:00,-0.095
07-09-2026 22:45:00,-0.099
07-09-2026 23:00:00,-0.099
07-09-2026 23:15:00,-0.089
07-09-2026 23:30:00,-0.078
07-09-2026 23:45:00,-0.08
07-10-2026 00:00:00,-0.079
07-10-2026 00:15:00,-0.082
07-10-2026 00:30:00,-0.091
07-10-2026 00:45:00,-0.096
07-10-2026 01:00:00,-0.099
07-10-2026 01:15:00,-0.096
07-10-2026 01:30:00,""
07-10-2026 01:45:00,-0.095
07-10-2026 02:00:00,-0.094
07-10-2026 02:15:00,-0.095
07-10-2026 02:30:00,-0.099
07-10-2026 02:45:00,-0.097
07-10-2026 03:00:00,-0.095
07-10-2026 03:15:00,-0.091
07-10-2026 03:30:00,-0.087
07-10-2026 03:45:00,-0.078
07-10-2026 04:00:00,-0.092
07-10-2026 04:15:00,-0.093
07-10-2026 04:30:00,-0.091
07-10-2026 04:45:00,-0.092
07-10-2026 05:00:00,-0.1
07-10-2026 05:15:00,-0.091
07-10-2026 05:30:00,-0.077
07-10-2026 05:45:00,0.011
07-10-2026 06:00:00,1.771
07-10-2026 06:15:00,12.186
07-10-2026 06:30:00,33.04
07-10-2026 06:45:00,73.335
07-10-2026 07:00:00,105.599
07-10-2026 07:15:00,121.269
07-10-2026 07:30:00,138.83
07-10-2026 07:45:00,224.219
07-10-2026 08:00:00,125.252
07-10-2026 08:15:00,389.52
07-10-2026 08:30:00,458.02
07-10-2026 08:45:00,483.372
07-10-2026 09:00:00,""
07-10-2026 09:15:00,586.069
07-10-2026 09:30:00,618.326
07-10-2026 09:45:00,460.828
07-10-2026 10:00:00,711.227
07-10-2026 10:15:00,263.677
07-10-2026 10:30:00,636.449
07-10-2026 10:45:00,739.388
07-10-2026 11:00:00,770.202
07-10-2026 11:15:00,656.535
07-10-2026 11:30:00,712.26
07-10-2026 11:45:00,772.972
07-10-2026 12:00:00,354.851
07-10-2026 12:15:00,661.447
07-10-2026 12:30:00,537.931
07-10-2026 12:45:00,737.862
07-10-2026 13:00:00,790.051
07-10-2026 13:15:00,718.926
07-10-2026 13:30:00,692.683
07-10-2026 13:45:00,700.897
07-10-2026 14:00:00,623.358
07-10-2026 14:15:00,673.769
07-10-2026 14:30:00,691.379
07-10-2026 14:45:00,653.431
07-10-2026 15:00:00,613.402
07-10-2026 15:15:00,581.315
07-10-2026 15:30:00,550.788
07-10-2026 15:45:00,522.99
07-10-2026 16:00:00,399.069
07-10-2026 16:15:00,386.293
07-10-2026 16:30:00,409.459
07-10-2026 16:45:00,394.296
07-10-2026 17:00:00,345.59
07-10-2026 17:15:00,306.973
07-10-2026 17:30:00,252.946
07-10-2026 17:45:00,178.871
07-10-2026 18:00:00,87.557
07-10-2026 18:15:00,52.741
07-10-2026 18:30:00,45.721
07-10-2026 18:45:00,30.741
07-10-2026 19:00:00,13.324
07-10-2026 19:15:00,2.907
07-10-2026 19:30:00,0.08
07-10-2026 19:45:00,-0.099
07-10-2026 20:00:00,-0.096
07-10-2026 20:15:00,-0.091
07-10-2026 20:30:00,-0.09
07-10-2026 20:45:00,-0.091
07-10-2026 21:00:00,-0.091
07-10-2026 21:15:00,-0.089
07-10-2026 21:30:00,-0.089
07-10-2026 21:45:00,""
07-10-2026 22:00:00,-0.099
07-10-2026 22:15:00,-0.095
07-10-2026 22:30:00,-0.094
07-10-2026 22:45:00,-0.095
07-10-2026 23:00:00,-0.097
07-10-2026 23:15:00,-0.098
07-10-2026 23:30:00,-0.093
07-10-2026 23:45:00,-0.086
07-11-2026 00:00:00,-0.084
07-11-2026 00:15:00,-0.087
07-11-2026 00:30:00,-0.089
07-11-2026 00:45:00,-0.091
07-11-2026 01:00:00,-0.096
07-11-2026 01:15:00,-0.092
07-11-2026 01:30:00,-0.087
07-11-2026 01:45:00,-0.09
07-11-2026 02:00:00,-0.091
07-11-2026 02:15:00,-0.093
07-11-2026 02:30:00,-0.096
07-11-2026 02:45:00,-0.093
07-11-2026 03:00:00,-0.094
07-11-2026 03:15:00,-0.097
07-11-2026 03:30:00,-0.096
07-11-2026 03:45:00,-0.091
07-11-2026 04:00:00,-0.088
07-11-2026 04:15:00,-0.095
07-11-2026 04:30:00,-0.095
07-11-2026 04:45:00,-0.089
07-11-2026 05:00:00,-0.088
07-11-2026 05:15:00,-0.087
07-11-2026 05:30:00,-0.084
07-11-2026 05:45:00,0.428
07-11-2026 06:00:00,3.666
07-11-2026 06:15:00,11.203
07-11-2026 06:30:00,18.948
07-11-2026 06:45:00,26.085
07-11-2026 07:00:00,43.172
07-11-2026 07:15:00,70.774
07-11-2026 07:30:00,87.993
07-11-2026 07:45:00,92.336
07-11-2026 08:00:00,107.396
07-11-2026 08:15:00,134.651
07-11-2026 08:30:00,151.451
07-11-2026 08:45:00,166.952
07-11-2026 09:00:00,212.25
07-11-2026 09:15:00,271.217
07-11-2026 09:30:00,""
07-11-2026 09:45:00,415.947
07-11-2026 10:00:00,610.731
07-11-2026 10:15:00,710.319
07-11-2026 10:30:00,812.799
07-11-2026 10:45:00,810.714
07-11-2026 11:00:00,679.913
07-11-2026 11:15:00,454.922
07-11-2026 11:30:00,680.649
07-11-2026 11:45:00,288.416
07-11-2026 12:00:00,558.031
07-11-2026 12:15:00,834.85
07-11-2026 12:30:00,748.299
07-11-2026 12:45:00,834.159
07-11-2026 13:00:00,785.064
07-11-2026 13:15:00,595.634
07-11-2026 13:30:00,""
07-11-2026 13:45:00,747.452
07-11-2026 14:00:00,736.358
07-11-2026 14:15:00,745.133
07-11-2026 14:30:00,694.751
07-11-2026 14:45:00,384.492
07-11-2026 15:00:00,737.212
07-11-2026 15:15:00,676.484
07-11-2026 15:30:00,""
07-11-2026 15:45:00,564.79
07-11-2026 16:00:00,193.379
07-11-2026 16:15:00,243.234
07-11-2026 16:30:00,167.504
07-11-2026 16:45:00,152.324
07-11-2026 17:00:00,150.281
07-11-2026 17:15:00,130.192
07-11-2026 17:30:00,92.242
07-11-2026 17:45:00,78.313
07-11-2026 18:00:00,61.094
07-11-2026 18:15:00,68.802
07-11-2026 18:30:00,29.723
07-11-2026 18:45:00,9.749
07-11-2026 19:00:00,1.949
07-11-2026 19:15:00,0.046
07-11-2026 19:30:00,-0.087
07-11-2026 19:45:00,-0.096
07-11-2026 20:00:00,-0.106
07-11-2026 20:15:00,-0.101
07-11-2026 20:30:00,-0.097
07-11-2026 20:45:00,-0.095
07-11-2026 21:00:00,-0.097
07-11-2026 21:15:00,-0.09
07-11-2026 21:30:00,-0.088
07-11-2026 21:45:00,-0.088
07-11-2026 22:00:00,-0.084
07-11-2026 22:15:00,-0.089
07-11-2026 22:30:00,-0.101
07-11-2026 22:45:00,-0.097
07-11-2026 23:00:00,-0.097
07-11-2026 23:15:00,-0.096
07-11-2026 23:30:00,-0.096
07-11-2026 23:45:00,-0.095
07-12-2026 00:00:00,-0.095
07-12-2026 00:15:00,-0.098
07-12-2026 00:30:00,-0.093
07-12-2026 00:45:00,-0.091
07-12-2026 01:00:00,-0.095
07-12-2026 01:15:00,-0.106
07-12-2026 01:30:00,-0.11
07-12-2026 01:45:00,-0.107
07-12-2026 02:00:00,-0.105
07-12-2026 02:15:00,-0.103
07-12-2026 02:30:00,-0.1
07-12-2026 02:45:00,-0.098
07-12-2026 03:00:00,-0.099
07-12-2026 03:15:00,-0.103
07-12-2026 03:30:00,-0.099
07-12-2026 03:45:00,-0.088
07-12-2026 04:00:00,-0.084
07-12-2026 04:15:00,-0.086
07-12-2026 04:30:00,-0.09
07-12-2026 04:45:00,-0.089
07-12-2026 05:00:00,-0.087
07-12-2026 05:15:00,-0.09
07-12-2026 05:30:00,0.002
07-12-2026 05:45:00,""
07-12-2026 06:00:00,3.44
07-12-2026 06:15:00,9.896
07-12-2026 06:30:00,19.435
07-12-2026 06:45:00,37.131
07-12-2026 07:00:00,64.542
07-12-2026 07:15:00,105.631
07-12-2026 07:30:00,172.721
07-12-2026 07:45:00,224.689
07-12-2026 08:00:00,208.244
07-12-2026 08:15:00,163.497
07-12-2026 08:30:00,232.68
07-12-2026 08:45:00,437.682
07-12-2026 09:00:00,557.063
07-12-2026 09:15:00,570.014
07-12-2026 09:30:00,609.998
07-12-2026 09:45:00,630.421
07-12-2026 10:00:00,561.894
07-12-2026 10:15:00,459.457
07-12-2026 10:30:00,500.104
07-12-2026 10:45:00,489.366
07-12-2026 11:00:00,347.118
07-12-2026 11:15:00,389.016
07-12-2026 11:30:00,579.194
07-12-2026 11:45:00,694.474
07-12-2026 12:00:00,551.372
07-12-2026 12:15:00,588.553
07-12-2026 12:30:00,787.199
07-12-2026 12:45:00,777.527
07-12-2026 13:00:00,766.015
07-12-2026 13:15:00,751.257
07-12-2026 13:30:00,731.355
07-12-2026 13:45:00,698.656
07-12-2026 14:00:00,577.693
07-12-2026 14:15:00,509.059
07-12-2026 14:30:00,547.99
07-12-2026 14:45:00,463.022
07-12-2026 15:00:00,639.678
07-12-2026 15:15:00,624.975
07-12-2026 15:30:00,564.817
07-12-2026 15:45:00,461.483
07-12-2026 16:00:00,368.526
07-12-2026 16:15:00,483.251
07-12-2026 16:30:00,434.638
07-12-2026 16:45:00,319.279
07-12-2026 17:00:00,176.569
07-12-2026 17:15:00,261.326
07-12-2026 17:30:00,112.242
07-12-2026 17:45:00,76.546
07-12-2026 18:00:00,46.075
07-12-2026 18:15:00,41.824
07-12-2026 18:30:00,33.687
07-12-2026 18:45:00,11.573
07-12-2026 19:00:00,""
07-12-2026 19:15:00,-0.045
07-12-2026 19:30:00,-0.05
07-12-2026 19:45:00,-0.097
07-12-2026 20:00:00,-0.093
07-12-2026 20:15:00,-0.088
07-12-2026 20:30:00,-0.091
07-12-2026 20:45:00,-0.095
07-12-2026 21:00:00,-0.083
07-12-2026 21:15:00,-0.093
07-12-2026 21:30:00,-0.083
07-12-2026 21:45:00,-0.081
07-12-2026 22:00:00,-0.091
07-12-2026 22:15:00,-0.093
07-12-2026 22:30:00,-0.091
07-12-2026 22:45:00,-0.093
07-12-2026 23:00:00,-0.086
07-12-2026 23:15:00,-0.101
07-12-2026 23:30:00,""
07-12-2026 23:45:00,-0.097
07-13-2026 00:00:00,-0.092
07-13-2026 00:15:00,-0.094
07-13-2026 00:30:00,-0.09
07-13-2026 00:45:00,-0.101
07-13-2026 01:00:00,-0.086
07-13-2026 01:15:00,-0.088
07-13-2026 01:30:00,-0.084
07-13-2026 01:45:00,-0.086
07-13-2026 02:00:00,-0.094
07-13-2026 02:15:00,-0.099
07-13-2026 02:30:00,-0.083
07-13-2026 02:45:00,-0.087
07-13-2026 03:00:00,-0.086
07-13-2026 03:15:00,-0.092
07-13-2026 03:30:00,-0.075
07-13-2026 03:45:00,-0.082
07-13-2026 04:00:00,-0.097
07-13-2026 04:15:00,-0.097
07-13-2026 04:30:00,-0.087
07-13-2026 04:45:00,-0.09
07-13-2026 05:00:00,-0.085
07-13-2026 05:15:00,-0.086
07-13-2026 05:30:00,-0.081
07-13-2026 05:45:00,-0.049
07-13-2026 06:00:00,7.946
07-13-2026 06:15:00,17.135
07-13-2026 06:30:00,24.528
07-13-2026 06:45:00,22.645
07-13-2026 07:00:00,51.909
07-13-2026 07:15:00,121.239
07-13-2026 07:30:00,103.348
07-13-2026 07:45:00,102.441
07-13-2026 08:00:00,106.97
07-13-2026 08:15:00,282.005
07-13-2026 08:30:00,423.334
07-13-2026 08:45:00,367.784
07-13-2026 09:00:00,356.852
07-13-2026 09:15:00,400.37
07-13-2026 09:30:00,463.699
07-13-2026 09:45:00,491.793
07-13-2026 10:00:00,584.66
07-13-2026 10:15:00,654.703
07-13-2026 10:30:00,721.052
07-13-2026 10:45:00,713.327
07-13-2026 11:00:00,690.954
07-13-2026 11:15:00,721.58
07-13-2026 11:30:00,752.346
07-13-2026 11:45:00,761.703
07-13-2026 12:00:00,761.561
07-13-2026 12:15:00,758.606
07-13-2026 12:30:00,756.378
07-13-2026 12:45:00,735.766
07-13-2026 13:00:00,673.624
07-13-2026 13:15:00,655.371
07-13-2026 13:30:00,698.667
07-13-2026 13:45:00,719.916
07-13-2026 14:00:00,705.271
07-13-2026 14:15:00,687.524
07-13-2026 14:30:00,678.602
07-13-2026 14:45:00,666.507
07-13-2026 15:00:00,644.273
07-13-2026 15:15:00,614.284
07-13-2026 15:30:00,559.257
07-13-2026 15:45:00,503.802
07-13-2026 16:00:00,478.166
07-13-2026 16:15:00,453.934
07-13-2026 16:30:00,415.328
07-13-2026 16:45:00,353.88
07-13-2026 17:00:00,285.695
07-13-2026 17:15:00,235.465
07-13-2026 17:30:00,198.537
07-13-2026 17:45:00,168.953
07-13-2026 18:00:00,127.534
07-13-2026 18:15:00,82.59
07-13-2026 18:30:00,45.614
07-13-2026 18:45:00,20.235
07-13-2026 19:00:00,""
07-13-2026 19:15:00,0.553
07-13-2026 19:30:00,-0.013
07-13-2026 19:45:00,-0.092
07-13-2026 20:00:00,-0.094
07-13-2026 20:15:00,-0.089
07-13-2026 20:30:00,-0.089
07-13-2026 20:45:00,-0.094
07-13-2026 21:00:00,-0.093
07-13-2026 21:15:00,-0.089
07-13-2026 21:30:00,-0.09
07-13-2026 21:45:00,-0.092
07-13-2026 22:00:00,-0.094
07-13-2026 22:15:00,-0.095
07-13-2026 22:30:00,-0.096
07-13-2026 22:45:00,-0.091
07-13-2026 23:00:00,-0.089
07-13-2026 23:15:00,-0.083
07-13-2026 23:30:00,-0.084
07-13-2026 23:45:00,-0.093
07-14-2026 00:00:00,-0.095
07-14-2026 00:15:00,-0.096
07-14-2026 00:30:00,-0.092
07-14-2026 00:45:00,-0.087
07-14-2026 01:00:00,-0.095
07-14-2026 01:15:00,-0.091
07-14-2026 01:30:00,-0.086
07-14-2026 01:45:00,-0.089
07-14-2026 02:00:00,-0.087
07-14-2026 02:15:00,-0.088
07-14-2026 02:30:00,-0.093
07-14-2026 02:45:00,-0.081
07-14-2026 03:00:00,-0.088
07-14-2026 03:15:00,-0.096
07-14-2026 03:30:00,-0.096
07-14-2026 03:45:00,-0.101
07-14-2026 04:00:00,-0.094
07-14-2026 04:15:00,-0.088
07-14-2026 04:30:00,-0.09
07-14-2026 04:45:00,-0.089
07-14-2026 05:00:00,-0.098
07-14-2026 05:15:00,-0.079
07-14-2026 05:30:00,-0.087
07-14-2026 05:45:00,-0.052
07-14-2026 06:00:00,0.746
07-14-2026 06:15:00,8.548
07-14-2026 06:30:00,15.553
07-14-2026 06:45:00,28.279
07-14-2026 07:00:00,36.02
07-14-2026 07:15:00,47.168
07-14-2026 07:30:00,207.762
07-14-2026 07:45:00,""
07-14-2026 08:00:00,237.485
07-14-2026 08:15:00,492.086
07-14-2026 08:30:00,347.581
07-14-2026 08:45:00,121.775
07-14-2026 09:00:00,181.733
07-14-2026 09:15:00,222.006
07-14-2026 09:30:00,221.47
07-14-2026 09:45:00,339.564
07-14-2026 10:00:00,267.734
07-14-2026 10:15:00,669.309
07-14-2026 10:30:00,693.313
07-14-2026 10:45:00,525.828
07-14-2026 11:00:00,677.597
07-14-2026 11:15:00,745.537
07-14-2026 11:30:00,737.467
07-14-2026 11:45:00,604.872
07-14-2026 12:00:00,744.118
07-14-2026 12:15:00,777.705
07-14-2026 12:30:00,769.919
07-14-2026 12:45:00,762.56
07-14-2026 13:00:00,592.96
07-14-2026 13:15:00,406.705
07-14-2026 13:30:00,534.901
07-14-2026 13:45:00,626.847
07-14-2026 14:00:00,699.379
07-14-2026 14:15:00,681.509
07-14-2026 14:30:00,662.357
07-14-2026 14:45:00,641.242
07-14-2026 15:00:00,635.32
07-14-2026 15:15:00,617.734
07-14-2026 15:30:00,591.743
07-14-2026 15:45:00,452.972
07-14-2026 16:00:00,337.707
07-14-2026 16:15:00,352.041
07-14-2026 16:30:00,419.955
07-14-2026 16:45:00,430.749
07-14-2026 17:00:00,324.719
07-14-2026 17:15:00,271.468
07-14-2026 17:30:00,240.129
07-14-2026 17:45:00,194.42
07-14-2026 18:00:00,145.822
07-14-2026 18:15:00,82.722
07-14-2026 18:30:00,34.289
07-14-2026 18:45:00,12.008
07-14-2026 19:00:00,4.022
07-14-2026 19:15:00,0.199
07-14-2026 19:30:00,-0.077
07-14-2026 19:45:00,-0.089
07-14-2026 20:00:00,-0.09
07-14-2026 20:15:00,-0.085
07-14-2026 20:30:00,-0.084
07-14-2026 20:45:00,-0.093
07-14-2026 21:00:00,-0.097
07-14-2026 21:15:00,-0.099
07-14-2026 21:30:00,-0.102
07-14-2026 21:45:00,-0.096
07-14-2026 22:00:00,-0.09
07-14-2026 22:15:00,-0.088
07-14-2026 22:30:00,-0.09
07-14-2026 22:45:00,-0.094
07-14-2026 23:00:00,-0.096
07-14-2026 23:15:00,-0.094
07-14-2026 23:30:00,-0.09
07-14-2026 23:45:00,-0.087
07-15-2026 00:00:00,-0.086
07-15-2026 00:15:00,-0.086
07-15-2026 00:30:00,-0.09
07-15-2026 00:45:00,-0.094
07-15-2026 01:00:00,-0.091
07-15-2026 01:15:00,-0.089
07-15-2026 01:30:00,-0.089
07-15-2026 01:45:00,-0.09
07-15-2026 02:00:00,-0.093
07-15-2026 02:15:00,-0.094
07-15-2026 02:30:00,-0.095
07-15-2026 02:45:00,-0.099
07-15-2026 03:00:00,-0.096
07-15-2026 03:15:00,-0.093
07-15-2026 03:30:00,-0.088
07-15-2026 03:45:00,-0.081
07-15-2026 04:00:00,-0.084
07-15-2026 04:15:00,-0.085
07-15-2026 04:30:00,-0.085
07-15-2026 04:45:00,-0.095
07-15-2026 05:00:00,-0.094
07-15-2026 05:15:00,-0.09
07-15-2026 05:30:00,0.328
07-15-2026 05:45:00,""
07-15-2026 06:00:00,8.609
07-15-2026 06:15:00,16.786
07-15-2026 06:30:00,31.267
07-15-2026 06:45:00,47.547
07-15-2026 07:00:00,85.671
07-15-2026 07:15:00,153.915
07-15-2026 07:30:00,201.529
07-15-2026 07:45:00,254.083
07-15-2026 08:00:00,308.737
07-15-2026 08:15:00,373.296
07-15-2026 08:30:00,443.462
07-15-2026 08:45:00,490.098
07-15-2026 09:00:00,368.587
07-15-2026 09:15:00,147.287
07-15-2026 09:30:00,326.808
07-15-2026 09:45:00,588.567
07-15-2026 10:00:00,526.637
07-15-2026 10:15:00,673.885
07-15-2026 10:30:00,685.635
07-15-2026 10:45:00,711.868
07-15-2026 11:00:00,733.94
07-15-2026 11:15:00,750.297
07-15-2026 11:30:00,748.498
07-15-2026 11:45:00,756.4
07-15-2026 12:00:00,772.289
07-15-2026 12:15:00,783.127
07-15-2026 12:30:00,781.084
07-15-2026 12:45:00,788.893
07-15-2026 13:00:00,790.066
07-15-2026 13:15:00,795.919
07-15-2026 13:30:00,785.532
07-15-2026 13:45:00,737.907
07-15-2026 14:00:00,195.367
07-15-2026 14:15:00,129.545
07-15-2026 14:30:00,131.8
07-15-2026 14:45:00,203.512
07-15-2026 15:00:00,211.969
07-15-2026 15:15:00,186.653
07-15-2026 15:30:00,249.958
07-15-2026 15:45:00,""
07-15-2026 16:00:00,485.252
07-15-2026 16:15:00,428.887
07-15-2026 16:30:00,386.713
07-15-2026 16:45:00,351.369
07-15-2026 17:00:00,292.139
07-15-2026 17:15:00,243.025
07-15-2026 17:30:00,193.621
07-15-2026 17:45:00,145.218
07-15-2026 18:00:00,99
07-15-2026 18:15:00,58.678
07-15-2026 18:30:00,28.191
07-15-2026 18:45:00,11.679
07-15-2026 19:00:00,2.727
07-15-2026 19:15:00,0.137
07-15-2026 19:30:00,-0.095
07-15-2026 19:45:00,-0.098
07-15-2026 20:00:00,-0.093
07-15-2026 20:15:00,-0.096
07-15-2026 20:30:00,-0.092
07-15-2026 20:45:00,-0.088
07-15-2026 21:00:00,-0.101
07-15-2026 21:15:00,-0.104
07-15-2026 21:30:00,-0.092
07-15-2026 21:45:00,-0.091
07-15-2026 22:00:00,-0.095
07-15-2026 22:15:00,-0.094
07-15-2026 22:30:00,-0.104
07-15-2026 22:45:00,-0.095
07-15-2026 23:00:00,-0.09
07-15-2026 23:15:00,-0.088
07-15-2026 23:30:00,-0.083
07-15-2026 23:45:00,-0.085
07-16-2026 00:00:00,-0.095
07-16-2026 00:15:00,-0.098
07-16-2026 00:30:00,-0.091
07-16-2026 00:45:00,-0.087
07-16-2026 01:00:00,-0.083
07-16-2026 01:15:00,-0.089
07-16-2026 01:30:00,-0.095
07-16-2026 01:45:00,-0.096
07-16-2026 02:00:00,-0.096
07-16-2026 02:15:00,-0.099
07-16-2026 02:30:00,-0.1
07-16-2026 02:45:00,-0.094
07-16-2026 03:00:00,-0.086
07-16-2026 03:15:00,-0.082
07-16-2026 03:30:00,-0.085
07-16-2026 03:45:00,-0.093
07-16-2026 04:00:00,-0.095
07-16-2026 04:15:00,-0.092
07-16-2026 04:30:00,-0.091
07-16-2026 04:45:00,-0.088
07-16-2026 05:00:00,-0.084
07-16-2026 05:15:00,-0.084
07-16-2026 05:30:00,0.279
07-16-2026 05:45:00,""
07-16-2026 06:00:00,7.425
07-16-2026 06:15:00,18.853
07-16-2026 06:30:00,29.301
07-16-2026 06:45:00,29.846
07-16-2026 07:00:00,28.81
07-16-2026 07:15:00,66.581
07-16-2026 07:30:00,166.865
07-16-2026 07:45:00,223.73
07-16-2026 08:00:00,215.336
07-16-2026 08:15:00,296.016
07-16-2026 08:30:00,409.564
07-16-2026 08:45:00,454.024
07-16-2026 09:00:00,492.028
07-16-2026 09:15:00,528.011
07-16-2026 09:30:00,563.921
07-16-2026 09:45:00,563.65
07-16-2026 10:00:00,503.715
07-16-2026 10:15:00,534.633
07-16-2026 10:30:00,674.679
07-16-2026 10:45:00,698.781
07-16-2026 11:00:00,715.537
07-16-2026 11:15:00,722.912
07-16-2026 11:30:00,737.706
07-16-2026 11:45:00,761.781
07-16-2026 12:00:00,783.173
07-16-2026 12:15:00,800.224
07-16-2026 12:30:00,780.247
07-16-2026 12:45:00,777.572
07-16-2026 13:00:00,764.309
07-16-2026 13:15:00,761.027
07-16-2026 13:30:00,748.865
07-16-2026 13:45:00,""
07-16-2026 14:00:00,695.104
07-16-2026 14:15:00,702.143
07-16-2026 14:30:00,692.966
07-16-2026 14:45:00,579.749
07-16-2026 15:00:00,272.298
07-16-2026 15:15:00,377.516
07-16-2026 15:30:00,647.349
07-16-2026 15:45:00,634.703
07-16-2026 16:00:00,406.066
07-16-2026 16:15:00,230.678
07-16-2026 16:30:00,318.69
07-16-2026 16:45:00,459.228
07-16-2026 17:00:00,306.479
07-16-2026 17:15:00,364.949
07-16-2026 17:30:00,220.714
07-16-2026 17:45:00,197.42
07-16-2026 18:00:00,132.377
07-16-2026 18:15:00,97.321
07-16-2026 18:30:00,55.355
07-16-2026 18:45:00,25.583
07-16-2026 19:00:00,""
07-16-2026 19:15:00,-0.04
07-16-2026 19:30:00,-0.086
07-16-2026 19:45:00,-0.103
07-16-2026 20:00:00,-0.096
07-16-2026 20:15:00,-0.094
07-16-2026 20:30:00,""
07-16-2026 20:45:00,-0.078
07-16-2026 21:00:00,-0.095
07-16-2026 21:15:00,-0.107
07-16-2026 21:30:00,-0.095
07-16-2026 21:45:00,-0.087
07-16-2026 22:00:00,-0.094
07-16-2026 22:15:00,-0.094
07-16-2026 22:30:00,-0.092
07-16-2026 22:45:00,-0.088
07-16-2026 23:00:00,-0.094
07-16-2026 23:15:00,-0.098
07-16-2026 23:30:00,-0.091
07-16-2026 23:45:00,-0.092
07-17-2026 00:00:00,-0.101
07-17-2026 00:15:00,-0.1
07-17-2026 00:30:00,-0.104
07-17-2026 00:45:00,-0.096
07-17-2026 01:00:00,-0.105
07-17-2026 01:15:00,-0.094
07-17-2026 01:30:00,-0.093
07-17-2026 01:45:00,-0.089
07-17-2026 02:00:00,-0.094
07-17-2026 02:15:00,-0.099
07-17-2026 02:30:00,-0.106
07-17-2026 02:45:00,-0.093
07-17-2026 03:00:00,-0.079
07-17-2026 03:15:00,-0.08
07-17-2026 03:30:00,-0.077
07-17-2026 03:45:00,-0.084
07-17-2026 04:00:00,-0.098
07-17-2026 04:15:00,-0.102
07-17-2026 04:30:00,-0.096
07-17-2026 04:45:00,-0.089
07-17-2026 05:00:00,-0.094
07-17-2026 05:15:00,-0.096
07-17-2026 05:30:00,-0.077
07-17-2026 05:45:00,-0.057
07-17-2026 06:00:00,4.024
07-17-2026 06:15:00,11.663
07-17-2026 06:30:00,29.275
07-17-2026 06:45:00,43.122
07-17-2026 07:00:00,78.671
07-17-2026 07:15:00,111.664
07-17-2026 07:30:00,146.013
07-17-2026 07:45:00,244.003
07-17-2026 08:00:00,257.682
07-17-2026 08:15:00,173.161
07-17-2026 08:30:00,275.278
07-17-2026 08:45:00,368.406
07-17-2026 09:00:00,410.944
07-17-2026 09:15:00,466.455
07-17-2026 09:30:00,397.874
07-17-2026 09:45:00,327.92
07-17-2026 10:00:00,393.444
07-17-2026 10:15:00,632.723
07-17-2026 10:30:00,733.75
07-17-2026 10:45:00,736.303
07-17-2026 11:00:00,719.077
07-17-2026 11:15:00,712.829
07-17-2026 11:30:00,723.948
07-17-2026 11:45:00,735.93
07-17-2026 12:00:00,740.632
07-17-2026 12:15:00,664.545
07-17-2026 12:30:00,580.978
07-17-2026 12:45:00,656.912
07-17-2026 13:00:00,745.979
07-17-2026 13:15:00,738.747
07-17-2026 13:30:00,735.718
07-17-2026 13:45:00,""
07-17-2026 14:00:00,697.475
07-17-2026 14:15:00,646.178
07-17-2026 14:30:00,607.822
07-17-2026 14:45:00,645.913
07-17-2026 15:00:00,670.384
07-17-2026 15:15:00,600.921
07-17-2026 15:30:00,570.202
07-17-2026 15:45:00,538.758
07-17-2026 16:00:00,503.955
07-17-2026 16:15:00,475.852
07-17-2026 16:30:00,437.791
07-17-2026 16:45:00,382.559
07-17-2026 17:00:00,331.164
07-17-2026 17:15:00,281.184
07-17-2026 17:30:00,231.523
07-17-2026 17:45:00,184.433
07-17-2026 18:00:00,137.473
07-17-2026 18:15:00,90.272
07-17-2026 18:30:00,54.692
07-17-2026 18:45:00,26.039
07-17-2026 19:00:00,""
07-17-2026 19:15:00,-0.047
07-17-2026 19:30:00,-0.065
07-17-2026 19:45:00,-0.099
07-17-2026 20:00:00,-0.092
07-17-2026 20:15:00,-0.093
07-17-2026 20:30:00,-0.089
07-17-2026 20:45:00,-0.097
07-17-2026 21:00:00,-0.094
07-17-2026 21:15:00,-0.082
07-17-2026 21:30:00,-0.087
07-17-2026 21:45:00,-0.094
07-17-2026 22:00:00,-0.094
07-17-2026 22:15:00,-0.097
07-17-2026 22:30:00,-0.093
07-17-2026 22:45:00,-0.085
07-17-2026 23:00:00,-0.093
07-17-2026 23:15:00,-0.092
07-17-2026 23:30:00,-0.097
07-17-2026 23:45:00,-0.098
07-18-2026 00:00:00,-0.093
07-18-2026 00:15:00,-0.093
07-18-2026 00:30:00,-0.088
07-18-2026 00:45:00,-0.103
07-18-2026 01:00:00,-0.095
07-18-2026 01:15:00,-0.083
07-18-2026 01:30:00,-0.087
07-18-2026 01:45:00,-0.091
07-18-2026 02:00:00,-0.093
07-18-2026 02:15:00,-0.094
07-18-2026 02:30:00,-0.086
07-18-2026 02:45:00,-0.105
07-18-2026 03:00:00,""
07-18-2026 03:15:00,-0.095
07-18-2026 03:30:00,-0.103
07-18-2026 03:45:00,-0.105
07-18-2026 04:00:00,-0.094
07-18-2026 04:15:00,-0.098
07-18-2026 04:30:00,-0.086
07-18-2026 04:45:00,-0.087
07-18-2026 05:00:00,-0.089
07-18-2026 05:15:00,-0.09
07-18-2026 05:30:00,-0.072
07-18-2026 05:45:00,-0.044
07-18-2026 06:00:00,5.1
07-18-2026 06:15:00,11.368
07-18-2026 06:30:00,16.645
07-18-2026 06:45:00,30.426
07-18-2026 07:00:00,116.487
07-18-2026 07:15:00,73.366
07-18-2026 07:30:00,188.128
07-18-2026 07:45:00,105.359
07-18-2026 08:00:00,229.979
07-18-2026 08:15:00,369.455
07-18-2026 08:30:00,469.203
07-18-2026 08:45:00,507.954
07-18-2026 09:00:00,310.195
07-18-2026 09:15:00,399.294
07-18-2026 09:30:00,331.626
07-18-2026 09:45:00,384.249
07-18-2026 10:00:00,651.753
07-18-2026 10:15:00,751.981
07-18-2026 10:30:00,445.513
07-18-2026 10:45:00,268.717
07-18-2026 11:00:00,251.053
07-18-2026 11:15:00,267.692
07-18-2026 11:30:00,314.787
07-18-2026 11:45:00,321.692
07-18-2026 12:00:00,603.331
07-18-2026 12:15:00,798.601
07-18-2026 12:30:00,786.962
07-18-2026 12:45:00,759.32
07-18-2026 13:00:00,748.517
07-18-2026 13:15:00,741.36
07-18-2026 13:30:00,743.091
07-18-2026 13:45:00,735.162
07-18-2026 14:00:00,720.121
07-18-2026 14:15:00,698.741
07-18-2026 14:30:00,674.012
07-18-2026 14:45:00,634.28
07-18-2026 15:00:00,603.959
07-18-2026 15:15:00,587.773
07-18-2026 15:30:00,565.294
07-18-2026 15:45:00,538.305
07-18-2026 16:00:00,502.748
07-18-2026 16:15:00,467.29
07-18-2026 16:30:00,351.104
07-18-2026 16:45:00,252.027
07-18-2026 17:00:00,261.606
07-18-2026 17:15:00,254.553
07-18-2026 17:30:00,201.829
07-18-2026 17:45:00,162.21
07-18-2026 18:00:00,62.693
07-18-2026 18:15:00,63.411
07-18-2026 18:30:00,39.443
07-18-2026 18:45:00,15.749
07-18-2026 19:00:00,9.631
07-18-2026 19:15:00,0.044
07-18-2026 19:30:00,-0.074
07-18-2026 19:45:00,-0.083
07-18-2026 20:00:00,-0.088
07-18-2026 20:15:00,-0.098
07-18-2026 20:30:00,-0.098
07-18-2026 20:45:00,-0.097
07-18-2026 21:00:00,-0.096
07-18-2026 21:15:00,-0.093
07-18-2026 21:30:00,-0.092
07-18-2026 21:45:00,""
07-18-2026 22:00:00,-0.098
07-18-2026 22:15:00,-0.092
07-18-2026 22:30:00,-0.093
07-18-2026 22:45:00,-0.089
07-18-2026 23:00:00,-0.088
07-18-2026 23:15:00,-0.092
07-18-2026 23:30:00,-0.098
07-18-2026 23:45:00,-0.103
07-19-2026 00:00:00,-0.099
07-19-2026 00:15:00,-0.096
07-19-2026 00:30:00,-0.097
07-19-2026 00:45:00,-0.095
07-19-2026 01:00:00,-0.098
07-19-2026 01:15:00,-0.09
07-19-2026 01:30:00,-0.088
07-19-2026 01:45:00,-0.086
07-19-2026 02:00:00,-0.086
07-19-2026 02:15:00,-0.094
07-19-2026 02:30:00,-0.102
07-19-2026 02:45:00,-0.093
07-19-2026 03:00:00,-0.088
07-19-2026 03:15:00,-0.084
07-19-2026 03:30:00,-0.084
07-19-2026 03:45:00,-0.082
07-19-2026 04:00:00,-0.091
07-19-2026 04:15:00,-0.092
07-19-2026 04:30:00,-0.096
07-19-2026 04:45:00,-0.088
07-19-2026 05:00:00,-0.088
07-19-2026 05:15:00,-0.095
07-19-2026 05:30:00,-0.08
07-19-2026 05:45:00,0.014
07-19-2026 06:00:00,1.389
07-19-2026 06:15:00,7.426
07-19-2026 06:30:00,15.353
07-19-2026 06:45:00,27.667
07-19-2026 07:00:00,43.726
07-19-2026 07:15:00,69.175
07-19-2026 07:30:00,53.723
07-19-2026 07:45:00,58.931
07-19-2026 08:00:00,70.25
07-19-2026 08:15:00,102.945
07-19-2026 08:30:00,162.442
07-19-2026 08:45:00,341.829
07-19-2026 09:00:00,159.13
07-19-2026 09:15:00,646.694
07-19-2026 09:30:00,641.817
07-19-2026 09:45:00,624.83
07-19-2026 10:00:00,""
07-19-2026 10:15:00,691.378
07-19-2026 10:30:00,836.113
07-19-2026 10:45:00,644.709
07-19-2026 11:00:00,761.591
07-19-2026 11:15:00,882.846
07-19-2026 11:30:00,851.722
07-19-2026 11:45:00,378.067
07-19-2026 12:00:00,847.982
07-19-2026 12:15:00,757.505
07-19-2026 12:30:00,310.063
07-19-2026 12:45:00,737.522
07-19-2026 13:00:00,893.28
07-19-2026 13:15:00,809.378
07-19-2026 13:30:00,831.998
07-19-2026 13:45:00,434.247
07-19-2026 14:00:00,297.91
07-19-2026 14:15:00,727.999
07-19-2026 14:30:00,380.502
07-19-2026 14:45:00,206.065
07-19-2026 15:00:00,176.597
07-19-2026 15:15:00,476.022
07-19-2026 15:30:00,592.977
07-19-2026 15:45:00,339.029
07-19-2026 16:00:00,181.918
07-19-2026 16:15:00,249.245
07-19-2026 16:30:00,414.086
07-19-2026 16:45:00,434.889
07-19-2026 17:00:00,218.491
07-19-2026 17:15:00,208.664
07-19-2026 17:30:00,136.628
07-19-2026 17:45:00,123.084
07-19-2026 18:00:00,123.914
07-19-2026 18:15:00,83.896
07-19-2026 18:30:00,44.037
07-19-2026 18:45:00,18.536
07-19-2026 19:00:00,5.104
07-19-2026 19:15:00,0.557
07-19-2026 19:30:00,-0.083
07-19-2026 19:45:00,-0.092
07-19-2026 20:00:00,-0.098
07-19-2026 20:15:00,-0.095
07-19-2026 20:30:00,-0.087
07-19-2026 20:45:00,-0.082
07-19-2026 21:00:00,-0.085
07-19-2026 21:15:00,-0.089
07-19-2026 21:30:00,-0.089
07-19-2026 21:45:00,-0.087
07-19-2026 22:00:00,-0.089
07-19-2026 22:15:00,-0.088
07-19-2026 22:30:00,-0.086
07-19-2026 22:45:00,-0.09
07-19-2026 23:00:00,-0.094
07-19-2026 23:15:00,-0.093
07-19-2026 23:30:00,-0.091
07-19-2026 23:45:00,-0.093
07-20-2026 00:00:00,-0.092
07-20-2026 00:15:00,-0.091
07-20-2026 00:30:00,-0.096
07-20-2026 00:45:00,-0.094
07-20-2026 01:00:00,-0.089
07-20-2026 01:15:00,-0.088
07-20-2026 01:30:00,-0.091
07-20-2026 01:45:00,-0.095
07-20-2026 02:00:00,-0.092
07-20-2026 02:15:00,-0.085
07-20-2026 02:30:00,-0.084
07-20-2026 02:45:00,-0.086
07-20-2026 03:00:00,-0.09
07-20-2026 03:15:00,-0.093
07-20-2026 03:30:00,-0.091
07-20-2026 03:45:00,-0.09
07-20-2026 04:00:00,-0.093
07-20-2026 04:15:00,-0.093
07-20-2026 04:30:00,-0.095
07-20-2026 04:45:00,-0.1
07-20-2026 05:00:00,-0.098
07-20-2026 05:15:00,-0.089
07-20-2026 05:30:00,-0.029
07-20-2026 05:45:00,0.06
07-20-2026 06:00:00,3.85
07-20-2026 06:15:00,12.609
07-20-2026 06:30:00,20.919
07-20-2026 06:45:00,36.616
07-20-2026 07:00:00,74.828
07-20-2026 07:15:00,103.52
07-20-2026 07:30:00,108.334
07-20-2026 07:45:00,192.943
07-20-2026 08:00:00,283.261
07-20-2026 08:15:00,281.077
07-20-2026 08:30:00,287.317
07-20-2026 08:45:00,147.795
07-20-2026 09:00:00,221.333
07-20-2026 09:15:00,381.077
07-20-2026 09:30:00,610.461
07-20-2026 09:45:00,""
07-20-2026 10:00:00,529.229
07-20-2026 10:15:00,617.607
07-20-2026 10:30:00,593.381
07-20-2026 10:45:00,520.964
07-20-2026 11:00:00,469.858
07-20-2026 11:15:00,483.398
07-20-2026 11:30:00,679.414
07-20-2026 11:45:00,""
07-20-2026 12:00:00,367.551
07-20-2026 12:15:00,534.321
07-20-2026 12:30:00,703.564
07-20-2026 12:45:00,668.279
07-20-2026 13:00:00,763.97
07-20-2026 13:15:00,692.581
07-20-2026 13:30:00,385.242
07-20-2026 13:45:00,""
07-20-2026 14:00:00,298.599
07-20-2026 14:15:00,467.148
07-20-2026 14:30:00,803.499
07-20-2026 14:45:00,627.812
07-20-2026 15:00:00,375.282
07-20-2026 15:15:00,255.214
07-20-2026 15:30:00,694.977
07-20-2026 15:45:00,591.801
07-20-2026 16:00:00,523.112
07-20-2026 16:15:00,497.187
07-20-2026 16:30:00,445.683
07-20-2026 16:45:00,407.299
07-20-2026 17:00:00,348.899
07-20-2026 17:15:00,297.1
07-20-2026 17:30:00,""
07-20-2026 17:45:00,153.281
07-20-2026 18:00:00,142.896
07-20-2026 18:15:00,73.871
07-20-2026 18:30:00,29.372
07-20-2026 18:45:00,15.274
07-20-2026 19:00:00,2.283
07-20-2026 19:15:00,0.03
07-20-2026 19:30:00,-0.087
07-20-2026 19:45:00,-0.079
07-20-2026 20:00:00,-0.08
07-20-2026 20:15:00,-0.086
07-20-2026 20:30:00,-0.094
07-20-2026 20:45:00,-0.095
07-20-2026 21:00:00,-0.086
07-20-2026 21:15:00,-0.087
07-20-2026 21:30:00,-0.086
07-20-2026 21:45:00,-0.099
07-20-2026 22:00:00,-0.093
07-20-2026 22:15:00,-0.093
07-20-2026 22:30:00,-0.096
07-20-2026 22:45:00,-0.083
07-20-2026 23:00:00,-0.096
07-20-2026 23:15:00,-0.095
07-20-2026 23:30:00,-0.089
07-20-2026 23:45:00,-0.088
07-21-2026 00:00:00,-0.089
07-21-2026 00:15:00,-0.089
07-21-2026 00:30:00,-0.085
07-21-2026 00:45:00,-0.088
07-21-2026 01:00:00,-0.094
07-21-2026 01:15:00,-0.093
07-21-2026 01:30:00,-0.086
07-21-2026 01:45:00,-0.088
07-21-2026 02:00:00,-0.095
07-21-2026 02:15:00,-0.093
07-21-2026 02:30:00,-0.093
07-21-2026 02:45:00,-0.101
07-21-2026 03:00:00,-0.102
07-21-2026 03:15:00,-0.095
07-21-2026 03:30:00,-0.091
07-21-2026 03:45:00,-0.087
07-21-2026 04:00:00,-0.082
07-21-2026 04:15:00,-0.082
07-21-2026 04:30:00,-0.088
07-21-2026 04:45:00,-0.093
07-21-2026 05:00:00,-0.094
07-21-2026 05:15:00,-0.091
07-21-2026 05:30:00,-0.07
07-21-2026 05:45:00,0.209
07-21-2026 06:00:00,3.258
07-21-2026 06:15:00,9.094
07-21-2026 06:30:00,16.79
07-21-2026 06:45:00,45.974
07-21-2026 07:00:00,100.921
07-21-2026 07:15:00,158.32
07-21-2026 07:30:00,211.28
07-21-2026 07:45:00,261.62
07-21-2026 08:00:00,318.727
07-21-2026 08:15:00,323.812
07-21-2026 08:30:00,300.161
07-21-2026 08:45:00,391.875
07-21-2026 09:00:00,526.182
07-21-2026 09:15:00,591.593
07-21-2026 09:30:00,606.574
07-21-2026 09:45:00,600.721
07-21-2026 10:00:00,629.375
07-21-2026 10:15:00,659.125
07-21-2026 10:30:00,674.786
07-21-2026 10:45:00,701.478
07-21-2026 11:00:00,746.558
07-21-2026 11:15:00,755.801
07-21-2026 11:30:00,743.012
07-21-2026 11:45:00,748.782
07-21-2026 12:00:00,755.894
07-21-2026 12:15:00,767.44
07-21-2026 12:30:00,765.822
07-21-2026 12:45:00,747.206
07-21-2026 13:00:00,734.888
07-21-2026 13:15:00,715.475
07-21-2026 13:30:00,708.27
07-21-2026 13:45:00,""
07-21-2026 14:00:00,702.287
07-21-2026 14:15:00,697.091
07-21-2026 14:30:00,681.909
07-21-2026 14:45:00,629.981
07-21-2026 15:00:00,587.627
07-21-2026 15:15:00,608.473
07-21-2026 15:30:00,570.17
07-21-2026 15:45:00,522.105
07-21-2026 16:00:00,394.076
07-21-2026 16:15:00,223.555
07-21-2026 16:30:00,230.546
07-21-2026 16:45:00,297.644
07-21-2026 17:00:00,342.529
07-21-2026 17:15:00,290.673
07-21-2026 17:30:00,182.465
07-21-2026 17:45:00,68.929
07-21-2026 18:00:00,89.196
07-21-2026 18:15:00,98.303
07-21-2026 18:30:00,66.189
07-21-2026 18:45:00,26.306
07-21-2026 19:00:00,""
07-21-2026 19:15:00,-0.043
07-21-2026 19:30:00,-0.063
07-21-2026 19:45:00,-0.107
07-21-2026 20:00:00,-0.107
07-21-2026 20:15:00,-0.092
07-21-2026 20:30:00,-0.101
07-21-2026 20:45:00,-0.103
07-21-2026 21:00:00,-0.102
07-21-2026 21:15:00,-0.094
07-21-2026 21:30:00,-0.101
07-21-2026 21:45:00,-0.097
07-21-2026 22:00:00,-0.083
07-21-2026 22:15:00,-0.099
07-21-2026 22:30:00,-0.084
07-21-2026 22:45:00,-0.077
07-21-2026 23:00:00,-0.085
07-21-2026 23:15:00,-0.083
07-21-2026 23:30:00,-0.107
07-21-2026 23:45:00,-0.098
07-22-2026 00:00:00,-0.094
07-22-2026 00:15:00,-0.094
07-22-2026 00:30:00,""
07-22-2026 00:45:00,-0.104
07-22-2026 01:00:00,-0.091
07-22-2026 01:15:00,-0.082
07-22-2026 01:30:00,-0.096
07-22-2026 01:45:00,-0.092
07-22-2026 02:00:00,-0.102
07-22-2026 02:15:00,-0.082
07-22-2026 02:30:00,-0.083
07-22-2026 02:45:00,-0.092
07-22-2026 03:00:00,-0.097
07-22-2026 03:15:00,-0.096
07-22-2026 03:30:00,-0.096
07-22-2026 03:45:00,-0.092
07-22-2026 04:00:00,-0.094
07-22-2026 04:15:00,-0.091
07-22-2026 04:30:00,-0.096
07-22-2026 04:45:00,-0.09
07-22-2026 05:00:00,-0.085
07-22-2026 05:15:00,-0.099
07-22-2026 05:30:00,-0.094
07-22-2026 05:45:00,2.626
07-22-2026 06:00:00,3.244
07-22-2026 06:15:00,12.677
07-22-2026 06:30:00,27.294
07-22-2026 06:45:00,36.498
07-22-2026 07:00:00,86.808
07-22-2026 07:15:00,81.179
07-22-2026 07:30:00,68.673
07-22-2026 07:45:00,115.517
07-22-2026 08:00:00,155.401
07-22-2026 08:15:00,115.655
07-22-2026 08:30:00,301.129
07-22-2026 08:45:00,273.321
07-22-2026 09:00:00,389.63
07-22-2026 09:15:00,538.845
07-22-2026 09:30:00,607.205
07-22-2026 09:45:00,627.822
07-22-2026 10:00:00,648.135
07-22-2026 10:15:00,689.196
07-22-2026 10:30:00,516.525
07-22-2026 10:45:00,317.636
07-22-2026 11:00:00,260.528
07-22-2026 11:15:00,434.108
07-22-2026 11:30:00,507.786
07-22-2026 11:45:00,440.311
07-22-2026 12:00:00,581.678
07-22-2026 12:15:00,729.282
07-22-2026 12:30:00,753.076
07-22-2026 12:45:00,636.618
07-22-2026 13:00:00,583.042
07-22-2026 13:15:00,681.9
07-22-2026 13:30:00,735.679
07-22-2026 13:45:00,724.95
07-22-2026 14:00:00,711.769
07-22-2026 14:15:00,699.672
07-22-2026 14:30:00,686.899
07-22-2026 14:45:00,673.189
07-22-2026 15:00:00,664.615
07-22-2026 15:15:00,652.19
07-22-2026 15:30:00,626.141
07-22-2026 15:45:00,503.035
07-22-2026 16:00:00,280.336
07-22-2026 16:15:00,226.491
07-22-2026 16:30:00,287.694
07-22-2026 16:45:00,223.137
07-22-2026 17:00:00,181.479
07-22-2026 17:15:00,181.344
07-22-2026 17:30:00,130.418
07-22-2026 17:45:00,101.746
07-22-2026 18:00:00,85.499
07-22-2026 18:15:00,84.539
07-22-2026 18:30:00,64.987
07-22-2026 18:45:00,30.817
07-22-2026 19:00:00,""
07-22-2026 19:15:00,-0.046
07-22-2026 19:30:00,-0.07
07-22-2026 19:45:00,-0.093
07-22-2026 20:00:00,-0.097
07-22-2026 20:15:00,-0.095
07-22-2026 20:30:00,-0.093
07-22-2026 20:45:00,-0.096
07-22-2026 21:00:00,-0.094
07-22-2026 21:15:00,-0.085
07-22-2026 21:30:00,-0.086
07-22-2026 21:45:00,-0.088
07-22-2026 22:00:00,-0.092
07-22-2026 22:15:00,-0.094
07-22-2026 22:30:00,-0.09
07-22-2026 22:45:00,-0.088
07-22-2026 23:00:00,-0.091
07-22-2026 23:15:00,-0.093
07-22-2026 23:30:00,-0.089
07-22-2026 23:45:00,-0.087
07-23-2026 00:00:00,-0.088
07-23-2026 00:15:00,-0.092
07-23-2026 00:30:00,-0.094
07-23-2026 00:45:00,-0.095
07-23-2026 01:00:00,-0.086
07-23-2026 01:15:00,-0.088
07-23-2026 01:30:00,-0.086
07-23-2026 01:45:00,-0.087
07-23-2026 02:00:00,-0.089
07-23-2026 02:15:00,""
07-23-2026 02:30:00,-0.092
07-23-2026 02:45:00,-0.087
07-23-2026 03:00:00,-0.094
07-23-2026 03:15:00,-0.093
07-23-2026 03:30:00,-0.083
07-23-2026 03:45:00,-0.101
07-23-2026 04:00:00,-0.085
07-23-2026 04:15:00,-0.09
07-23-2026 04:30:00,-0.088
07-23-2026 04:45:00,-0.092
07-23-2026 05:00:00,-0.099
07-23-2026 05:15:00,-0.098
07-23-2026 05:30:00,-0.082
07-23-2026 05:45:00,""
07-23-2026 06:00:00,1.781
07-23-2026 06:15:00,6.287
07-23-2026 06:30:00,17.719
07-23-2026 06:45:00,32.846
07-23-2026 07:00:00,51.783
07-23-2026 07:15:00,107.59
07-23-2026 07:30:00,71.986
07-23-2026 07:45:00,""
07-23-2026 08:00:00,361.351
07-23-2026 08:15:00,349.476
07-23-2026 08:30:00,79.928
07-23-2026 08:45:00,334.045
07-23-2026 09:00:00,500.229
07-23-2026 09:15:00,549.759
07-23-2026 09:30:00,339.887
07-23-2026 09:45:00,617.14
07-23-2026 10:00:00,668.533
07-23-2026 10:15:00,650.068
07-23-2026 10:30:00,646.513
07-23-2026 10:45:00,704.737
07-23-2026 11:00:00,734.963
07-23-2026 11:15:00,755.354
07-23-2026 11:30:00,750.557
07-23-2026 11:45:00,529.722
07-23-2026 12:00:00,739.175
07-23-2026 12:15:00,789.2
07-23-2026 12:30:00,794.306
07-23-2026 12:45:00,799.958
07-23-2026 13:00:00,739.682
07-23-2026 13:15:00,728.721
07-23-2026 13:30:00,783.247
07-23-2026 13:45:00,765.815
07-23-2026 14:00:00,757.296
07-23-2026 14:15:00,521.594
07-23-2026 14:30:00,430.345
07-23-2026 14:45:00,453.96
07-23-2026 15:00:00,537.207
07-23-2026 15:15:00,394.116
07-23-2026 15:30:00,227.926
07-23-2026 15:45:00,221.287
07-23-2026 16:00:00,431.52
07-23-2026 16:15:00,366.969
07-23-2026 16:30:00,222.808
07-23-2026 16:45:00,170.535
07-23-2026 17:00:00,126.121
07-23-2026 17:15:00,115.836
07-23-2026 17:30:00,90.948
07-23-2026 17:45:00,57.181
07-23-2026 18:00:00,45.689
07-23-2026 18:15:00,36.135
07-23-2026 18:30:00,21.079
07-23-2026 18:45:00,8.275
07-23-2026 19:00:00,1.768
07-23-2026 19:15:00,0.052
07-23-2026 19:30:00,-0.08
07-23-2026 19:45:00,-0.091
07-23-2026 20:00:00,-0.094
07-23-2026 20:15:00,-0.087
07-23-2026 20:30:00,-0.084
07-23-2026 20:45:00,-0.089
07-23-2026 21:00:00,-0.091
07-23-2026 21:15:00,-0.09
07-23-2026 21:30:00,-0.089
07-23-2026 21:45:00,-0.09
07-23-2026 22:00:00,-0.09
07-23-2026 22:15:00,-0.089
07-23-2026 22:30:00,-0.091
07-23-2026 22:45:00,-0.091
07-23-2026 23:00:00,-0.091
07-23-2026 23:15:00,-0.094
07-23-2026 23:30:00,-0.098
07-23-2026 23:45:00,-0.096
07-24-2026 00:00:00,-0.089
07-24-2026 00:15:00,-0.089
07-24-2026 00:30:00,-0.094
07-24-2026 00:45:00,-0.09
07-24-2026 01:00:00,-0.084
07-24-2026 01:15:00,-0.086
07-24-2026 01:30:00,-0.092
07-24-2026 01:45:00,-0.094
07-24-2026 02:00:00,-0.091
07-24-2026 02:15:00,-0.088
07-24-2026 02:30:00,-0.081
07-24-2026 02:45:00,-0.087
07-24-2026 03:00:00,-0.097
07-24-2026 03:15:00,-0.095
07-24-2026 03:30:00,-0.089
07-24-2026 03:45:00,-0.084
07-24-2026 04:00:00,-0.087
07-24-2026 04:15:00,-0.091
07-24-2026 04:30:00,-0.086
07-24-2026 04:45:00,-0.084
07-24-2026 05:00:00,-0.087
07-24-2026 05:15:00,-0.092
07-24-2026 05:30:00,-0.09
07-24-2026 05:45:00,0.197
07-24-2026 06:00:00,1.927
07-24-2026 06:15:00,6.496
07-24-2026 06:30:00,15.246
07-24-2026 06:45:00,29.066
07-24-2026 07:00:00,45.777
07-24-2026 07:15:00,70.98
07-24-2026 07:30:00,105.257
07-24-2026 07:45:00,145.346
07-24-2026 08:00:00,164.039
07-24-2026 08:15:00,189.935
07-24-2026 08:30:00,278.296
07-24-2026 08:45:00,400.175
07-24-2026 09:00:00,153.355
07-24-2026 09:15:00,170.856
07-24-2026 09:30:00,269.166
07-24-2026 09:45:00,448.598
07-24-2026 10:00:00,201.511
07-24-2026 10:15:00,375.609
07-24-2026 10:30:00,672.467
07-24-2026 10:45:00,293.013
07-24-2026 11:00:00,466.454
07-24-2026 11:15:00,244.159
07-24-2026 11:30:00,276.96
07-24-2026 11:45:00,298.283
07-24-2026 12:00:00,320.27
07-24-2026 12:15:00,269.341
07-24-2026 12:30:00,401.87
07-24-2026 12:45:00,459.073
07-24-2026 13:00:00,318.674
07-24-2026 13:15:00,856.736
07-24-2026 13:30:00,417.211
07-24-2026 13:45:00,339.021
07-24-2026 14:00:00,286.213
07-24-2026 14:15:00,658.808
07-24-2026 14:30:00,244.117
07-24-2026 14:45:00,""
07-24-2026 15:00:00,343.649
07-24-2026 15:15:00,175.773
07-24-2026 15:30:00,660.955
07-24-2026 15:45:00,221.563
07-24-2026 16:00:00,190.494
07-24-2026 16:15:00,254.901
07-24-2026 16:30:00,174.51
07-24-2026 16:45:00,138.424
07-24-2026 17:00:00,119.382
07-24-2026 17:15:00,72.458
07-24-2026 17:30:00,138.451
07-24-2026 17:45:00,112.35
07-24-2026 18:00:00,102.881
07-24-2026 18:15:00,66.618
07-24-2026 18:30:00,31.702
07-24-2026 18:45:00,9.89
07-24-2026 19:00:00,1.997
07-24-2026 19:15:00,0.071
07-24-2026 19:30:00,-0.087
07-24-2026 19:45:00,-0.09
07-24-2026 20:00:00,-0.097
07-24-2026 20:15:00,-0.095
07-24-2026 20:30:00,-0.095
07-24-2026 20:45:00,-0.098
07-24-2026 21:00:00,-0.102
07-24-2026 21:15:00,-0.097
07-24-2026 21:30:00,-0.092
07-24-2026 21:45:00,-0.099
07-24-2026 22:00:00,-0.101
07-24-2026 22:15:00,-0.095
07-24-2026 22:30:00,-0.095
07-24-2026 22:45:00,-0.093
07-24-2026 23:00:00,-0.092
07-24-2026 23:15:00,-0.092
07-24-2026 23:30:00,-0.086
07-24-2026 23:45:00,-0.095
07-25-2026 00:00:00,-0.096
07-25-2026 00:15:00,-0.091
07-25-2026 00:30:00,-0.094
07-25-2026 00:45:00,-0.092
07-25-2026 01:00:00,-0.091
07-25-2026 01:15:00,-0.087
07-25-2026 01:30:00,-0.082
07-25-2026 01:45:00,-0.082
07-25-2026 02:00:00,""
07-25-2026 02:15:00,-0.088
07-25-2026 02:30:00,-0.09
07-25-2026 02:45:00,-0.097
07-25-2026 03:00:00,-0.096
07-25-2026 03:15:00,-0.091
07-25-2026 03:30:00,-0.084
07-25-2026 03:45:00,-0.082
07-25-2026 04:00:00,-0.086
07-25-2026 04:15:00,-0.088
07-25-2026 04:30:00,-0.09
07-25-2026 04:45:00,-0.09
07-25-2026 05:00:00,-0.089
07-25-2026 05:15:00,-0.095
07-25-2026 05:30:00,-0.091
07-25-2026 05:45:00,0.373
07-25-2026 06:00:00,2.724
07-25-2026 06:15:00,7.965
07-25-2026 06:30:00,23.619
07-25-2026 06:45:00,59.038
07-25-2026 07:00:00,106.599
07-25-2026 07:15:00,155.888
07-25-2026 07:30:00,205.861
07-25-2026 07:45:00,256.674
07-25-2026 08:00:00,263.093
07-25-2026 08:15:00,202.002
07-25-2026 08:30:00,186.419
07-25-2026 08:45:00,279.894
07-25-2026 09:00:00,444.73
07-25-2026 09:15:00,507.156
07-25-2026 09:30:00,408.932
07-25-2026 09:45:00,441.465
07-25-2026 10:00:00,495.398
07-25-2026 10:15:00,557.971
07-25-2026 10:30:00,632.795
07-25-2026 10:45:00,585.725
07-25-2026 11:00:00,613.116
07-25-2026 11:15:00,608.659
07-25-2026 11:30:00,803.196
07-25-2026 11:45:00,815.744
07-25-2026 12:00:00,638.138
07-25-2026 12:15:00,487.072
07-25-2026 12:30:00,617.188
07-25-2026 12:45:00,546.205
07-25-2026 13:00:00,499.811
07-25-2026 13:15:00,525.003
07-25-2026 13:30:00,621.404
07-25-2026 13:45:00,785.126
07-25-2026 14:00:00,788.576
07-25-2026 14:15:00,756.344
07-25-2026 14:30:00,672.613
07-25-2026 14:45:00,597.859
07-25-2026 15:00:00,628.084
07-25-2026 15:15:00,520.614
07-25-2026 15:30:00,569.993
07-25-2026 15:45:00,549.965
07-25-2026 16:00:00,518.075
07-25-2026 16:15:00,473.477
07-25-2026 16:30:00,428.839
07-25-2026 16:45:00,392.615
07-25-2026 17:00:00,358.596
07-25-2026 17:15:00,323.472
07-25-2026 17:30:00,246.731
07-25-2026 17:45:00,192.262
07-25-2026 18:00:00,141.603
07-25-2026 18:15:00,""
07-25-2026 18:30:00,81.168
07-25-2026 18:45:00,25.036
07-25-2026 19:00:00,2.804
07-25-2026 19:15:00,0.01
07-25-2026 19:30:00,-0.086
07-25-2026 19:45:00,-0.091
07-25-2026 20:00:00,-0.092
07-25-2026 20:15:00,-0.113
07-25-2026 20:30:00,-0.098
07-25-2026 20:45:00,-0.098
07-25-2026 21:00:00,-0.091
07-25-2026 21:15:00,-0.08
07-25-2026 21:30:00,-0.088
07-25-2026 21:45:00,-0.096
07-25-2026 22:00:00,-0.096
07-25-2026 22:15:00,-0.091
07-25-2026 22:30:00,-0.08
07-25-2026 22:45:00,-0.083
07-25-2026 23:00:00,-0.088
07-25-2026 23:15:00,-0.085
07-25-2026 23:30:00,-0.084
07-25-2026 23:45:00,-0.084
07-26-2026 00:00:00,-0.085
07-26-2026 00:15:00,-0.087
07-26-2026 00:30:00,-0.088
07-26-2026 00:45:00,-0.092
07-26-2026 01:00:00,-0.094
07-26-2026 01:15:00,-0.093
07-26-2026 01:30:00,-0.088
07-26-2026 01:45:00,-0.088
07-26-2026 02:00:00,-0.09
07-26-2026 02:15:00,-0.095
07-26-2026 02:30:00,-0.099
07-26-2026 02:45:00,-0.1
07-26-2026 03:00:00,-0.091
07-26-2026 03:15:00,-0.093
07-26-2026 03:30:00,-0.096
07-26-2026 03:45:00,-0.088
07-26-2026 04:00:00,-0.088
07-26-2026 04:15:00,-0.095
07-26-2026 04:30:00,-0.095
07-26-2026 04:45:00,-0.093
07-26-2026 05:00:00,-0.088
07-26-2026 05:15:00,-0.085
07-26-2026 05:30:00,-0.085
07-26-2026 05:45:00,-0.066
07-26-2026 06:00:00,5.129
07-26-2026 06:15:00,12.729
07-26-2026 06:30:00,21.939
07-26-2026 06:45:00,34.583
07-26-2026 07:00:00,47.318
07-26-2026 07:15:00,60.841
07-26-2026 07:30:00,76.854
07-26-2026 07:45:00,101.269
07-26-2026 08:00:00,137.627
07-26-2026 08:15:00,158.818
07-26-2026 08:30:00,160.07
07-26-2026 08:45:00,181.933
07-26-2026 09:00:00,245.695
07-26-2026 09:15:00,282.385
07-26-2026 09:30:00,239.803
07-26-2026 09:45:00,333.434
07-26-2026 10:00:00,604.101
07-26-2026 10:15:00,737.135
07-26-2026 10:30:00,729.416
07-26-2026 10:45:00,724.459
07-26-2026 11:00:00,719.779
07-26-2026 11:15:00,735.211
07-26-2026 11:30:00,750.277
07-26-2026 11:45:00,759.899
07-26-2026 12:00:00,762.015
07-26-2026 12:15:00,773.371
07-26-2026 12:30:00,811.482
07-26-2026 12:45:00,768.633
07-26-2026 13:00:00,539.408
07-26-2026 13:15:00,396.831
07-26-2026 13:30:00,567.201
07-26-2026 13:45:00,730.263
07-26-2026 14:00:00,670.087
07-26-2026 14:15:00,511.04
07-26-2026 14:30:00,477.985
07-26-2026 14:45:00,608.709
07-26-2026 15:00:00,633.411
07-26-2026 15:15:00,648.068
07-26-2026 15:30:00,674.798
07-26-2026 15:45:00,490.425
07-26-2026 16:00:00,315.717
07-26-2026 16:15:00,300.53
07-26-2026 16:30:00,247.688
07-26-2026 16:45:00,228.048
07-26-2026 17:00:00,198.27
07-26-2026 17:15:00,156.687
07-26-2026 17:30:00,111.001
07-26-2026 17:45:00,86.111
07-26-2026 18:00:00,73.326
07-26-2026 18:15:00,37.127
07-26-2026 18:30:00,28.822
07-26-2026 18:45:00,11.487
07-26-2026 19:00:00,""
07-26-2026 19:15:00,-0.092
07-26-2026 19:30:00,-0.101
07-26-2026 19:45:00,-0.092
07-26-2026 20:00:00,-0.094
07-26-2026 20:15:00,-0.09
07-26-2026 20:30:00,-0.097
07-26-2026 20:45:00,-0.096
07-26-2026 21:00:00,-0.092
07-26-2026 21:15:00,-0.093
07-26-2026 21:30:00,-0.086
07-26-2026 21:45:00,""
07-26-2026 22:00:00,-0.09
07-26-2026 22:15:00,-0.092
07-26-2026 22:30:00,-0.107
07-26-2026 22:45:00,-0.095
07-26-2026 23:00:00,-0.089
07-26-2026 23:15:00,-0.095
07-26-2026 23:30:00,-0.096
07-26-2026 23:45:00,-0.099
07-27-2026 00:00:00,-0.088
07-27-2026 00:15:00,-0.087
07-27-2026 00:30:00,-0.096
07-27-2026 00:45:00,""
07-27-2026 01:00:00,-0.086
07-27-2026 01:15:00,-0.086
07-27-2026 01:30:00,-0.094
07-27-2026 01:45:00,-0.094
07-27-2026 02:00:00,-0.091
07-27-2026 02:15:00,-0.084
07-27-2026 02:30:00,-0.093
07-27-2026 02:45:00,-0.1
07-27-2026 03:00:00,-0.104
07-27-2026 03:15:00,-0.095
07-27-2026 03:30:00,-0.098
07-27-2026 03:45:00,-0.093
07-27-2026 04:00:00,-0.08
07-27-2026 04:15:00,-0.091
07-27-2026 04:30:00,-0.089
07-27-2026 04:45:00,-0.084
07-27-2026 05:00:00,-0.093
07-27-2026 05:15:00,-0.098
07-27-2026 05:30:00,-0.097
07-27-2026 05:45:00,-0.053
07-27-2026 06:00:00,2.222
07-27-2026 06:15:00,13.521
07-27-2026 06:30:00,28.833
07-27-2026 06:45:00,49.462
07-27-2026 07:00:00,76.267
07-27-2026 07:15:00,100.387
07-27-2026 07:30:00,165.334
07-27-2026 07:45:00,164.918
07-27-2026 08:00:00,159.157
07-27-2026 08:15:00,305.435
07-27-2026 08:30:00,253.841
07-27-2026 08:45:00,420.512
07-27-2026 09:00:00,468.268
07-27-2026 09:15:00,550.301
07-27-2026 09:30:00,628.746
07-27-2026 09:45:00,643.276
07-27-2026 10:00:00,643.065
07-27-2026 10:15:00,668.312
07-27-2026 10:30:00,619.259
07-27-2026 10:45:00,641.266
07-27-2026 11:00:00,500.133
07-27-2026 11:15:00,530.949
07-27-2026 11:30:00,704.874
07-27-2026 11:45:00,798.383
07-27-2026 12:00:00,823.927
07-27-2026 12:15:00,824.503
07-27-2026 12:30:00,795.807
07-27-2026 12:45:00,756.11
07-27-2026 13:00:00,732.828
07-27-2026 13:15:00,722.558
07-27-2026 13:30:00,713.121
07-27-2026 13:45:00,711.798
07-27-2026 14:00:00,""
07-27-2026 14:15:00,657.41
07-27-2026 14:30:00,451.509
07-27-2026 14:45:00,333.775
07-27-2026 15:00:00,414.637
07-27-2026 15:15:00,610.78
07-27-2026 15:30:00,607.799
07-27-2026 15:45:00,364.3
07-27-2026 16:00:00,290.285
07-27-2026 16:15:00,381.228
07-27-2026 16:30:00,315.309
07-27-2026 16:45:00,192.239
07-27-2026 17:00:00,148.83
07-27-2026 17:15:00,129.429
07-27-2026 17:30:00,113.322
07-27-2026 17:45:00,77.291
07-27-2026 18:00:00,42.42
07-27-2026 18:15:00,31.685
07-27-2026 18:30:00,31.548
07-27-2026 18:45:00,20.939
07-27-2026 19:00:00,""
07-27-2026 19:15:00,-0.074
07-27-2026 19:30:00,-0.093
07-27-2026 19:45:00,-0.087
07-27-2026 20:00:00,-0.092
07-27-2026 20:15:00,-0.104
07-27-2026 20:30:00,-0.104
07-27-2026 20:45:00,-0.1
07-27-2026 21:00:00,-0.095
07-27-2026 21:15:00,-0.088
07-27-2026 21:30:00,-0.087
07-27-2026 21:45:00,-0.094
07-27-2026 22:00:00,-0.105
07-27-2026 22:15:00,-0.108
07-27-2026 22:30:00,-0.101
07-27-2026 22:45:00,-0.096
07-27-2026 23:00:00,-0.097
07-27-2026 23:15:00,-0.093
07-27-2026 23:30:00,-0.099
07-27-2026 23:45:00,-0.093
07-28-2026 00:00:00,-0.09
07-28-2026 00:15:00,-0.096
07-28-2026 00:30:00,-0.095
07-28-2026 00:45:00,-0.1
07-28-2026 01:00:00,-0.103
07-28-2026 01:15:00,-0.097
07-28-2026 01:30:00,-0.1
07-28-2026 01:45:00,-0.096
07-28-2026 02:00:00,-0.092
07-28-2026 02:15:00,-0.089
07-28-2026 02:30:00,-0.088
07-28-2026 02:45:00,-0.083
07-28-2026 03:00:00,-0.094
07-28-2026 03:15:00,-0.093
07-28-2026 03:30:00,-0.094
07-28-2026 03:45:00,-0.092
07-28-2026 04:00:00,-0.102
07-28-2026 04:15:00,-0.103
07-28-2026 04:30:00,-0.099
07-28-2026 04:45:00,-0.089
07-28-2026 05:00:00,-0.095
07-28-2026 05:15:00,-0.085
07-28-2026 05:30:00,-0.099
07-28-2026 05:45:00,-0.089
07-28-2026 06:00:00,0.013
07-28-2026 06:15:00,1.35
07-28-2026 06:30:00,12.213
07-28-2026 06:45:00,21.578
07-28-2026 07:00:00,28.398
07-28-2026 07:15:00,35.705
07-28-2026 07:30:00,68.777
07-28-2026 07:45:00,""
07-28-2026 08:00:00,172.925
07-28-2026 08:15:00,179.032
07-28-2026 08:30:00,152.877
07-28-2026 08:45:00,133.932
07-28-2026 09:00:00,375.257
07-28-2026 09:15:00,282.118
07-28-2026 09:30:00,398.201
07-28-2026 09:45:00,302.921
07-28-2026 10:00:00,375.106
07-28-2026 10:15:00,350.887
07-28-2026 10:30:00,339.331
07-28-2026 10:45:00,301.195
07-28-2026 11:00:00,472.748
07-28-2026 11:15:00,305.491
07-28-2026 11:30:00,287.081
07-28-2026 11:45:00,669.362
07-28-2026 12:00:00,686.127
07-28-2026 12:15:00,777.286
07-28-2026 12:30:00,742.141
07-28-2026 12:45:00,722.292
07-28-2026 13:00:00,761.632
07-28-2026 13:15:00,740.677
07-28-2026 13:30:00,782.43
07-28-2026 13:45:00,652.635
07-28-2026 14:00:00,648.249
07-28-2026 14:15:00,700.97
07-28-2026 14:30:00,702.5
07-28-2026 14:45:00,672.669
07-28-2026 15:00:00,656.334
07-28-2026 15:15:00,511.654
07-28-2026 15:30:00,471.087
07-28-2026 15:45:00,539.414
07-28-2026 16:00:00,546.762
07-28-2026 16:15:00,349.971
07-28-2026 16:30:00,165.606
07-28-2026 16:45:00,113.874
07-28-2026 17:00:00,111.684
07-28-2026 17:15:00,105.632
07-28-2026 17:30:00,87.973
07-28-2026 17:45:00,68.632
07-28-2026 18:00:00,60.306
07-28-2026 18:15:00,38.274
07-28-2026 18:30:00,22.577
07-28-2026 18:45:00,11.316
07-28-2026 19:00:00,5.54
07-28-2026 19:15:00,-0.024
07-28-2026 19:30:00,-0.082
07-28-2026 19:45:00,-0.103
07-28-2026 20:00:00,-0.104
07-28-2026 20:15:00,-0.096
07-28-2026 20:30:00,-0.094
07-28-2026 20:45:00,-0.096
07-28-2026 21:00:00,-0.092
07-28-2026 21:15:00,-0.092
07-28-2026 21:30:00,-0.092
07-28-2026 21:45:00,-0.086
07-28-2026 22:00:00,""
07-28-2026 22:15:00,-0.092
07-28-2026 22:30:00,-0.093
07-28-2026 22:45:00,-0.089
07-28-2026 23:00:00,-0.089
07-28-2026 23:15:00,-0.093
07-28-2026 23:30:00,-0.091
07-28-2026 23:45:00,-0.087
07-29-2026 00:00:00,-0.089
07-29-2026 00:15:00,-0.091
07-29-2026 00:30:00,-0.092
07-29-2026 00:45:00,-0.091
07-29-2026 01:00:00,-0.092
07-29-2026 01:15:00,-0.097
07-29-2026 01:30:00,-0.096
07-29-2026 01:45:00,-0.093
07-29-2026 02:00:00,-0.096
07-29-2026 02:15:00,-0.097
07-29-2026 02:30:00,-0.095
07-29-2026 02:45:00,-0.091
07-29-2026 03:00:00,-0.094
07-29-2026 03:15:00,-0.092
07-29-2026 03:30:00,-0.09
07-29-2026 03:45:00,-0.087
07-29-2026 04:00:00,-0.082
07-29-2026 04:15:00,-0.09
07-29-2026 04:30:00,-0.095
07-29-2026 04:45:00,-0.097
07-29-2026 05:00:00,-0.091
07-29-2026 05:15:00,-0.089
07-29-2026 05:30:00,-0.089
07-29-2026 05:45:00,-0.079
07-29-2026 06:00:00,0.422
07-29-2026 06:15:00,4.081
07-29-2026 06:30:00,14.243
07-29-2026 06:45:00,28.176
07-29-2026 07:00:00,42.56
07-29-2026 07:15:00,59.738
07-29-2026 07:30:00,87.876
07-29-2026 07:45:00,113.608
07-29-2026 08:00:00,140.371
07-29-2026 08:15:00,137.851
07-29-2026 08:30:00,149.825
07-29-2026 08:45:00,199.614
07-29-2026 09:00:00,211.098
07-29-2026 09:15:00,253.744
07-29-2026 09:30:00,323.221
07-29-2026 09:45:00,492.419
07-29-2026 10:00:00,645.487
07-29-2026 10:15:00,603.405
07-29-2026 10:30:00,488.635
07-29-2026 10:45:00,588.307
07-29-2026 11:00:00,678.23
07-29-2026 11:15:00,695.176
07-29-2026 11:30:00,713.033
07-29-2026 11:45:00,713.319
07-29-2026 12:00:00,729.242
07-29-2026 12:15:00,726.43
07-29-2026 12:30:00,728.493
07-29-2026 12:45:00,438.481
07-29-2026 13:00:00,306.055
07-29-2026 13:15:00,815.674
07-29-2026 13:30:00,819.003
07-29-2026 13:45:00,625.892
07-29-2026 14:00:00,402.208
07-29-2026 14:15:00,""
07-29-2026 14:30:00,502.951
07-29-2026 14:45:00,139.632
07-29-2026 15:00:00,119.256
07-29-2026 15:15:00,168.35
07-29-2026 15:30:00,209.774
07-29-2026 15:45:00,199.438
07-29-2026 16:00:00,107.417
07-29-2026 16:15:00,94.372
07-29-2026 16:30:00,244.207
07-29-2026 16:45:00,96.891
07-29-2026 17:00:00,53.73
07-29-2026 17:15:00,41.7
07-29-2026 17:30:00,43.16
07-29-2026 17:45:00,38.837
07-29-2026 18:00:00,25.856
07-29-2026 18:15:00,18.577
07-29-2026 18:30:00,15.673
07-29-2026 18:45:00,7.174
07-29-2026 19:00:00,1.558
07-29-2026 19:15:00,0.056
07-29-2026 19:30:00,-0.089
07-29-2026 19:45:00,-0.091
07-29-2026 20:00:00,-0.088
07-29-2026 20:15:00,-0.091
07-29-2026 20:30:00,-0.09
07-29-2026 20:45:00,-0.097
07-29-2026 21:00:00,-0.102
07-29-2026 21:15:00,-0.084
07-29-2026 21:30:00,-0.083
07-29-2026 21:45:00,-0.094
07-29-2026 22:00:00,-0.101
07-29-2026 22:15:00,-0.101
07-29-2026 22:30:00,-0.099
07-29-2026 22:45:00,-0.096
07-29-2026 23:00:00,-0.097
07-29-2026 23:15:00,-0.097
07-29-2026 23:30:00,-0.1
07-29-2026 23:45:00,-0.1
07-30-2026 00:00:00,-0.102
07-30-2026 00:15:00,-0.099
07-30-2026 00:30:00,-0.088
07-30-2026 00:45:00,-0.089
07-30-2026 01:00:00,-0.094
07-30-2026 01:15:00,-0.09
07-30-2026 01:30:00,-0.095
07-30-2026 01:45:00,-0.097
07-30-2026 02:00:00,-0.088
07-30-2026 02:15:00,-0.083
07-30-2026 02:30:00,-0.083
07-30-2026 02:45:00,-0.087
07-30-2026 03:00:00,-0.086
07-30-2026 03:15:00,-0.084
07-30-2026 03:30:00,-0.092
07-30-2026 03:45:00,-0.101
07-30-2026 04:00:00,-0.1
07-30-2026 04:15:00,-0.095
07-30-2026 04:30:00,-0.095
07-30-2026 04:45:00,-0.1
07-30-2026 05:00:00,-0.103
07-30-2026 05:15:00,-0.093
07-30-2026 05:30:00,-0.079
07-30-2026 05:45:00,-0.068
07-30-2026 06:00:00,2.086
07-30-2026 06:15:00,11.045
07-30-2026 06:30:00,24.381
07-30-2026 06:45:00,34.255
07-30-2026 07:00:00,46.915
07-30-2026 07:15:00,84.965
07-30-2026 07:30:00,147.672
07-30-2026 07:45:00,209.821
07-30-2026 08:00:00,282.542
07-30-2026 08:15:00,311.034
07-30-2026 08:30:00,222.793
07-30-2026 08:45:00,164.65
07-30-2026 09:00:00,203.881
07-30-2026 09:15:00,247.474
07-30-2026 09:30:00,399.296
07-30-2026 09:45:00,579.157
07-30-2026 10:00:00,600.898
07-30-2026 10:15:00,622.906
07-30-2026 10:30:00,645.817
07-30-2026 10:45:00,672.989
07-30-2026 11:00:00,688.929
07-30-2026 11:15:00,705.304
07-30-2026 11:30:00,733.618
07-30-2026 11:45:00,729.732
07-30-2026 12:00:00,735.856
07-30-2026 12:15:00,756.141
07-30-2026 12:30:00,777.974
07-30-2026 12:45:00,764.217
07-30-2026 13:00:00,772.502
07-30-2026 13:15:00,802.267
07-30-2026 13:30:00,796.474
07-30-2026 13:45:00,756.567
07-30-2026 14:00:00,746.974
07-30-2026 14:15:00,759.595
07-30-2026 14:30:00,742.459
07-30-2026 14:45:00,628.765
07-30-2026 15:00:00,539.47
07-30-2026 15:15:00,678.993
07-30-2026 15:30:00,624.999
07-30-2026 15:45:00,556.545
07-30-2026 16:00:00,478.264
07-30-2026 16:15:00,320.576
07-30-2026 16:30:00,173.724
07-30-2026 16:45:00,214.555
07-30-2026 17:00:00,178.89
07-30-2026 17:15:00,256.387
07-30-2026 17:30:00,144.908
07-30-2026 17:45:00,95.946
07-30-2026 18:00:00,""
07-30-2026 18:15:00,25.13
07-30-2026 18:30:00,21.542
07-30-2026 18:45:00,11.903
07-30-2026 19:00:00,""
07-30-2026 19:15:00,-0.087
07-30-2026 19:30:00,-0.083
07-30-2026 19:45:00,-0.094
07-30-2026 20:00:00,-0.101
07-30-2026 20:15:00,-0.103
07-30-2026 20:30:00,-0.093
07-30-2026 20:45:00,-0.093
07-30-2026 21:00:00,-0.086
07-30-2026 21:15:00,-0.092
07-30-2026 21:30:00,-0.094
07-30-2026 21:45:00,-0.086
07-30-2026 22:00:00,""
07-30-2026 22:15:00,-0.087
07-30-2026 22:30:00,-0.09
07-30-2026 22:45:00,-0.078
07-30-2026 23:00:00,-0.092
07-30-2026 23:15:00,-0.095
07-30-2026 23:30:00,-0.099
07-30-2026 23:45:00,-0.09
07-31-2026 00:00:00,-0.086
07-31-2026 00:15:00,-0.09
07-31-2026 00:30:00,-0.092
07-31-2026 00:45:00,-0.089
07-31-2026 01:00:00,-0.08
07-31-2026 01:15:00,-0.084
07-31-2026 01:30:00,-0.092
07-31-2026 01:45:00,-0.093
07-31-2026 02:00:00,-0.096
07-31-2026 02:15:00,-0.092
07-31-2026 02:30:00,-0.091
07-31-2026 02:45:00,-0.088
07-31-2026 03:00:00,-0.101
07-31-2026 03:15:00,-0.1
07-31-2026 03:30:00,-0.1
07-31-2026 03:45:00,-0.097
07-31-2026 04:00:00,-0.101
07-31-2026 04:15:00,-0.103
07-31-2026 04:30:00,-0.094
07-31-2026 04:45:00,-0.085
07-31-2026 05:00:00,-0.089
07-31-2026 05:15:00,-0.089
07-31-2026 05:30:00,-0.093
07-31-2026 05:45:00,-0.067
07-31-2026 06:00:00,2.696
07-31-2026 06:15:00,9.414
07-31-2026 06:30:00,17.958
07-31-2026 06:45:00,34.57
07-31-2026 07:00:00,40.462
07-31-2026 07:15:00,52.297
07-31-2026 07:30:00,193.693
07-31-2026 07:45:00,328.507
07-31-2026 08:00:00,212.247
07-31-2026 08:15:00,154.934
07-31-2026 08:30:00,178.322
07-31-2026 08:45:00,316.541
07-31-2026 09:00:00,320.341
07-31-2026 09:15:00,394.807
07-31-2026 09:30:00,410.566
07-31-2026 09:45:00,411.901
07-31-2026 10:00:00,494.033
07-31-2026 10:15:00,572.261
07-31-2026 10:30:00,542.498
07-31-2026 10:45:00,486.998
07-31-2026 11:00:00,540.692
07-31-2026 11:15:00,573.525
07-31-2026 11:30:00,465.738
07-31-2026 11:45:00,541.494
07-31-2026 12:00:00,768.054
07-31-2026 12:15:00,865.675
07-31-2026 12:30:00,870.107
07-31-2026 12:45:00,770.589
07-31-2026 13:00:00,603.897
07-31-2026 13:15:00,469.458
07-31-2026 13:30:00,509.736
07-31-2026 13:45:00,716.463
07-31-2026 14:00:00,817.116
07-31-2026 14:15:00,723.012
07-31-2026 14:30:00,676.431
07-31-2026 14:45:00,490.453
07-31-2026 15:00:00,373.069
07-31-2026 15:15:00,426.761
07-31-2026 15:30:00,395.99
07-31-2026 15:45:00,350.023
07-31-2026 16:00:00,350.523
07-31-2026 16:15:00,285.493
07-31-2026 16:30:00,218.436
07-31-2026 16:45:00,183.285
07-31-2026 17:00:00,176.538
07-31-2026 17:15:00,211.85
07-31-2026 17:30:00,226.961
07-31-2026 17:45:00,136.913
07-31-2026 18:00:00,""
07-31-2026 18:15:00,35.415
07-31-2026 18:30:00,21.969
07-31-2026 18:45:00,8.042
07-31-2026 19:00:00,""
07-31-2026 19:15:00,-0.084
07-31-2026 19:30:00,-0.094
07-31-2026 19:45:00,-0.098
07-31-2026 20:00:00,-0.1
07-31-2026 20:15:00,-0.099
07-31-2026 20:30:00,-0.096
07-31-2026 20:45:00,-0.096
07-31-2026 21:00:00,-0.09
07-31-2026 21:15:00,-0.089
07-31-2026 21:30:00,-0.096
07-31-2026 21:45:00,-0.097
07-31-2026 22:00:00,""
07-31-2026 22:15:00,-0.091
07-31-2026 22:30:00,-0.076
07-31-2026 22:45:00,-0.093
07-31-2026 23:00:00,-0.104
07-31-2026 23:15:00,-0.092
07-31-2026 23:30:00,-0.092
07-31-2026 23:45:00,-0.092
08-01-2026 00:00:00,-0.092
08-01-2026 00:15:00,-0.089
08-01-2026 00:30:00,-0.091
08-01-2026 00:45:00,-0.092
08-01-2026 01:00:00,-0.084
08-01-2026 01:15:00,-0.09
08-01-2026 01:30:00,-0.092
08-01-2026 01:45:00,-0.082
08-01-2026 02:00:00,-0.097
08-01-2026 02:15:00,-0.091
08-01-2026 02:30:00,-0.084
08-01-2026 02:45:00,-0.078
08-01-2026 03:00:00,-0.09
08-01-2026 03:15:00,-0.094
08-01-2026 03:30:00,-0.084
08-01-2026 03:45:00,-0.098
08-01-2026 04:00:00,-0.107
08-01-2026 04:15:00,-0.1
08-01-2026 04:30:00,-0.099
08-01-2026 04:45:00,-0.083
08-01-2026 05:00:00,-0.095
08-01-2026 05:15:00,""
08-01-2026 05:30:00,-0.082
08-01-2026 05:45:00,-0.051
08-01-2026 06:00:00,2.909
08-01-2026 06:15:00,12.741
08-01-2026 06:30:00,23.36
08-01-2026 06:45:00,41.242
08-01-2026 07:00:00,75.958
08-01-2026 07:15:00,84.647
08-01-2026 07:30:00,130.804
08-01-2026 07:45:00,174.748
08-01-2026 08:00:00,212.605
08-01-2026 08:15:00,181.008
08-01-2026 08:30:00,299.879
08-01-2026 08:45:00,218.599
08-01-2026 09:00:00,212.799
08-01-2026 09:15:00,225.639
08-01-2026 09:30:00,342.634
08-01-2026 09:45:00,577.551
08-01-2026 10:00:00,462.423
08-01-2026 10:15:00,334.033
08-01-2026 10:30:00,649.123
08-01-2026 10:45:00,459.478
08-01-2026 11:00:00,325.926
08-01-2026 11:15:00,319.059
08-01-2026 11:30:00,468.812
08-01-2026 11:45:00,359.245
08-01-2026 12:00:00,279.996
08-01-2026 12:15:00,551.109
08-01-2026 12:30:00,463.271
08-01-2026 12:45:00,607.762
08-01-2026 13:00:00,835.085
08-01-2026 13:15:00,584.385
08-01-2026 13:30:00,657.597
08-01-2026 13:45:00,576.739
08-01-2026 14:00:00,365.998
08-01-2026 14:15:00,240.234
08-01-2026 14:30:00,213.355
08-01-2026 14:45:00,227.753
08-01-2026 15:00:00,356.869
08-01-2026 15:15:00,379.701
08-01-2026 15:30:00,287.919
08-01-2026 15:45:00,256.041
08-01-2026 16:00:00,251.378
08-01-2026 16:15:00,312.276
08-01-2026 16:30:00,312.684
08-01-2026 16:45:00,203.089
08-01-2026 17:00:00,120.301
08-01-2026 17:15:00,82.404
08-01-2026 17:30:00,67.616
08-01-2026 17:45:00,73.889
08-01-2026 18:00:00,81.737
08-01-2026 18:15:00,78.907
08-01-2026 18:30:00,50.05
08-01-2026 18:45:00,19.748
08-01-2026 19:00:00,8.186
08-01-2026 19:15:00,-0.059
08-01-2026 19:30:00,-0.084
08-01-2026 19:45:00,-0.087
08-01-2026 20:00:00,-0.087
08-01-2026 20:15:00,-0.095
08-01-2026 20:30:00,-0.089
08-01-2026 20:45:00,-0.077
08-01-2026 21:00:00,-0.081
08-01-2026 21:15:00,-0.09
08-01-2026 21:30:00,-0.095
08-01-2026 21:45:00,-0.094
08-01-2026 22:00:00,-0.09
08-01-2026 22:15:00,-0.089
08-01-2026 22:30:00,-0.088
08-01-2026 22:45:00,-0.082
08-01-2026 23:00:00,-0.082
08-01-2026 23:15:00,-0.09
08-01-2026 23:30:00,-0.089
08-01-2026 23:45:00,-0.088
08-02-2026 00:00:00,-0.094
08-02-2026 00:15:00,-0.095
08-02-2026 00:30:00,-0.092
08-02-2026 00:45:00,-0.09
08-02-2026 01:00:00,-0.093
08-02-2026 01:15:00,-0.096
08-02-2026 01:30:00,-0.095
08-02-2026 01:45:00,-0.097
08-02-2026 02:00:00,-0.1
08-02-2026 02:15:00,-0.095
08-02-2026 02:30:00,-0.095
08-02-2026 02:45:00,-0.092
08-02-2026 03:00:00,-0.096
08-02-2026 03:15:00,-0.098
08-02-2026 03:30:00,-0.092
08-02-2026 03:45:00,-0.09
08-02-2026 04:00:00,-0.093
08-02-2026 04:15:00,-0.078
08-02-2026 04:30:00,-0.081
08-02-2026 04:45:00,-0.083
08-02-2026 05:00:00,-0.082
08-02-2026 05:15:00,-0.092
08-02-2026 05:30:00,-0.089
08-02-2026 05:45:00,0.071
08-02-2026 06:00:00,1.574
08-02-2026 06:15:00,6.344
08-02-2026 06:30:00,13.188
08-02-2026 06:45:00,30.902
08-02-2026 07:00:00,48.18
08-02-2026 07:15:00,54.459
08-02-2026 07:30:00,68.339
08-02-2026 07:45:00,82.122
08-02-2026 08:00:00,117.87
08-02-2026 08:15:00,144.142
08-02-2026 08:30:00,228.073
08-02-2026 08:45:00,194.591
08-02-2026 09:00:00,170.729
08-02-2026 09:15:00,223.956
08-02-2026 09:30:00,214.89
08-02-2026 09:45:00,277.537
08-02-2026 10:00:00,""
08-02-2026 10:15:00,304.175
08-02-2026 10:30:00,290.877
08-02-2026 10:45:00,278.174
08-02-2026 11:00:00,196.254
08-02-2026 11:15:00,297.613
08-02-2026 11:30:00,""
08-02-2026 11:45:00,728.635
08-02-2026 12:00:00,326.925
08-02-2026 12:15:00,462.28
08-02-2026 12:30:00,591.712
08-02-2026 12:45:00,328.773
08-02-2026 13:00:00,357.523
08-02-2026 13:15:00,494.582
08-02-2026 13:30:00,367.508
08-02-2026 13:45:00,285.216
08-02-2026 14:00:00,291.225
08-02-2026 14:15:00,681.298
08-02-2026 14:30:00,747.671
08-02-2026 14:45:00,494.203
08-02-2026 15:00:00,643.986
08-02-2026 15:15:00,547.897
08-02-2026 15:30:00,243.056
08-02-2026 15:45:00,251.703
08-02-2026 16:00:00,456.132
08-02-2026 16:15:00,467.25
08-02-2026 16:30:00,412.58
08-02-2026 16:45:00,356.191
08-02-2026 17:00:00,309.058
08-02-2026 17:15:00,253.214
08-02-2026 17:30:00,204.384
08-02-2026 17:45:00,152.665
08-02-2026 18:00:00,98.278
08-02-2026 18:15:00,56.496
08-02-2026 18:30:00,27.061
08-02-2026 18:45:00,8.929
08-02-2026 19:00:00,1.652
08-02-2026 19:15:00,0.061
08-02-2026 19:30:00,-0.098
08-02-2026 19:45:00,-0.102
08-02-2026 20:00:00,-0.101
08-02-2026 20:15:00,-0.108
08-02-2026 20:30:00,-0.107
08-02-2026 20:45:00,-0.101
08-02-2026 21:00:00,-0.095
08-02-2026 21:15:00,-0.094
08-02-2026 21:30:00,-0.098
08-02-2026 21:45:00,-0.095
08-02-2026 22:00:00,-0.098
08-02-2026 22:15:00,-0.092
08-02-2026 22:30:00,-0.085
08-02-2026 22:45:00,-0.089
08-02-2026 23:00:00,-0.091
08-02-2026 23:15:00,-0.09
08-02-2026 23:30:00,-0.091
08-02-2026 23:45:00,-0.097
08-03-2026 00:00:00,-0.101
08-03-2026 00:15:00,-0.1
08-03-2026 00:30:00,-0.1
08-03-2026 00:45:00,-0.102
08-03-2026 01:00:00,-0.099
08-03-2026 01:15:00,-0.093
08-03-2026 01:30:00,-0.091
08-03-2026 01:45:00,-0.099
08-03-2026 02:00:00,-0.106
08-03-2026 02:15:00,-0.103
08-03-2026 02:30:00,-0.096
08-03-2026 02:45:00,-0.096
08-03-2026 03:00:00,-0.1
08-03-2026 03:15:00,-0.098
08-03-2026 03:30:00,-0.092
08-03-2026 03:45:00,-0.088
08-03-2026 04:00:00,-0.087
08-03-2026 04:15:00,-0.091
08-03-2026 04:30:00,-0.097
08-03-2026 04:45:00,-0.097
08-03-2026 05:00:00,-0.09
08-03-2026 05:15:00,-0.087
08-03-2026 05:30:00,-0.088
08-03-2026 05:45:00,-0.079
08-03-2026 06:00:00,0.98
08-03-2026 06:15:00,5.18
08-03-2026 06:30:00,11.875
08-03-2026 06:45:00,20.609
08-03-2026 07:00:00,47.147
08-03-2026 07:15:00,97.129
08-03-2026 07:30:00,112.774
08-03-2026 07:45:00,115.018
08-03-2026 08:00:00,224.017
08-03-2026 08:15:00,342.512
08-03-2026 08:30:00,380.599
08-03-2026 08:45:00,423.959
08-03-2026 09:00:00,488.043
08-03-2026 09:15:00,530.443
08-03-2026 09:30:00,526.329
08-03-2026 09:45:00,563.121
08-03-2026 10:00:00,""
08-03-2026 10:15:00,600.594
08-03-2026 10:30:00,520.246
08-03-2026 10:45:00,503.575
08-03-2026 11:00:00,772.301
08-03-2026 11:15:00,720.281
08-03-2026 11:30:00,683.427
08-03-2026 11:45:00,566.146
08-03-2026 12:00:00,726.247
08-03-2026 12:15:00,757.752
08-03-2026 12:30:00,776.189
08-03-2026 12:45:00,755.063
08-03-2026 13:00:00,715.231
08-03-2026 13:15:00,710.039
08-03-2026 13:30:00,703.311
08-03-2026 13:45:00,695.617
08-03-2026 14:00:00,681.05
08-03-2026 14:15:00,667.494
08-03-2026 14:30:00,645.014
08-03-2026 14:45:00,626.093
08-03-2026 15:00:00,612.752
08-03-2026 15:15:00,585.248
08-03-2026 15:30:00,540.79
08-03-2026 15:45:00,466.59
08-03-2026 16:00:00,477.844
08-03-2026 16:15:00,469.623
08-03-2026 16:30:00,357.365
08-03-2026 16:45:00,476.703
08-03-2026 17:00:00,312.785
08-03-2026 17:15:00,390.039
08-03-2026 17:30:00,355.464
08-03-2026 17:45:00,98.655
08-03-2026 18:00:00,""
08-03-2026 18:15:00,59.885
08-03-2026 18:30:00,""
08-03-2026 18:45:00,3.118
08-03-2026 19:00:00,0.075
08-03-2026 19:15:00,-0.087
08-03-2026 19:30:00,-0.093
08-03-2026 19:45:00,-0.088
08-03-2026 20:00:00,-0.096
08-03-2026 20:15:00,-0.087
08-03-2026 20:30:00,-0.087
08-03-2026 20:45:00,-0.094
08-03-2026 21:00:00,-0.083
08-03-2026 21:15:00,-0.089
08-03-2026 21:30:00,-0.086
08-03-2026 21:45:00,-0.086
08-03-2026 22:00:00,-0.101
08-03-2026 22:15:00,-0.09
08-03-2026 22:30:00,-0.091
08-03-2026 22:45:00,-0.086
08-03-2026 23:00:00,-0.091
08-03-2026 23:15:00,-0.097
08-03-2026 23:30:00,-0.097
08-03-2026 23:45:00,-0.098
08-04-2026 00:00:00,-0.097
08-04-2026 00:15:00,-0.099
08-04-2026 00:30:00,-0.088
08-04-2026 00:45:00,-0.091
08-04-2026 01:00:00,-0.087
08-04-2026 01:15:00,-0.096
08-04-2026 01:30:00,-0.102
08-04-2026 01:45:00,-0.099
08-04-2026 02:00:00,-0.096
08-04-2026 02:15:00,-0.091
08-04-2026 02:30:00,-0.096
08-04-2026 02:45:00,-0.093
08-04-2026 03:00:00,-0.095
08-04-2026 03:15:00,-0.093
08-04-2026 03:30:00,-0.083
08-04-2026 03:45:00,-0.088
08-04-2026 04:00:00,-0.096
08-04-2026 04:15:00,-0.09
08-04-2026 04:30:00,-0.088
08-04-2026 04:45:00,-0.092
08-04-2026 05:00:00,-0.092
08-04-2026 05:15:00,-0.093
08-04-2026 05:30:00,-0.096
08-04-2026 05:45:00,-0.081
08-04-2026 06:00:00,3.414
08-04-2026 06:15:00,13.698
08-04-2026 06:30:00,29.2
08-04-2026 06:45:00,43.062
08-04-2026 07:00:00,60.792
08-04-2026 07:15:00,91.509
08-04-2026 07:30:00,140.043
08-04-2026 07:45:00,153.225
08-04-2026 08:00:00,184.048
08-04-2026 08:15:00,316.688
08-04-2026 08:30:00,353.457
08-04-2026 08:45:00,297.945
08-04-2026 09:00:00,318.584
08-04-2026 09:15:00,310.224
08-04-2026 09:30:00,303.593
08-04-2026 09:45:00,380.343
08-04-2026 10:00:00,416.974
08-04-2026 10:15:00,425.795
08-04-2026 10:30:00,531.243
08-04-2026 10:45:00,580.123
08-04-2026 11:00:00,431.996
08-04-2026 11:15:00,365.671
08-04-2026 11:30:00,518.847
08-04-2026 11:45:00,585.559
08-04-2026 12:00:00,466.314
08-04-2026 12:15:00,470.216
08-04-2026 12:30:00,614.172
08-04-2026 12:45:00,653.974
08-04-2026 13:00:00,661.453
08-04-2026 13:15:00,647.477
08-04-2026 13:30:00,568.74
08-04-2026 13:45:00,576.778
08-04-2026 14:00:00,710.246
08-04-2026 14:15:00,685.561
08-04-2026 14:30:00,557.59
08-04-2026 14:45:00,474.952
08-04-2026 15:00:00,525.833
08-04-2026 15:15:00,435.661
08-04-2026 15:30:00,433.908
08-04-2026 15:45:00,500.229
08-04-2026 16:00:00,421.239
08-04-2026 16:15:00,424.771
08-04-2026 16:30:00,375.918
08-04-2026 16:45:00,438.016
08-04-2026 17:00:00,267.412
08-04-2026 17:15:00,150.8
08-04-2026 17:30:00,191.851
08-04-2026 17:45:00,98.38
08-04-2026 18:00:00,""
08-04-2026 18:15:00,71.23
08-04-2026 18:30:00,40.801
08-04-2026 18:45:00,17.218
08-04-2026 19:00:00,""
08-04-2026 19:15:00,-0.084
08-04-2026 19:30:00,-0.093
08-04-2026 19:45:00,-0.096
08-04-2026 20:00:00,-0.09
08-04-2026 20:15:00,-0.093
08-04-2026 20:30:00,-0.105
08-04-2026 20:45:00,-0.098
08-04-2026 21:00:00,-0.095
08-04-2026 21:15:00,-0.097
08-04-2026 21:30:00,-0.092
08-04-2026 21:45:00,-0.09
08-04-2026 22:00:00,-0.093
08-04-2026 22:15:00,-0.092
08-04-2026 22:30:00,-0.083
08-04-2026 22:45:00,-0.086
08-04-2026 23:00:00,-0.1
08-04-2026 23:15:00,-0.113
08-04-2026 23:30:00,-0.096
08-04-2026 23:45:00,-0.089
08-05-2026 00:00:00,-0.093
08-05-2026 00:15:00,-0.11
08-05-2026 00:30:00,-0.092
08-05-2026 00:45:00,""
08-05-2026 01:00:00,-0.093
08-05-2026 01:15:00,-0.099
08-05-2026 01:30:00,-0.098
08-05-2026 01:45:00,-0.092
08-05-2026 02:00:00,-0.085
08-05-2026 02:15:00,-0.097
08-05-2026 02:30:00,-0.088
08-05-2026 02:45:00,-0.088
08-05-2026 03:00:00,-0.095
08-05-2026 03:15:00,-0.081
08-05-2026 03:30:00,-0.093
08-05-2026 03:45:00,-0.1
08-05-2026 04:00:00,-0.08
08-05-2026 04:15:00,-0.092
08-05-2026 04:30:00,-0.091
08-05-2026 04:45:00,-0.087
08-05-2026 05:00:00,-0.094
08-05-2026 05:15:00,-0.11
08-05-2026 05:30:00,-0.094
08-05-2026 05:45:00,-0.046
08-05-2026 06:00:00,0.067
08-05-2026 06:15:00,13.701
08-05-2026 06:30:00,28.927
08-05-2026 06:45:00,59.53
08-05-2026 07:00:00,80.199
08-05-2026 07:15:00,189.343
08-05-2026 07:30:00,231.388
08-05-2026 07:45:00,263.725
08-05-2026 08:00:00,295.222
08-05-2026 08:15:00,357.571
08-05-2026 08:30:00,367.525
08-05-2026 08:45:00,329.713
08-05-2026 09:00:00,366.614
08-05-2026 09:15:00,413.175
08-05-2026 09:30:00,485.678
08-05-2026 09:45:00,447.294
08-05-2026 10:00:00,394.71
08-05-2026 10:15:00,""
08-05-2026 10:30:00,422.187
08-05-2026 10:45:00,552.274
08-05-2026 11:00:00,618.019
08-05-2026 11:15:00,617.681
08-05-2026 11:30:00,619.519
08-05-2026 11:45:00,614.789
08-05-2026 12:00:00,632.437
08-05-2026 12:15:00,669.188
08-05-2026 12:30:00,705.287
08-05-2026 12:45:00,648.504
08-05-2026 13:00:00,659.862
08-05-2026 13:15:00,727.545
08-05-2026 13:30:00,687.802
08-05-2026 13:45:00,638.834
08-05-2026 14:00:00,561.288
08-05-2026 14:15:00,453.174
08-05-2026 14:30:00,404.6
08-05-2026 14:45:00,361.792
08-05-2026 15:00:00,352.152
08-05-2026 15:15:00,353.781
08-05-2026 15:30:00,318.378
08-05-2026 15:45:00,288.85
08-05-2026 16:00:00,279.336
08-05-2026 16:15:00,260.099
08-05-2026 16:30:00,221.461
08-05-2026 16:45:00,193.872
08-05-2026 17:00:00,174.167
08-05-2026 17:15:00,147.061
08-05-2026 17:30:00,119.38
08-05-2026 17:45:00,89.39
08-05-2026 18:00:00,62.668
08-05-2026 18:15:00,41.075
08-05-2026 18:30:00,20.193
08-05-2026 18:45:00,6.352
08-05-2026 19:00:00,""
08-05-2026 19:15:00,-0.082
08-05-2026 19:30:00,-0.097
08-05-2026 19:45:00,-0.093
08-05-2026 20:00:00,-0.089
08-05-2026 20:15:00,-0.089
08-05-2026 20:30:00,-0.092
08-05-2026 20:45:00,-0.094
08-05-2026 21:00:00,-0.09
08-05-2026 21:15:00,-0.088
08-05-2026 21:30:00,-0.093
08-05-2026 21:45:00,-0.092
08-05-2026 22:00:00,-0.088
08-05-2026 22:15:00,-0.087
08-05-2026 22:30:00,-0.085
08-05-2026 22:45:00,-0.086
08-05-2026 23:00:00,-0.085
08-05-2026 23:15:00,-0.078
08-05-2026 23:30:00,-0.08
08-05-2026 23:45:00,-0.087
08-06-2026 00:00:00,-0.086
08-06-2026 00:15:00,-0.087
08-06-2026 00:30:00,-0.087
08-06-2026 00:45:00,-0.089
08-06-2026 01:00:00,-0.097
08-06-2026 01:15:00,-0.096
08-06-2026 01:30:00,-0.089
08-06-2026 01:45:00,-0.094
08-06-2026 02:00:00,""
08-06-2026 02:15:00,-0.084
08-06-2026 02:30:00,-0.085
08-06-2026 02:45:00,-0.085
08-06-2026 03:00:00,-0.092
08-06-2026 03:15:00,-0.097
08-06-2026 03:30:00,-0.09
08-06-2026 03:45:00,-0.093
08-06-2026 04:00:00,-0.098
08-06-2026 04:15:00,-0.088
08-06-2026 04:30:00,-0.081
08-06-2026 04:45:00,-0.09
08-06-2026 05:00:00,-0.082
08-06-2026 05:15:00,-0.093
08-06-2026 05:30:00,-0.097
08-06-2026 05:45:00,-0.013
08-06-2026 06:00:00,""
08-06-2026 06:15:00,7.387
08-06-2026 06:30:00,11.396
08-06-2026 06:45:00,21.094
08-06-2026 07:00:00,35.086
08-06-2026 07:15:00,77.085
08-06-2026 07:30:00,188.976
08-06-2026 07:45:00,177.907
08-06-2026 08:00:00,271.571
08-06-2026 08:15:00,220.47
08-06-2026 08:30:00,243.216
08-06-2026 08:45:00,178.094
08-06-2026 09:00:00,144.513
08-06-2026 09:15:00,155.481
08-06-2026 09:30:00,159.918
08-06-2026 09:45:00,211.068
08-06-2026 10:00:00,""
08-06-2026 10:15:00,476.224
08-06-2026 10:30:00,""
08-06-2026 10:45:00,""
08-06-2026 11:00:00,""
08-06-2026 11:15:00,""
08-06-2026 11:30:00,""
08-06-2026 11:45:00,""
08-06-2026 12:00:00,""
08-06-2026 12:15:00,""
08-06-2026 12:30:00,""
08-06-2026 12:45:00,""
08-06-2026 13:00:00,""
08-06-2026 13:15:00,""
08-06-2026 13:30:00,""
08-06-2026 13:45:00,""
08-06-2026 14:00:00,""
08-06-2026 14:15:00,""
08-06-2026 14:30:00,""
08-06-2026 14:45:00,""
08-06-2026 15:00:00,""
08-06-2026 15:15:00,""
08-06-2026 15:30:00,""
08-06-2026 15:45:00,""
08-06-2026 16:00:00,""
08-06-2026 16:15:00,""
08-06-2026 16:30:00,""
08-06-2026 16:45:00,""
08-06-2026 17:00:00,""
08-06-2026 17:15:00,""
08-06-2026 17:30:00,""
08-06-2026 17:45:00,""
08-06-2026 18:00:00,""
08-06-2026 18:15:00,""
08-06-2026 18:30:00,""
08-06-2026 18:45:00,""
08-06-2026 19:00:00,""
08-06-2026 19:15:00,""
08-06-2026 19:30:00,""
08-06-2026 19:45:00,""
08-06-2026 20:00:00,""
08-06-2026 20:15:00,""
08-06-2026 20:30:00,""
08-06-2026 20:45:00,""
08-06-2026 21:00:00,""
08-06-2026 21:15:00,""
08-06-2026 21:30:00,""
08-06-2026 21:45:00,""
08-06-2026 22:00:00,""
08-06-2026 22:15:00,""
08-06-2026 22:30:00,""
08-06-2026 22:45:00,""
08-06-2026 23:00:00,""
08-06-2026 23:15:00,""
08-06-2026 23:30:00,""
08-06-2026 23:45:00,""