"Site Time","PV Inverter active power Kilowatts"
03-24-2026 00:00:00,-0.1
03-24-2026 00:15:00,-0.1
03-24-2026 00:30:00,-0.1
03-24-2026 00:45:00,-0.1
03-24-2026 01:00:00,-0.1
03-24-2026 01:15:00,-0.1
03-24-2026 01:30:00,-0.1
03-24-2026 01:45:00,-0.1
03-24-2026 02:00:00,-0.1
03-24-2026 02:15:00,-0.1
03-24-2026 02:30:00,-0.1
03-24-2026 02:45:00,-0.1
03-24-2026 03:00:00,-0.1
03-24-2026 03:15:00,-0.1
03-24-2026 03:30:00,-0.1
03-24-2026 03:45:00,-0.1
03-24-2026 04:00:00,-0.1
03-24-2026 04:15:00,-0.1
03-24-2026 04:30:00,-0.1
03-24-2026 04:45:00,-0.1
03-24-2026 05:00:00,-0.1
03-24-2026 05:15:00,-0.1
03-24-2026 05:30:00,-0.1
03-24-2026 05:45:00,-0.1
03-24-2026 06:00:00,-0.1
03-24-2026 06:15:00,-0.1
03-24-2026 06:30:00,-0.151
03-24-2026 06:45:00,-0.041
03-24-2026 07:00:00,0.19
03-24-2026 07:15:00,0.308
03-24-2026 07:30:00,0.486
03-24-2026 07:45:00,1.807
03-24-2026 08:00:00,4.817
03-24-2026 08:15:00,6.149
03-24-2026 08:30:00,7.375
03-24-2026 08:45:00,8.385
03-24-2026 09:00:00,9.715
03-24-2026 09:15:00,10.84
03-24-2026 09:30:00,11.758
03-24-2026 09:45:00,12.857
03-24-2026 10:00:00,14.013
03-24-2026 10:15:00,14.487
03-24-2026 10:30:00,14.901
03-24-2026 10:45:00,15.471
03-24-2026 11:00:00,15.849
03-24-2026 11:15:00,15.987
03-24-2026 11:30:00,16.922
03-24-2026 11:45:00,15.286
03-24-2026 12:00:00,13.834
03-24-2026 12:15:00,17.702
03-24-2026 12:30:00,17.342
03-24-2026 12:45:00,17.01
03-24-2026 13:00:00,16.331
03-24-2026 13:15:00,16.93
03-24-2026 13:30:00,17.047
03-24-2026 13:45:00,16.925
03-24-2026 14:00:00,16.587
03-24-2026 14:15:00,16.196
03-24-2026 14:30:00,15.774
03-24-2026 14:45:00,15.442
03-24-2026 15:00:00,14.821
03-24-2026 15:15:00,14.113
03-24-2026 15:30:00,13.425
03-24-2026 15:45:00,12.66
03-24-2026 16:00:00,11.911
03-24-2026 16:15:00,10.89
03-24-2026 16:30:00,9.81
03-24-2026 16:45:00,8.198
03-24-2026 17:00:00,5.977
03-24-2026 17:15:00,3.603
03-24-2026 17:30:00,1.94
03-24-2026 17:45:00,0.993
03-24-2026 18:00:00,0.507
03-24-2026 18:15:00,0.243
03-24-2026 18:30:00,-0.067
03-24-2026 18:45:00,-0.216
03-24-2026 19:00:00,-0.1
03-24-2026 19:15:00,-0.1
03-24-2026 19:30:00,-0.1
03-24-2026 19:45:00,-0.1
03-24-2026 20:00:00,-0.1
03-24-2026 20:15:00,-0.1
03-24-2026 20:30:00,-0.1
03-24-2026 20:45:00,-0.1
03-24-2026 21:00:00,-0.1
03-24-2026 21:15:00,-0.1
03-24-2026 21:30:00,-0.1
03-24-2026 21:45:00,-0.1
03-24-2026 22:00:00,-0.1
03-24-2026 22:15:00,-0.1
03-24-2026 22:30:00,-0.1
03-24-2026 22:45:00,-0.1
03-24-2026 23:00:00,-0.1
03-24-2026 23:15:00,-0.1
03-24-2026 23:30:00,-0.1
03-24-2026 23:45:00,-0.1
03-25-2026 00:00:00,-0.1
03-25-2026 00:15:00,-0.1
03-25-2026 00:30:00,-0.1
03-25-2026 00:45:00,-0.1
03-25-2026 01:00:00,-0.1
03-25-2026 01:15:00,-0.1
03-25-2026 01:30:00,-0.1
03-25-2026 01:45:00,-0.1
03-25-2026 02:00:00,-0.1
03-25-2026 02:15:00,-0.1
03-25-2026 02:30:00,-0.1
03-25-2026 02:45:00,-0.1
03-25-2026 03:00:00,-0.1
03-25-2026 03:15:00,-0.1
03-25-2026 03:30:00,-0.1
03-25-2026 03:45:00,-0.1
03-25-2026 04:00:00,-0.1
03-25-2026 04:15:00,-0.1
03-25-2026 04:30:00,-0.1
03-25-2026 04:45:00,-0.1
03-25-2026 05:00:00,-0.1
03-25-2026 05:15:00,-0.1
03-25-2026 05:30:00,-0.1
03-25-2026 05:45:00,-0.1
03-25-2026 06:00:00,-0.1
03-25-2026 06:15:00,-0.1
03-25-2026 06:30:00,-0.1
03-25-2026 06:45:00,0.039
03-25-2026 07:00:00,0.871
03-25-2026 07:15:00,1.779
03-25-2026 07:30:00,1.766
03-25-2026 07:45:00,2.573
03-25-2026 08:00:00,4.954
03-25-2026 08:15:00,6.514
03-25-2026 08:30:00,8.14
03-25-2026 08:45:00,9.106
03-25-2026 09:00:00,10.001
03-25-2026 09:15:00,10.416
03-25-2026 09:30:00,11.774
03-25-2026 09:45:00,12.664
03-25-2026 10:00:00,13.329
03-25-2026 10:15:00,13.902
03-25-2026 10:30:00,14.626
03-25-2026 10:45:00,15.195
03-25-2026 11:00:00,15.662
03-25-2026 11:15:00,15.905
03-25-2026 11:30:00,16.437
03-25-2026 11:45:00,16.594
03-25-2026 12:00:00,16.777
03-25-2026 12:15:00,16.835
03-25-2026 12:30:00,16.772
03-25-2026 12:45:00,16.688
03-25-2026 13:00:00,16.649
03-25-2026 13:15:00,16.567
03-25-2026 13:30:00,16.365
03-25-2026 13:45:00,16.204
03-25-2026 14:00:00,15.882
03-25-2026 14:15:00,15.652
03-25-2026 14:30:00,15.325
03-25-2026 14:45:00,14.9
03-25-2026 15:00:00,14.45
03-25-2026 15:15:00,13.886
03-25-2026 15:30:00,13.152
03-25-2026 15:45:00,12.415
03-25-2026 16:00:00,11.568
03-25-2026 16:15:00,10.68
03-25-2026 16:30:00,9.605
03-25-2026 16:45:00,8.111
03-25-2026 17:00:00,6.054
03-25-2026 17:15:00,3.934
03-25-2026 17:30:00,2.609
03-25-2026 17:45:00,1.71
03-25-2026 18:00:00,0.952
03-25-2026 18:15:00,0.368
03-25-2026 18:30:00,-0.014
03-25-2026 18:45:00,-0.101
03-25-2026 19:00:00,-0.1
03-25-2026 19:15:00,-0.1
03-25-2026 19:30:00,-0.1
03-25-2026 19:45:00,-0.1
03-25-2026 20:00:00,-0.1
03-25-2026 20:15:00,-0.1
03-25-2026 20:30:00,-0.1
03-25-2026 20:45:00,-0.1
03-25-2026 21:00:00,-0.1
03-25-2026 21:15:00,-0.1
03-25-2026 21:30:00,-0.1
03-25-2026 21:45:00,-0.1
03-25-2026 22:00:00,-0.1
03-25-2026 22:15:00,-0.1
03-25-2026 22:30:00,-0.1
03-25-2026 22:45:00,-0.1
03-25-2026 23:00:00,-0.1
03-25-2026 23:15:00,-0.1
03-25-2026 23:30:00,-0.1
03-25-2026 23:45:00,-0.1
03-26-2026 00:00:00,-0.1
03-26-2026 00:15:00,-0.1
03-26-2026 00:30:00,-0.1
03-26-2026 00:45:00,-0.1
03-26-2026 01:00:00,-0.1
03-26-2026 01:15:00,-0.1
03-26-2026 01:30:00,-0.1
03-26-2026 01:45:00,-0.1
03-26-2026 02:00:00,-0.1
03-26-2026 02:15:00,-0.1
03-26-2026 02:30:00,-0.1
03-26-2026 02:45:00,-0.1
03-26-2026 03:00:00,-0.1
03-26-2026 03:15:00,-0.1
03-26-2026 03:30:00,-0.1
03-26-2026 03:45:00,-0.1
03-26-2026 04:00:00,-0.1
03-26-2026 04:15:00,-0.1
03-26-2026 04:30:00,-0.1
03-26-2026 04:45:00,-0.1
03-26-2026 05:00:00,-0.1
03-26-2026 05:15:00,-0.1
03-26-2026 05:30:00,-0.1
03-26-2026 05:45:00,-0.1
03-26-2026 06:00:00,-0.1
03-26-2026 06:15:00,-0.129
03-26-2026 06:30:00,-0.161
03-26-2026 06:45:00,0.065
03-26-2026 07:00:00,0.252
03-26-2026 07:15:00,0.435
03-26-2026 07:30:00,0.571
03-26-2026 07:45:00,2.101
03-26-2026 08:00:00,4.98
03-26-2026 08:15:00,6.105
03-26-2026 08:30:00,7.138
03-26-2026 08:45:00,8.303
03-26-2026 09:00:00,9.471
03-26-2026 09:15:00,10.45
03-26-2026 09:30:00,11.535
03-26-2026 09:45:00,12.402
03-26-2026 10:00:00,13.193
03-26-2026 10:15:00,11.238
03-26-2026 10:30:00,14.634
03-26-2026 10:45:00,14.958
03-26-2026 11:00:00,15.398
03-26-2026 11:15:00,15.636
03-26-2026 11:30:00,16.293
03-26-2026 11:45:00,16.827
03-26-2026 12:00:00,17.209
03-26-2026 12:15:00,17.507
03-26-2026 12:30:00,17.436
03-26-2026 12:45:00,17.499
03-26-2026 13:00:00,17.046
03-26-2026 13:15:00,17.492
03-26-2026 13:30:00,17.538
03-26-2026 13:45:00,13.938
03-26-2026 14:00:00,11.133
03-26-2026 14:15:00,11.662
03-26-2026 14:30:00,13.504
03-26-2026 14:45:00,11.807
03-26-2026 15:00:00,14.473
03-26-2026 15:15:00,11.519
03-26-2026 15:30:00,10.742
03-26-2026 15:45:00,12.973
03-26-2026 16:00:00,9.735
03-26-2026 16:15:00,7.595
03-26-2026 16:30:00,9.723
03-26-2026 16:45:00,9.382
03-26-2026 17:00:00,7.238
03-26-2026 17:15:00,4.66
03-26-2026 17:30:00,1.887
03-26-2026 17:45:00,1.307
03-26-2026 18:00:00,0.801
03-26-2026 18:15:00,0.561
03-26-2026 18:30:00,-0.015
03-26-2026 18:45:00,-0.179
03-26-2026 19:00:00,-0.186
03-26-2026 19:15:00,-0.1
03-26-2026 19:30:00,-0.1
03-26-2026 19:45:00,-0.1
03-26-2026 20:00:00,-0.1
03-26-2026 20:15:00,-0.1
03-26-2026 20:30:00,-0.1
03-26-2026 20:45:00,-0.1
03-26-2026 21:00:00,-0.1
03-26-2026 21:15:00,-0.1
03-26-2026 21:30:00,-0.1
03-26-2026 21:45:00,-0.1
03-26-2026 22:00:00,-0.1
03-26-2026 22:15:00,-0.1
03-26-2026 22:30:00,-0.1
03-26-2026 22:45:00,-0.1
03-26-2026 23:00:00,-0.1
03-26-2026 23:15:00,-0.1
03-26-2026 23:30:00,-0.1
03-26-2026 23:45:00,-0.1
03-27-2026 00:00:00,-0.1
03-27-2026 00:15:00,-0.1
03-27-2026 00:30:00,-0.1
03-27-2026 00:45:00,-0.1
03-27-2026 01:00:00,-0.1
03-27-2026 01:15:00,-0.1
03-27-2026 01:30:00,-0.1
03-27-2026 01:45:00,-0.1
03-27-2026 02:00:00,-0.1
03-27-2026 02:15:00,-0.1
03-27-2026 02:30:00,-0.1
03-27-2026 02:45:00,-0.1
03-27-2026 03:00:00,-0.1
03-27-2026 03:15:00,-0.1
03-27-2026 03:30:00,-0.1
03-27-2026 03:45:00,-0.1
03-27-2026 04:00:00,-0.1
03-27-2026 04:15:00,-0.1
03-27-2026 04:30:00,-0.1
03-27-2026 04:45:00,-0.1
03-27-2026 05:00:00,-0.1
03-27-2026 05:15:00,-0.1
03-27-2026 05:30:00,-0.1
03-27-2026 05:45:00,-0.1
03-27-2026 06:00:00,-0.1
03-27-2026 06:15:00,-0.1
03-27-2026 06:30:00,-0.084
03-27-2026 06:45:00,-0.021
03-27-2026 07:00:00,0.548
03-27-2026 07:15:00,1.95
03-27-2026 07:30:00,2.079
03-27-2026 07:45:00,2.813
03-27-2026 08:00:00,1.651
03-27-2026 08:15:00,2.316
03-27-2026 08:30:00,2.252
03-27-2026 08:45:00,2.696
03-27-2026 09:00:00,5.258
03-27-2026 09:15:00,9.369
03-27-2026 09:30:00,11.747
03-27-2026 09:45:00,12.38
03-27-2026 10:00:00,13.13
03-27-2026 10:15:00,13.53
03-27-2026 10:30:00,14.33
03-27-2026 10:45:00,14.882
03-27-2026 11:00:00,15.415
03-27-2026 11:15:00,15.646
03-27-2026 11:30:00,15.978
03-27-2026 11:45:00,16.454
03-27-2026 12:00:00,16.567
03-27-2026 12:15:00,16.645
03-27-2026 12:30:00,16.572
03-27-2026 12:45:00,16.615
03-27-2026 13:00:00,16.613
03-27-2026 13:15:00,16.6
03-27-2026 13:30:00,16.572
03-27-2026 13:45:00,16.387
03-27-2026 14:00:00,16.065
03-27-2026 14:15:00,15.729
03-27-2026 14:30:00,15.47
03-27-2026 14:45:00,15.22
03-27-2026 15:00:00,14.481
03-27-2026 15:15:00,13.591
03-27-2026 15:30:00,13.144
03-27-2026 15:45:00,12.01
03-27-2026 16:00:00,10.033
03-27-2026 16:15:00,8.181
03-27-2026 16:30:00,7.359
03-27-2026 16:45:00,7.43
03-27-2026 17:00:00,6.948
03-27-2026 17:15:00,2.73
03-27-2026 17:30:00,2.519
03-27-2026 17:45:00,1.194
03-27-2026 18:00:00,0.879
03-27-2026 18:15:00,0.268
03-27-2026 18:30:00,-0.054
03-27-2026 18:45:00,-0.243
03-27-2026 19:00:00,-0.147
03-27-2026 19:15:00,-0.1
03-27-2026 19:30:00,-0.1
03-27-2026 19:45:00,-0.1
03-27-2026 20:00:00,-0.1
03-27-2026 20:15:00,-0.1
03-27-2026 20:30:00,-0.1
03-27-2026 20:45:00,-0.1
03-27-2026 21:00:00,-0.1
03-27-2026 21:15:00,-0.1
03-27-2026 21:30:00,-0.1
03-27-2026 21:45:00,-0.1
03-27-2026 22:00:00,-0.1
03-27-2026 22:15:00,-0.1
03-27-2026 22:30:00,-0.1
03-27-2026 22:45:00,-0.1
03-27-2026 23:00:00,-0.1
03-27-2026 23:15:00,-0.1
03-27-2026 23:30:00,-0.1
03-27-2026 23:45:00,-0.1
03-28-2026 00:00:00,-0.1
03-28-2026 00:15:00,-0.1
03-28-2026 00:30:00,-0.1
03-28-2026 00:45:00,-0.1
03-28-2026 01:00:00,-0.1
03-28-2026 01:15:00,-0.1
03-28-2026 01:30:00,-0.1
03-28-2026 01:45:00,-0.1
03-28-2026 02:00:00,-0.1
03-28-2026 02:15:00,-0.1
03-28-2026 02:30:00,-0.1
03-28-2026 02:45:00,-0.1
03-28-2026 03:00:00,-0.1
03-28-2026 03:15:00,-0.1
03-28-2026 03:30:00,-0.1
03-28-2026 03:45:00,-0.1
03-28-2026 04:00:00,-0.1
03-28-2026 04:15:00,-0.1
03-28-2026 04:30:00,-0.1
03-28-2026 04:45:00,-0.1
03-28-2026 05:00:00,-0.1
03-28-2026 05:15:00,-0.1
03-28-2026 05:30:00,-0.1
03-28-2026 05:45:00,-0.1
03-28-2026 06:00:00,-0.1
03-28-2026 06:15:00,-0.109
03-28-2026 06:30:00,-0.116
03-28-2026 06:45:00,0.248
03-28-2026 07:00:00,0.642
03-28-2026 07:15:00,0.883
03-28-2026 07:30:00,1.048
03-28-2026 07:45:00,1.69
03-28-2026 08:00:00,3.357
03-28-2026 08:15:00,5.438
03-28-2026 08:30:00,8.272
03-28-2026 08:45:00,7.579
03-28-2026 09:00:00,10.287
03-28-2026 09:15:00,10.993
03-28-2026 09:30:00,11.234
03-28-2026 09:45:00,12.699
03-28-2026 10:00:00,13.9
03-28-2026 10:15:00,13.198
03-28-2026 10:30:00,14.868
03-28-2026 10:45:00,15.355
03-28-2026 11:00:00,15.856
03-28-2026 11:15:00,16.273
03-28-2026 11:30:00,16.439
03-28-2026 11:45:00,16.946
03-28-2026 12:00:00,16.471
03-28-2026 12:15:00,11.486
03-28-2026 12:30:00,14.8
03-28-2026 12:45:00,17.193
03-28-2026 13:00:00,16.712
03-28-2026 13:15:00,15.276
03-28-2026 13:30:00,16.47
03-28-2026 13:45:00,13.005
03-28-2026 14:00:00,16.469
03-28-2026 14:15:00,12.525
03-28-2026 14:30:00,14.697
03-28-2026 14:45:00,15.397
03-28-2026 15:00:00,14.815
03-28-2026 15:15:00,14.306
03-28-2026 15:30:00,13.474
03-28-2026 15:45:00,12.867
03-28-2026 16:00:00,11.957
03-28-2026 16:15:00,9.212
03-28-2026 16:30:00,6.637
03-28-2026 16:45:00,4.045
03-28-2026 17:00:00,3.264
03-28-2026 17:15:00,3.047
03-28-2026 17:30:00,2.355
03-28-2026 17:45:00,2.254
03-28-2026 18:00:00,1.676
03-28-2026 18:15:00,0.469
03-28-2026 18:30:00,-0.049
03-28-2026 18:45:00,-0.226
03-28-2026 19:00:00,-0.149
03-28-2026 19:15:00,-0.1
03-28-2026 19:30:00,-0.1
03-28-2026 19:45:00,-0.1
03-28-2026 20:00:00,-0.1
03-28-2026 20:15:00,-0.1
03-28-2026 20:30:00,-0.1
03-28-2026 20:45:00,-0.1
03-28-2026 21:00:00,-0.1
03-28-2026 21:15:00,-0.1
03-28-2026 21:30:00,-0.1
03-28-2026 21:45:00,-0.1
03-28-2026 22:00:00,-0.1
03-28-2026 22:15:00,-0.1
03-28-2026 22:30:00,-0.1
03-28-2026 22:45:00,-0.1
03-28-2026 23:00:00,-0.1
03-28-2026 23:15:00,-0.1
03-28-2026 23:30:00,-0.1
03-28-2026 23:45:00,-0.1
03-29-2026 00:00:00,-0.1
03-29-2026 00:15:00,-0.1
03-29-2026 00:30:00,-0.1
03-29-2026 00:45:00,-0.1
03-29-2026 01:00:00,-0.1
03-29-2026 01:15:00,-0.1
03-29-2026 01:30:00,-0.1
03-29-2026 01:45:00,-0.1
03-29-2026 02:00:00,-0.1
03-29-2026 02:15:00,-0.1
03-29-2026 02:30:00,-0.1
03-29-2026 02:45:00,-0.1
03-29-2026 03:00:00,-0.1
03-29-2026 03:15:00,-0.1
03-29-2026 03:30:00,-0.1
03-29-2026 03:45:00,-0.1
03-29-2026 04:00:00,-0.1
03-29-2026 04:15:00,-0.1
03-29-2026 04:30:00,-0.1
03-29-2026 04:45:00,-0.1
03-29-2026 05:00:00,-0.1
03-29-2026 05:15:00,-0.1
03-29-2026 05:30:00,-0.1
03-29-2026 05:45:00,-0.1
03-29-2026 06:00:00,-0.1
03-29-2026 06:15:00,-0.105
03-29-2026 06:30:00,-0.122
03-29-2026 06:45:00,-0.039
03-29-2026 07:00:00,0.118
03-29-2026 07:15:00,0.373
03-29-2026 07:30:00,0.574
03-29-2026 07:45:00,1.941
03-29-2026 08:00:00,4.913
03-29-2026 08:15:00,6.454
03-29-2026 08:30:00,7.79
03-29-2026 08:45:00,8.863
03-29-2026 09:00:00,9.882
03-29-2026 09:15:00,10.879
03-29-2026 09:30:00,11.82
03-29-2026 09:45:00,12.575
03-29-2026 10:00:00,13.348
03-29-2026 10:15:00,14.232
03-29-2026 10:30:00,12.573
03-29-2026 10:45:00,13.839
03-29-2026 11:00:00,15.515
03-29-2026 11:15:00,13.385
03-29-2026 11:30:00,13.081
03-29-2026 11:45:00,15.212
03-29-2026 12:00:00,16.586
03-29-2026 12:15:00,16.379
03-29-2026 12:30:00,16.14
03-29-2026 12:45:00,16.441
03-29-2026 13:00:00,16.732
03-29-2026 13:15:00,16.959
03-29-2026 13:30:00,16.821
03-29-2026 13:45:00,15.496
03-29-2026 14:00:00,16.427
03-29-2026 14:15:00,15.919
03-29-2026 14:30:00,15.704
03-29-2026 14:45:00,15.236
03-29-2026 15:00:00,14.973
03-29-2026 15:15:00,14.696
03-29-2026 15:30:00,7.867
03-29-2026 15:45:00,12.301
03-29-2026 16:00:00,12.014
03-29-2026 16:15:00,8.362
03-29-2026 16:30:00,8.354
03-29-2026 16:45:00,5.144
03-29-2026 17:00:00,4.036
03-29-2026 17:15:00,3.041
03-29-2026 17:30:00,2.339
03-29-2026 17:45:00,1.954
03-29-2026 18:00:00,1.032
03-29-2026 18:15:00,0.123
03-29-2026 18:30:00,-0.062
03-29-2026 18:45:00,-0.238
03-29-2026 19:00:00,-0.148
03-29-2026 19:15:00,-0.1
03-29-2026 19:30:00,-0.1
03-29-2026 19:45:00,-0.1
03-29-2026 20:00:00,-0.1
03-29-2026 20:15:00,-0.1
03-29-2026 20:30:00,-0.1
03-29-2026 20:45:00,-0.1
03-29-2026 21:00:00,-0.1
03-29-2026 21:15:00,-0.1
03-29-2026 21:30:00,-0.1
03-29-2026 21:45:00,-0.1
03-29-2026 22:00:00,-0.1
03-29-2026 22:15:00,-0.1
03-29-2026 22:30:00,-0.1
03-29-2026 22:45:00,-0.1
03-29-2026 23:00:00,-0.1
03-29-2026 23:15:00,-0.1
03-29-2026 23:30:00,-0.1
03-29-2026 23:45:00,-0.1
03-30-2026 00:00:00,-0.1
03-30-2026 00:15:00,-0.1
03-30-2026 00:30:00,-0.1
03-30-2026 00:45:00,-0.1
03-30-2026 01:00:00,-0.1
03-30-2026 01:15:00,-0.1
03-30-2026 01:30:00,-0.1
03-30-2026 01:45:00,-0.1
03-30-2026 02:00:00,-0.1
03-30-2026 02:15:00,-0.1
03-30-2026 02:30:00,-0.1
03-30-2026 02:45:00,-0.1
03-30-2026 03:00:00,-0.1
03-30-2026 03:15:00,-0.1
03-30-2026 03:30:00,-0.1
03-30-2026 03:45:00,-0.1
03-30-2026 04:00:00,-0.1
03-30-2026 04:15:00,-0.1
03-30-2026 04:30:00,-0.1
03-30-2026 04:45:00,-0.1
03-30-2026 05:00:00,-0.1
03-30-2026 05:15:00,-0.1
03-30-2026 05:30:00,-0.1
03-30-2026 05:45:00,-0.1
03-30-2026 06:00:00,-0.1
03-30-2026 06:15:00,-0.1
03-30-2026 06:30:00,-0.129
03-30-2026 06:45:00,0.235
03-30-2026 07:00:00,1.093
03-30-2026 07:15:00,1.637
03-30-2026 07:30:00,1.904
03-30-2026 07:45:00,2.424
03-30-2026 08:00:00,3.563
03-30-2026 08:15:00,3.163
03-30-2026 08:30:00,3.957
03-30-2026 08:45:00,4.239
03-30-2026 09:00:00,4.544
03-30-2026 09:15:00,4.822
03-30-2026 09:30:00,7.249
03-30-2026 09:45:00,5.199
03-30-2026 10:00:00,9.823
03-30-2026 10:15:00,9.263
03-30-2026 10:30:00,6.32
03-30-2026 10:45:00,9.026
03-30-2026 11:00:00,10.808
03-30-2026 11:15:00,9.023
03-30-2026 11:30:00,9.956
03-30-2026 11:45:00,12.704
03-30-2026 12:00:00,10.939
03-30-2026 12:15:00,5.896
03-30-2026 12:30:00,9.821
03-30-2026 12:45:00,12.48
03-30-2026 13:00:00,9.141
03-30-2026 13:15:00,15.467
03-30-2026 13:30:00,13.285
03-30-2026 13:45:00,13.6
03-30-2026 14:00:00,11.616
03-30-2026 14:15:00,8.348
03-30-2026 14:30:00,11.916
03-30-2026 14:45:00,14.001
03-30-2026 15:00:00,13.333
03-30-2026 15:15:00,11.448
03-30-2026 15:30:00,12.895
03-30-2026 15:45:00,11.651
03-30-2026 16:00:00,12.722
03-30-2026 16:15:00,11.036
03-30-2026 16:30:00,8.732
03-30-2026 16:45:00,9.036
03-30-2026 17:00:00,7.004
03-30-2026 17:15:00,3.208
03-30-2026 17:30:00,2.612
03-30-2026 17:45:00,1.393
03-30-2026 18:00:00,0.751
03-30-2026 18:15:00,0.291
03-30-2026 18:30:00,-0.038
03-30-2026 18:45:00,-0.221
03-30-2026 19:00:00,-0.126
03-30-2026 19:15:00,-0.1
03-30-2026 19:30:00,-0.1
03-30-2026 19:45:00,-0.1
03-30-2026 20:00:00,-0.1
03-30-2026 20:15:00,-0.1
03-30-2026 20:30:00,-0.1
03-30-2026 20:45:00,-0.1
03-30-2026 21:00:00,-0.1
03-30-2026 21:15:00,-0.1
03-30-2026 21:30:00,-0.1
03-30-2026 21:45:00,-0.1
03-30-2026 22:00:00,-0.1
03-30-2026 22:15:00,-0.1
03-30-2026 22:30:00,-0.1
03-30-2026 22:45:00,-0.1
03-30-2026 23:00:00,-0.1
03-30-2026 23:15:00,-0.1
03-30-2026 23:30:00,-0.1
03-30-2026 23:45:00,-0.1
03-31-2026 00:00:00,-0.1
03-31-2026 00:15:00,-0.1
03-31-2026 00:30:00,-0.1
03-31-2026 00:45:00,-0.1
03-31-2026 01:00:00,-0.1
03-31-2026 01:15:00,-0.1
03-31-2026 01:30:00,-0.1
03-31-2026 01:45:00,-0.1
03-31-2026 02:00:00,-0.1
03-31-2026 02:15:00,-0.1
03-31-2026 02:30:00,-0.1
03-31-2026 02:45:00,-0.1
03-31-2026 03:00:00,-0.1
03-31-2026 03:15:00,-0.1
03-31-2026 03:30:00,-0.1
03-31-2026 03:45:00,-0.1
03-31-2026 04:00:00,-0.1
03-31-2026 04:15:00,-0.1
03-31-2026 04:30:00,-0.1
03-31-2026 04:45:00,-0.1
03-31-2026 05:00:00,-0.1
03-31-2026 05:15:00,-0.1
03-31-2026 05:30:00,-0.1
03-31-2026 05:45:00,-0.1
03-31-2026 06:00:00,-0.1
03-31-2026 06:15:00,-0.14
03-31-2026 06:30:00,-0.107
03-31-2026 06:45:00,0.072
03-31-2026 07:00:00,0.663
03-31-2026 07:15:00,1.771
03-31-2026 07:30:00,1.643
03-31-2026 07:45:00,1.906
03-31-2026 08:00:00,2.291
03-31-2026 08:15:00,2.735
03-31-2026 08:30:00,2.724
03-31-2026 08:45:00,3.767
03-31-2026 09:00:00,4.576
03-31-2026 09:15:00,7.919
03-31-2026 09:30:00,5.28
03-31-2026 09:45:00,9.487
03-31-2026 10:00:00,13.805
03-31-2026 10:15:00,14.638
03-31-2026 10:30:00,13.079
03-31-2026 10:45:00,15.319
03-31-2026 11:00:00,11.437
03-31-2026 11:15:00,15.917
03-31-2026 11:30:00,16.707
03-31-2026 11:45:00,17.016
03-31-2026 12:00:00,17.75
03-31-2026 12:15:00,15.629
03-31-2026 12:30:00,16.732
03-31-2026 12:45:00,15.62
03-31-2026 13:00:00,16.86
03-31-2026 13:15:00,17.484
03-31-2026 13:30:00,16.266
03-31-2026 13:45:00,15.115
03-31-2026 14:00:00,15.305
03-31-2026 14:15:00,15.302
03-31-2026 14:30:00,15.99
03-31-2026 14:45:00,15.497
03-31-2026 15:00:00,15.376
03-31-2026 15:15:00,14.714
03-31-2026 15:30:00,13.75
03-31-2026 15:45:00,11.011
03-31-2026 16:00:00,12.931
03-31-2026 16:15:00,11.542
03-31-2026 16:30:00,8.742
03-31-2026 16:45:00,4.973
03-31-2026 17:00:00,3.047
03-31-2026 17:15:00,4.117
03-31-2026 17:30:00,3.098
03-31-2026 17:45:00,2.363
03-31-2026 18:00:00,1.485
03-31-2026 18:15:00,0.556
03-31-2026 18:30:00,-0.019
03-31-2026 18:45:00,-0.1
03-31-2026 19:00:00,-0.1
03-31-2026 19:15:00,-0.1
03-31-2026 19:30:00,-0.1
03-31-2026 19:45:00,-0.1
03-31-2026 20:00:00,-0.1
03-31-2026 20:15:00,-0.1
03-31-2026 20:30:00,-0.1
03-31-2026 20:45:00,-0.1
03-31-2026 21:00:00,-0.1
03-31-2026 21:15:00,-0.1
03-31-2026 21:30:00,-0.1
03-31-2026 21:45:00,-0.1
03-31-2026 22:00:00,-0.1
03-31-2026 22:15:00,-0.1
03-31-2026 22:30:00,-0.1
03-31-2026 22:45:00,-0.1
03-31-2026 23:00:00,-0.1
03-31-2026 23:15:00,-0.1
03-31-2026 23:30:00,-0.1
03-31-2026 23:45:00,-0.1
04-01-2026 00:00:00,-0.1
04-01-2026 00:15:00,-0.1
04-01-2026 00:30:00,-0.1
04-01-2026 00:45:00,-0.1
04-01-2026 01:00:00,-0.1
04-01-2026 01:15:00,-0.1
04-01-2026 01:30:00,-0.1
04-01-2026 01:45:00,-0.1
04-01-2026 02:00:00,-0.1
04-01-2026 02:15:00,-0.1
04-01-2026 02:30:00,-0.1
04-01-2026 02:45:00,-0.1
04-01-2026 03:00:00,-0.1
04-01-2026 03:15:00,-0.1
04-01-2026 03:30:00,-0.1
04-01-2026 03:45:00,-0.1
04-01-2026 04:00:00,-0.1
04-01-2026 04:15:00,-0.1
04-01-2026 04:30:00,-0.1
04-01-2026 04:45:00,-0.1
04-01-2026 05:00:00,-0.1
04-01-2026 05:15:00,-0.1
04-01-2026 05:30:00,-0.1
04-01-2026 05:45:00,-0.1
04-01-2026 06:00:00,-0.1
04-01-2026 06:15:00,-0.121
04-01-2026 06:30:00,-0.138
04-01-2026 06:45:00,0.177
04-01-2026 07:00:00,0.533
04-01-2026 07:15:00,0.987
04-01-2026 07:30:00,1.172
04-01-2026 07:45:00,3.641
04-01-2026 08:00:00,2.894
04-01-2026 08:15:00,3.023
04-01-2026 08:30:00,5.029
04-01-2026 08:45:00,6.528
04-01-2026 09:00:00,9.622
04-01-2026 09:15:00,8.915
04-01-2026 09:30:00,12.064
04-01-2026 09:45:00,11.201
04-01-2026 10:00:00,11.64
04-01-2026 10:15:00,13.938
04-01-2026 10:30:00,14.259
04-01-2026 10:45:00,9.161
04-01-2026 11:00:00,11.562
04-01-2026 11:15:00,16.037
04-01-2026 11:30:00,15.594
04-01-2026 11:45:00,15.821
04-01-2026 12:00:00,14.703
04-01-2026 12:15:00,14.169
04-01-2026 12:30:00,13.826
04-01-2026 12:45:00,15.196
04-01-2026 13:00:00,13.438
04-01-2026 13:15:00,13.108
04-01-2026 13:30:00,11.201
04-01-2026 13:45:00,12.245
04-01-2026 14:00:00,9.836
04-01-2026 14:15:00,12.379
04-01-2026 14:30:00,13.876
04-01-2026 14:45:00,12.653
04-01-2026 15:00:00,13.643
04-01-2026 15:15:00,11.83
04-01-2026 15:30:00,9.674
04-01-2026 15:45:00,11.597
04-01-2026 16:00:00,6.287
04-01-2026 16:15:00,7.047
04-01-2026 16:30:00,9.313
04-01-2026 16:45:00,5.534
04-01-2026 17:00:00,5.947
04-01-2026 17:15:00,3.701
04-01-2026 17:30:00,2.92
04-01-2026 17:45:00,1.785
04-01-2026 18:00:00,1.273
04-01-2026 18:15:00,0.598
04-01-2026 18:30:00,0.001
04-01-2026 18:45:00,-0.115
04-01-2026 19:00:00,-0.1
04-01-2026 19:15:00,-0.1
04-01-2026 19:30:00,-0.1
04-01-2026 19:45:00,-0.1
04-01-2026 20:00:00,-0.1
04-01-2026 20:15:00,-0.1
04-01-2026 20:30:00,-0.1
04-01-2026 20:45:00,-0.1
04-01-2026 21:00:00,-0.1
04-01-2026 21:15:00,-0.1
04-01-2026 21:30:00,-0.1
04-01-2026 21:45:00,-0.1
04-01-2026 22:00:00,-0.1
04-01-2026 22:15:00,-0.1
04-01-2026 22:30:00,-0.1
04-01-2026 22:45:00,-0.1
04-01-2026 23:00:00,-0.1
04-01-2026 23:15:00,-0.1
04-01-2026 23:30:00,-0.1
04-01-2026 23:45:00,-0.1
04-02-2026 00:00:00,-0.1
04-02-2026 00:15:00,-0.1
04-02-2026 00:30:00,-0.1
04-02-2026 00:45:00,-0.1
04-02-2026 01:00:00,-0.1
04-02-2026 01:15:00,-0.1
04-02-2026 01:30:00,-0.1
04-02-2026 01:45:00,-0.1
04-02-2026 02:00:00,-0.1
04-02-2026 02:15:00,-0.1
04-02-2026 02:30:00,-0.1
04-02-2026 02:45:00,-0.1
04-02-2026 03:00:00,-0.1
04-02-2026 03:15:00,-0.1
04-02-2026 03:30:00,-0.1
04-02-2026 03:45:00,-0.1
04-02-2026 04:00:00,-0.1
04-02-2026 04:15:00,-0.1
04-02-2026 04:30:00,-0.1
04-02-2026 04:45:00,-0.1
04-02-2026 05:00:00,-0.1
04-02-2026 05:15:00,-0.1
04-02-2026 05:30:00,-0.1
04-02-2026 05:45:00,-0.1
04-02-2026 06:00:00,-0.1
04-02-2026 06:15:00,-0.176
04-02-2026 06:30:00,-0.142
04-02-2026 06:45:00,0.214
04-02-2026 07:00:00,1.072
04-02-2026 07:15:00,2.121
04-02-2026 07:30:00,1.908
04-02-2026 07:45:00,2.382
04-02-2026 08:00:00,2.47
04-02-2026 08:15:00,3.595
04-02-2026 08:30:00,5.094
04-02-2026 08:45:00,6.336
04-02-2026 09:00:00,5.208
04-02-2026 09:15:00,4.856
04-02-2026 09:30:00,5.206
04-02-2026 09:45:00,5.176
04-02-2026 10:00:00,6.087
04-02-2026 10:15:00,6.557
04-02-2026 10:30:00,10.296
04-02-2026 10:45:00,7.98
04-02-2026 11:00:00,8.076
04-02-2026 11:15:00,10.869
04-02-2026 11:30:00,8.104
04-02-2026 11:45:00,13.819
04-02-2026 12:00:00,12.203
04-02-2026 12:15:00,10.094
04-02-2026 12:30:00,8.268
04-02-2026 12:45:00,9.791
04-02-2026 13:00:00,13.772
04-02-2026 13:15:00,9.769
04-02-2026 13:30:00,11.617
04-02-2026 13:45:00,10.583
04-02-2026 14:00:00,16.169
04-02-2026 14:15:00,13.825
04-02-2026 14:30:00,8.938
04-02-2026 14:45:00,9.17
04-02-2026 15:00:00,8.755
04-02-2026 15:15:00,8.685
04-02-2026 15:30:00,6.283
04-02-2026 15:45:00,4.698
04-02-2026 16:00:00,4.778
04-02-2026 16:15:00,5.484
04-02-2026 16:30:00,4.979
04-02-2026 16:45:00,3.105
04-02-2026 17:00:00,2.348
04-02-2026 17:15:00,1.831
04-02-2026 17:30:00,1.47
04-02-2026 17:45:00,0.914
04-02-2026 18:00:00,0.474
04-02-2026 18:15:00,0.116
04-02-2026 18:30:00,-0.161
04-02-2026 18:45:00,-0.268
04-02-2026 19:00:00,-0.1
04-02-2026 19:15:00,-0.1
04-02-2026 19:30:00,-0.1
04-02-2026 19:45:00,-0.1
04-02-2026 20:00:00,-0.1
04-02-2026 20:15:00,-0.1
04-02-2026 20:30:00,-0.1
04-02-2026 20:45:00,-0.1
04-02-2026 21:00:00,-0.1
04-02-2026 21:15:00,-0.1
04-02-2026 21:30:00,-0.1
04-02-2026 21:45:00,-0.1
04-02-2026 22:00:00,-0.1
04-02-2026 22:15:00,-0.1
04-02-2026 22:30:00,-0.1
04-02-2026 22:45:00,-0.1
04-02-2026 23:00:00,-0.1
04-02-2026 23:15:00,-0.1
04-02-2026 23:30:00,-0.1
04-02-2026 23:45:00,-0.1
04-03-2026 00:00:00,-0.1
04-03-2026 00:15:00,-0.1
04-03-2026 00:30:00,-0.1
04-03-2026 00:45:00,-0.1
04-03-2026 01:00:00,-0.1
04-03-2026 01:15:00,-0.1
04-03-2026 01:30:00,-0.1
04-03-2026 01:45:00,-0.1
04-03-2026 02:00:00,-0.1
04-03-2026 02:15:00,-0.1
04-03-2026 02:30:00,-0.1
04-03-2026 02:45:00,-0.1
04-03-2026 03:00:00,-0.1
04-03-2026 03:15:00,-0.1
04-03-2026 03:30:00,-0.1
04-03-2026 03:45:00,-0.1
04-03-2026 04:00:00,-0.1
04-03-2026 04:15:00,-0.1
04-03-2026 04:30:00,-0.1
04-03-2026 04:45:00,-0.1
04-03-2026 05:00:00,-0.1
04-03-2026 05:15:00,-0.1
04-03-2026 05:30:00,-0.1
04-03-2026 05:45:00,-0.1
04-03-2026 06:00:00,-0.1
04-03-2026 06:15:00,-0.128
04-03-2026 06:30:00,-0.121
04-03-2026 06:45:00,0.118
04-03-2026 07:00:00,0.567
04-03-2026 07:15:00,1.188
04-03-2026 07:30:00,0.945
04-03-2026 07:45:00,2.148
04-03-2026 08:00:00,2.091
04-03-2026 08:15:00,2.171
04-03-2026 08:30:00,3.066
04-03-2026 08:45:00,3.57
04-03-2026 09:00:00,6.038
04-03-2026 09:15:00,6.319
04-03-2026 09:30:00,8.613
04-03-2026 09:45:00,11.263
04-03-2026 10:00:00,14.297
04-03-2026 10:15:00,13.17
04-03-2026 10:30:00,14.382
04-03-2026 10:45:00,15.449
04-03-2026 11:00:00,16.399
04-03-2026 11:15:00,15.889
04-03-2026 11:30:00,16.322
04-03-2026 11:45:00,16.384
04-03-2026 12:00:00,14.467
04-03-2026 12:15:00,16.517
04-03-2026 12:30:00,16.353
04-03-2026 12:45:00,16.142
04-03-2026 13:00:00,16.181
04-03-2026 13:15:00,16.119
04-03-2026 13:30:00,15.917
04-03-2026 13:45:00,15.675
04-03-2026 14:00:00,15.479
04-03-2026 14:15:00,15.221
04-03-2026 14:30:00,14.854
04-03-2026 14:45:00,14.381
04-03-2026 15:00:00,13.963
04-03-2026 15:15:00,13.391
04-03-2026 15:30:00,12.976
04-03-2026 15:45:00,12.495
04-03-2026 16:00:00,11.549
04-03-2026 16:15:00,10.636
04-03-2026 16:30:00,8.407
04-03-2026 16:45:00,3.257
04-03-2026 17:00:00,6.248
04-03-2026 17:15:00,3.946
04-03-2026 17:30:00,2.834
04-03-2026 17:45:00,1.728
04-03-2026 18:00:00,1.292
04-03-2026 18:15:00,0.714
04-03-2026 18:30:00,0.119
04-03-2026 18:45:00,-0.133
04-03-2026 19:00:00,-0.1
04-03-2026 19:15:00,-0.1
04-03-2026 19:30:00,-0.1
04-03-2026 19:45:00,-0.1
04-03-2026 20:00:00,-0.1
04-03-2026 20:15:00,-0.1
04-03-2026 20:30:00,-0.1
04-03-2026 20:45:00,-0.1
04-03-2026 21:00:00,-0.1
04-03-2026 21:15:00,-0.1
04-03-2026 21:30:00,-0.1
04-03-2026 21:45:00,-0.1
04-03-2026 22:00:00,-0.1
04-03-2026 22:15:00,-0.1
04-03-2026 22:30:00,-0.1
04-03-2026 22:45:00,-0.1
04-03-2026 23:00:00,-0.1
04-03-2026 23:15:00,-0.1
04-03-2026 23:30:00,-0.1
04-03-2026 23:45:00,-0.1
04-04-2026 00:00:00,-0.1
04-04-2026 00:15:00,-0.1
04-04-2026 00:30:00,-0.1
04-04-2026 00:45:00,-0.1
04-04-2026 01:00:00,-0.1
04-04-2026 01:15:00,-0.1
04-04-2026 01:30:00,-0.1
04-04-2026 01:45:00,-0.1
04-04-2026 02:00:00,-0.1
04-04-2026 02:15:00,-0.1
04-04-2026 02:30:00,-0.1
04-04-2026 02:45:00,-0.1
04-04-2026 03:00:00,-0.1
04-04-2026 03:15:00,-0.1
04-04-2026 03:30:00,-0.1
04-04-2026 03:45:00,-0.1
04-04-2026 04:00:00,-0.1
04-04-2026 04:15:00,-0.1
04-04-2026 04:30:00,-0.1
04-04-2026 04:45:00,-0.1
04-04-2026 05:00:00,-0.1
04-04-2026 05:15:00,-0.1
04-04-2026 05:30:00,-0.1
04-04-2026 05:45:00,-0.1
04-04-2026 06:00:00,-0.1
04-04-2026 06:15:00,-0.143
04-04-2026 06:30:00,-0.1
04-04-2026 06:45:00,0.116
04-04-2026 07:00:00,0.394
04-04-2026 07:15:00,0.694
04-04-2026 07:30:00,1.373
04-04-2026 07:45:00,4.373
04-04-2026 08:00:00,3.561
04-04-2026 08:15:00,6.452
04-04-2026 08:30:00,8.135
04-04-2026 08:45:00,9.24
04-04-2026 09:00:00,8.546
04-04-2026 09:15:00,11.682
04-04-2026 09:30:00,12.334
04-04-2026 09:45:00,12.713
04-04-2026 10:00:00,11.583
04-04-2026 10:15:00,9.609
04-04-2026 10:30:00,15.875
04-04-2026 10:45:00,10.971
04-04-2026 11:00:00,16.018
04-04-2026 11:15:00,13.432
04-04-2026 11:30:00,13.039
04-04-2026 11:45:00,14.998
04-04-2026 12:00:00,14.301
04-04-2026 12:15:00,16.22
04-04-2026 12:30:00,13.567
04-04-2026 12:45:00,12.519
04-04-2026 13:00:00,16.341
04-04-2026 13:15:00,8.59
04-04-2026 13:30:00,8.394
04-04-2026 13:45:00,10.167
04-04-2026 14:00:00,10.838
04-04-2026 14:15:00,14.135
04-04-2026 14:30:00,12.634
04-04-2026 14:45:00,7.406
04-04-2026 15:00:00,12.544
04-04-2026 15:15:00,9.462
04-04-2026 15:30:00,6.858
04-04-2026 15:45:00,10.97
04-04-2026 16:00:00,11.642
04-04-2026 16:15:00,8.889
04-04-2026 16:30:00,6.068
04-04-2026 16:45:00,9.327
04-04-2026 17:00:00,8.103
04-04-2026 17:15:00,5.957
04-04-2026 17:30:00,3.299
04-04-2026 17:45:00,1.453
04-04-2026 18:00:00,0.503
04-04-2026 18:15:00,0.169
04-04-2026 18:30:00,-0.066
04-04-2026 18:45:00,-0.19
04-04-2026 19:00:00,-0.121
04-04-2026 19:15:00,-0.1
04-04-2026 19:30:00,-0.1
04-04-2026 19:45:00,-0.1
04-04-2026 20:00:00,-0.1
04-04-2026 20:15:00,-0.1
04-04-2026 20:30:00,-0.1
04-04-2026 20:45:00,-0.1
04-04-2026 21:00:00,-0.1
04-04-2026 21:15:00,-0.1
04-04-2026 21:30:00,-0.1
04-04-2026 21:45:00,-0.1
04-04-2026 22:00:00,-0.1
04-04-2026 22:15:00,-0.1
04-04-2026 22:30:00,-0.1
04-04-2026 22:45:00,-0.1
04-04-2026 23:00:00,-0.1
04-04-2026 23:15:00,-0.1
04-04-2026 23:30:00,-0.1
04-04-2026 23:45:00,-0.1
04-05-2026 00:00:00,-0.1
04-05-2026 00:15:00,-0.1
04-05-2026 00:30:00,-0.1
04-05-2026 00:45:00,-0.1
04-05-2026 01:00:00,-0.1
04-05-2026 01:15:00,-0.1
04-05-2026 01:30:00,-0.1
04-05-2026 01:45:00,-0.1
04-05-2026 02:00:00,-0.1
04-05-2026 02:15:00,-0.1
04-05-2026 02:30:00,-0.1
04-05-2026 02:45:00,-0.1
04-05-2026 03:00:00,-0.1
04-05-2026 03:15:00,-0.1
04-05-2026 03:30:00,-0.1
04-05-2026 03:45:00,-0.1
04-05-2026 04:00:00,-0.1
04-05-2026 04:15:00,-0.1
04-05-2026 04:30:00,-0.1
04-05-2026 04:45:00,-0.1
04-05-2026 05:00:00,-0.1
04-05-2026 05:15:00,-0.1
04-05-2026 05:30:00,-0.1
04-05-2026 05:45:00,-0.1
04-05-2026 06:00:00,-0.1
04-05-2026 06:15:00,-0.146
04-05-2026 06:30:00,-0.066
04-05-2026 06:45:00,0.175
04-05-2026 07:00:00,0.425
04-05-2026 07:15:00,0.933
04-05-2026 07:30:00,1.383
04-05-2026 07:45:00,1.999
04-05-2026 08:00:00,2.858
04-05-2026 08:15:00,2.662
04-05-2026 08:30:00,3.893
04-05-2026 08:45:00,5.819
04-05-2026 09:00:00,8.651
04-05-2026 09:15:00,10.611
04-05-2026 09:30:00,10.367
04-05-2026 09:45:00,9.549
04-05-2026 10:00:00,11.117
04-05-2026 10:15:00,14.449
04-05-2026 10:30:00,14.907
04-05-2026 10:45:00,11.985
04-05-2026 11:00:00,14.277
04-05-2026 11:15:00,10.803
04-05-2026 11:30:00,12.209
04-05-2026 11:45:00,15.021
04-05-2026 12:00:00,12.447
04-05-2026 12:15:00,12.798
04-05-2026 12:30:00,17.014
04-05-2026 12:45:00,16.177
04-05-2026 13:00:00,16.023
04-05-2026 13:15:00,16.555
04-05-2026 13:30:00,14.773
04-05-2026 13:45:00,16.801
04-05-2026 14:00:00,15.876
04-05-2026 14:15:00,13.444
04-05-2026 14:30:00,15.994
04-05-2026 14:45:00,9.979
04-05-2026 15:00:00,9.849
04-05-2026 15:15:00,8.556
04-05-2026 15:30:00,6.62
04-05-2026 15:45:00,10.007
04-05-2026 16:00:00,7.475
04-05-2026 16:15:00,9.845
04-05-2026 16:30:00,5.503
04-05-2026 16:45:00,6.624
04-05-2026 17:00:00,3.431
04-05-2026 17:15:00,3.383
04-05-2026 17:30:00,2.964
04-05-2026 17:45:00,2.076
04-05-2026 18:00:00,0.973
04-05-2026 18:15:00,0.233
04-05-2026 18:30:00,-0.087
04-05-2026 18:45:00,-0.214
04-05-2026 19:00:00,-0.1
04-05-2026 19:15:00,-0.1
04-05-2026 19:30:00,-0.1
04-05-2026 19:45:00,-0.1
04-05-2026 20:00:00,-0.1
04-05-2026 20:15:00,-0.1
04-05-2026 20:30:00,-0.1
04-05-2026 20:45:00,-0.1
04-05-2026 21:00:00,-0.1
04-05-2026 21:15:00,-0.1
04-05-2026 21:30:00,-0.1
04-05-2026 21:45:00,-0.1
04-05-2026 22:00:00,-0.1
04-05-2026 22:15:00,-0.1
04-05-2026 22:30:00,-0.1
04-05-2026 22:45:00,-0.1
04-05-2026 23:00:00,-0.1
04-05-2026 23:15:00,-0.1
04-05-2026 23:30:00,-0.1
04-05-2026 23:45:00,-0.1
04-06-2026 00:00:00,-0.1
04-06-2026 00:15:00,-0.1
04-06-2026 00:30:00,-0.1
04-06-2026 00:45:00,-0.1
04-06-2026 01:00:00,-0.1
04-06-2026 01:15:00,-0.1
04-06-2026 01:30:00,-0.1
04-06-2026 01:45:00,-0.1
04-06-2026 02:00:00,-0.1
04-06-2026 02:15:00,-0.1
04-06-2026 02:30:00,-0.1
04-06-2026 02:45:00,-0.1
04-06-2026 03:00:00,-0.1
04-06-2026 03:15:00,-0.1
04-06-2026 03:30:00,-0.1
04-06-2026 03:45:00,-0.1
04-06-2026 04:00:00,-0.1
04-06-2026 04:15:00,-0.1
04-06-2026 04:30:00,-0.1
04-06-2026 04:45:00,-0.1
04-06-2026 05:00:00,-0.1
04-06-2026 05:15:00,-0.1
04-06-2026 05:30:00,-0.1
04-06-2026 05:45:00,-0.1
04-06-2026 06:00:00,-0.109
04-06-2026 06:15:00,-0.161
04-06-2026 06:30:00,0.06
04-06-2026 06:45:00,0.818
04-06-2026 07:00:00,1.282
04-06-2026 07:15:00,1.704
04-06-2026 07:30:00,2.277
04-06-2026 07:45:00,2.899
04-06-2026 08:00:00,3.808
04-06-2026 08:15:00,3.461
04-06-2026 08:30:00,3.177
04-06-2026 08:45:00,3.522
04-06-2026 09:00:00,5.996
04-06-2026 09:15:00,9.308
04-06-2026 09:30:00,9.728
04-06-2026 09:45:00,11.908
04-06-2026 10:00:00,10.91
04-06-2026 10:15:00,12.608
04-06-2026 10:30:00,12.514
04-06-2026 10:45:00,9.789
04-06-2026 11:00:00,11.686
04-06-2026 11:15:00,10.911
04-06-2026 11:30:00,13.184
04-06-2026 11:45:00,13.388
04-06-2026 12:00:00,12.065
04-06-2026 12:15:00,13.751
04-06-2026 12:30:00,13.467
04-06-2026 12:45:00,13.248
04-06-2026 13:00:00,15.818
04-06-2026 13:15:00,14.549
04-06-2026 13:30:00,14.389
04-06-2026 13:45:00,14.383
04-06-2026 14:00:00,14.75
04-06-2026 14:15:00,14.725
04-06-2026 14:30:00,14.575
04-06-2026 14:45:00,10.129
04-06-2026 15:00:00,10.531
04-06-2026 15:15:00,12.973
04-06-2026 15:30:00,9.815
04-06-2026 15:45:00,7.858
04-06-2026 16:00:00,4.799
04-06-2026 16:15:00,4.703
04-06-2026 16:30:00,6.251
04-06-2026 16:45:00,5.998
04-06-2026 17:00:00,2.198
04-06-2026 17:15:00,4.112
04-06-2026 17:30:00,2.768
04-06-2026 17:45:00,1.558
04-06-2026 18:00:00,1.234
04-06-2026 18:15:00,0.648
04-06-2026 18:30:00,0.023
04-06-2026 18:45:00,-0.187
04-06-2026 19:00:00,-0.127
04-06-2026 19:15:00,-0.1
04-06-2026 19:30:00,-0.1
04-06-2026 19:45:00,-0.1
04-06-2026 20:00:00,-0.1
04-06-2026 20:15:00,-0.1
04-06-2026 20:30:00,-0.1
04-06-2026 20:45:00,-0.1
04-06-2026 21:00:00,-0.1
04-06-2026 21:15:00,-0.1
04-06-2026 21:30:00,-0.1
04-06-2026 21:45:00,-0.1
04-06-2026 22:00:00,-0.1
04-06-2026 22:15:00,-0.1
04-06-2026 22:30:00,-0.1
04-06-2026 22:45:00,-0.1
04-06-2026 23:00:00,-0.1
04-06-2026 23:15:00,-0.1
04-06-2026 23:30:00,-0.1
04-06-2026 23:45:00,-0.1
04-07-2026 00:00:00,-0.1
04-07-2026 00:15:00,-0.1
04-07-2026 00:30:00,-0.1
04-07-2026 00:45:00,-0.1
04-07-2026 01:00:00,-0.1
04-07-2026 01:15:00,-0.1
04-07-2026 01:30:00,-0.1
04-07-2026 01:45:00,-0.1
04-07-2026 02:00:00,-0.1
04-07-2026 02:15:00,-0.1
04-07-2026 02:30:00,-0.1
04-07-2026 02:45:00,-0.1
04-07-2026 03:00:00,-0.1
04-07-2026 03:15:00,-0.1
04-07-2026 03:30:00,-0.1
04-07-2026 03:45:00,-0.1
04-07-2026 04:00:00,-0.1
04-07-2026 04:15:00,-0.1
04-07-2026 04:30:00,-0.1
04-07-2026 04:45:00,-0.1
04-07-2026 05:00:00,-0.1
04-07-2026 05:15:00,-0.1
04-07-2026 05:30:00,-0.1
04-07-2026 05:45:00,-0.1
04-07-2026 06:00:00,-0.1
04-07-2026 06:15:00,-0.149
04-07-2026 06:30:00,-0.02
04-07-2026 06:45:00,0.178
04-07-2026 07:00:00,0.589
04-07-2026 07:15:00,1.43
04-07-2026 07:30:00,1.722
04-07-2026 07:45:00,4.523
04-07-2026 08:00:00,4.746
04-07-2026 08:15:00,6.751
04-07-2026 08:30:00,7.963
04-07-2026 08:45:00,6.556
04-07-2026 09:00:00,8.033
04-07-2026 09:15:00,5.924
04-07-2026 09:30:00,6.188
04-07-2026 09:45:00,7.968
04-07-2026 10:00:00,8.384
04-07-2026 10:15:00,11.371
04-07-2026 10:30:00,12.203
04-07-2026 10:45:00,13.058
04-07-2026 11:00:00,13.585
04-07-2026 11:15:00,9.195
04-07-2026 11:30:00,11.575
04-07-2026 11:45:00,9.126
04-07-2026 12:00:00,5.151
04-07-2026 12:15:00,3.587
04-07-2026 12:30:00,1.706
04-07-2026 12:45:00,1.312
04-07-2026 13:00:00,4.278
04-07-2026 13:15:00,2.556
04-07-2026 13:30:00,4.534
04-07-2026 13:45:00,3.085
04-07-2026 14:00:00,1.971
04-07-2026 14:15:00,2.809
04-07-2026 14:30:00,2.118
04-07-2026 14:45:00,1.27
04-07-2026 15:00:00,1.61
04-07-2026 15:15:00,1.774
04-07-2026 15:30:00,2.38
04-07-2026 15:45:00,2.683
04-07-2026 16:00:00,2.601
04-07-2026 16:15:00,1.619
04-07-2026 16:30:00,2.095
04-07-2026 16:45:00,1.607
04-07-2026 17:00:00,1.417
04-07-2026 17:15:00,1.514
04-07-2026 17:30:00,1.183
04-07-2026 17:45:00,1.697
04-07-2026 18:00:00,0.845
04-07-2026 18:15:00,0.372
04-07-2026 18:30:00,-0.009
04-07-2026 18:45:00,-0.155
04-07-2026 19:00:00,-0.162
04-07-2026 19:15:00,-0.1
04-07-2026 19:30:00,-0.1
04-07-2026 19:45:00,-0.1
04-07-2026 20:00:00,-0.1
04-07-2026 20:15:00,-0.1
04-07-2026 20:30:00,-0.1
04-07-2026 20:45:00,-0.1
04-07-2026 21:00:00,-0.1
04-07-2026 21:15:00,-0.1
04-07-2026 21:30:00,-0.1
04-07-2026 21:45:00,-0.1
04-07-2026 22:00:00,-0.1
04-07-2026 22:15:00,-0.1
04-07-2026 22:30:00,-0.1
04-07-2026 22:45:00,-0.1
04-07-2026 23:00:00,-0.1
04-07-2026 23:15:00,-0.1
04-07-2026 23:30:00,-0.1
04-07-2026 23:45:00,-0.1
04-08-2026 00:00:00,-0.1
04-08-2026 00:15:00,-0.1
04-08-2026 00:30:00,-0.1
04-08-2026 00:45:00,-0.1
04-08-2026 01:00:00,-0.1
04-08-2026 01:15:00,-0.1
04-08-2026 01:30:00,-0.1
04-08-2026 01:45:00,-0.1
04-08-2026 02:00:00,-0.1
04-08-2026 02:15:00,-0.1
04-08-2026 02:30:00,-0.1
04-08-2026 02:45:00,-0.1
04-08-2026 03:00:00,-0.1
04-08-2026 03:15:00,-0.1
04-08-2026 03:30:00,-0.1
04-08-2026 03:45:00,-0.1
04-08-2026 04:00:00,-0.1
04-08-2026 04:15:00,-0.1
04-08-2026 04:30:00,-0.1
04-08-2026 04:45:00,-0.1
04-08-2026 05:00:00,-0.1
04-08-2026 05:15:00,-0.1
04-08-2026 05:30:00,-0.1
04-08-2026 05:45:00,-0.1
04-08-2026 06:00:00,-0.1
04-08-2026 06:15:00,-0.147
04-08-2026 06:30:00,-0.055
04-08-2026 06:45:00,0.414
04-08-2026 07:00:00,1.365
04-08-2026 07:15:00,1.489
04-08-2026 07:30:00,2.091
04-08-2026 07:45:00,3.157
04-08-2026 08:00:00,2.817
04-08-2026 08:15:00,4.795
04-08-2026 08:30:00,4.24
04-08-2026 08:45:00,3.915
04-08-2026 09:00:00,5.357
04-08-2026 09:15:00,6.756
04-08-2026 09:30:00,6.258
04-08-2026 09:45:00,8.124
04-08-2026 10:00:00,8.242
04-08-2026 10:15:00,6.492
04-08-2026 10:30:00,6.647
04-08-2026 10:45:00,6.824
04-08-2026 11:00:00,5.971
04-08-2026 11:15:00,4.913
04-08-2026 11:30:00,3.27
04-08-2026 11:45:00,2.487
04-08-2026 12:00:00,3.236
04-08-2026 12:15:00,5.828
04-08-2026 12:30:00,4.663
04-08-2026 12:45:00,4.562
04-08-2026 13:00:00,2.603
04-08-2026 13:15:00,1.976
04-08-2026 13:30:00,2.02
04-08-2026 13:45:00,1.634
04-08-2026 14:00:00,1.171
04-08-2026 14:15:00,1.704
04-08-2026 14:30:00,2.967
04-08-2026 14:45:00,2.686
04-08-2026 15:00:00,1.832
04-08-2026 15:15:00,3.586
04-08-2026 15:30:00,4.352
04-08-2026 15:45:00,3.978
04-08-2026 16:00:00,2.829
04-08-2026 16:15:00,2.59
04-08-2026 16:30:00,1.792
04-08-2026 16:45:00,0.974
04-08-2026 17:00:00,1.206
04-08-2026 17:15:00,0.63
04-08-2026 17:30:00,0.396
04-08-2026 17:45:00,0.029
04-08-2026 18:00:00,-0.1
04-08-2026 18:15:00,-0.081
04-08-2026 18:30:00,-0.217
04-08-2026 18:45:00,-0.1
04-08-2026 19:00:00,-0.1
04-08-2026 19:15:00,-0.1
04-08-2026 19:30:00,-0.1
04-08-2026 19:45:00,-0.1
04-08-2026 20:00:00,-0.1
04-08-2026 20:15:00,-0.1
04-08-2026 20:30:00,-0.1
04-08-2026 20:45:00,-0.1
04-08-2026 21:00:00,-0.1
04-08-2026 21:15:00,-0.1
04-08-2026 21:30:00,-0.1
04-08-2026 21:45:00,-0.1
04-08-2026 22:00:00,-0.1
04-08-2026 22:15:00,-0.1
04-08-2026 22:30:00,-0.1
04-08-2026 22:45:00,-0.1
04-08-2026 23:00:00,-0.1
04-08-2026 23:15:00,-0.1
04-08-2026 23:30:00,-0.1
04-08-2026 23:45:00,-0.1
04-09-2026 00:00:00,-0.1
04-09-2026 00:15:00,-0.1
04-09-2026 00:30:00,-0.1
04-09-2026 00:45:00,-0.1
04-09-2026 01:00:00,-0.1
04-09-2026 01:15:00,-0.1
04-09-2026 01:30:00,-0.1
04-09-2026 01:45:00,-0.1
04-09-2026 02:00:00,-0.1
04-09-2026 02:15:00,-0.1
04-09-2026 02:30:00,-0.1
04-09-2026 02:45:00,-0.1
04-09-2026 03:00:00,-0.1
04-09-2026 03:15:00,-0.1
04-09-2026 03:30:00,-0.1
04-09-2026 03:45:00,-0.1
04-09-2026 04:00:00,-0.1
04-09-2026 04:15:00,-0.1
04-09-2026 04:30:00,-0.1
04-09-2026 04:45:00,-0.1
04-09-2026 05:00:00,-0.1
04-09-2026 05:15:00,-0.1
04-09-2026 05:30:00,-0.1
04-09-2026 05:45:00,-0.1
04-09-2026 06:00:00,-0.1
04-09-2026 06:15:00,-0.1
04-09-2026 06:30:00,-0.17
04-09-2026 06:45:00,-0.077
04-09-2026 07:00:00,0.24
04-09-2026 07:15:00,0.563
04-09-2026 07:30:00,0.709
04-09-2026 07:45:00,0.857
04-09-2026 08:00:00,0.563
04-09-2026 08:15:00,0.444
04-09-2026 08:30:00,0.805
04-09-2026 08:45:00,1.125
04-09-2026 09:00:00,1.414
04-09-2026 09:15:00,2.051
04-09-2026 09:30:00,3.213
04-09-2026 09:45:00,2.495
04-09-2026 10:00:00,2.637
04-09-2026 10:15:00,3.347
04-09-2026 10:30:00,2.882
04-09-2026 10:45:00,4.541
04-09-2026 11:00:00,5.398
04-09-2026 11:15:00,3.92
04-09-2026 11:30:00,2.716
04-09-2026 11:45:00,4.434
04-09-2026 12:00:00,4.844
04-09-2026 12:15:00,3.618
04-09-2026 12:30:00,3.655
04-09-2026 12:45:00,4.981
04-09-2026 13:00:00,4.128
04-09-2026 13:15:00,3.684
04-09-2026 13:30:00,3.89
04-09-2026 13:45:00,4.712
04-09-2026 14:00:00,4.671
04-09-2026 14:15:00,5.044
04-09-2026 14:30:00,3.607
04-09-2026 14:45:00,3.283
04-09-2026 15:00:00,2.267
04-09-2026 15:15:00,1.888
04-09-2026 15:30:00,1.753
04-09-2026 15:45:00,1.438
04-09-2026 16:00:00,1.248
04-09-2026 16:15:00,0.949
04-09-2026 16:30:00,0.776
04-09-2026 16:45:00,0.385
04-09-2026 17:00:00,0.471
04-09-2026 17:15:00,0.924
04-09-2026 17:30:00,1.014
04-09-2026 17:45:00,0.933
04-09-2026 18:00:00,0.593
04-09-2026 18:15:00,0.104
04-09-2026 18:30:00,-0.131
04-09-2026 18:45:00,-0.228
04-09-2026 19:00:00,-0.1
04-09-2026 19:15:00,-0.1
04-09-2026 19:30:00,-0.1
04-09-2026 19:45:00,-0.1
04-09-2026 20:00:00,-0.1
04-09-2026 20:15:00,-0.1
04-09-2026 20:30:00,-0.1
04-09-2026 20:45:00,-0.1
04-09-2026 21:00:00,-0.1
04-09-2026 21:15:00,-0.1
04-09-2026 21:30:00,-0.1
04-09-2026 21:45:00,-0.1
04-09-2026 22:00:00,-0.1
04-09-2026 22:15:00,-0.1
04-09-2026 22:30:00,-0.1
04-09-2026 22:45:00,-0.1
04-09-2026 23:00:00,-0.1
04-09-2026 23:15:00,-0.1
04-09-2026 23:30:00,-0.1
04-09-2026 23:45:00,-0.1
04-10-2026 00:00:00,-0.1
04-10-2026 00:15:00,-0.1
04-10-2026 00:30:00,-0.1
04-10-2026 00:45:00,-0.1
04-10-2026 01:00:00,-0.1
04-10-2026 01:15:00,-0.1
04-10-2026 01:30:00,-0.1
04-10-2026 01:45:00,-0.1
04-10-2026 02:00:00,-0.1
04-10-2026 02:15:00,-0.1
04-10-2026 02:30:00,-0.1
04-10-2026 02:45:00,-0.1
04-10-2026 03:00:00,-0.1
04-10-2026 03:15:00,-0.1
04-10-2026 03:30:00,-0.1
04-10-2026 03:45:00,-0.1
04-10-2026 04:00:00,-0.1
04-10-2026 04:15:00,-0.1
04-10-2026 04:30:00,-0.1
04-10-2026 04:45:00,-0.1
04-10-2026 05:00:00,-0.1
04-10-2026 05:15:00,-0.1
04-10-2026 05:30:00,-0.1
04-10-2026 05:45:00,-0.1
04-10-2026 06:00:00,-0.1
04-10-2026 06:15:00,-0.1
04-10-2026 06:30:00,-0.1
04-10-2026 06:45:00,-0.1
04-10-2026 07:00:00,-0.072
04-10-2026 07:15:00,0.027
04-10-2026 07:30:00,0.075
04-10-2026 07:45:00,0.357
04-10-2026 08:00:00,0.611
04-10-2026 08:15:00,0.656
04-10-2026 08:30:00,0.518
04-10-2026 08:45:00,1.437
04-10-2026 09:00:00,1.787
04-10-2026 09:15:00,1.155
04-10-2026 09:30:00,1.044
04-10-2026 09:45:00,0.974
04-10-2026 10:00:00,1.116
04-10-2026 10:15:00,0.845
04-10-2026 10:30:00,1.975
04-10-2026 10:45:00,2.099
04-10-2026 11:00:00,0.807
04-10-2026 11:15:00,1.095
04-10-2026 11:30:00,1.207
04-10-2026 11:45:00,2.219
04-10-2026 12:00:00,3.862
04-10-2026 12:15:00,2.251
04-10-2026 12:30:00,1.701
04-10-2026 12:45:00,1.687
04-10-2026 13:00:00,0.34
04-10-2026 13:15:00,0.264
04-10-2026 13:30:00,0.752
04-10-2026 13:45:00,2.916
04-10-2026 14:00:00,2.454
04-10-2026 14:15:00,2.172
04-10-2026 14:30:00,1.828
04-10-2026 14:45:00,2.319
04-10-2026 15:00:00,1.544
04-10-2026 15:15:00,2.103
04-10-2026 15:30:00,0.901
04-10-2026 15:45:00,0.889
04-10-2026 16:00:00,1.223
04-10-2026 16:15:00,1.881
04-10-2026 16:30:00,3.117
04-10-2026 16:45:00,4.049
04-10-2026 17:00:00,2.023
04-10-2026 17:15:00,1.775
04-10-2026 17:30:00,1.238
04-10-2026 17:45:00,1.095
04-10-2026 18:00:00,1.424
04-10-2026 18:15:00,0.688
04-10-2026 18:30:00,-0.021
04-10-2026 18:45:00,-0.113
04-10-2026 19:00:00,-0.1
04-10-2026 19:15:00,-0.1
04-10-2026 19:30:00,-0.1
04-10-2026 19:45:00,-0.1
04-10-2026 20:00:00,-0.1
04-10-2026 20:15:00,-0.1
04-10-2026 20:30:00,-0.1
04-10-2026 20:45:00,-0.1
04-10-2026 21:00:00,-0.1
04-10-2026 21:15:00,-0.1
04-10-2026 21:30:00,-0.1
04-10-2026 21:45:00,-0.1
04-10-2026 22:00:00,-0.1
04-10-2026 22:15:00,-0.1
04-10-2026 22:30:00,-0.1
04-10-2026 22:45:00,-0.1
04-10-2026 23:00:00,-0.1
04-10-2026 23:15:00,-0.1
04-10-2026 23:30:00,-0.1
04-10-2026 23:45:00,-0.1
04-11-2026 00:00:00,-0.1
04-11-2026 00:15:00,-0.1
04-11-2026 00:30:00,-0.1
04-11-2026 00:45:00,-0.1
04-11-2026 01:00:00,-0.1
04-11-2026 01:15:00,-0.1
04-11-2026 01:30:00,-0.1
04-11-2026 01:45:00,-0.1
04-11-2026 02:00:00,-0.1
04-11-2026 02:15:00,-0.1
04-11-2026 02:30:00,-0.1
04-11-2026 02:45:00,-0.1
04-11-2026 03:00:00,-0.1
04-11-2026 03:15:00,-0.1
04-11-2026 03:30:00,-0.1
04-11-2026 03:45:00,-0.1
04-11-2026 04:00:00,-0.1
04-11-2026 04:15:00,-0.1
04-11-2026 04:30:00,-0.1
04-11-2026 04:45:00,-0.1
04-11-2026 05:00:00,-0.1
04-11-2026 05:15:00,-0.1
04-11-2026 05:30:00,-0.1
04-11-2026 05:45:00,-0.1
04-11-2026 06:00:00,-0.1
04-11-2026 06:15:00,-0.097
04-11-2026 06:30:00,0.174
04-11-2026 06:45:00,0.743
04-11-2026 07:00:00,1.083
04-11-2026 07:15:00,2.082
04-11-2026 07:30:00,3.48
04-11-2026 07:45:00,4.044
04-11-2026 08:00:00,4.318
04-11-2026 08:15:00,5.025
04-11-2026 08:30:00,6.201
04-11-2026 08:45:00,5.753
04-11-2026 09:00:00,7.761
04-11-2026 09:15:00,9.488
04-11-2026 09:30:00,7.525
04-11-2026 09:45:00,10.399
04-11-2026 10:00:00,8.884
04-11-2026 10:15:00,14.614
04-11-2026 10:30:00,10.558
04-11-2026 10:45:00,12.095
04-11-2026 11:00:00,12.485
04-11-2026 11:15:00,13.653
04-11-2026 11:30:00,13.395
04-11-2026 11:45:00,13.464
04-11-2026 12:00:00,10.195
04-11-2026 12:15:00,9.119
04-11-2026 12:30:00,10.426
04-11-2026 12:45:00,10.944
04-11-2026 13:00:00,9.864
04-11-2026 13:15:00,12.083
04-11-2026 13:30:00,10.642
04-11-2026 13:45:00,14.701
04-11-2026 14:00:00,14.594
04-11-2026 14:15:00,11.335
04-11-2026 14:30:00,12.649
04-11-2026 14:45:00,12.091
04-11-2026 15:00:00,9.101
04-11-2026 15:15:00,10.09
04-11-2026 15:30:00,7.711
04-11-2026 15:45:00,6.813
04-11-2026 16:00:00,6.561
04-11-2026 16:15:00,6.591
04-11-2026 16:30:00,3.531
04-11-2026 16:45:00,3.787
04-11-2026 17:00:00,3.598
04-11-2026 17:15:00,3.22
04-11-2026 17:30:00,3.441
04-11-2026 17:45:00,2.2
04-11-2026 18:00:00,0.952
04-11-2026 18:15:00,0.386
04-11-2026 18:30:00,-0.081
04-11-2026 18:45:00,-0.242
04-11-2026 19:00:00,-0.113
04-11-2026 19:15:00,-0.1
04-11-2026 19:30:00,-0.1
04-11-2026 19:45:00,-0.1
04-11-2026 20:00:00,-0.1
04-11-2026 20:15:00,-0.1
04-11-2026 20:30:00,-0.1
04-11-2026 20:45:00,-0.1
04-11-2026 21:00:00,-0.1
04-11-2026 21:15:00,-0.1
04-11-2026 21:30:00,-0.1
04-11-2026 21:45:00,-0.1
04-11-2026 22:00:00,-0.1
04-11-2026 22:15:00,-0.1
04-11-2026 22:30:00,-0.1
04-11-2026 22:45:00,-0.1
04-11-2026 23:00:00,-0.1
04-11-2026 23:15:00,-0.1
04-11-2026 23:30:00,-0.1
04-11-2026 23:45:00,-0.1
04-12-2026 00:00:00,-0.1
04-12-2026 00:15:00,-0.1
04-12-2026 00:30:00,-0.1
04-12-2026 00:45:00,-0.1
04-12-2026 01:00:00,-0.1
04-12-2026 01:15:00,-0.1
04-12-2026 01:30:00,-0.1
04-12-2026 01:45:00,-0.1
04-12-2026 02:00:00,-0.1
04-12-2026 02:15:00,-0.1
04-12-2026 02:30:00,-0.1
04-12-2026 02:45:00,-0.1
04-12-2026 03:00:00,-0.1
04-12-2026 03:15:00,-0.1
04-12-2026 03:30:00,-0.1
04-12-2026 03:45:00,-0.1
04-12-2026 04:00:00,-0.1
04-12-2026 04:15:00,-0.1
04-12-2026 04:30:00,-0.1
04-12-2026 04:45:00,-0.1
04-12-2026 05:00:00,-0.1
04-12-2026 05:15:00,-0.1
04-12-2026 05:30:00,-0.1
04-12-2026 05:45:00,-0.1
04-12-2026 06:00:00,-0.1
04-12-2026 06:15:00,-0.142
04-12-2026 06:30:00,-0.105
04-12-2026 06:45:00,0.301
04-12-2026 07:00:00,0.438
04-12-2026 07:15:00,1.022
04-12-2026 07:30:00,1.292
04-12-2026 07:45:00,1.759
04-12-2026 08:00:00,2.094
04-12-2026 08:15:00,2.367
04-12-2026 08:30:00,3.171
04-12-2026 08:45:00,4.255
04-12-2026 09:00:00,5.634
04-12-2026 09:15:00,5.613
04-12-2026 09:30:00,5.905
04-12-2026 09:45:00,6.064
04-12-2026 10:00:00,7.846
04-12-2026 10:15:00,8.886
04-12-2026 10:30:00,8.724
04-12-2026 10:45:00,9.336
04-12-2026 11:00:00,10.052
04-12-2026 11:15:00,10.037
04-12-2026 11:30:00,10.687
04-12-2026 11:45:00,10.04
04-12-2026 12:00:00,10.174
04-12-2026 12:15:00,12.721
04-12-2026 12:30:00,11.051
04-12-2026 12:45:00,8.994
04-12-2026 13:00:00,5.832
04-12-2026 13:15:00,6.383
04-12-2026 13:30:00,6.037
04-12-2026 13:45:00,4.681
04-12-2026 14:00:00,5.048
04-12-2026 14:15:00,5.358
04-12-2026 14:30:00,6.115
04-12-2026 14:45:00,6.269
04-12-2026 15:00:00,4.769
04-12-2026 15:15:00,4.384
04-12-2026 15:30:00,3.22
04-12-2026 15:45:00,1.98
04-12-2026 16:00:00,1.924
04-12-2026 16:15:00,1.672
04-12-2026 16:30:00,0.739
04-12-2026 16:45:00,0.132
04-12-2026 17:00:00,-0.112
04-12-2026 17:15:00,0.382
04-12-2026 17:30:00,0.384
04-12-2026 17:45:00,0.007
04-12-2026 18:00:00,-0.099
04-12-2026 18:15:00,-0.139
04-12-2026 18:30:00,-0.194
04-12-2026 18:45:00,-0.1
04-12-2026 19:00:00,-0.1
04-12-2026 19:15:00,-0.1
04-12-2026 19:30:00,-0.1
04-12-2026 19:45:00,-0.1
04-12-2026 20:00:00,-0.1
04-12-2026 20:15:00,-0.1
04-12-2026 20:30:00,-0.1
04-12-2026 20:45:00,-0.1
04-12-2026 21:00:00,-0.1
04-12-2026 21:15:00,-0.1
04-12-2026 21:30:00,-0.1
04-12-2026 21:45:00,-0.1
04-12-2026 22:00:00,-0.1
04-12-2026 22:15:00,-0.1
04-12-2026 22:30:00,-0.1
04-12-2026 22:45:00,-0.1
04-12-2026 23:00:00,-0.1
04-12-2026 23:15:00,-0.1
04-12-2026 23:30:00,-0.1
04-12-2026 23:45:00,-0.1
04-13-2026 00:00:00,-0.1
04-13-2026 00:15:00,-0.1
04-13-2026 00:30:00,-0.1
04-13-2026 00:45:00,-0.1
04-13-2026 01:00:00,-0.1
04-13-2026 01:15:00,-0.1
04-13-2026 01:30:00,-0.1
04-13-2026 01:45:00,-0.1
04-13-2026 02:00:00,-0.1
04-13-2026 02:15:00,-0.1
04-13-2026 02:30:00,-0.1
04-13-2026 02:45:00,-0.1
04-13-2026 03:00:00,-0.1
04-13-2026 03:15:00,-0.1
04-13-2026 03:30:00,-0.1
04-13-2026 03:45:00,-0.1
04-13-2026 04:00:00,-0.1
04-13-2026 04:15:00,-0.1
04-13-2026 04:30:00,-0.1
04-13-2026 04:45:00,-0.1
04-13-2026 05:00:00,-0.1
04-13-2026 05:15:00,-0.1
04-13-2026 05:30:00,-0.1
04-13-2026 05:45:00,-0.1
04-13-2026 06:00:00,-0.1
04-13-2026 06:15:00,-0.082
04-13-2026 06:30:00,-0.021
04-13-2026 06:45:00,0.27
04-13-2026 07:00:00,0.434
04-13-2026 07:15:00,0.516
04-13-2026 07:30:00,2.009
04-13-2026 07:45:00,2.972
04-13-2026 08:00:00,3.688
04-13-2026 08:15:00,4.403
04-13-2026 08:30:00,5.359
04-13-2026 08:45:00,5.571
04-13-2026 09:00:00,5.147
04-13-2026 09:15:00,5.75
04-13-2026 09:30:00,5.839
04-13-2026 09:45:00,5.764
04-13-2026 10:00:00,4.824
04-13-2026 10:15:00,4.977
04-13-2026 10:30:00,5.193
04-13-2026 10:45:00,5.828
04-13-2026 11:00:00,5.878
04-13-2026 11:15:00,6.324
04-13-2026 11:30:00,4.995
04-13-2026 11:45:00,4.722
04-13-2026 12:00:00,3.61
04-13-2026 12:15:00,4.083
04-13-2026 12:30:00,5.12
04-13-2026 12:45:00,7.016
04-13-2026 13:00:00,9.538
04-13-2026 13:15:00,11.682
04-13-2026 13:30:00,9.059
04-13-2026 13:45:00,6.444
04-13-2026 14:00:00,6.383
04-13-2026 14:15:00,10.682
04-13-2026 14:30:00,6.009
04-13-2026 14:45:00,9.004
04-13-2026 15:00:00,9.018
04-13-2026 15:15:00,8.403
04-13-2026 15:30:00,6.339
04-13-2026 15:45:00,5.555
04-13-2026 16:00:00,6.552
04-13-2026 16:15:00,5.759
04-13-2026 16:30:00,5.898
04-13-2026 16:45:00,5.536
04-13-2026 17:00:00,3.959
04-13-2026 17:15:00,2.4
04-13-2026 17:30:00,1.759
04-13-2026 17:45:00,1.502
04-13-2026 18:00:00,0.723
04-13-2026 18:15:00,0.137
04-13-2026 18:30:00,-0.145
04-13-2026 18:45:00,-0.245
04-13-2026 19:00:00,-0.1
04-13-2026 19:15:00,-0.1
04-13-2026 19:30:00,-0.1
04-13-2026 19:45:00,-0.1
04-13-2026 20:00:00,-0.1
04-13-2026 20:15:00,-0.1
04-13-2026 20:30:00,-0.1
04-13-2026 20:45:00,-0.1
04-13-2026 21:00:00,-0.1
04-13-2026 21:15:00,-0.1
04-13-2026 21:30:00,-0.1
04-13-2026 21:45:00,-0.1
04-13-2026 22:00:00,-0.1
04-13-2026 22:15:00,-0.1
04-13-2026 22:30:00,-0.1
04-13-2026 22:45:00,-0.1
04-13-2026 23:00:00,-0.1
04-13-2026 23:15:00,-0.1
04-13-2026 23:30:00,-0.1
04-13-2026 23:45:00,-0.1
04-14-2026 00:00:00,-0.1
04-14-2026 00:15:00,-0.1
04-14-2026 00:30:00,-0.1
04-14-2026 00:45:00,-0.1
04-14-2026 01:00:00,-0.1
04-14-2026 01:15:00,-0.1
04-14-2026 01:30:00,-0.1
04-14-2026 01:45:00,-0.1
04-14-2026 02:00:00,-0.1
04-14-2026 02:15:00,-0.1
04-14-2026 02:30:00,-0.1
04-14-2026 02:45:00,-0.1
04-14-2026 03:00:00,-0.1
04-14-2026 03:15:00,-0.1
04-14-2026 03:30:00,-0.1
04-14-2026 03:45:00,-0.1
04-14-2026 04:00:00,-0.1
04-14-2026 04:15:00,-0.1
04-14-2026 04:30:00,-0.1
04-14-2026 04:45:00,-0.1
04-14-2026 05:00:00,-0.1
04-14-2026 05:15:00,-0.1
04-14-2026 05:30:00,-0.1
04-14-2026 05:45:00,-0.1
04-14-2026 06:00:00,-0.1
04-14-2026 06:15:00,-0.151
04-14-2026 06:30:00,0.012
04-14-2026 06:45:00,0.882
04-14-2026 07:00:00,1.27
04-14-2026 07:15:00,2.037
04-14-2026 07:30:00,3.553
04-14-2026 07:45:00,4.46
04-14-2026 08:00:00,4.613
04-14-2026 08:15:00,5.653
04-14-2026 08:30:00,6.427
04-14-2026 08:45:00,7.352
04-14-2026 09:00:00,7.715
04-14-2026 09:15:00,6.54
04-14-2026 09:30:00,5.78
04-14-2026 09:45:00,7.87
04-14-2026 10:00:00,11.231
04-14-2026 10:15:00,7.259
04-14-2026 10:30:00,6.405
04-14-2026 10:45:00,7.869
04-14-2026 11:00:00,8.727
04-14-2026 11:15:00,7.414
04-14-2026 11:30:00,6.594
04-14-2026 11:45:00,7.416
04-14-2026 12:00:00,6.103
04-14-2026 12:15:00,9.994
04-14-2026 12:30:00,7.667
04-14-2026 12:45:00,10.434
04-14-2026 13:00:00,7.239
04-14-2026 13:15:00,4.555
04-14-2026 13:30:00,3.931
04-14-2026 13:45:00,2.883
04-14-2026 14:00:00,3.623
04-14-2026 14:15:00,4.733
04-14-2026 14:30:00,5.321
04-14-2026 14:45:00,4.766
04-14-2026 15:00:00,2.368
04-14-2026 15:15:00,1.976
04-14-2026 15:30:00,2.012
04-14-2026 15:45:00,2.79
04-14-2026 16:00:00,1.781
04-14-2026 16:15:00,0.734
04-14-2026 16:30:00,0.561
04-14-2026 16:45:00,1.168
04-14-2026 17:00:00,1.984
04-14-2026 17:15:00,1.883
04-14-2026 17:30:00,1.37
04-14-2026 17:45:00,1.019
04-14-2026 18:00:00,0.624
04-14-2026 18:15:00,0.113
04-14-2026 18:30:00,-0.115
04-14-2026 18:45:00,-0.174
04-14-2026 19:00:00,-0.1
04-14-2026 19:15:00,-0.1
04-14-2026 19:30:00,-0.1
04-14-2026 19:45:00,-0.1
04-14-2026 20:00:00,-0.1
04-14-2026 20:15:00,-0.1
04-14-2026 20:30:00,-0.1
04-14-2026 20:45:00,-0.1
04-14-2026 21:00:00,-0.1
04-14-2026 21:15:00,-0.1
04-14-2026 21:30:00,-0.1
04-14-2026 21:45:00,-0.1
04-14-2026 22:00:00,-0.1
04-14-2026 22:15:00,-0.1
04-14-2026 22:30:00,-0.1
04-14-2026 22:45:00,-0.1
04-14-2026 23:00:00,-0.1
04-14-2026 23:15:00,-0.1
04-14-2026 23:30:00,-0.1
04-14-2026 23:45:00,-0.1
04-15-2026 00:00:00,-0.1
04-15-2026 00:15:00,-0.1
04-15-2026 00:30:00,-0.1
04-15-2026 00:45:00,-0.1
04-15-2026 01:00:00,-0.1
04-15-2026 01:15:00,-0.1
04-15-2026 01:30:00,-0.1
04-15-2026 01:45:00,-0.1
04-15-2026 02:00:00,-0.1
04-15-2026 02:15:00,-0.1
04-15-2026 02:30:00,-0.1
04-15-2026 02:45:00,-0.1
04-15-2026 03:00:00,-0.1
04-15-2026 03:15:00,-0.1
04-15-2026 03:30:00,-0.1
04-15-2026 03:45:00,-0.1
04-15-2026 04:00:00,-0.1
04-15-2026 04:15:00,-0.1
04-15-2026 04:30:00,-0.1
04-15-2026 04:45:00,-0.1
04-15-2026 05:00:00,-0.1
04-15-2026 05:15:00,-0.1
04-15-2026 05:30:00,-0.1
04-15-2026 05:45:00,-0.1
04-15-2026 06:00:00,-0.101
04-15-2026 06:15:00,-0.143
04-15-2026 06:30:00,0.134
04-15-2026 06:45:00,0.953
04-15-2026 07:00:00,2.132
04-15-2026 07:15:00,2.319
04-15-2026 07:30:00,1.896
04-15-2026 07:45:00,2.013
04-15-2026 08:00:00,3.509
04-15-2026 08:15:00,5.217
04-15-2026 08:30:00,4.909
04-15-2026 08:45:00,2.938
04-15-2026 09:00:00,4.592
04-15-2026 09:15:00,5.722
04-15-2026 09:30:00,6.836
04-15-2026 09:45:00,6.032
04-15-2026 10:00:00,6.356
04-15-2026 10:15:00,7.195
04-15-2026 10:30:00,11.262
04-15-2026 10:45:00,9.728
04-15-2026 11:00:00,8.972
04-15-2026 11:15:00,12.196
04-15-2026 11:30:00,12.345
04-15-2026 11:45:00,15.75
04-15-2026 12:00:00,14.569
04-15-2026 12:15:00,9.862
04-15-2026 12:30:00,6.39
04-15-2026 12:45:00,8.078
04-15-2026 13:00:00,9.701
04-15-2026 13:15:00,10.653
04-15-2026 13:30:00,9.582
04-15-2026 13:45:00,9.248
04-15-2026 14:00:00,7.901
04-15-2026 14:15:00,10.768
04-15-2026 14:30:00,10.782
04-15-2026 14:45:00,9.32
04-15-2026 15:00:00,12.476
04-15-2026 15:15:00,13.814
04-15-2026 15:30:00,12.775
04-15-2026 15:45:00,10.808
04-15-2026 16:00:00,8.732
04-15-2026 16:15:00,8.737
04-15-2026 16:30:00,3.677
04-15-2026 16:45:00,3.053
04-15-2026 17:00:00,3.801
04-15-2026 17:15:00,4.985
04-15-2026 17:30:00,1.617
04-15-2026 17:45:00,1.266
04-15-2026 18:00:00,0.505
04-15-2026 18:15:00,0.103
04-15-2026 18:30:00,-0.027
04-15-2026 18:45:00,-0.117
04-15-2026 19:00:00,-0.1
04-15-2026 19:15:00,-0.1
04-15-2026 19:30:00,-0.1
04-15-2026 19:45:00,-0.1
04-15-2026 20:00:00,-0.1
04-15-2026 20:15:00,-0.1
04-15-2026 20:30:00,-0.1
04-15-2026 20:45:00,-0.1
04-15-2026 21:00:00,-0.1
04-15-2026 21:15:00,-0.1
04-15-2026 21:30:00,-0.1
04-15-2026 21:45:00,-0.1
04-15-2026 22:00:00,-0.1
04-15-2026 22:15:00,-0.1
04-15-2026 22:30:00,-0.1
04-15-2026 22:45:00,-0.1
04-15-2026 23:00:00,-0.1
04-15-2026 23:15:00,-0.1
04-15-2026 23:30:00,-0.1
04-15-2026 23:45:00,-0.1
04-16-2026 00:00:00,-0.1
04-16-2026 00:15:00,-0.1
04-16-2026 00:30:00,-0.1
04-16-2026 00:45:00,-0.1
04-16-2026 01:00:00,-0.1
04-16-2026 01:15:00,-0.1
04-16-2026 01:30:00,-0.1
04-16-2026 01:45:00,-0.1
04-16-2026 02:00:00,-0.1
04-16-2026 02:15:00,-0.1
04-16-2026 02:30:00,-0.1
04-16-2026 02:45:00,-0.1
04-16-2026 03:00:00,-0.1
04-16-2026 03:15:00,-0.1
04-16-2026 03:30:00,-0.1
04-16-2026 03:45:00,-0.1
04-16-2026 04:00:00,-0.1
04-16-2026 04:15:00,-0.1
04-16-2026 04:30:00,-0.1
04-16-2026 04:45:00,-0.1
04-16-2026 05:00:00,-0.1
04-16-2026 05:15:00,-0.1
04-16-2026 05:30:00,-0.1
04-16-2026 05:45:00,-0.1
04-16-2026 06:00:00,-0.12
04-16-2026 06:15:00,0.043
04-16-2026 06:30:00,0.321
04-16-2026 06:45:00,0.619
04-16-2026 07:00:00,1.829
04-16-2026 07:15:00,2.069
04-16-2026 07:30:00,2.939
04-16-2026 07:45:00,4.804
04-16-2026 08:00:00,3.795
04-16-2026 08:15:00,3.426
04-16-2026 08:30:00,5.066
04-16-2026 08:45:00,8.132
04-16-2026 09:00:00,8.957
04-16-2026 09:15:00,11.069
04-16-2026 09:30:00,11.64
04-16-2026 09:45:00,12.095
04-16-2026 10:00:00,13.022
04-16-2026 10:15:00,13.047
04-16-2026 10:30:00,14.329
04-16-2026 10:45:00,14.385
04-16-2026 11:00:00,15.167
04-16-2026 11:15:00,15.221
04-16-2026 11:30:00,15.028
04-16-2026 11:45:00,15.141
04-16-2026 12:00:00,15.242
04-16-2026 12:15:00,15.443
04-16-2026 12:30:00,15.42
04-16-2026 12:45:00,14.709
04-16-2026 13:00:00,13.897
04-16-2026 13:15:00,14.692
04-16-2026 13:30:00,14.861
04-16-2026 13:45:00,14.55
04-16-2026 14:00:00,14.473
04-16-2026 14:15:00,14.383
04-16-2026 14:30:00,14.374
04-16-2026 14:45:00,13.186
04-16-2026 15:00:00,13.419
04-16-2026 15:15:00,13.292
04-16-2026 15:30:00,12.233
04-16-2026 15:45:00,11.611
04-16-2026 16:00:00,11.443
04-16-2026 16:15:00,10.127
04-16-2026 16:30:00,7.773
04-16-2026 16:45:00,4.457
04-16-2026 17:00:00,3.344
04-16-2026 17:15:00,4.198
04-16-2026 17:30:00,2.511
04-16-2026 17:45:00,1.37
04-16-2026 18:00:00,0.78
04-16-2026 18:15:00,0.456
04-16-2026 18:30:00,0.009
04-16-2026 18:45:00,-0.195
04-16-2026 19:00:00,-0.131
04-16-2026 19:15:00,-0.1
04-16-2026 19:30:00,-0.1
04-16-2026 19:45:00,-0.1
04-16-2026 20:00:00,-0.1
04-16-2026 20:15:00,-0.1
04-16-2026 20:30:00,-0.1
04-16-2026 20:45:00,-0.1
04-16-2026 21:00:00,-0.1
04-16-2026 21:15:00,-0.1
04-16-2026 21:30:00,-0.1
04-16-2026 21:45:00,-0.1
04-16-2026 22:00:00,-0.1
04-16-2026 22:15:00,-0.1
04-16-2026 22:30:00,-0.1
04-16-2026 22:45:00,-0.1
04-16-2026 23:00:00,-0.1
04-16-2026 23:15:00,-0.1
04-16-2026 23:30:00,-0.1
04-16-2026 23:45:00,-0.1
04-17-2026 00:00:00,-0.1
04-17-2026 00:15:00,-0.1
04-17-2026 00:30:00,-0.1
04-17-2026 00:45:00,-0.1
04-17-2026 01:00:00,-0.1
04-17-2026 01:15:00,-0.1
04-17-2026 01:30:00,-0.1
04-17-2026 01:45:00,-0.1
04-17-2026 02:00:00,-0.1
04-17-2026 02:15:00,-0.1
04-17-2026 02:30:00,-0.1
04-17-2026 02:45:00,-0.1
04-17-2026 03:00:00,-0.1
04-17-2026 03:15:00,-0.1
04-17-2026 03:30:00,-0.1
04-17-2026 03:45:00,-0.1
04-17-2026 04:00:00,-0.1
04-17-2026 04:15:00,-0.1
04-17-2026 04:30:00,-0.1
04-17-2026 04:45:00,-0.1
04-17-2026 05:00:00,-0.1
04-17-2026 05:15:00,-0.1
04-17-2026 05:30:00,-0.1
04-17-2026 05:45:00,-0.1
04-17-2026 06:00:00,-0.141
04-17-2026 06:15:00,-0.117
04-17-2026 06:30:00,0.05
04-17-2026 06:45:00,0.294
04-17-2026 07:00:00,0.517
04-17-2026 07:15:00,0.772
04-17-2026 07:30:00,1.72
04-17-2026 07:45:00,3.133
04-17-2026 08:00:00,5.951
04-17-2026 08:15:00,7.07
04-17-2026 08:30:00,7.578
04-17-2026 08:45:00,8.892
04-17-2026 09:00:00,10.017
04-17-2026 09:15:00,10.926
04-17-2026 09:30:00,11.489
04-17-2026 09:45:00,12.28
04-17-2026 10:00:00,12.905
04-17-2026 10:15:00,13.305
04-17-2026 10:30:00,13.672
04-17-2026 10:45:00,14.583
04-17-2026 11:00:00,13.258
04-17-2026 11:15:00,13.931
04-17-2026 11:30:00,13.106
04-17-2026 11:45:00,14.676
04-17-2026 12:00:00,13.989
04-17-2026 12:15:00,14.624
04-17-2026 12:30:00,14.933
04-17-2026 12:45:00,13.588
04-17-2026 13:00:00,13.584
04-17-2026 13:15:00,13.555
04-17-2026 13:30:00,14.131
04-17-2026 13:45:00,12.377
04-17-2026 14:00:00,13.428
04-17-2026 14:15:00,12.18
04-17-2026 14:30:00,13.96
04-17-2026 14:45:00,12.58
04-17-2026 15:00:00,12.099
04-17-2026 15:15:00,11.46
04-17-2026 15:30:00,11.741
04-17-2026 15:45:00,6.575
04-17-2026 16:00:00,5.521
04-17-2026 16:15:00,6.15
04-17-2026 16:30:00,5.857
04-17-2026 16:45:00,6.106
04-17-2026 17:00:00,4.796
04-17-2026 17:15:00,4.317
04-17-2026 17:30:00,2.257
04-17-2026 17:45:00,1.051
04-17-2026 18:00:00,0.422
04-17-2026 18:15:00,0.088
04-17-2026 18:30:00,-0.026
04-17-2026 18:45:00,-0.198
04-17-2026 19:00:00,-0.13
04-17-2026 19:15:00,-0.1
04-17-2026 19:30:00,-0.1
04-17-2026 19:45:00,-0.1
04-17-2026 20:00:00,-0.1
04-17-2026 20:15:00,-0.1
04-17-2026 20:30:00,-0.1
04-17-2026 20:45:00,-0.1
04-17-2026 21:00:00,-0.1
04-17-2026 21:15:00,-0.1
04-17-2026 21:30:00,-0.1
04-17-2026 21:45:00,-0.1
04-17-2026 22:00:00,-0.1
04-17-2026 22:15:00,-0.1
04-17-2026 22:30:00,-0.1
04-17-2026 22:45:00,-0.1
04-17-2026 23:00:00,-0.1
04-17-2026 23:15:00,-0.1
04-17-2026 23:30:00,-0.1
04-17-2026 23:45:00,-0.1
04-18-2026 00:00:00,-0.1
04-18-2026 00:15:00,-0.1
04-18-2026 00:30:00,-0.1
04-18-2026 00:45:00,-0.1
04-18-2026 01:00:00,-0.1
04-18-2026 01:15:00,-0.1
04-18-2026 01:30:00,-0.1
04-18-2026 01:45:00,-0.1
04-18-2026 02:00:00,-0.1
04-18-2026 02:15:00,-0.1
04-18-2026 02:30:00,-0.1
04-18-2026 02:45:00,-0.1
04-18-2026 03:00:00,-0.1
04-18-2026 03:15:00,-0.1
04-18-2026 03:30:00,-0.1
04-18-2026 03:45:00,-0.1
04-18-2026 04:00:00,-0.1
04-18-2026 04:15:00,-0.1
04-18-2026 04:30:00,-0.1
04-18-2026 04:45:00,-0.1
04-18-2026 05:00:00,-0.1
04-18-2026 05:15:00,-0.1
04-18-2026 05:30:00,-0.1
04-18-2026 05:45:00,-0.1
04-18-2026 06:00:00,-0.1
04-18-2026 06:15:00,-0.134
04-18-2026 06:30:00,-0.114
04-18-2026 06:45:00,0.081
04-18-2026 07:00:00,0.343
04-18-2026 07:15:00,0.701
04-18-2026 07:30:00,1.223
04-18-2026 07:45:00,2.018
04-18-2026 08:00:00,2.136
04-18-2026 08:15:00,3.147
04-18-2026 08:30:00,3.304
04-18-2026 08:45:00,3.383
04-18-2026 09:00:00,4.242
04-18-2026 09:15:00,4.672
04-18-2026 09:30:00,3.907
04-18-2026 09:45:00,5.059
04-18-2026 10:00:00,5.312
04-18-2026 10:15:00,4.018
04-18-2026 10:30:00,5.876
04-18-2026 10:45:00,7.245
04-18-2026 11:00:00,7.123
04-18-2026 11:15:00,6.806
04-18-2026 11:30:00,6.289
04-18-2026 11:45:00,6.352
04-18-2026 12:00:00,4.802
04-18-2026 12:15:00,6.594
04-18-2026 12:30:00,7.899
04-18-2026 12:45:00,8.264
04-18-2026 13:00:00,8.14
04-18-2026 13:15:00,7.004
04-18-2026 13:30:00,4.952
04-18-2026 13:45:00,5.482
04-18-2026 14:00:00,5.574
04-18-2026 14:15:00,6.054
04-18-2026 14:30:00,6.891
04-18-2026 14:45:00,7.511
04-18-2026 15:00:00,7.864
04-18-2026 15:15:00,6.773
04-18-2026 15:30:00,14.001
04-18-2026 15:45:00,10.504
04-18-2026 16:00:00,8.405
04-18-2026 16:15:00,10.724
04-18-2026 16:30:00,8.957
04-18-2026 16:45:00,5.721
04-18-2026 17:00:00,5.283
04-18-2026 17:15:00,4.4
04-18-2026 17:30:00,2.034
04-18-2026 17:45:00,1.655
04-18-2026 18:00:00,0.676
04-18-2026 18:15:00,0.297
04-18-2026 18:30:00,0.046
04-18-2026 18:45:00,-0.12
04-18-2026 19:00:00,-0.1
04-18-2026 19:15:00,-0.1
04-18-2026 19:30:00,-0.1
04-18-2026 19:45:00,-0.1
04-18-2026 20:00:00,-0.1
04-18-2026 20:15:00,-0.1
04-18-2026 20:30:00,-0.1
04-18-2026 20:45:00,-0.1
04-18-2026 21:00:00,-0.1
04-18-2026 21:15:00,-0.1
04-18-2026 21:30:00,-0.1
04-18-2026 21:45:00,-0.1
04-18-2026 22:00:00,-0.1
04-18-2026 22:15:00,-0.1
04-18-2026 22:30:00,-0.1
04-18-2026 22:45:00,-0.1
04-18-2026 23:00:00,-0.1
04-18-2026 23:15:00,-0.1
04-18-2026 23:30:00,-0.1
04-18-2026 23:45:00,-0.1
04-19-2026 00:00:00,-0.1
04-19-2026 00:15:00,-0.1
04-19-2026 00:30:00,-0.1
04-19-2026 00:45:00,-0.1
04-19-2026 01:00:00,-0.1
04-19-2026 01:15:00,-0.1
04-19-2026 01:30:00,-0.1
04-19-2026 01:45:00,-0.1
04-19-2026 02:00:00,-0.1
04-19-2026 02:15:00,-0.1
04-19-2026 02:30:00,-0.1
04-19-2026 02:45:00,-0.1
04-19-2026 03:00:00,-0.1
04-19-2026 03:15:00,-0.1
04-19-2026 03:30:00,-0.1
04-19-2026 03:45:00,-0.1
04-19-2026 04:00:00,-0.1
04-19-2026 04:15:00,-0.1
04-19-2026 04:30:00,-0.1
04-19-2026 04:45:00,-0.1
04-19-2026 05:00:00,-0.1
04-19-2026 05:15:00,-0.1
04-19-2026 05:30:00,-0.1
04-19-2026 05:45:00,-0.1
04-19-2026 06:00:00,-0.1
04-19-2026 06:15:00,-0.057
04-19-2026 06:30:00,0.309
04-19-2026 06:45:00,0.528
04-19-2026 07:00:00,0.821
04-19-2026 07:15:00,1.314
04-19-2026 07:30:00,2.855
04-19-2026 07:45:00,3.356
04-19-2026 08:00:00,5.159
04-19-2026 08:15:00,5.634
04-19-2026 08:30:00,5.712
04-19-2026 08:45:00,7.398
04-19-2026 09:00:00,9.161
04-19-2026 09:15:00,9.707
04-19-2026 09:30:00,10.301
04-19-2026 09:45:00,10.663
04-19-2026 10:00:00,11.264
04-19-2026 10:15:00,12.084
04-19-2026 10:30:00,12.24
04-19-2026 10:45:00,12.362
04-19-2026 11:00:00,13.413
04-19-2026 11:15:00,14.244
04-19-2026 11:30:00,14.925
04-19-2026 11:45:00,14.509
04-19-2026 12:00:00,14.747
04-19-2026 12:15:00,14.971
04-19-2026 12:30:00,15.552
04-19-2026 12:45:00,15.57
04-19-2026 13:00:00,15.177
04-19-2026 13:15:00,14.546
04-19-2026 13:30:00,14.347
04-19-2026 13:45:00,14.444
04-19-2026 14:00:00,14.328
04-19-2026 14:15:00,13.617
04-19-2026 14:30:00,13.632
04-19-2026 14:45:00,12.467
04-19-2026 15:00:00,13.031
04-19-2026 15:15:00,12.325
04-19-2026 15:30:00,10.866
04-19-2026 15:45:00,10.258
04-19-2026 16:00:00,10.367
04-19-2026 16:15:00,8.993
04-19-2026 16:30:00,7.748
04-19-2026 16:45:00,7.621
04-19-2026 17:00:00,4.177
04-19-2026 17:15:00,3.001
04-19-2026 17:30:00,2.475
04-19-2026 17:45:00,1.894
04-19-2026 18:00:00,1.108
04-19-2026 18:15:00,0.728
04-19-2026 18:30:00,0.235
04-19-2026 18:45:00,-0.07
04-19-2026 19:00:00,-0.1
04-19-2026 19:15:00,-0.1
04-19-2026 19:30:00,-0.1
04-19-2026 19:45:00,-0.1
04-19-2026 20:00:00,-0.1
04-19-2026 20:15:00,-0.1
04-19-2026 20:30:00,-0.1
04-19-2026 20:45:00,-0.1
04-19-2026 21:00:00,-0.1
04-19-2026 21:15:00,-0.1
04-19-2026 21:30:00,-0.1
04-19-2026 21:45:00,-0.1
04-19-2026 22:00:00,-0.1
04-19-2026 22:15:00,-0.1
04-19-2026 22:30:00,-0.1
04-19-2026 22:45:00,-0.1
04-19-2026 23:00:00,-0.1
04-19-2026 23:15:00,-0.1
04-19-2026 23:30:00,-0.1
04-19-2026 23:45:00,-0.1
04-20-2026 00:00:00,-0.1
04-20-2026 00:15:00,-0.1
04-20-2026 00:30:00,-0.1
04-20-2026 00:45:00,-0.1
04-20-2026 01:00:00,-0.1
04-20-2026 01:15:00,-0.1
04-20-2026 01:30:00,-0.1
04-20-2026 01:45:00,-0.1
04-20-2026 02:00:00,-0.1
04-20-2026 02:15:00,-0.1
04-20-2026 02:30:00,-0.1
04-20-2026 02:45:00,-0.1
04-20-2026 03:00:00,-0.1
04-20-2026 03:15:00,-0.1
04-20-2026 03:30:00,-0.1
04-20-2026 03:45:00,-0.1
04-20-2026 04:00:00,-0.1
04-20-2026 04:15:00,-0.1
04-20-2026 04:30:00,-0.1
04-20-2026 04:45:00,-0.1
04-20-2026 05:00:00,-0.1
04-20-2026 05:15:00,-0.1
04-20-2026 05:30:00,-0.1
04-20-2026 05:45:00,-0.1
04-20-2026 06:00:00,-0.12
04-20-2026 06:15:00,-0.096
04-20-2026 06:30:00,0.36
04-20-2026 06:45:00,0.903
04-20-2026 07:00:00,1.643
04-20-2026 07:15:00,2.177
04-20-2026 07:30:00,2.629
04-20-2026 07:45:00,3.077
04-20-2026 08:00:00,3.981
04-20-2026 08:15:00,6.375
04-20-2026 08:30:00,9.559
04-20-2026 08:45:00,4.253
04-20-2026 09:00:00,3.678
04-20-2026 09:15:00,7.886
04-20-2026 09:30:00,8.696
04-20-2026 09:45:00,7.708
04-20-2026 10:00:00,7.084
04-20-2026 10:15:00,6.628
04-20-2026 10:30:00,6.471
04-20-2026 10:45:00,6.869
04-20-2026 11:00:00,11.109
04-20-2026 11:15:00,14.164
04-20-2026 11:30:00,12.758
04-20-2026 11:45:00,6.849
04-20-2026 12:00:00,5.93
04-20-2026 12:15:00,12.419
04-20-2026 12:30:00,15.054
04-20-2026 12:45:00,14.346
04-20-2026 13:00:00,11.161
04-20-2026 13:15:00,11.873
04-20-2026 13:30:00,12.694
04-20-2026 13:45:00,14.113
04-20-2026 14:00:00,13.643
04-20-2026 14:15:00,14.93
04-20-2026 14:30:00,8.329
04-20-2026 14:45:00,9.662
04-20-2026 15:00:00,7.889
04-20-2026 15:15:00,6.658
04-20-2026 15:30:00,12.922
04-20-2026 15:45:00,10.496
04-20-2026 16:00:00,9.016
04-20-2026 16:15:00,7.722
04-20-2026 16:30:00,6.989
04-20-2026 16:45:00,6.858
04-20-2026 17:00:00,6.07
04-20-2026 17:15:00,5.378
04-20-2026 17:30:00,4.536
04-20-2026 17:45:00,2.239
04-20-2026 18:00:00,0.745
04-20-2026 18:15:00,0.317
04-20-2026 18:30:00,-0.025
04-20-2026 18:45:00,-0.202
04-20-2026 19:00:00,-0.152
04-20-2026 19:15:00,-0.1
04-20-2026 19:30:00,-0.1
04-20-2026 19:45:00,-0.1
04-20-2026 20:00:00,-0.1
04-20-2026 20:15:00,-0.1
04-20-2026 20:30:00,-0.1
04-20-2026 20:45:00,-0.1
04-20-2026 21:00:00,-0.1
04-20-2026 21:15:00,-0.1
04-20-2026 21:30:00,-0.1
04-20-2026 21:45:00,-0.1
04-20-2026 22:00:00,-0.1
04-20-2026 22:15:00,-0.1
04-20-2026 22:30:00,-0.1
04-20-2026 22:45:00,-0.1
04-20-2026 23:00:00,-0.1
04-20-2026 23:15:00,-0.1
04-20-2026 23:30:00,-0.1
04-20-2026 23:45:00,-0.1
04-21-2026 00:00:00,-0.1
04-21-2026 00:15:00,-0.1
04-21-2026 00:30:00,-0.1
04-21-2026 00:45:00,-0.1
04-21-2026 01:00:00,-0.1
04-21-2026 01:15:00,-0.1
04-21-2026 01:30:00,-0.1
04-21-2026 01:45:00,-0.1
04-21-2026 02:00:00,-0.1
04-21-2026 02:15:00,-0.1
04-21-2026 02:30:00,-0.1
04-21-2026 02:45:00,-0.1
04-21-2026 03:00:00,-0.1
04-21-2026 03:15:00,-0.1
04-21-2026 03:30:00,-0.1
04-21-2026 03:45:00,-0.1
04-21-2026 04:00:00,-0.1
04-21-2026 04:15:00,-0.1
04-21-2026 04:30:00,-0.1
04-21-2026 04:45:00,-0.1
04-21-2026 05:00:00,-0.1
04-21-2026 05:15:00,-0.1
04-21-2026 05:30:00,-0.1
04-21-2026 05:45:00,-0.1
04-21-2026 06:00:00,-0.142
04-21-2026 06:15:00,-0.106
04-21-2026 06:30:00,0.167
04-21-2026 06:45:00,0.55
04-21-2026 07:00:00,0.748
04-21-2026 07:15:00,1.486
04-21-2026 07:30:00,3.773
04-21-2026 07:45:00,4.727
04-21-2026 08:00:00,5.65
04-21-2026 08:15:00,6.692
04-21-2026 08:30:00,7.163
04-21-2026 08:45:00,6.253
04-21-2026 09:00:00,6.284
04-21-2026 09:15:00,6.444
04-21-2026 09:30:00,12.63
04-21-2026 09:45:00,9.238
04-21-2026 10:00:00,7.898
04-21-2026 10:15:00,11.004
04-21-2026 10:30:00,10.303
04-21-2026 10:45:00,11.505
04-21-2026 11:00:00,9.567
04-21-2026 11:15:00,9.437
04-21-2026 11:30:00,5.579
04-21-2026 11:45:00,6.825
04-21-2026 12:00:00,7.186
04-21-2026 12:15:00,6.778
04-21-2026 12:30:00,7.705
04-21-2026 12:45:00,4.571
04-21-2026 13:00:00,4.731
04-21-2026 13:15:00,2.951
04-21-2026 13:30:00,2.481
04-21-2026 13:45:00,4.176
04-21-2026 14:00:00,4.479
04-21-2026 14:15:00,5.076
04-21-2026 14:30:00,6.427
04-21-2026 14:45:00,5.096
04-21-2026 15:00:00,4.218
04-21-2026 15:15:00,4.17
04-21-2026 15:30:00,6.925
04-21-2026 15:45:00,11.423
04-21-2026 16:00:00,11.965
04-21-2026 16:15:00,4.297
04-21-2026 16:30:00,2.202
04-21-2026 16:45:00,1.96
04-21-2026 17:00:00,1.351
04-21-2026 17:15:00,0.685
04-21-2026 17:30:00,0.934
04-21-2026 17:45:00,1.031
04-21-2026 18:00:00,0.285
04-21-2026 18:15:00,0.4
04-21-2026 18:30:00,0.069
04-21-2026 18:45:00,-0.1
04-21-2026 19:00:00,-0.1
04-21-2026 19:15:00,-0.1
04-21-2026 19:30:00,-0.1
04-21-2026 19:45:00,-0.1
04-21-2026 20:00:00,-0.1
04-21-2026 20:15:00,-0.1
04-21-2026 20:30:00,-0.1
04-21-2026 20:45:00,-0.1
04-21-2026 21:00:00,-0.1
04-21-2026 21:15:00,-0.1
04-21-2026 21:30:00,-0.1
04-21-2026 21:45:00,-0.1
04-21-2026 22:00:00,-0.1
04-21-2026 22:15:00,-0.1
04-21-2026 22:30:00,-0.1
04-21-2026 22:45:00,-0.1
04-21-2026 23:00:00,-0.1
04-21-2026 23:15:00,-0.1
04-21-2026 23:30:00,-0.1
04-21-2026 23:45:00,-0.1
04-22-2026 00:00:00,-0.1
04-22-2026 00:15:00,-0.1
04-22-2026 00:30:00,-0.1
04-22-2026 00:45:00,-0.1
04-22-2026 01:00:00,-0.1
04-22-2026 01:15:00,-0.1
04-22-2026 01:30:00,-0.1
04-22-2026 01:45:00,-0.1
04-22-2026 02:00:00,-0.1
04-22-2026 02:15:00,-0.1
04-22-2026 02:30:00,-0.1
04-22-2026 02:45:00,-0.1
04-22-2026 03:00:00,-0.1
04-22-2026 03:15:00,-0.1
04-22-2026 03:30:00,-0.1
04-22-2026 03:45:00,-0.1
04-22-2026 04:00:00,-0.1
04-22-2026 04:15:00,-0.1
04-22-2026 04:30:00,-0.1
04-22-2026 04:45:00,-0.1
04-22-2026 05:00:00,-0.1
04-22-2026 05:15:00,-0.1
04-22-2026 05:30:00,-0.1
04-22-2026 05:45:00,-0.1
04-22-2026 06:00:00,-0.17
04-22-2026 06:15:00,-0.094
04-22-2026 06:30:00,0.114
04-22-2026 06:45:00,0.292
04-22-2026 07:00:00,0.4
04-22-2026 07:15:00,1.255
04-22-2026 07:30:00,3.691
04-22-2026 07:45:00,4.739
04-22-2026 08:00:00,5.742
04-22-2026 08:15:00,6.773
04-22-2026 08:30:00,7.798
04-22-2026 08:45:00,8.684
04-22-2026 09:00:00,9.709
04-22-2026 09:15:00,10.618
04-22-2026 09:30:00,11.179
04-22-2026 09:45:00,11.389
04-22-2026 10:00:00,9.998
04-22-2026 10:15:00,12.491
04-22-2026 10:30:00,13.957
04-22-2026 10:45:00,12.895
04-22-2026 11:00:00,12.838
04-22-2026 11:15:00,15.504
04-22-2026 11:30:00,15.114
04-22-2026 11:45:00,15.328
04-22-2026 12:00:00,15.384
04-22-2026 12:15:00,15.399
04-22-2026 12:30:00,15.372
04-22-2026 12:45:00,15.199
04-22-2026 13:00:00,15.155
04-22-2026 13:15:00,15.003
04-22-2026 13:30:00,14.841
04-22-2026 13:45:00,14.743
04-22-2026 14:00:00,14.517
04-22-2026 14:15:00,14.203
04-22-2026 14:30:00,13.715
04-22-2026 14:45:00,13.311
04-22-2026 15:00:00,12.856
04-22-2026 15:15:00,12.384
04-22-2026 15:30:00,11.9
04-22-2026 15:45:00,11.276
04-22-2026 16:00:00,10.502
04-22-2026 16:15:00,9.664
04-22-2026 16:30:00,9.012
04-22-2026 16:45:00,6.718
04-22-2026 17:00:00,5.823
04-22-2026 17:15:00,4.721
04-22-2026 17:30:00,3.212
04-22-2026 17:45:00,1.887
04-22-2026 18:00:00,0.66
04-22-2026 18:15:00,0.205
04-22-2026 18:30:00,-0.008
04-22-2026 18:45:00,-0.175
04-22-2026 19:00:00,-0.152
04-22-2026 19:15:00,-0.1
04-22-2026 19:30:00,-0.1
04-22-2026 19:45:00,-0.1
04-22-2026 20:00:00,-0.1
04-22-2026 20:15:00,-0.1
04-22-2026 20:30:00,-0.1
04-22-2026 20:45:00,-0.1
04-22-2026 21:00:00,-0.1
04-22-2026 21:15:00,-0.1
04-22-2026 21:30:00,-0.1
04-22-2026 21:45:00,-0.1
04-22-2026 22:00:00,-0.1
04-22-2026 22:15:00,-0.1
04-22-2026 22:30:00,-0.1
04-22-2026 22:45:00,-0.1
04-22-2026 23:00:00,-0.1
04-22-2026 23:15:00,-0.1
04-22-2026 23:30:00,-0.1
04-22-2026 23:45:00,-0.1
04-23-2026 00:00:00,-0.1
04-23-2026 00:15:00,-0.1
04-23-2026 00:30:00,-0.1
04-23-2026 00:45:00,-0.1
04-23-2026 01:00:00,-0.1
04-23-2026 01:15:00,-0.1
04-23-2026 01:30:00,-0.1
04-23-2026 01:45:00,-0.1
04-23-2026 02:00:00,-0.1
04-23-2026 02:15:00,-0.1
04-23-2026 02:30:00,-0.1
04-23-2026 02:45:00,-0.1
04-23-2026 03:00:00,-0.1
04-23-2026 03:15:00,-0.1
04-23-2026 03:30:00,-0.1
04-23-2026 03:45:00,-0.1
04-23-2026 04:00:00,-0.1
04-23-2026 04:15:00,-0.1
04-23-2026 04:30:00,-0.1
04-23-2026 04:45:00,-0.1
04-23-2026 05:00:00,-0.1
04-23-2026 05:15:00,-0.1
04-23-2026 05:30:00,-0.1
04-23-2026 05:45:00,-0.1
04-23-2026 06:00:00,-0.144
04-23-2026 06:15:00,-0.088
04-23-2026 06:30:00,0.546
04-23-2026 06:45:00,1.04
04-23-2026 07:00:00,0.679
04-23-2026 07:15:00,1.445
04-23-2026 07:30:00,3.823
04-23-2026 07:45:00,4.972
04-23-2026 08:00:00,3.499
04-23-2026 08:15:00,4.796
04-23-2026 08:30:00,6.954
04-23-2026 08:45:00,4.948
04-23-2026 09:00:00,7.682
04-23-2026 09:15:00,7.638
04-23-2026 09:30:00,12.383
04-23-2026 09:45:00,7.173
04-23-2026 10:00:00,4.906
04-23-2026 10:15:00,10.98
04-23-2026 10:30:00,15.482
04-23-2026 10:45:00,11.72
04-23-2026 11:00:00,13.736
04-23-2026 11:15:00,15.596
04-23-2026 11:30:00,15.503
04-23-2026 11:45:00,15.871
04-23-2026 12:00:00,14.177
04-23-2026 12:15:00,15.82
04-23-2026 12:30:00,12.875
04-23-2026 12:45:00,16.587
04-23-2026 13:00:00,14.99
04-23-2026 13:15:00,16.503
04-23-2026 13:30:00,14.934
04-23-2026 13:45:00,15.556
04-23-2026 14:00:00,14.259
04-23-2026 14:15:00,13.912
04-23-2026 14:30:00,12.567
04-23-2026 14:45:00,13.7
04-23-2026 15:00:00,14.004
04-23-2026 15:15:00,13.024
04-23-2026 15:30:00,12.193
04-23-2026 15:45:00,11.532
04-23-2026 16:00:00,10.909
04-23-2026 16:15:00,9.993
04-23-2026 16:30:00,8.916
04-23-2026 16:45:00,7.694
04-23-2026 17:00:00,6.369
04-23-2026 17:15:00,4.93
04-23-2026 17:30:00,3.373
04-23-2026 17:45:00,1.871
04-23-2026 18:00:00,0.65
04-23-2026 18:15:00,0.28
04-23-2026 18:30:00,0.095
04-23-2026 18:45:00,-0.086
04-23-2026 19:00:00,-0.175
04-23-2026 19:15:00,-0.1
04-23-2026 19:30:00,-0.1
04-23-2026 19:45:00,-0.1
04-23-2026 20:00:00,-0.1
04-23-2026 20:15:00,-0.1
04-23-2026 20:30:00,-0.1
04-23-2026 20:45:00,-0.1
04-23-2026 21:00:00,-0.1
04-23-2026 21:15:00,-0.1
04-23-2026 21:30:00,-0.1
04-23-2026 21:45:00,-0.1
04-23-2026 22:00:00,-0.1
04-23-2026 22:15:00,-0.1
04-23-2026 22:30:00,-0.1
04-23-2026 22:45:00,-0.1
04-23-2026 23:00:00,-0.1
04-23-2026 23:15:00,-0.1
04-23-2026 23:30:00,-0.1
04-23-2026 23:45:00,-0.1
04-24-2026 00:00:00,-0.1
04-24-2026 00:15:00,-0.1
04-24-2026 00:30:00,-0.1
04-24-2026 00:45:00,-0.1
04-24-2026 01:00:00,-0.1
04-24-2026 01:15:00,-0.1
04-24-2026 01:30:00,-0.1
04-24-2026 01:45:00,-0.1
04-24-2026 02:00:00,-0.1
04-24-2026 02:15:00,-0.1
04-24-2026 02:30:00,-0.1
04-24-2026 02:45:00,-0.1
04-24-2026 03:00:00,-0.1
04-24-2026 03:15:00,-0.1
04-24-2026 03:30:00,-0.1
04-24-2026 03:45:00,-0.1
04-24-2026 04:00:00,-0.1
04-24-2026 04:15:00,-0.1
04-24-2026 04:30:00,-0.1
04-24-2026 04:45:00,-0.1
04-24-2026 05:00:00,-0.1
04-24-2026 05:15:00,-0.1
04-24-2026 05:30:00,-0.1
04-24-2026 05:45:00,-0.1
04-24-2026 06:00:00,-0.128
04-24-2026 06:15:00,-0.071
04-24-2026 06:30:00,0.275
04-24-2026 06:45:00,0.435
04-24-2026 07:00:00,0.732
04-24-2026 07:15:00,0.945
04-24-2026 07:30:00,1.388
04-24-2026 07:45:00,3.561
04-24-2026 08:00:00,4.095
04-24-2026 08:15:00,5.029
04-24-2026 08:30:00,6.502
04-24-2026 08:45:00,9.531
04-24-2026 09:00:00,10.559
04-24-2026 09:15:00,11.391
04-24-2026 09:30:00,12.056
04-24-2026 09:45:00,11.478
04-24-2026 10:00:00,12.784
04-24-2026 10:15:00,13.527
04-24-2026 10:30:00,14.099
04-24-2026 10:45:00,14.351
04-24-2026 11:00:00,14.712
04-24-2026 11:15:00,14.862
04-24-2026 11:30:00,15.184
04-24-2026 11:45:00,15.375
04-24-2026 12:00:00,15.559
04-24-2026 12:15:00,15.475
04-24-2026 12:30:00,15.402
04-24-2026 12:45:00,15.581
04-24-2026 13:00:00,15.335
04-24-2026 13:15:00,15.266
04-24-2026 13:30:00,15.165
04-24-2026 13:45:00,14.736
04-24-2026 14:00:00,14.367
04-24-2026 14:15:00,14.217
04-24-2026 14:30:00,14.307
04-24-2026 14:45:00,13.687
04-24-2026 15:00:00,13.118
04-24-2026 15:15:00,12.687
04-24-2026 15:30:00,12.154
04-24-2026 15:45:00,11.522
04-24-2026 16:00:00,10.709
04-24-2026 16:15:00,9.8
04-24-2026 16:30:00,8.944
04-24-2026 16:45:00,7.631
04-24-2026 17:00:00,6.33
04-24-2026 17:15:00,4.94
04-24-2026 17:30:00,3.441
04-24-2026 17:45:00,2.029
04-24-2026 18:00:00,0.746
04-24-2026 18:15:00,0.255
04-24-2026 18:30:00,0.022
04-24-2026 18:45:00,-0.141
04-24-2026 19:00:00,-0.17
04-24-2026 19:15:00,-0.1
04-24-2026 19:30:00,-0.1
04-24-2026 19:45:00,-0.1
04-24-2026 20:00:00,-0.1
04-24-2026 20:15:00,-0.1
04-24-2026 20:30:00,-0.1
04-24-2026 20:45:00,-0.1
04-24-2026 21:00:00,-0.1
04-24-2026 21:15:00,-0.1
04-24-2026 21:30:00,-0.1
04-24-2026 21:45:00,-0.1
04-24-2026 22:00:00,-0.1
04-24-2026 22:15:00,-0.1
04-24-2026 22:30:00,-0.1
04-24-2026 22:45:00,-0.1
04-24-2026 23:00:00,-0.1
04-24-2026 23:15:00,-0.1
04-24-2026 23:30:00,-0.1
04-24-2026 23:45:00,-0.1
04-25-2026 00:00:00,-0.1
04-25-2026 00:15:00,-0.1
04-25-2026 00:30:00,-0.1
04-25-2026 00:45:00,-0.1
04-25-2026 01:00:00,-0.1
04-25-2026 01:15:00,-0.1
04-25-2026 01:30:00,-0.1
04-25-2026 01:45:00,-0.1
04-25-2026 02:00:00,-0.1
04-25-2026 02:15:00,-0.1
04-25-2026 02:30:00,-0.1
04-25-2026 02:45:00,-0.1
04-25-2026 03:00:00,-0.1
04-25-2026 03:15:00,-0.1
04-25-2026 03:30:00,-0.1
04-25-2026 03:45:00,-0.1
04-25-2026 04:00:00,-0.1
04-25-2026 04:15:00,-0.1
04-25-2026 04:30:00,-0.1
04-25-2026 04:45:00,-0.1
04-25-2026 05:00:00,-0.1
04-25-2026 05:15:00,-0.1
04-25-2026 05:30:00,-0.1
04-25-2026 05:45:00,-0.1
04-25-2026 06:00:00,-0.134
04-25-2026 06:15:00,-0.056
04-25-2026 06:30:00,0.27
04-25-2026 06:45:00,0.677
04-25-2026 07:00:00,1.594
04-25-2026 07:15:00,1.98
04-25-2026 07:30:00,1.569
04-25-2026 07:45:00,0.649
04-25-2026 08:00:00,1.604
04-25-2026 08:15:00,0.396
04-25-2026 08:30:00,2.744
04-25-2026 08:45:00,8.623
04-25-2026 09:00:00,10.181
04-25-2026 09:15:00,10.766
04-25-2026 09:30:00,11.574
04-25-2026 09:45:00,12.318
04-25-2026 10:00:00,12.933
04-25-2026 10:15:00,13.422
04-25-2026 10:30:00,13.881
04-25-2026 10:45:00,14.39
04-25-2026 11:00:00,14.571
04-25-2026 11:15:00,14.8
04-25-2026 11:30:00,14.951
04-25-2026 11:45:00,15.138
04-25-2026 12:00:00,15.497
04-25-2026 12:15:00,15.453
04-25-2026 12:30:00,15.531
04-25-2026 12:45:00,15.699
04-25-2026 13:00:00,15.713
04-25-2026 13:15:00,15.592
04-25-2026 13:30:00,15.45
04-25-2026 13:45:00,15.154
04-25-2026 14:00:00,14.871
04-25-2026 14:15:00,14.557
04-25-2026 14:30:00,14.149
04-25-2026 14:45:00,13.757
04-25-2026 15:00:00,13.319
04-25-2026 15:15:00,12.809
04-25-2026 15:30:00,12.196
04-25-2026 15:45:00,11.589
04-25-2026 16:00:00,10.816
04-25-2026 16:15:00,9.951
04-25-2026 16:30:00,8.942
04-25-2026 16:45:00,7.676
04-25-2026 17:00:00,6.379
04-25-2026 17:15:00,5.013
04-25-2026 17:30:00,3.542
04-25-2026 17:45:00,2.113
04-25-2026 18:00:00,0.786
04-25-2026 18:15:00,0.346
04-25-2026 18:30:00,0.064
04-25-2026 18:45:00,-0.167
04-25-2026 19:00:00,-0.233
04-25-2026 19:15:00,-0.1
04-25-2026 19:30:00,-0.1
04-25-2026 19:45:00,-0.1
04-25-2026 20:00:00,-0.1
04-25-2026 20:15:00,-0.1
04-25-2026 20:30:00,-0.1
04-25-2026 20:45:00,-0.1
04-25-2026 21:00:00,-0.1
04-25-2026 21:15:00,-0.1
04-25-2026 21:30:00,-0.1
04-25-2026 21:45:00,-0.1
04-25-2026 22:00:00,-0.1
04-25-2026 22:15:00,-0.1
04-25-2026 22:30:00,-0.1
04-25-2026 22:45:00,-0.1
04-25-2026 23:00:00,-0.1
04-25-2026 23:15:00,-0.1
04-25-2026 23:30:00,-0.1
04-25-2026 23:45:00,-0.1
04-26-2026 00:00:00,-0.1
04-26-2026 00:15:00,-0.1
04-26-2026 00:30:00,-0.1
04-26-2026 00:45:00,-0.1
04-26-2026 01:00:00,-0.1
04-26-2026 01:15:00,-0.1
04-26-2026 01:30:00,-0.1
04-26-2026 01:45:00,-0.1
04-26-2026 02:00:00,-0.1
04-26-2026 02:15:00,-0.1
04-26-2026 02:30:00,-0.1
04-26-2026 02:45:00,-0.1
04-26-2026 03:00:00,-0.1
04-26-2026 03:15:00,-0.1
04-26-2026 03:30:00,-0.1
04-26-2026 03:45:00,-0.1
04-26-2026 04:00:00,-0.1
04-26-2026 04:15:00,-0.1
04-26-2026 04:30:00,-0.1
04-26-2026 04:45:00,-0.1
04-26-2026 05:00:00,-0.1
04-26-2026 05:15:00,-0.1
04-26-2026 05:30:00,-0.1
04-26-2026 05:45:00,-0.1
04-26-2026 06:00:00,-0.122
04-26-2026 06:15:00,-0.028
04-26-2026 06:30:00,0.3
04-26-2026 06:45:00,0.679
04-26-2026 07:00:00,0.672
04-26-2026 07:15:00,2.129
04-26-2026 07:30:00,2.705
04-26-2026 07:45:00,4.181
04-26-2026 08:00:00,4.863
04-26-2026 08:15:00,3.708
04-26-2026 08:30:00,8.219
04-26-2026 08:45:00,8.183
04-26-2026 09:00:00,10.067
04-26-2026 09:15:00,11
04-26-2026 09:30:00,11.505
04-26-2026 09:45:00,11.499
04-26-2026 10:00:00,12.777
04-26-2026 10:15:00,11.835
04-26-2026 10:30:00,13.774
04-26-2026 10:45:00,14.187
04-26-2026 11:00:00,13.247
04-26-2026 11:15:00,15.626
04-26-2026 11:30:00,14.022
04-26-2026 11:45:00,13.635
04-26-2026 12:00:00,14.038
04-26-2026 12:15:00,14.902
04-26-2026 12:30:00,14.536
04-26-2026 12:45:00,15.29
04-26-2026 13:00:00,15.425
04-26-2026 13:15:00,15.405
04-26-2026 13:30:00,15.165
04-26-2026 13:45:00,14.984
04-26-2026 14:00:00,14.598
04-26-2026 14:15:00,14.44
04-26-2026 14:30:00,14.115
04-26-2026 14:45:00,13.908
04-26-2026 15:00:00,13.419
04-26-2026 15:15:00,13.156
04-26-2026 15:30:00,12.198
04-26-2026 15:45:00,11.545
04-26-2026 16:00:00,10.796
04-26-2026 16:15:00,10.505
04-26-2026 16:30:00,3.68
04-26-2026 16:45:00,2.563
04-26-2026 17:00:00,3.403
04-26-2026 17:15:00,4.853
04-26-2026 17:30:00,3.404
04-26-2026 17:45:00,2.453
04-26-2026 18:00:00,1.234
04-26-2026 18:15:00,0.41
04-26-2026 18:30:00,0.067
04-26-2026 18:45:00,-0.143
04-26-2026 19:00:00,-0.202
04-26-2026 19:15:00,-0.1
04-26-2026 19:30:00,-0.1
04-26-2026 19:45:00,-0.1
04-26-2026 20:00:00,-0.1
04-26-2026 20:15:00,-0.1
04-26-2026 20:30:00,-0.1
04-26-2026 20:45:00,-0.1
04-26-2026 21:00:00,-0.1
04-26-2026 21:15:00,-0.1
04-26-2026 21:30:00,-0.1
04-26-2026 21:45:00,-0.1
04-26-2026 22:00:00,-0.1
04-26-2026 22:15:00,-0.1
04-26-2026 22:30:00,-0.1
04-26-2026 22:45:00,-0.1
04-26-2026 23:00:00,-0.1
04-26-2026 23:15:00,-0.1
04-26-2026 23:30:00,-0.1
04-26-2026 23:45:00,-0.1
04-27-2026 00:00:00,-0.1
04-27-2026 00:15:00,-0.1
04-27-2026 00:30:00,-0.1
04-27-2026 00:45:00,-0.1
04-27-2026 01:00:00,-0.1
04-27-2026 01:15:00,-0.1
04-27-2026 01:30:00,-0.1
04-27-2026 01:45:00,-0.1
04-27-2026 02:00:00,-0.1
04-27-2026 02:15:00,-0.1
04-27-2026 02:30:00,-0.1
04-27-2026 02:45:00,-0.1
04-27-2026 03:00:00,-0.1
04-27-2026 03:15:00,-0.1
04-27-2026 03:30:00,-0.1
04-27-2026 03:45:00,-0.1
04-27-2026 04:00:00,-0.1
04-27-2026 04:15:00,-0.1
04-27-2026 04:30:00,-0.1
04-27-2026 04:45:00,-0.1
04-27-2026 05:00:00,-0.1
04-27-2026 05:15:00,-0.1
04-27-2026 05:30:00,-0.1
04-27-2026 05:45:00,-0.1
04-27-2026 06:00:00,-0.152
04-27-2026 06:15:00,-0.026
04-27-2026 06:30:00,0.272
04-27-2026 06:45:00,0.56
04-27-2026 07:00:00,0.839
04-27-2026 07:15:00,1.872
04-27-2026 07:30:00,3.9
04-27-2026 07:45:00,4.992
04-27-2026 08:00:00,5.906
04-27-2026 08:15:00,6.867
04-27-2026 08:30:00,8.056
04-27-2026 08:45:00,9.073
04-27-2026 09:00:00,9.843
04-27-2026 09:15:00,10.682
04-27-2026 09:30:00,11.508
04-27-2026 09:45:00,12.183
04-27-2026 10:00:00,12.668
04-27-2026 10:15:00,13.235
04-27-2026 10:30:00,13.198
04-27-2026 10:45:00,14.102
04-27-2026 11:00:00,14.331
04-27-2026 11:15:00,14.668
04-27-2026 11:30:00,14.862
04-27-2026 11:45:00,13.118
04-27-2026 12:00:00,14.427
04-27-2026 12:15:00,13.846
04-27-2026 12:30:00,15.171
04-27-2026 12:45:00,15.564
04-27-2026 13:00:00,15.359
04-27-2026 13:15:00,15.572
04-27-2026 13:30:00,15.461
04-27-2026 13:45:00,15.096
04-27-2026 14:00:00,14.55
04-27-2026 14:15:00,14.491
04-27-2026 14:30:00,13.842
04-27-2026 14:45:00,12.199
04-27-2026 15:00:00,13.468
04-27-2026 15:15:00,12.633
04-27-2026 15:30:00,13.12
04-27-2026 15:45:00,11.915
04-27-2026 16:00:00,11.182
04-27-2026 16:15:00,8.729
04-27-2026 16:30:00,9.59
04-27-2026 16:45:00,8.03
04-27-2026 17:00:00,6.679
04-27-2026 17:15:00,6.565
04-27-2026 17:30:00,5.248
04-27-2026 17:45:00,4.202
04-27-2026 18:00:00,2.192
04-27-2026 18:15:00,0.781
04-27-2026 18:30:00,0.116
04-27-2026 18:45:00,-0.133
04-27-2026 19:00:00,-0.185
04-27-2026 19:15:00,-0.1
04-27-2026 19:30:00,-0.1
04-27-2026 19:45:00,-0.1
04-27-2026 20:00:00,-0.1
04-27-2026 20:15:00,-0.1
04-27-2026 20:30:00,-0.1
04-27-2026 20:45:00,-0.1
04-27-2026 21:00:00,-0.1
04-27-2026 21:15:00,-0.1
04-27-2026 21:30:00,-0.1
04-27-2026 21:45:00,-0.1
04-27-2026 22:00:00,-0.1
04-27-2026 22:15:00,-0.1
04-27-2026 22:30:00,-0.1
04-27-2026 22:45:00,-0.1
04-27-2026 23:00:00,-0.1
04-27-2026 23:15:00,-0.1
04-27-2026 23:30:00,-0.1
04-27-2026 23:45:00,-0.1
04-28-2026 00:00:00,-0.1
04-28-2026 00:15:00,-0.1
04-28-2026 00:30:00,-0.1
04-28-2026 00:45:00,-0.1
04-28-2026 01:00:00,-0.1
04-28-2026 01:15:00,-0.1
04-28-2026 01:30:00,-0.1
04-28-2026 01:45:00,-0.1
04-28-2026 02:00:00,-0.1
04-28-2026 02:15:00,-0.1
04-28-2026 02:30:00,-0.1
04-28-2026 02:45:00,-0.1
04-28-2026 03:00:00,-0.1
04-28-2026 03:15:00,-0.1
04-28-2026 03:30:00,-0.1
04-28-2026 03:45:00,-0.1
04-28-2026 04:00:00,-0.1
04-28-2026 04:15:00,-0.1
04-28-2026 04:30:00,-0.1
04-28-2026 04:45:00,-0.1
04-28-2026 05:00:00,-0.1
04-28-2026 05:15:00,-0.1
04-28-2026 05:30:00,-0.1
04-28-2026 05:45:00,-0.1
04-28-2026 06:00:00,-0.13
04-28-2026 06:15:00,-0.036
04-28-2026 06:30:00,0.495
04-28-2026 06:45:00,0.765
04-28-2026 07:00:00,1.387
04-28-2026 07:15:00,2.879
04-28-2026 07:30:00,3.843
04-28-2026 07:45:00,6.149
04-28-2026 08:00:00,6.103
04-28-2026 08:15:00,7.3
04-28-2026 08:30:00,8.572
04-28-2026 08:45:00,6.98
04-28-2026 09:00:00,6.427
04-28-2026 09:15:00,8.682
04-28-2026 09:30:00,7.578
04-28-2026 09:45:00,9.612
04-28-2026 10:00:00,11.016
04-28-2026 10:15:00,10.391
04-28-2026 10:30:00,14.783
04-28-2026 10:45:00,11.707
04-28-2026 11:00:00,14.246
04-28-2026 11:15:00,15.341
04-28-2026 11:30:00,8.658
04-28-2026 11:45:00,8.769
04-28-2026 12:00:00,8.057
04-28-2026 12:15:00,8.312
04-28-2026 12:30:00,9.006
04-28-2026 12:45:00,9.27
04-28-2026 13:00:00,14.262
04-28-2026 13:15:00,15.351
04-28-2026 13:30:00,15.052
04-28-2026 13:45:00,15.027
04-28-2026 14:00:00,14.929
04-28-2026 14:15:00,14.567
04-28-2026 14:30:00,13.931
04-28-2026 14:45:00,13.629
04-28-2026 15:00:00,13.3
04-28-2026 15:15:00,12.816
04-28-2026 15:30:00,12.204
04-28-2026 15:45:00,11.514
04-28-2026 16:00:00,10.773
04-28-2026 16:15:00,10.019
04-28-2026 16:30:00,9.075
04-28-2026 16:45:00,7.756
04-28-2026 17:00:00,6.469
04-28-2026 17:15:00,5.025
04-28-2026 17:30:00,3.705
04-28-2026 17:45:00,2.432
04-28-2026 18:00:00,1.413
04-28-2026 18:15:00,1.422
04-28-2026 18:30:00,0.724
04-28-2026 18:45:00,-0.07
04-28-2026 19:00:00,-0.1
04-28-2026 19:15:00,-0.1
04-28-2026 19:30:00,-0.1
04-28-2026 19:45:00,-0.1
04-28-2026 20:00:00,-0.1
04-28-2026 20:15:00,-0.1
04-28-2026 20:30:00,-0.1
04-28-2026 20:45:00,-0.1
04-28-2026 21:00:00,-0.1
04-28-2026 21:15:00,-0.1
04-28-2026 21:30:00,-0.1
04-28-2026 21:45:00,-0.1
04-28-2026 22:00:00,-0.1
04-28-2026 22:15:00,-0.1
04-28-2026 22:30:00,-0.1
04-28-2026 22:45:00,-0.1
04-28-2026 23:00:00,-0.1
04-28-2026 23:15:00,-0.1
04-28-2026 23:30:00,-0.1
04-28-2026 23:45:00,-0.1
04-29-2026 00:00:00,-0.1
04-29-2026 00:15:00,-0.1
04-29-2026 00:30:00,-0.1
04-29-2026 00:45:00,-0.1
04-29-2026 01:00:00,-0.1
04-29-2026 01:15:00,-0.1
04-29-2026 01:30:00,-0.1
04-29-2026 01:45:00,-0.1
04-29-2026 02:00:00,-0.1
04-29-2026 02:15:00,-0.1
04-29-2026 02:30:00,-0.1
04-29-2026 02:45:00,-0.1
04-29-2026 03:00:00,-0.1
04-29-2026 03:15:00,-0.1
04-29-2026 03:30:00,-0.1
04-29-2026 03:45:00,-0.1
04-29-2026 04:00:00,-0.1
04-29-2026 04:15:00,-0.1
04-29-2026 04:30:00,-0.1
04-29-2026 04:45:00,-0.1
04-29-2026 05:00:00,-0.1
04-29-2026 05:15:00,-0.1
04-29-2026 05:30:00,-0.1
04-29-2026 05:45:00,-0.1
04-29-2026 06:00:00,-0.127
04-29-2026 06:15:00,0.008
04-29-2026 06:30:00,0.383
04-29-2026 06:45:00,1.165
04-29-2026 07:00:00,1.563
04-29-2026 07:15:00,1.49
04-29-2026 07:30:00,2.054
04-29-2026 07:45:00,2.882
04-29-2026 08:00:00,3.107
04-29-2026 08:15:00,3.14
04-29-2026 08:30:00,5.245
04-29-2026 08:45:00,4.918
04-29-2026 09:00:00,8.312
04-29-2026 09:15:00,7.384
04-29-2026 09:30:00,7.183
04-29-2026 09:45:00,7.742
04-29-2026 10:00:00,10.418
04-29-2026 10:15:00,9.948
04-29-2026 10:30:00,14.182
04-29-2026 10:45:00,13.414
04-29-2026 11:00:00,6.337
04-29-2026 11:15:00,11.482
04-29-2026 11:30:00,12.529
04-29-2026 11:45:00,6.407
04-29-2026 12:00:00,6.751
04-29-2026 12:15:00,8.357
04-29-2026 12:30:00,8.345
04-29-2026 12:45:00,8.559
04-29-2026 13:00:00,6.666
04-29-2026 13:15:00,7.608
04-29-2026 13:30:00,5.302
04-29-2026 13:45:00,5.309
04-29-2026 14:00:00,7.578
04-29-2026 14:15:00,9.611
04-29-2026 14:30:00,6.79
04-29-2026 14:45:00,5.257
04-29-2026 15:00:00,4.169
04-29-2026 15:15:00,6.934
04-29-2026 15:30:00,7.654
04-29-2026 15:45:00,5.549
04-29-2026 16:00:00,5.435
04-29-2026 16:15:00,5.945
04-29-2026 16:30:00,4.272
04-29-2026 16:45:00,6.586
04-29-2026 17:00:00,3.092
04-29-2026 17:15:00,2.457
04-29-2026 17:30:00,1.544
04-29-2026 17:45:00,2.904
04-29-2026 18:00:00,1.637
04-29-2026 18:15:00,0.164
04-29-2026 18:30:00,-0.076
04-29-2026 18:45:00,-0.164
04-29-2026 19:00:00,-0.1
04-29-2026 19:15:00,-0.1
04-29-2026 19:30:00,-0.1
04-29-2026 19:45:00,-0.1
04-29-2026 20:00:00,-0.1
04-29-2026 20:15:00,-0.1
04-29-2026 20:30:00,-0.1
04-29-2026 20:45:00,-0.1
04-29-2026 21:00:00,-0.1
04-29-2026 21:15:00,-0.1
04-29-2026 21:30:00,-0.1
04-29-2026 21:45:00,-0.1
04-29-2026 22:00:00,-0.1
04-29-2026 22:15:00,-0.1
04-29-2026 22:30:00,-0.1
04-29-2026 22:45:00,-0.1
04-29-2026 23:00:00,-0.1
04-29-2026 23:15:00,-0.1
04-29-2026 23:30:00,-0.1
04-29-2026 23:45:00,-0.1
04-30-2026 00:00:00,-0.1
04-30-2026 00:15:00,-0.1
04-30-2026 00:30:00,-0.1
04-30-2026 00:45:00,-0.1
04-30-2026 01:00:00,-0.1
04-30-2026 01:15:00,-0.1
04-30-2026 01:30:00,-0.1
04-30-2026 01:45:00,-0.1
04-30-2026 02:00:00,-0.1
04-30-2026 02:15:00,-0.1
04-30-2026 02:30:00,-0.1
04-30-2026 02:45:00,-0.1
04-30-2026 03:00:00,-0.1
04-30-2026 03:15:00,-0.1
04-30-2026 03:30:00,-0.1
04-30-2026 03:45:00,-0.1
04-30-2026 04:00:00,-0.1
04-30-2026 04:15:00,-0.1
04-30-2026 04:30:00,-0.1
04-30-2026 04:45:00,-0.1
04-30-2026 05:00:00,-0.1
04-30-2026 05:15:00,-0.1
04-30-2026 05:30:00,-0.1
04-30-2026 05:45:00,-0.1
04-30-2026 06:00:00,-0.127
04-30-2026 06:15:00,-0.048
04-30-2026 06:30:00,0.131
04-30-2026 06:45:00,0.324
04-30-2026 07:00:00,1.091
04-30-2026 07:15:00,0.871
04-30-2026 07:30:00,1.515
04-30-2026 07:45:00,5.247
04-30-2026 08:00:00,3.488
04-30-2026 08:15:00,4.859
04-30-2026 08:30:00,3.41
04-30-2026 08:45:00,3.091
04-30-2026 09:00:00,9.483
04-30-2026 09:15:00,4.724
04-30-2026 09:30:00,6.31
04-30-2026 09:45:00,6.845
04-30-2026 10:00:00,10.796
04-30-2026 10:15:00,11.577
04-30-2026 10:30:00,14.379
04-30-2026 10:45:00,9.828
04-30-2026 11:00:00,13.724
04-30-2026 11:15:00,12.806
04-30-2026 11:30:00,13.241
04-30-2026 11:45:00,13.654
04-30-2026 12:00:00,8.542
04-30-2026 12:15:00,14.123
04-30-2026 12:30:00,12.462
04-30-2026 12:45:00,8.669
04-30-2026 13:00:00,9.176
04-30-2026 13:15:00,10.614
04-30-2026 13:30:00,12.657
04-30-2026 13:45:00,8.798
04-30-2026 14:00:00,8.043
04-30-2026 14:15:00,6.045
04-30-2026 14:30:00,7.673
04-30-2026 14:45:00,6.371
04-30-2026 15:00:00,9.368
04-30-2026 15:15:00,9.948
04-30-2026 15:30:00,10.103
04-30-2026 15:45:00,10.568
04-30-2026 16:00:00,6.242
04-30-2026 16:15:00,6.968
04-30-2026 16:30:00,5.657
04-30-2026 16:45:00,5.577
04-30-2026 17:00:00,3.623
04-30-2026 17:15:00,1.882
04-30-2026 17:30:00,3.393
04-30-2026 17:45:00,3.12
04-30-2026 18:00:00,1.535
04-30-2026 18:15:00,0.753
04-30-2026 18:30:00,0.207
04-30-2026 18:45:00,-0.11
04-30-2026 19:00:00,-0.211
04-30-2026 19:15:00,-0.106
04-30-2026 19:30:00,-0.1
04-30-2026 19:45:00,-0.1
04-30-2026 20:00:00,-0.1
04-30-2026 20:15:00,-0.1
04-30-2026 20:30:00,-0.1
04-30-2026 20:45:00,-0.1
04-30-2026 21:00:00,-0.1
04-30-2026 21:15:00,-0.1
04-30-2026 21:30:00,-0.1
04-30-2026 21:45:00,-0.1
04-30-2026 22:00:00,-0.1
04-30-2026 22:15:00,-0.1
04-30-2026 22:30:00,-0.1
04-30-2026 22:45:00,-0.1
04-30-2026 23:00:00,-0.1
04-30-2026 23:15:00,-0.1
04-30-2026 23:30:00,-0.1
04-30-2026 23:45:00,-0.1
05-01-2026 00:00:00,-0.1
05-01-2026 00:15:00,-0.1
05-01-2026 00:30:00,-0.1
05-01-2026 00:45:00,-0.1
05-01-2026 01:00:00,-0.1
05-01-2026 01:15:00,-0.1
05-01-2026 01:30:00,-0.1
05-01-2026 01:45:00,-0.1
05-01-2026 02:00:00,-0.1
05-01-2026 02:15:00,-0.1
05-01-2026 02:30:00,-0.1
05-01-2026 02:45:00,-0.1
05-01-2026 03:00:00,-0.1
05-01-2026 03:15:00,-0.1
05-01-2026 03:30:00,-0.1
05-01-2026 03:45:00,-0.1
05-01-2026 04:00:00,-0.1
05-01-2026 04:15:00,-0.1
05-01-2026 04:30:00,-0.1
05-01-2026 04:45:00,-0.1
05-01-2026 05:00:00,-0.1
05-01-2026 05:15:00,-0.1
05-01-2026 05:30:00,-0.1
05-01-2026 05:45:00,-0.1
05-01-2026 06:00:00,-0.155
05-01-2026 06:15:00,0.003
05-01-2026 06:30:00,0.338
05-01-2026 06:45:00,0.388
05-01-2026 07:00:00,1.4
05-01-2026 07:15:00,1.831
05-01-2026 07:30:00,2.191
05-01-2026 07:45:00,2.128
05-01-2026 08:00:00,2.838
05-01-2026 08:15:00,2.625
05-01-2026 08:30:00,3.352
05-01-2026 08:45:00,5.607
05-01-2026 09:00:00,4.643
05-01-2026 09:15:00,4.33
05-01-2026 09:30:00,5.645
05-01-2026 09:45:00,9.056
05-01-2026 10:00:00,9.988
05-01-2026 10:15:00,12.181
05-01-2026 10:30:00,13.23
05-01-2026 10:45:00,13.331
05-01-2026 11:00:00,14.503
05-01-2026 11:15:00,12.755
05-01-2026 11:30:00,14.788
05-01-2026 11:45:00,13.612
05-01-2026 12:00:00,7.651
05-01-2026 12:15:00,7.492
05-01-2026 12:30:00,11.757
05-01-2026 12:45:00,7.502
05-01-2026 13:00:00,8.033
05-01-2026 13:15:00,13.184
05-01-2026 13:30:00,6.837
05-01-2026 13:45:00,8.817
05-01-2026 14:00:00,9.128
05-01-2026 14:15:00,14.931
05-01-2026 14:30:00,6.942
05-01-2026 14:45:00,7.461
05-01-2026 15:00:00,9.582
05-01-2026 15:15:00,7.742
05-01-2026 15:30:00,8.858
05-01-2026 15:45:00,13.551
05-01-2026 16:00:00,10.687
05-01-2026 16:15:00,5.381
05-01-2026 16:30:00,4.897
05-01-2026 16:45:00,4.781
05-01-2026 17:00:00,5.341
05-01-2026 17:15:00,4.373
05-01-2026 17:30:00,2.891
05-01-2026 17:45:00,1.985
05-01-2026 18:00:00,1.084
05-01-2026 18:15:00,0.602
05-01-2026 18:30:00,0.328
05-01-2026 18:45:00,-0.116
05-01-2026 19:00:00,-0.1
05-01-2026 19:15:00,-0.1
05-01-2026 19:30:00,-0.1
05-01-2026 19:45:00,-0.1
05-01-2026 20:00:00,-0.1
05-01-2026 20:15:00,-0.1
05-01-2026 20:30:00,-0.1
05-01-2026 20:45:00,-0.1
05-01-2026 21:00:00,-0.1
05-01-2026 21:15:00,-0.1
05-01-2026 21:30:00,-0.1
05-01-2026 21:45:00,-0.1
05-01-2026 22:00:00,-0.1
05-01-2026 22:15:00,-0.1
05-01-2026 22:30:00,-0.1
05-01-2026 22:45:00,-0.1
05-01-2026 23:00:00,-0.1
05-01-2026 23:15:00,-0.1
05-01-2026 23:30:00,-0.1
05-01-2026 23:45:00,-0.1
05-02-2026 00:00:00,-0.1
05-02-2026 00:15:00,-0.1
05-02-2026 00:30:00,-0.1
05-02-2026 00:45:00,-0.1
05-02-2026 01:00:00,-0.1
05-02-2026 01:15:00,-0.1
05-02-2026 01:30:00,-0.1
05-02-2026 01:45:00,-0.1
05-02-2026 02:00:00,-0.1
05-02-2026 02:15:00,-0.1
05-02-2026 02:30:00,-0.1
05-02-2026 02:45:00,-0.1
05-02-2026 03:00:00,-0.1
05-02-2026 03:15:00,-0.1
05-02-2026 03:30:00,-0.1
05-02-2026 03:45:00,-0.1
05-02-2026 04:00:00,-0.1
05-02-2026 04:15:00,-0.1
05-02-2026 04:30:00,-0.1
05-02-2026 04:45:00,-0.1
05-02-2026 05:00:00,-0.1
05-02-2026 05:15:00,-0.1
05-02-2026 05:30:00,-0.1
05-02-2026 05:45:00,-0.1
05-02-2026 06:00:00,-0.122
05-02-2026 06:15:00,-0.006
05-02-2026 06:30:00,0.235
05-02-2026 06:45:00,0.847
05-02-2026 07:00:00,0.959
05-02-2026 07:15:00,1.808
05-02-2026 07:30:00,2.926
05-02-2026 07:45:00,4.495
05-02-2026 08:00:00,4.463
05-02-2026 08:15:00,5.98
05-02-2026 08:30:00,8.565
05-02-2026 08:45:00,9.329
05-02-2026 09:00:00,9.739
05-02-2026 09:15:00,11.299
05-02-2026 09:30:00,12.055
05-02-2026 09:45:00,12.709
05-02-2026 10:00:00,13.183
05-02-2026 10:15:00,13.895
05-02-2026 10:30:00,14.255
05-02-2026 10:45:00,14.738
05-02-2026 11:00:00,15.145
05-02-2026 11:15:00,15.198
05-02-2026 11:30:00,15.631
05-02-2026 11:45:00,15.732
05-02-2026 12:00:00,15.784
05-02-2026 12:15:00,15.821
05-02-2026 12:30:00,15.973
05-02-2026 12:45:00,16.1
05-02-2026 13:00:00,14.485
05-02-2026 13:15:00,14.857
05-02-2026 13:30:00,15.799
05-02-2026 13:45:00,15.253
05-02-2026 14:00:00,15.284
05-02-2026 14:15:00,14.608
05-02-2026 14:30:00,14.641
05-02-2026 14:45:00,14.609
05-02-2026 15:00:00,14.146
05-02-2026 15:15:00,13.377
05-02-2026 15:30:00,13.112
05-02-2026 15:45:00,12.307
05-02-2026 16:00:00,12.26
05-02-2026 16:15:00,10.656
05-02-2026 16:30:00,9.321
05-02-2026 16:45:00,8.036
05-02-2026 17:00:00,6.698
05-02-2026 17:15:00,5.302
05-02-2026 17:30:00,4.474
05-02-2026 17:45:00,3.06
05-02-2026 18:00:00,1.153
05-02-2026 18:15:00,0.582
05-02-2026 18:30:00,0.187
05-02-2026 18:45:00,-0.066
05-02-2026 19:00:00,-0.246
05-02-2026 19:15:00,-0.122
05-02-2026 19:30:00,-0.1
05-02-2026 19:45:00,-0.1
05-02-2026 20:00:00,-0.1
05-02-2026 20:15:00,-0.1
05-02-2026 20:30:00,-0.1
05-02-2026 20:45:00,-0.1
05-02-2026 21:00:00,-0.1
05-02-2026 21:15:00,-0.1
05-02-2026 21:30:00,-0.1
05-02-2026 21:45:00,-0.1
05-02-2026 22:00:00,-0.1
05-02-2026 22:15:00,-0.1
05-02-2026 22:30:00,-0.1
05-02-2026 22:45:00,-0.1
05-02-2026 23:00:00,-0.1
05-02-2026 23:15:00,-0.1
05-02-2026 23:30:00,-0.1
05-02-2026 23:45:00,-0.1
05-03-2026 00:00:00,-0.1
05-03-2026 00:15:00,-0.1
05-03-2026 00:30:00,-0.1
05-03-2026 00:45:00,-0.1
05-03-2026 01:00:00,-0.1
05-03-2026 01:15:00,-0.1
05-03-2026 01:30:00,-0.1
05-03-2026 01:45:00,-0.1
05-03-2026 02:00:00,-0.1
05-03-2026 02:15:00,-0.1
05-03-2026 02:30:00,-0.1
05-03-2026 02:45:00,-0.1
05-03-2026 03:00:00,-0.1
05-03-2026 03:15:00,-0.1
05-03-2026 03:30:00,-0.1
05-03-2026 03:45:00,-0.1
05-03-2026 04:00:00,-0.1
05-03-2026 04:15:00,-0.1
05-03-2026 04:30:00,-0.1
05-03-2026 04:45:00,-0.1
05-03-2026 05:00:00,-0.1
05-03-2026 05:15:00,-0.1
05-03-2026 05:30:00,-0.1
05-03-2026 05:45:00,-0.116
05-03-2026 06:00:00,-0.142
05-03-2026 06:15:00,0.015
05-03-2026 06:30:00,0.208
05-03-2026 06:45:00,0.328
05-03-2026 07:00:00,0.371
05-03-2026 07:15:00,1.399
05-03-2026 07:30:00,1.925
05-03-2026 07:45:00,3.162
05-03-2026 08:00:00,5.37
05-03-2026 08:15:00,7.661
05-03-2026 08:30:00,8.27
05-03-2026 08:45:00,9.582
05-03-2026 09:00:00,5.807
05-03-2026 09:15:00,6.769
05-03-2026 09:30:00,6.286
05-03-2026 09:45:00,11.144
05-03-2026 10:00:00,13.454
05-03-2026 10:15:00,13.087
05-03-2026 10:30:00,14.708
05-03-2026 10:45:00,15.075
05-03-2026 11:00:00,14.402
05-03-2026 11:15:00,16.156
05-03-2026 11:30:00,13.516
05-03-2026 11:45:00,15.517
05-03-2026 12:00:00,15.589
05-03-2026 12:15:00,15.174
05-03-2026 12:30:00,15.666
05-03-2026 12:45:00,15.94
05-03-2026 13:00:00,15.985
05-03-2026 13:15:00,13.921
05-03-2026 13:30:00,15.653
05-03-2026 13:45:00,15.262
05-03-2026 14:00:00,14.13
05-03-2026 14:15:00,14.591
05-03-2026 14:30:00,14.34
05-03-2026 14:45:00,14.017
05-03-2026 15:00:00,13.479
05-03-2026 15:15:00,12.916
05-03-2026 15:30:00,12.5
05-03-2026 15:45:00,11.948
05-03-2026 16:00:00,11.771
05-03-2026 16:15:00,10.957
05-03-2026 16:30:00,9.529
05-03-2026 16:45:00,7.89
05-03-2026 17:00:00,6.529
05-03-2026 17:15:00,6.139
05-03-2026 17:30:00,5.133
05-03-2026 17:45:00,2.355
05-03-2026 18:00:00,1.224
05-03-2026 18:15:00,0.482
05-03-2026 18:30:00,0.03
05-03-2026 18:45:00,-0.137
05-03-2026 19:00:00,-0.164
05-03-2026 19:15:00,-0.1
05-03-2026 19:30:00,-0.1
05-03-2026 19:45:00,-0.1
05-03-2026 20:00:00,-0.1
05-03-2026 20:15:00,-0.1
05-03-2026 20:30:00,-0.1
05-03-2026 20:45:00,-0.1
05-03-2026 21:00:00,-0.1
05-03-2026 21:15:00,-0.1
05-03-2026 21:30:00,-0.1
05-03-2026 21:45:00,-0.1
05-03-2026 22:00:00,-0.1
05-03-2026 22:15:00,-0.1
05-03-2026 22:30:00,-0.1
05-03-2026 22:45:00,-0.1
05-03-2026 23:00:00,-0.1
05-03-2026 23:15:00,-0.1
05-03-2026 23:30:00,-0.1
05-03-2026 23:45:00,-0.1
05-04-2026 00:00:00,-0.1
05-04-2026 00:15:00,-0.1
05-04-2026 00:30:00,-0.1
05-04-2026 00:45:00,-0.1
05-04-2026 01:00:00,-0.1
05-04-2026 01:15:00,-0.1
05-04-2026 01:30:00,-0.1
05-04-2026 01:45:00,-0.1
05-04-2026 02:00:00,-0.1
05-04-2026 02:15:00,-0.1
05-04-2026 02:30:00,-0.1
05-04-2026 02:45:00,-0.1
05-04-2026 03:00:00,-0.1
05-04-2026 03:15:00,-0.1
05-04-2026 03:30:00,-0.1
05-04-2026 03:45:00,-0.1
05-04-2026 04:00:00,-0.1
05-04-2026 04:15:00,-0.1
05-04-2026 04:30:00,-0.1
05-04-2026 04:45:00,-0.1
05-04-2026 05:00:00,-0.1
05-04-2026 05:15:00,-0.1
05-04-2026 05:30:00,-0.1
05-04-2026 05:45:00,-0.108
05-04-2026 06:00:00,-0.12
05-04-2026 06:15:00,-0.041
05-04-2026 06:30:00,0.007
05-04-2026 06:45:00,0.271
05-04-2026 07:00:00,0.381
05-04-2026 07:15:00,1.889
05-04-2026 07:30:00,4.087
05-04-2026 07:45:00,5.371
05-04-2026 08:00:00,6.444
05-04-2026 08:15:00,7.473
05-04-2026 08:30:00,8.502
05-04-2026 08:45:00,9.444
05-04-2026 09:00:00,10.248
05-04-2026 09:15:00,11.269
05-04-2026 09:30:00,11.825
05-04-2026 09:45:00,12.47
05-04-2026 10:00:00,12.984
05-04-2026 10:15:00,13.498
05-04-2026 10:30:00,14.067
05-04-2026 10:45:00,14.427
05-04-2026 11:00:00,14.705
05-04-2026 11:15:00,14.886
05-04-2026 11:30:00,15.249
05-04-2026 11:45:00,15.317
05-04-2026 12:00:00,15.459
05-04-2026 12:15:00,15.488
05-04-2026 12:30:00,15.487
05-04-2026 12:45:00,15.442
05-04-2026 13:00:00,15.294
05-04-2026 13:15:00,15.309
05-04-2026 13:30:00,15.273
05-04-2026 13:45:00,15.078
05-04-2026 14:00:00,14.746
05-04-2026 14:15:00,14.378
05-04-2026 14:30:00,14.169
05-04-2026 14:45:00,13.8
05-04-2026 15:00:00,13.334
05-04-2026 15:15:00,12.804
05-04-2026 15:30:00,12.359
05-04-2026 15:45:00,11.684
05-04-2026 16:00:00,10.897
05-04-2026 16:15:00,10.092
05-04-2026 16:30:00,9.074
05-04-2026 16:45:00,7.866
05-04-2026 17:00:00,6.343
05-04-2026 17:15:00,4.997
05-04-2026 17:30:00,3.682
05-04-2026 17:45:00,2.275
05-04-2026 18:00:00,0.738
05-04-2026 18:15:00,0.281
05-04-2026 18:30:00,0.088
05-04-2026 18:45:00,-0.091
05-04-2026 19:00:00,-0.2
05-04-2026 19:15:00,-0.1
05-04-2026 19:30:00,-0.1
05-04-2026 19:45:00,-0.1
05-04-2026 20:00:00,-0.1
05-04-2026 20:15:00,-0.1
05-04-2026 20:30:00,-0.1
05-04-2026 20:45:00,-0.1
05-04-2026 21:00:00,-0.1
05-04-2026 21:15:00,-0.1
05-04-2026 21:30:00,-0.1
05-04-2026 21:45:00,-0.1
05-04-2026 22:00:00,-0.1
05-04-2026 22:15:00,-0.1
05-04-2026 22:30:00,-0.1
05-04-2026 22:45:00,-0.1
05-04-2026 23:00:00,-0.1
05-04-2026 23:15:00,-0.1
05-04-2026 23:30:00,-0.1
05-04-2026 23:45:00,-0.1
05-05-2026 00:00:00,-0.1
05-05-2026 00:15:00,-0.1
05-05-2026 00:30:00,-0.1
05-05-2026 00:45:00,-0.1
05-05-2026 01:00:00,-0.1
05-05-2026 01:15:00,-0.1
05-05-2026 01:30:00,-0.1
05-05-2026 01:45:00,-0.1
05-05-2026 02:00:00,-0.1
05-05-2026 02:15:00,-0.1
05-05-2026 02:30:00,-0.1
05-05-2026 02:45:00,-0.1
05-05-2026 03:00:00,-0.1
05-05-2026 03:15:00,-0.1
05-05-2026 03:30:00,-0.1
05-05-2026 03:45:00,-0.1
05-05-2026 04:00:00,-0.1
05-05-2026 04:15:00,-0.1
05-05-2026 04:30:00,-0.1
05-05-2026 04:45:00,-0.1
05-05-2026 05:00:00,-0.1
05-05-2026 05:15:00,-0.1
05-05-2026 05:30:00,-0.1
05-05-2026 05:45:00,-0.119
05-05-2026 06:00:00,-0.131
05-05-2026 06:15:00,0.198
05-05-2026 06:30:00,0.679
05-05-2026 06:45:00,0.983
05-05-2026 07:00:00,1.765
05-05-2026 07:15:00,2.467
05-05-2026 07:30:00,2.875
05-05-2026 07:45:00,4.196
05-05-2026 08:00:00,4.454
05-05-2026 08:15:00,4.925
05-05-2026 08:30:00,7.746
05-05-2026 08:45:00,2.759
05-05-2026 09:00:00,9.426
05-05-2026 09:15:00,11.041
05-05-2026 09:30:00,9.211
05-05-2026 09:45:00,12.64
05-05-2026 10:00:00,11.414
05-05-2026 10:15:00,13.472
05-05-2026 10:30:00,13.702
05-05-2026 10:45:00,15.749
05-05-2026 11:00:00,13.295
05-05-2026 11:15:00,13.305
05-05-2026 11:30:00,13.992
05-05-2026 11:45:00,14.137
05-05-2026 12:00:00,14.663
05-05-2026 12:15:00,13.338
05-05-2026 12:30:00,12.376
05-05-2026 12:45:00,9.748
05-05-2026 13:00:00,8.172
05-05-2026 13:15:00,5.533
05-05-2026 13:30:00,6.06
05-05-2026 13:45:00,9.949
05-05-2026 14:00:00,6.156
05-05-2026 14:15:00,13.202
05-05-2026 14:30:00,14.906
05-05-2026 14:45:00,13.665
05-05-2026 15:00:00,12.484
05-05-2026 15:15:00,7.997
05-05-2026 15:30:00,10.654
05-05-2026 15:45:00,10.514
05-05-2026 16:00:00,9.396
05-05-2026 16:15:00,8.212
05-05-2026 16:30:00,8.628
05-05-2026 16:45:00,5.774
05-05-2026 17:00:00,3.67
05-05-2026 17:15:00,2.61
05-05-2026 17:30:00,1.727
05-05-2026 17:45:00,1.123
05-05-2026 18:00:00,0.904
05-05-2026 18:15:00,0.185
05-05-2026 18:30:00,-0.1
05-05-2026 18:45:00,-0.124
05-05-2026 19:00:00,-0.209
05-05-2026 19:15:00,-0.101
05-05-2026 19:30:00,-0.1
05-05-2026 19:45:00,-0.1
05-05-2026 20:00:00,-0.1
05-05-2026 20:15:00,-0.1
05-05-2026 20:30:00,-0.1
05-05-2026 20:45:00,-0.1
05-05-2026 21:00:00,-0.1
05-05-2026 21:15:00,-0.1
05-05-2026 21:30:00,-0.1
05-05-2026 21:45:00,-0.1
05-05-2026 22:00:00,-0.1
05-05-2026 22:15:00,-0.1
05-05-2026 22:30:00,-0.1
05-05-2026 22:45:00,-0.1
05-05-2026 23:00:00,-0.1
05-05-2026 23:15:00,-0.1
05-05-2026 23:30:00,-0.1
05-05-2026 23:45:00,-0.1
05-06-2026 00:00:00,-0.1
05-06-2026 00:15:00,-0.1
05-06-2026 00:30:00,-0.1
05-06-2026 00:45:00,-0.1
05-06-2026 01:00:00,-0.1
05-06-2026 01:15:00,-0.1
05-06-2026 01:30:00,-0.1
05-06-2026 01:45:00,-0.1
05-06-2026 02:00:00,-0.1
05-06-2026 02:15:00,-0.1
05-06-2026 02:30:00,-0.1
05-06-2026 02:45:00,-0.1
05-06-2026 03:00:00,-0.1
05-06-2026 03:15:00,-0.1
05-06-2026 03:30:00,-0.1
05-06-2026 03:45:00,-0.1
05-06-2026 04:00:00,-0.1
05-06-2026 04:15:00,-0.1
05-06-2026 04:30:00,-0.1
05-06-2026 04:45:00,-0.1
05-06-2026 05:00:00,-0.1
05-06-2026 05:15:00,-0.1
05-06-2026 05:30:00,-0.1
05-06-2026 05:45:00,-0.118
05-06-2026 06:00:00,-0.145
05-06-2026 06:15:00,0.158
05-06-2026 06:30:00,0.763
05-06-2026 06:45:00,1.271
05-06-2026 07:00:00,2.54
05-06-2026 07:15:00,3.471
05-06-2026 07:30:00,3.47
05-06-2026 07:45:00,3.459
05-06-2026 08:00:00,6.164
05-06-2026 08:15:00,6.921
05-06-2026 08:30:00,8.71
05-06-2026 08:45:00,10.793
05-06-2026 09:00:00,7.395
05-06-2026 09:15:00,6.967
05-06-2026 09:30:00,2.655
05-06-2026 09:45:00,5.482
05-06-2026 10:00:00,12.946
05-06-2026 10:15:00,11.94
05-06-2026 10:30:00,9.928
05-06-2026 10:45:00,6.244
05-06-2026 11:00:00,9.035
05-06-2026 11:15:00,11.418
05-06-2026 11:30:00,14.254
05-06-2026 11:45:00,14.122
05-06-2026 12:00:00,12.062
05-06-2026 12:15:00,12.731
05-06-2026 12:30:00,12.67
05-06-2026 12:45:00,9.601
05-06-2026 13:00:00,7.143
05-06-2026 13:15:00,5.181
05-06-2026 13:30:00,5.221
05-06-2026 13:45:00,5.563
05-06-2026 14:00:00,5.824
05-06-2026 14:15:00,6.675
05-06-2026 14:30:00,6.75
05-06-2026 14:45:00,6.247
05-06-2026 15:00:00,6.573
05-06-2026 15:15:00,9.647
05-06-2026 15:30:00,4.529
05-06-2026 15:45:00,3.015
05-06-2026 16:00:00,3.069
05-06-2026 16:15:00,2.594
05-06-2026 16:30:00,3.214
05-06-2026 16:45:00,2.418
05-06-2026 17:00:00,1.051
05-06-2026 17:15:00,0.615
05-06-2026 17:30:00,0.581
05-06-2026 17:45:00,0.676
05-06-2026 18:00:00,0.336
05-06-2026 18:15:00,0.13
05-06-2026 18:30:00,-0.064
05-06-2026 18:45:00,-0.228
05-06-2026 19:00:00,-0.1
05-06-2026 19:15:00,-0.1
05-06-2026 19:30:00,-0.1
05-06-2026 19:45:00,-0.1
05-06-2026 20:00:00,-0.1
05-06-2026 20:15:00,-0.1
05-06-2026 20:30:00,-0.1
05-06-2026 20:45:00,-0.1
05-06-2026 21:00:00,-0.1
05-06-2026 21:15:00,-0.1
05-06-2026 21:30:00,-0.1
05-06-2026 21:45:00,-0.1
05-06-2026 22:00:00,-0.1
05-06-2026 22:15:00,-0.1
05-06-2026 22:30:00,-0.1
05-06-2026 22:45:00,-0.1
05-06-2026 23:00:00,-0.1
05-06-2026 23:15:00,-0.1
05-06-2026 23:30:00,-0.1
05-06-2026 23:45:00,-0.1
05-07-2026 00:00:00,-0.1
05-07-2026 00:15:00,-0.1
05-07-2026 00:30:00,-0.1
05-07-2026 00:45:00,-0.1
05-07-2026 01:00:00,-0.1
05-07-2026 01:15:00,-0.1
05-07-2026 01:30:00,-0.1
05-07-2026 01:45:00,-0.1
05-07-2026 02:00:00,-0.1
05-07-2026 02:15:00,-0.1
05-07-2026 02:30:00,-0.1
05-07-2026 02:45:00,-0.1
05-07-2026 03:00:00,-0.1
05-07-2026 03:15:00,-0.1
05-07-2026 03:30:00,-0.1
05-07-2026 03:45:00,-0.1
05-07-2026 04:00:00,-0.1
05-07-2026 04:15:00,-0.1
05-07-2026 04:30:00,-0.1
05-07-2026 04:45:00,-0.1
05-07-2026 05:00:00,-0.1
05-07-2026 05:15:00,-0.1
05-07-2026 05:30:00,-0.1
05-07-2026 05:45:00,-0.129
05-07-2026 06:00:00,-0.1
05-07-2026 06:15:00,0.29
05-07-2026 06:30:00,0.742
05-07-2026 06:45:00,1.259
05-07-2026 07:00:00,1.867
05-07-2026 07:15:00,2.464
05-07-2026 07:30:00,3.433
05-07-2026 07:45:00,4.358
05-07-2026 08:00:00,4.262
05-07-2026 08:15:00,4.538
05-07-2026 08:30:00,6.171
05-07-2026 08:45:00,9.987
05-07-2026 09:00:00,9.97
05-07-2026 09:15:00,10.639
05-07-2026 09:30:00,11.653
05-07-2026 09:45:00,12.308
05-07-2026 10:00:00,12.889
05-07-2026 10:15:00,13.726
05-07-2026 10:30:00,14.7
05-07-2026 10:45:00,14.653
05-07-2026 11:00:00,14.559
05-07-2026 11:15:00,14.914
05-07-2026 11:30:00,15.567
05-07-2026 11:45:00,15.349
05-07-2026 12:00:00,15.25
05-07-2026 12:15:00,15.418
05-07-2026 12:30:00,15.389
05-07-2026 12:45:00,15.405
05-07-2026 13:00:00,15.388
05-07-2026 13:15:00,13.577
05-07-2026 13:30:00,12.977
05-07-2026 13:45:00,13.685
05-07-2026 14:00:00,15.024
05-07-2026 14:15:00,14.451
05-07-2026 14:30:00,14.201
05-07-2026 14:45:00,12.724
05-07-2026 15:00:00,11.843
05-07-2026 15:15:00,10.867
05-07-2026 15:30:00,9.596
05-07-2026 15:45:00,10.773
05-07-2026 16:00:00,11.504
05-07-2026 16:15:00,10.421
05-07-2026 16:30:00,8.533
05-07-2026 16:45:00,5.102
05-07-2026 17:00:00,4.398
05-07-2026 17:15:00,3.092
05-07-2026 17:30:00,3.675
05-07-2026 17:45:00,1.736
05-07-2026 18:00:00,0.664
05-07-2026 18:15:00,0.345
05-07-2026 18:30:00,0.09
05-07-2026 18:45:00,-0.085
05-07-2026 19:00:00,-0.178
05-07-2026 19:15:00,-0.1
05-07-2026 19:30:00,-0.1
05-07-2026 19:45:00,-0.1
05-07-2026 20:00:00,-0.1
05-07-2026 20:15:00,-0.1
05-07-2026 20:30:00,-0.1
05-07-2026 20:45:00,-0.1
05-07-2026 21:00:00,-0.1
05-07-2026 21:15:00,-0.1
05-07-2026 21:30:00,-0.1
05-07-2026 21:45:00,-0.1
05-07-2026 22:00:00,-0.1
05-07-2026 22:15:00,-0.1
05-07-2026 22:30:00,-0.1
05-07-2026 22:45:00,-0.1
05-07-2026 23:00:00,-0.1
05-07-2026 23:15:00,-0.1
05-07-2026 23:30:00,-0.1
05-07-2026 23:45:00,-0.1
05-08-2026 00:00:00,-0.1
05-08-2026 00:15:00,-0.1
05-08-2026 00:30:00,-0.1
05-08-2026 00:45:00,-0.1
05-08-2026 01:00:00,-0.1
05-08-2026 01:15:00,-0.1
05-08-2026 01:30:00,-0.1
05-08-2026 01:45:00,-0.1
05-08-2026 02:00:00,-0.1
05-08-2026 02:15:00,-0.1
05-08-2026 02:30:00,-0.1
05-08-2026 02:45:00,-0.1
05-08-2026 03:00:00,-0.1
05-08-2026 03:15:00,-0.1
05-08-2026 03:30:00,-0.1
05-08-2026 03:45:00,-0.1
05-08-2026 04:00:00,-0.1
05-08-2026 04:15:00,-0.1
05-08-2026 04:30:00,-0.1
05-08-2026 04:45:00,-0.1
05-08-2026 05:00:00,-0.1
05-08-2026 05:15:00,-0.1
05-08-2026 05:30:00,-0.1
05-08-2026 05:45:00,-0.129
05-08-2026 06:00:00,-0.1
05-08-2026 06:15:00,0.17
05-08-2026 06:30:00,0.724
05-08-2026 06:45:00,1.27
05-08-2026 07:00:00,1.543
05-08-2026 07:15:00,2.007
05-08-2026 07:30:00,2.292
05-08-2026 07:45:00,2.939
05-08-2026 08:00:00,3.333
05-08-2026 08:15:00,4.501
05-08-2026 08:30:00,4.942
05-08-2026 08:45:00,6.903
05-08-2026 09:00:00,6.458
05-08-2026 09:15:00,12.051
05-08-2026 09:30:00,10.367
05-08-2026 09:45:00,13.298
05-08-2026 10:00:00,12.594
05-08-2026 10:15:00,13.891
05-08-2026 10:30:00,14.233
05-08-2026 10:45:00,14.394
05-08-2026 11:00:00,14.676
05-08-2026 11:15:00,14.966
05-08-2026 11:30:00,14.835
05-08-2026 11:45:00,15.296
05-08-2026 12:00:00,15.494
05-08-2026 12:15:00,15.679
05-08-2026 12:30:00,14.786
05-08-2026 12:45:00,15.477
05-08-2026 13:00:00,15.157
05-08-2026 13:15:00,15.154
05-08-2026 13:30:00,15.785
05-08-2026 13:45:00,16.03
05-08-2026 14:00:00,16.017
05-08-2026 14:15:00,13.661
05-08-2026 14:30:00,8.903
05-08-2026 14:45:00,12.076
05-08-2026 15:00:00,11.36
05-08-2026 15:15:00,11.016
05-08-2026 15:30:00,9.774
05-08-2026 15:45:00,10.992
05-08-2026 16:00:00,10.051
05-08-2026 16:15:00,9.937
05-08-2026 16:30:00,8.955
05-08-2026 16:45:00,5.018
05-08-2026 17:00:00,5.772
05-08-2026 17:15:00,3.023
05-08-2026 17:30:00,3.205
05-08-2026 17:45:00,1.613
05-08-2026 18:00:00,1.295
05-08-2026 18:15:00,0.638
05-08-2026 18:30:00,0.144
05-08-2026 18:45:00,-0.036
05-08-2026 19:00:00,-0.183
05-08-2026 19:15:00,-0.148
05-08-2026 19:30:00,-0.1
05-08-2026 19:45:00,-0.1
05-08-2026 20:00:00,-0.1
05-08-2026 20:15:00,-0.1
05-08-2026 20:30:00,-0.1
05-08-2026 20:45:00,-0.1
05-08-2026 21:00:00,-0.1
05-08-2026 21:15:00,-0.1
05-08-2026 21:30:00,-0.1
05-08-2026 21:45:00,-0.1
05-08-2026 22:00:00,-0.1
05-08-2026 22:15:00,-0.1
05-08-2026 22:30:00,-0.1
05-08-2026 22:45:00,-0.1
05-08-2026 23:00:00,-0.1
05-08-2026 23:15:00,-0.1
05-08-2026 23:30:00,-0.1
05-08-2026 23:45:00,-0.1
05-09-2026 00:00:00,-0.1
05-09-2026 00:15:00,-0.1
05-09-2026 00:30:00,-0.1
05-09-2026 00:45:00,-0.1
05-09-2026 01:00:00,-0.1
05-09-2026 01:15:00,-0.1
05-09-2026 01:30:00,-0.1
05-09-2026 01:45:00,-0.1
05-09-2026 02:00:00,-0.1
05-09-2026 02:15:00,-0.1
05-09-2026 02:30:00,-0.1
05-09-2026 02:45:00,-0.1
05-09-2026 03:00:00,-0.1
05-09-2026 03:15:00,-0.1
05-09-2026 03:30:00,-0.1
05-09-2026 03:45:00,-0.1
05-09-2026 04:00:00,-0.1
05-09-2026 04:15:00,-0.1
05-09-2026 04:30:00,-0.1
05-09-2026 04:45:00,-0.1
05-09-2026 05:00:00,-0.1
05-09-2026 05:15:00,-0.1
05-09-2026 05:30:00,-0.1
05-09-2026 05:45:00,-0.123
05-09-2026 06:00:00,-0.117
05-09-2026 06:15:00,0.216
05-09-2026 06:30:00,0.584
05-09-2026 06:45:00,0.721
05-09-2026 07:00:00,1.105
05-09-2026 07:15:00,1.935
05-09-2026 07:30:00,1.862
05-09-2026 07:45:00,2.059
05-09-2026 08:00:00,2.583
05-09-2026 08:15:00,4.08
05-09-2026 08:30:00,5.993
05-09-2026 08:45:00,6.866
05-09-2026 09:00:00,10.543
05-09-2026 09:15:00,11.641
05-09-2026 09:30:00,12.236
05-09-2026 09:45:00,12.761
05-09-2026 10:00:00,12.406
05-09-2026 10:15:00,13.548
05-09-2026 10:30:00,13.695
05-09-2026 10:45:00,13.83
05-09-2026 11:00:00,14.336
05-09-2026 11:15:00,12.907
05-09-2026 11:30:00,9.583
05-09-2026 11:45:00,10.058
05-09-2026 12:00:00,10.1
05-09-2026 12:15:00,12.962
05-09-2026 12:30:00,14.163
05-09-2026 12:45:00,11.333
05-09-2026 13:00:00,5.553
05-09-2026 13:15:00,5.761
05-09-2026 13:30:00,7.581
05-09-2026 13:45:00,9.604
05-09-2026 14:00:00,12.908
05-09-2026 14:15:00,14.45
05-09-2026 14:30:00,14.312
05-09-2026 14:45:00,14.001
05-09-2026 15:00:00,12.339
05-09-2026 15:15:00,11.637
05-09-2026 15:30:00,11.163
05-09-2026 15:45:00,10.195
05-09-2026 16:00:00,8.112
05-09-2026 16:15:00,6.202
05-09-2026 16:30:00,5.84
05-09-2026 16:45:00,4.117
05-09-2026 17:00:00,3.221
05-09-2026 17:15:00,3.421
05-09-2026 17:30:00,3.247
05-09-2026 17:45:00,2.082
05-09-2026 18:00:00,1.309
05-09-2026 18:15:00,1.076
05-09-2026 18:30:00,0.165
05-09-2026 18:45:00,-0.157
05-09-2026 19:00:00,-0.216
05-09-2026 19:15:00,-0.1
05-09-2026 19:30:00,-0.1
05-09-2026 19:45:00,-0.1
05-09-2026 20:00:00,-0.1
05-09-2026 20:15:00,-0.1
05-09-2026 20:30:00,-0.1
05-09-2026 20:45:00,-0.1
05-09-2026 21:00:00,-0.1
05-09-2026 21:15:00,-0.1
05-09-2026 21:30:00,-0.1
05-09-2026 21:45:00,-0.1
05-09-2026 22:00:00,-0.1
05-09-2026 22:15:00,-0.1
05-09-2026 22:30:00,-0.1
05-09-2026 22:45:00,-0.1
05-09-2026 23:00:00,-0.1
05-09-2026 23:15:00,-0.1
05-09-2026 23:30:00,-0.1
05-09-2026 23:45:00,-0.1
05-10-2026 00:00:00,-0.1
05-10-2026 00:15:00,-0.1
05-10-2026 00:30:00,-0.1
05-10-2026 00:45:00,-0.1
05-10-2026 01:00:00,-0.1
05-10-2026 01:15:00,-0.1
05-10-2026 01:30:00,-0.1
05-10-2026 01:45:00,-0.1
05-10-2026 02:00:00,-0.1
05-10-2026 02:15:00,-0.1
05-10-2026 02:30:00,-0.1
05-10-2026 02:45:00,-0.1
05-10-2026 03:00:00,-0.1
05-10-2026 03:15:00,-0.1
05-10-2026 03:30:00,-0.1
05-10-2026 03:45:00,-0.1
05-10-2026 04:00:00,-0.1
05-10-2026 04:15:00,-0.1
05-10-2026 04:30:00,-0.1
05-10-2026 04:45:00,-0.1
05-10-2026 05:00:00,-0.1
05-10-2026 05:15:00,-0.1
05-10-2026 05:30:00,-0.1
05-10-2026 05:45:00,-0.1
05-10-2026 06:00:00,-0.072
05-10-2026 06:15:00,0.264
05-10-2026 06:30:00,0.518
05-10-2026 06:45:00,0.61
05-10-2026 07:00:00,1.432
05-10-2026 07:15:00,3.067
05-10-2026 07:30:00,3.902
05-10-2026 07:45:00,3.583
05-10-2026 08:00:00,4.96
05-10-2026 08:15:00,7.301
05-10-2026 08:30:00,5.959
05-10-2026 08:45:00,6.437
05-10-2026 09:00:00,4.673
05-10-2026 09:15:00,4.865
05-10-2026 09:30:00,7.213
05-10-2026 09:45:00,8.429
05-10-2026 10:00:00,6.721
05-10-2026 10:15:00,10.149
05-10-2026 10:30:00,12.593
05-10-2026 10:45:00,14.636
05-10-2026 11:00:00,12.83
05-10-2026 11:15:00,14.563
05-10-2026 11:30:00,13.409
05-10-2026 11:45:00,17.76
05-10-2026 12:00:00,15.065
05-10-2026 12:15:00,7.191
05-10-2026 12:30:00,6.713
05-10-2026 12:45:00,9.909
05-10-2026 13:00:00,10.736
05-10-2026 13:15:00,6.873
05-10-2026 13:30:00,6.787
05-10-2026 13:45:00,6.313
05-10-2026 14:00:00,5.68
05-10-2026 14:15:00,5.191
05-10-2026 14:30:00,4.724
05-10-2026 14:45:00,5.728
05-10-2026 15:00:00,9.152
05-10-2026 15:15:00,9.593
05-10-2026 15:30:00,8.237
05-10-2026 15:45:00,11.842
05-10-2026 16:00:00,11.123
05-10-2026 16:15:00,9.263
05-10-2026 16:30:00,4.084
05-10-2026 16:45:00,4.063
05-10-2026 17:00:00,2.29
05-10-2026 17:15:00,1.787
05-10-2026 17:30:00,1.095
05-10-2026 17:45:00,1.138
05-10-2026 18:00:00,1.24
05-10-2026 18:15:00,0.656
05-10-2026 18:30:00,0.268
05-10-2026 18:45:00,-0.043
05-10-2026 19:00:00,-0.213
05-10-2026 19:15:00,-0.143
05-10-2026 19:30:00,-0.1
05-10-2026 19:45:00,-0.1
05-10-2026 20:00:00,-0.1
05-10-2026 20:15:00,-0.1
05-10-2026 20:30:00,-0.1
05-10-2026 20:45:00,-0.1
05-10-2026 21:00:00,-0.1
05-10-2026 21:15:00,-0.1
05-10-2026 21:30:00,-0.1
05-10-2026 21:45:00,-0.1
05-10-2026 22:00:00,-0.1
05-10-2026 22:15:00,-0.1
05-10-2026 22:30:00,-0.1
05-10-2026 22:45:00,-0.1
05-10-2026 23:00:00,-0.1
05-10-2026 23:15:00,-0.1
05-10-2026 23:30:00,-0.1
05-10-2026 23:45:00,-0.1
05-11-2026 00:00:00,-0.1
05-11-2026 00:15:00,-0.1
05-11-2026 00:30:00,-0.1
05-11-2026 00:45:00,-0.1
05-11-2026 01:00:00,-0.1
05-11-2026 01:15:00,-0.1
05-11-2026 01:30:00,-0.1
05-11-2026 01:45:00,-0.1
05-11-2026 02:00:00,-0.1
05-11-2026 02:15:00,-0.1
05-11-2026 02:30:00,-0.1
05-11-2026 02:45:00,-0.1
05-11-2026 03:00:00,-0.1
05-11-2026 03:15:00,-0.1
05-11-2026 03:30:00,-0.1
05-11-2026 03:45:00,-0.1
05-11-2026 04:00:00,-0.1
05-11-2026 04:15:00,-0.1
05-11-2026 04:30:00,-0.1
05-11-2026 04:45:00,-0.1
05-11-2026 05:00:00,-0.1
05-11-2026 05:15:00,-0.1
05-11-2026 05:30:00,-0.1
05-11-2026 05:45:00,-0.124
05-11-2026 06:00:00,-0.126
05-11-2026 06:15:00,0.054
05-11-2026 06:30:00,0.592
05-11-2026 06:45:00,0.837
05-11-2026 07:00:00,1.161
05-11-2026 07:15:00,1.72
05-11-2026 07:30:00,2.408
05-11-2026 07:45:00,2.552
05-11-2026 08:00:00,2.824
05-11-2026 08:15:00,2.316
05-11-2026 08:30:00,3.966
05-11-2026 08:45:00,5.173
05-11-2026 09:00:00,8.62
05-11-2026 09:15:00,9.334
05-11-2026 09:30:00,8.93
05-11-2026 09:45:00,8.412
05-11-2026 10:00:00,10.22
05-11-2026 10:15:00,9.287
05-11-2026 10:30:00,12.478
05-11-2026 10:45:00,16.681
05-11-2026 11:00:00,8.497
05-11-2026 11:15:00,""
05-11-2026 11:30:00,""
05-11-2026 11:45:00,""
05-11-2026 12:00:00,7.344
05-11-2026 12:15:00,9.653
05-11-2026 12:30:00,8.505
05-11-2026 12:45:00,9.801
05-11-2026 13:00:00,6.476
05-11-2026 13:15:00,5.255
05-11-2026 13:30:00,5.58
05-11-2026 13:45:00,4.719
05-11-2026 14:00:00,6.934
05-11-2026 14:15:00,4.717
05-11-2026 14:30:00,4.757
05-11-2026 14:45:00,5.666
05-11-2026 15:00:00,4.7
05-11-2026 15:15:00,4.197
05-11-2026 15:30:00,2.883
05-11-2026 15:45:00,3.82
05-11-2026 16:00:00,4.284
05-11-2026 16:15:00,2.963
05-11-2026 16:30:00,2.177
05-11-2026 16:45:00,1.633
05-11-2026 17:00:00,2.024
05-11-2026 17:15:00,4.228
05-11-2026 17:30:00,4.025
05-11-2026 17:45:00,3.37
05-11-2026 18:00:00,1.769
05-11-2026 18:15:00,0.697
05-11-2026 18:30:00,0.177
05-11-2026 18:45:00,-0.052
05-11-2026 19:00:00,-0.239
05-11-2026 19:15:00,-0.128
05-11-2026 19:30:00,-0.1
05-11-2026 19:45:00,-0.1
05-11-2026 20:00:00,-0.1
05-11-2026 20:15:00,-0.1
05-11-2026 20:30:00,-0.1
05-11-2026 20:45:00,-0.1
05-11-2026 21:00:00,-0.1
05-11-2026 21:15:00,-0.1
05-11-2026 21:30:00,-0.1
05-11-2026 21:45:00,-0.1
05-11-2026 22:00:00,-0.1
05-11-2026 22:15:00,-0.1
05-11-2026 22:30:00,-0.1
05-11-2026 22:45:00,-0.1
05-11-2026 23:00:00,-0.1
05-11-2026 23:15:00,-0.1
05-11-2026 23:30:00,-0.1
05-11-2026 23:45:00,-0.1
05-12-2026 00:00:00,-0.1
05-12-2026 00:15:00,-0.1
05-12-2026 00:30:00,-0.1
05-12-2026 00:45:00,-0.1
05-12-2026 01:00:00,-0.1
05-12-2026 01:15:00,-0.1
05-12-2026 01:30:00,-0.1
05-12-2026 01:45:00,-0.1
05-12-2026 02:00:00,-0.1
05-12-2026 02:15:00,-0.1
05-12-2026 02:30:00,-0.1
05-12-2026 02:45:00,-0.1
05-12-2026 03:00:00,-0.1
05-12-2026 03:15:00,-0.1
05-12-2026 03:30:00,-0.1
05-12-2026 03:45:00,-0.1
05-12-2026 04:00:00,-0.1
05-12-2026 04:15:00,-0.1
05-12-2026 04:30:00,-0.1
05-12-2026 04:45:00,-0.1
05-12-2026 05:00:00,-0.1
05-12-2026 05:15:00,-0.1
05-12-2026 05:30:00,-0.1
05-12-2026 05:45:00,-0.125
05-12-2026 06:00:00,-0.124
05-12-2026 06:15:00,0.113
05-12-2026 06:30:00,0.632
05-12-2026 06:45:00,1.376
05-12-2026 07:00:00,1.447
05-12-2026 07:15:00,2.808
05-12-2026 07:30:00,3.913
05-12-2026 07:45:00,3.212
05-12-2026 08:00:00,6.486
05-12-2026 08:15:00,7.133
05-12-2026 08:30:00,8.846
05-12-2026 08:45:00,9.716
05-12-2026 09:00:00,10.569
05-12-2026 09:15:00,11.063
05-12-2026 09:30:00,11.798
05-12-2026 09:45:00,12.631
05-12-2026 10:00:00,12.638
05-12-2026 10:15:00,12.092
05-12-2026 10:30:00,11.695
05-12-2026 10:45:00,14.612
05-12-2026 11:00:00,10.814
05-12-2026 11:15:00,12.357
05-12-2026 11:30:00,14.13
05-12-2026 11:45:00,9.222
05-12-2026 12:00:00,12.55
05-12-2026 12:15:00,6.357
05-12-2026 12:30:00,7.667
05-12-2026 12:45:00,14.772
05-12-2026 13:00:00,9.214
05-12-2026 13:15:00,10.863
05-12-2026 13:30:00,10.927
05-12-2026 13:45:00,12.456
05-12-2026 14:00:00,14.445
05-12-2026 14:15:00,15.014
05-12-2026 14:30:00,14.711
05-12-2026 14:45:00,13.905
05-12-2026 15:00:00,12.503
05-12-2026 15:15:00,14.221
05-12-2026 15:30:00,12.383
05-12-2026 15:45:00,7.783
05-12-2026 16:00:00,11.072
05-12-2026 16:15:00,9.247
05-12-2026 16:30:00,6.681
05-12-2026 16:45:00,7.555
05-12-2026 17:00:00,5.727
05-12-2026 17:15:00,2.722
05-12-2026 17:30:00,3.465
05-12-2026 17:45:00,2.6
05-12-2026 18:00:00,1.27
05-12-2026 18:15:00,0.739
05-12-2026 18:30:00,0.308
05-12-2026 18:45:00,-0.059
05-12-2026 19:00:00,-0.19
05-12-2026 19:15:00,-0.123
05-12-2026 19:30:00,-0.1
05-12-2026 19:45:00,-0.1
05-12-2026 20:00:00,-0.1
05-12-2026 20:15:00,-0.1
05-12-2026 20:30:00,-0.1
05-12-2026 20:45:00,-0.1
05-12-2026 21:00:00,-0.1
05-12-2026 21:15:00,-0.1
05-12-2026 21:30:00,-0.1
05-12-2026 21:45:00,-0.1
05-12-2026 22:00:00,-0.1
05-12-2026 22:15:00,-0.1
05-12-2026 22:30:00,-0.1
05-12-2026 22:45:00,-0.1
05-12-2026 23:00:00,-0.1
05-12-2026 23:15:00,-0.1
05-12-2026 23:30:00,-0.1
05-12-2026 23:45:00,-0.1
05-13-2026 00:00:00,-0.1
05-13-2026 00:15:00,-0.1
05-13-2026 00:30:00,-0.1
05-13-2026 00:45:00,-0.1
05-13-2026 01:00:00,-0.1
05-13-2026 01:15:00,-0.1
05-13-2026 01:30:00,-0.1
05-13-2026 01:45:00,-0.1
05-13-2026 02:00:00,-0.1
05-13-2026 02:15:00,-0.1
05-13-2026 02:30:00,-0.1
05-13-2026 02:45:00,-0.1
05-13-2026 03:00:00,-0.1
05-13-2026 03:15:00,-0.1
05-13-2026 03:30:00,-0.1
05-13-2026 03:45:00,-0.1
05-13-2026 04:00:00,-0.1
05-13-2026 04:15:00,-0.1
05-13-2026 04:30:00,-0.1
05-13-2026 04:45:00,-0.1
05-13-2026 05:00:00,-0.1
05-13-2026 05:15:00,-0.1
05-13-2026 05:30:00,-0.1
05-13-2026 05:45:00,-0.167
05-13-2026 06:00:00,-0.023
05-13-2026 06:15:00,0.457
05-13-2026 06:30:00,0.87
05-13-2026 06:45:00,0.963
05-13-2026 07:00:00,1.956
05-13-2026 07:15:00,1.786
05-13-2026 07:30:00,1.981
05-13-2026 07:45:00,2.678
05-13-2026 08:00:00,4.975
05-13-2026 08:15:00,6.66
05-13-2026 08:30:00,6.532
05-13-2026 08:45:00,6.769
05-13-2026 09:00:00,7.549
05-13-2026 09:15:00,9.389
05-13-2026 09:30:00,7.879
05-13-2026 09:45:00,8.668
05-13-2026 10:00:00,11.855
05-13-2026 10:15:00,14.916
05-13-2026 10:30:00,13.389
05-13-2026 10:45:00,13.663
05-13-2026 11:00:00,11.749
05-13-2026 11:15:00,15.463
05-13-2026 11:30:00,15.68
05-13-2026 11:45:00,13.736
05-13-2026 12:00:00,13.399
05-13-2026 12:15:00,11.683
05-13-2026 12:30:00,15.516
05-13-2026 12:45:00,16.264
05-13-2026 13:00:00,15.521
05-13-2026 13:15:00,13.762
05-13-2026 13:30:00,15.627
05-13-2026 13:45:00,8.903
05-13-2026 14:00:00,9.301
05-13-2026 14:15:00,12.219
05-13-2026 14:30:00,11.453
05-13-2026 14:45:00,11.181
05-13-2026 15:00:00,14.269
05-13-2026 15:15:00,13.898
05-13-2026 15:30:00,12.127
05-13-2026 15:45:00,12.338
05-13-2026 16:00:00,12.185
05-13-2026 16:15:00,7.867
05-13-2026 16:30:00,7.005
05-13-2026 16:45:00,3.253
05-13-2026 17:00:00,4.852
05-13-2026 17:15:00,4.667
05-13-2026 17:30:00,1.834
05-13-2026 17:45:00,1.57
05-13-2026 18:00:00,1
05-13-2026 18:15:00,0.456
05-13-2026 18:30:00,0.046
05-13-2026 18:45:00,-0.109
05-13-2026 19:00:00,-0.182
05-13-2026 19:15:00,-0.1
05-13-2026 19:30:00,-0.1
05-13-2026 19:45:00,-0.1
05-13-2026 20:00:00,-0.1
05-13-2026 20:15:00,-0.1
05-13-2026 20:30:00,-0.1
05-13-2026 20:45:00,-0.1
05-13-2026 21:00:00,-0.1
05-13-2026 21:15:00,-0.1
05-13-2026 21:30:00,-0.1
05-13-2026 21:45:00,-0.1
05-13-2026 22:00:00,-0.1
05-13-2026 22:15:00,-0.1
05-13-2026 22:30:00,-0.1
05-13-2026 22:45:00,-0.1
05-13-2026 23:00:00,-0.1
05-13-2026 23:15:00,-0.1
05-13-2026 23:30:00,-0.1
05-13-2026 23:45:00,-0.1
05-14-2026 00:00:00,-0.1
05-14-2026 00:15:00,-0.1
05-14-2026 00:30:00,-0.1
05-14-2026 00:45:00,-0.1
05-14-2026 01:00:00,-0.1
05-14-2026 01:15:00,-0.1
05-14-2026 01:30:00,-0.1
05-14-2026 01:45:00,-0.1
05-14-2026 02:00:00,-0.1
05-14-2026 02:15:00,-0.1
05-14-2026 02:30:00,-0.1
05-14-2026 02:45:00,-0.1
05-14-2026 03:00:00,-0.1
05-14-2026 03:15:00,-0.1
05-14-2026 03:30:00,-0.1
05-14-2026 03:45:00,-0.1
05-14-2026 04:00:00,-0.1
05-14-2026 04:15:00,-0.1
05-14-2026 04:30:00,-0.1
05-14-2026 04:45:00,-0.1
05-14-2026 05:00:00,-0.1
05-14-2026 05:15:00,-0.1
05-14-2026 05:30:00,-0.1
05-14-2026 05:45:00,-0.169
05-14-2026 06:00:00,-0.093
05-14-2026 06:15:00,0.33
05-14-2026 06:30:00,1.092
05-14-2026 06:45:00,1.62
05-14-2026 07:00:00,1.724
05-14-2026 07:15:00,1.608
05-14-2026 07:30:00,1.966
05-14-2026 07:45:00,2.895
05-14-2026 08:00:00,5.12
05-14-2026 08:15:00,3.482
05-14-2026 08:30:00,5.438
05-14-2026 08:45:00,6.232
05-14-2026 09:00:00,4.787
05-14-2026 09:15:00,9.413
05-14-2026 09:30:00,9.01
05-14-2026 09:45:00,7.387
05-14-2026 10:00:00,7.121
05-14-2026 10:15:00,7.088
05-14-2026 10:30:00,12.991
05-14-2026 10:45:00,14.699
05-14-2026 11:00:00,10.882
05-14-2026 11:15:00,12.253
05-14-2026 11:30:00,16.122
05-14-2026 11:45:00,15.786
05-14-2026 12:00:00,15.981
05-14-2026 12:15:00,15.818
05-14-2026 12:30:00,15.628
05-14-2026 12:45:00,15.66
05-14-2026 13:00:00,13.338
05-14-2026 13:15:00,14.145
05-14-2026 13:30:00,15.584
05-14-2026 13:45:00,14.925
05-14-2026 14:00:00,15.08
05-14-2026 14:15:00,13.877
05-14-2026 14:30:00,14.256
05-14-2026 14:45:00,11.938
05-14-2026 15:00:00,12.845
05-14-2026 15:15:00,13.089
05-14-2026 15:30:00,12.318
05-14-2026 15:45:00,11.05
05-14-2026 16:00:00,10.914
05-14-2026 16:15:00,5.404
05-14-2026 16:30:00,3.035
05-14-2026 16:45:00,5.77
05-14-2026 17:00:00,6.576
05-14-2026 17:15:00,5.258
05-14-2026 17:30:00,2.637
05-14-2026 17:45:00,0.861
05-14-2026 18:00:00,0.36
05-14-2026 18:15:00,0.336
05-14-2026 18:30:00,-0.037
05-14-2026 18:45:00,-0.136
05-14-2026 19:00:00,-0.116
05-14-2026 19:15:00,-0.1
05-14-2026 19:30:00,-0.1
05-14-2026 19:45:00,-0.1
05-14-2026 20:00:00,-0.1
05-14-2026 20:15:00,-0.1
05-14-2026 20:30:00,-0.1
05-14-2026 20:45:00,-0.1
05-14-2026 21:00:00,-0.1
05-14-2026 21:15:00,-0.1
05-14-2026 21:30:00,-0.1
05-14-2026 21:45:00,-0.1
05-14-2026 22:00:00,-0.1
05-14-2026 22:15:00,-0.1
05-14-2026 22:30:00,-0.1
05-14-2026 22:45:00,-0.1
05-14-2026 23:00:00,-0.1
05-14-2026 23:15:00,-0.1
05-14-2026 23:30:00,-0.1
05-14-2026 23:45:00,-0.1
05-15-2026 00:00:00,-0.1
05-15-2026 00:15:00,-0.1
05-15-2026 00:30:00,-0.1
05-15-2026 00:45:00,-0.1
05-15-2026 01:00:00,-0.1
05-15-2026 01:15:00,-0.1
05-15-2026 01:30:00,-0.1
05-15-2026 01:45:00,-0.1
05-15-2026 02:00:00,-0.1
05-15-2026 02:15:00,-0.1
05-15-2026 02:30:00,-0.1
05-15-2026 02:45:00,-0.1
05-15-2026 03:00:00,-0.1
05-15-2026 03:15:00,-0.1
05-15-2026 03:30:00,-0.1
05-15-2026 03:45:00,-0.1
05-15-2026 04:00:00,-0.1
05-15-2026 04:15:00,-0.1
05-15-2026 04:30:00,-0.1
05-15-2026 04:45:00,-0.1
05-15-2026 05:00:00,-0.1
05-15-2026 05:15:00,-0.1
05-15-2026 05:30:00,-0.1
05-15-2026 05:45:00,-0.135
05-15-2026 06:00:00,-0.037
05-15-2026 06:15:00,0.234
05-15-2026 06:30:00,0.444
05-15-2026 06:45:00,1.355
05-15-2026 07:00:00,3.3
05-15-2026 07:15:00,2.885
05-15-2026 07:30:00,1.672
05-15-2026 07:45:00,5.366
05-15-2026 08:00:00,5.629
05-15-2026 08:15:00,5.922
05-15-2026 08:30:00,5.497
05-15-2026 08:45:00,6.343
05-15-2026 09:00:00,5.862
05-15-2026 09:15:00,6.833
05-15-2026 09:30:00,6.763
05-15-2026 09:45:00,7.82
05-15-2026 10:00:00,9.951
05-15-2026 10:15:00,10.809
05-15-2026 10:30:00,8.532
05-15-2026 10:45:00,13.071
05-15-2026 11:00:00,10.442
05-15-2026 11:15:00,6.258
05-15-2026 11:30:00,5.13
05-15-2026 11:45:00,4.411
05-15-2026 12:00:00,4.825
05-15-2026 12:15:00,12.475
05-15-2026 12:30:00,12.132
05-15-2026 12:45:00,8.913
05-15-2026 13:00:00,3.284
05-15-2026 13:15:00,3.58
05-15-2026 13:30:00,4.225
05-15-2026 13:45:00,2.281
05-15-2026 14:00:00,1.049
05-15-2026 14:15:00,0.828
05-15-2026 14:30:00,-0.006
05-15-2026 14:45:00,-0.034
05-15-2026 15:00:00,-0.012
05-15-2026 15:15:00,-0.1
05-15-2026 15:30:00,-0.1
05-15-2026 15:45:00,-0.1
05-15-2026 16:00:00,-0.144
05-15-2026 16:15:00,-0.1
05-15-2026 16:30:00,-0.1
05-15-2026 16:45:00,-0.066
05-15-2026 17:00:00,-0.056
05-15-2026 17:15:00,-0.061
05-15-2026 17:30:00,0.139
05-15-2026 17:45:00,-0.029
05-15-2026 18:00:00,-0.127
05-15-2026 18:15:00,-0.106
05-15-2026 18:30:00,-0.161
05-15-2026 18:45:00,-0.222
05-15-2026 19:00:00,-0.11
05-15-2026 19:15:00,-0.1
05-15-2026 19:30:00,-0.1
05-15-2026 19:45:00,-0.1
05-15-2026 20:00:00,-0.1
05-15-2026 20:15:00,-0.1
05-15-2026 20:30:00,-0.1
05-15-2026 20:45:00,-0.1
05-15-2026 21:00:00,-0.1
05-15-2026 21:15:00,-0.1
05-15-2026 21:30:00,-0.1
05-15-2026 21:45:00,-0.1
05-15-2026 22:00:00,-0.1
05-15-2026 22:15:00,-0.1
05-15-2026 22:30:00,-0.1
05-15-2026 22:45:00,-0.1
05-15-2026 23:00:00,-0.1
05-15-2026 23:15:00,-0.1
05-15-2026 23:30:00,-0.1
05-15-2026 23:45:00,-0.1
05-16-2026 00:00:00,-0.1
05-16-2026 00:15:00,-0.1
05-16-2026 00:30:00,-0.1
05-16-2026 00:45:00,-0.1
05-16-2026 01:00:00,-0.1
05-16-2026 01:15:00,-0.1
05-16-2026 01:30:00,-0.1
05-16-2026 01:45:00,-0.1
05-16-2026 02:00:00,-0.1
05-16-2026 02:15:00,-0.1
05-16-2026 02:30:00,-0.1
05-16-2026 02:45:00,-0.1
05-16-2026 03:00:00,-0.1
05-16-2026 03:15:00,-0.1
05-16-2026 03:30:00,-0.1
05-16-2026 03:45:00,-0.1
05-16-2026 04:00:00,-0.1
05-16-2026 04:15:00,-0.1
05-16-2026 04:30:00,-0.1
05-16-2026 04:45:00,-0.1
05-16-2026 05:00:00,-0.1
05-16-2026 05:15:00,-0.1
05-16-2026 05:30:00,-0.1
05-16-2026 05:45:00,-0.117
05-16-2026 06:00:00,-0.105
05-16-2026 06:15:00,0.175
05-16-2026 06:30:00,0.518
05-16-2026 06:45:00,0.874
05-16-2026 07:00:00,1.391
05-16-2026 07:15:00,3.06
05-16-2026 07:30:00,3.903
05-16-2026 07:45:00,4.664
05-16-2026 08:00:00,5.905
05-16-2026 08:15:00,7.024
05-16-2026 08:30:00,8.356
05-16-2026 08:45:00,9.558
05-16-2026 09:00:00,9.13
05-16-2026 09:15:00,7.959
05-16-2026 09:30:00,6.583
05-16-2026 09:45:00,6.832
05-16-2026 10:00:00,5.894
05-16-2026 10:15:00,10.017
05-16-2026 10:30:00,9.995
05-16-2026 10:45:00,14.305
05-16-2026 11:00:00,14.039
05-16-2026 11:15:00,14.618
05-16-2026 11:30:00,14.953
05-16-2026 11:45:00,14.603
05-16-2026 12:00:00,13.903
05-16-2026 12:15:00,15.432
05-16-2026 12:30:00,15.061
05-16-2026 12:45:00,15.072
05-16-2026 13:00:00,14.493
05-16-2026 13:15:00,15.983
05-16-2026 13:30:00,15.424
05-16-2026 13:45:00,14.747
05-16-2026 14:00:00,14.617
05-16-2026 14:15:00,14.487
05-16-2026 14:30:00,13.898
05-16-2026 14:45:00,13.734
05-16-2026 15:00:00,13.408
05-16-2026 15:15:00,12.745
05-16-2026 15:30:00,12.002
05-16-2026 15:45:00,11.33
05-16-2026 16:00:00,10.474
05-16-2026 16:15:00,9.75
05-16-2026 16:30:00,8.773
05-16-2026 16:45:00,7.611
05-16-2026 17:00:00,6.36
05-16-2026 17:15:00,5.093
05-16-2026 17:30:00,3.95
05-16-2026 17:45:00,2.861
05-16-2026 18:00:00,1.918
05-16-2026 18:15:00,0.833
05-16-2026 18:30:00,0.394
05-16-2026 18:45:00,0.031
05-16-2026 19:00:00,-0.168
05-16-2026 19:15:00,-0.166
05-16-2026 19:30:00,-0.1
05-16-2026 19:45:00,-0.1
05-16-2026 20:00:00,-0.1
05-16-2026 20:15:00,-0.1
05-16-2026 20:30:00,-0.1
05-16-2026 20:45:00,-0.1
05-16-2026 21:00:00,-0.1
05-16-2026 21:15:00,-0.1
05-16-2026 21:30:00,-0.1
05-16-2026 21:45:00,-0.1
05-16-2026 22:00:00,-0.1
05-16-2026 22:15:00,-0.1
05-16-2026 22:30:00,-0.1
05-16-2026 22:45:00,-0.1
05-16-2026 23:00:00,-0.1
05-16-2026 23:15:00,-0.1
05-16-2026 23:30:00,-0.1
05-16-2026 23:45:00,-0.1
05-17-2026 00:00:00,-0.1
05-17-2026 00:15:00,-0.1
05-17-2026 00:30:00,-0.1
05-17-2026 00:45:00,-0.1
05-17-2026 01:00:00,-0.1
05-17-2026 01:15:00,-0.1
05-17-2026 01:30:00,-0.1
05-17-2026 01:45:00,-0.1
05-17-2026 02:00:00,-0.1
05-17-2026 02:15:00,-0.1
05-17-2026 02:30:00,-0.1
05-17-2026 02:45:00,-0.1
05-17-2026 03:00:00,-0.1
05-17-2026 03:15:00,-0.1
05-17-2026 03:30:00,-0.1
05-17-2026 03:45:00,-0.1
05-17-2026 04:00:00,-0.1
05-17-2026 04:15:00,-0.1
05-17-2026 04:30:00,-0.1
05-17-2026 04:45:00,-0.1
05-17-2026 05:00:00,-0.1
05-17-2026 05:15:00,-0.1
05-17-2026 05:30:00,-0.1
05-17-2026 05:45:00,-0.094
05-17-2026 06:00:00,-0.049
05-17-2026 06:15:00,0.279
05-17-2026 06:30:00,0.334
05-17-2026 06:45:00,0.895
05-17-2026 07:00:00,2.082
05-17-2026 07:15:00,3.005
05-17-2026 07:30:00,4.083
05-17-2026 07:45:00,5.156
05-17-2026 08:00:00,6.112
05-17-2026 08:15:00,7.372
05-17-2026 08:30:00,8.394
05-17-2026 08:45:00,9.32
05-17-2026 09:00:00,9.988
05-17-2026 09:15:00,10.731
05-17-2026 09:30:00,11.332
05-17-2026 09:45:00,12.025
05-17-2026 10:00:00,12.782
05-17-2026 10:15:00,11.19
05-17-2026 10:30:00,10.058
05-17-2026 10:45:00,10.183
05-17-2026 11:00:00,9.313
05-17-2026 11:15:00,7.384
05-17-2026 11:30:00,4.311
05-17-2026 11:45:00,7.298
05-17-2026 12:00:00,9.297
05-17-2026 12:15:00,8.845
05-17-2026 12:30:00,13.715
05-17-2026 12:45:00,10.491
05-17-2026 13:00:00,14.995
05-17-2026 13:15:00,15.044
05-17-2026 13:30:00,14.878
05-17-2026 13:45:00,14.686
05-17-2026 14:00:00,13.532
05-17-2026 14:15:00,14.573
05-17-2026 14:30:00,13.746
05-17-2026 14:45:00,12.605
05-17-2026 15:00:00,12.963
05-17-2026 15:15:00,12.565
05-17-2026 15:30:00,10.094
05-17-2026 15:45:00,11.086
05-17-2026 16:00:00,10.484
05-17-2026 16:15:00,7.653
05-17-2026 16:30:00,9.02
05-17-2026 16:45:00,7.452
05-17-2026 17:00:00,7.275
05-17-2026 17:15:00,5.148
05-17-2026 17:30:00,1.868
05-17-2026 17:45:00,1.824
05-17-2026 18:00:00,1.395
05-17-2026 18:15:00,0.992
05-17-2026 18:30:00,0.382
05-17-2026 18:45:00,0.226
05-17-2026 19:00:00,-0.139
05-17-2026 19:15:00,-0.1
05-17-2026 19:30:00,-0.1
05-17-2026 19:45:00,-0.1
05-17-2026 20:00:00,-0.1
05-17-2026 20:15:00,-0.1
05-17-2026 20:30:00,-0.1
05-17-2026 20:45:00,-0.1
05-17-2026 21:00:00,-0.1
05-17-2026 21:15:00,-0.1
05-17-2026 21:30:00,-0.1
05-17-2026 21:45:00,-0.1
05-17-2026 22:00:00,-0.1
05-17-2026 22:15:00,-0.1
05-17-2026 22:30:00,-0.1
05-17-2026 22:45:00,-0.1
05-17-2026 23:00:00,-0.1
05-17-2026 23:15:00,-0.1
05-17-2026 23:30:00,-0.1
05-17-2026 23:45:00,-0.1
05-18-2026 00:00:00,-0.1
05-18-2026 00:15:00,-0.1
05-18-2026 00:30:00,-0.1
05-18-2026 00:45:00,-0.1
05-18-2026 01:00:00,-0.1
05-18-2026 01:15:00,-0.1
05-18-2026 01:30:00,-0.1
05-18-2026 01:45:00,-0.1
05-18-2026 02:00:00,-0.1
05-18-2026 02:15:00,-0.1
05-18-2026 02:30:00,-0.1
05-18-2026 02:45:00,-0.1
05-18-2026 03:00:00,-0.1
05-18-2026 03:15:00,-0.1
05-18-2026 03:30:00,-0.1
05-18-2026 03:45:00,-0.1
05-18-2026 04:00:00,-0.1
05-18-2026 04:15:00,-0.1
05-18-2026 04:30:00,-0.1
05-18-2026 04:45:00,-0.1
05-18-2026 05:00:00,-0.1
05-18-2026 05:15:00,-0.1
05-18-2026 05:30:00,-0.1
05-18-2026 05:45:00,-0.145
05-18-2026 06:00:00,-0.111
05-18-2026 06:15:00,-0.045
05-18-2026 06:30:00,0.57
05-18-2026 06:45:00,1.039
05-18-2026 07:00:00,1.484
05-18-2026 07:15:00,1.367
05-18-2026 07:30:00,2.113
05-18-2026 07:45:00,2.297
05-18-2026 08:00:00,2.648
05-18-2026 08:15:00,4.289
05-18-2026 08:30:00,6.052
05-18-2026 08:45:00,6.351
05-18-2026 09:00:00,6.755
05-18-2026 09:15:00,6.669
05-18-2026 09:30:00,7.24
05-18-2026 09:45:00,9.796
05-18-2026 10:00:00,8.507
05-18-2026 10:15:00,8.273
05-18-2026 10:30:00,7.348
05-18-2026 10:45:00,11.588
05-18-2026 11:00:00,6.821
05-18-2026 11:15:00,7.31
05-18-2026 11:30:00,9.676
05-18-2026 11:45:00,13.093
05-18-2026 12:00:00,10.713
05-18-2026 12:15:00,11.098
05-18-2026 12:30:00,12.278
05-18-2026 12:45:00,11.194
05-18-2026 13:00:00,12.53
05-18-2026 13:15:00,13.775
05-18-2026 13:30:00,15.85
05-18-2026 13:45:00,15.558
05-18-2026 14:00:00,15.225
05-18-2026 14:15:00,14.058
05-18-2026 14:30:00,14.374
05-18-2026 14:45:00,11.241
05-18-2026 15:00:00,13.695
05-18-2026 15:15:00,10.8
05-18-2026 15:30:00,10.797
05-18-2026 15:45:00,9.655
05-18-2026 16:00:00,10.473
05-18-2026 16:15:00,5.117
05-18-2026 16:30:00,8.237
05-18-2026 16:45:00,6.727
05-18-2026 17:00:00,6.57
05-18-2026 17:15:00,5.811
05-18-2026 17:30:00,4.211
05-18-2026 17:45:00,3.037
05-18-2026 18:00:00,1.801
05-18-2026 18:15:00,0.816
05-18-2026 18:30:00,0.437
05-18-2026 18:45:00,-0.012
05-18-2026 19:00:00,-0.145
05-18-2026 19:15:00,-0.211
05-18-2026 19:30:00,-0.1
05-18-2026 19:45:00,-0.1
05-18-2026 20:00:00,-0.1
05-18-2026 20:15:00,-0.1
05-18-2026 20:30:00,-0.1
05-18-2026 20:45:00,-0.1
05-18-2026 21:00:00,-0.1
05-18-2026 21:15:00,-0.1
05-18-2026 21:30:00,-0.1
05-18-2026 21:45:00,-0.1
05-18-2026 22:00:00,-0.1
05-18-2026 22:15:00,-0.1
05-18-2026 22:30:00,-0.1
05-18-2026 22:45:00,-0.1
05-18-2026 23:00:00,-0.1
05-18-2026 23:15:00,-0.1
05-18-2026 23:30:00,-0.1
05-18-2026 23:45:00,-0.1
05-19-2026 00:00:00,-0.1
05-19-2026 00:15:00,-0.1
05-19-2026 00:30:00,-0.1
05-19-2026 00:45:00,-0.1
05-19-2026 01:00:00,-0.1
05-19-2026 01:15:00,-0.1
05-19-2026 01:30:00,-0.1
05-19-2026 01:45:00,-0.1
05-19-2026 02:00:00,-0.1
05-19-2026 02:15:00,-0.1
05-19-2026 02:30:00,-0.1
05-19-2026 02:45:00,-0.1
05-19-2026 03:00:00,-0.1
05-19-2026 03:15:00,-0.1
05-19-2026 03:30:00,-0.1
05-19-2026 03:45:00,-0.1
05-19-2026 04:00:00,-0.1
05-19-2026 04:15:00,-0.1
05-19-2026 04:30:00,-0.1
05-19-2026 04:45:00,-0.1
05-19-2026 05:00:00,-0.1
05-19-2026 05:15:00,-0.1
05-19-2026 05:30:00,-0.1
05-19-2026 05:45:00,-0.128
05-19-2026 06:00:00,-0.105
05-19-2026 06:15:00,0.145
05-19-2026 06:30:00,0.456
05-19-2026 06:45:00,0.824
05-19-2026 07:00:00,1.324
05-19-2026 07:15:00,2.107
05-19-2026 07:30:00,2.735
05-19-2026 07:45:00,3.664
05-19-2026 08:00:00,5.497
05-19-2026 08:15:00,6.939
05-19-2026 08:30:00,6.403
05-19-2026 08:45:00,7.788
05-19-2026 09:00:00,7.982
05-19-2026 09:15:00,8.449
05-19-2026 09:30:00,8.17
05-19-2026 09:45:00,8.649
05-19-2026 10:00:00,10.892
05-19-2026 10:15:00,11.152
05-19-2026 10:30:00,13.334
05-19-2026 10:45:00,9.512
05-19-2026 11:00:00,13.641
05-19-2026 11:15:00,13.017
05-19-2026 11:30:00,14.36
05-19-2026 11:45:00,14.415
05-19-2026 12:00:00,15.084
05-19-2026 12:15:00,14.983
05-19-2026 12:30:00,15.173
05-19-2026 12:45:00,15.311
05-19-2026 13:00:00,13.783
05-19-2026 13:15:00,13.214
05-19-2026 13:30:00,14.992
05-19-2026 13:45:00,15.833
05-19-2026 14:00:00,14.568
05-19-2026 14:15:00,15.16
05-19-2026 14:30:00,13.131
05-19-2026 14:45:00,12.76
05-19-2026 15:00:00,11.174
05-19-2026 15:15:00,10.157
05-19-2026 15:30:00,12.511
05-19-2026 15:45:00,5.848
05-19-2026 16:00:00,8.133
05-19-2026 16:15:00,8.396
05-19-2026 16:30:00,6.163
05-19-2026 16:45:00,5.18
05-19-2026 17:00:00,5.267
05-19-2026 17:15:00,6.091
05-19-2026 17:30:00,4.03
05-19-2026 17:45:00,3.436
05-19-2026 18:00:00,2.357
05-19-2026 18:15:00,1.151
05-19-2026 18:30:00,0.488
05-19-2026 18:45:00,0.049
05-19-2026 19:00:00,-0.139
05-19-2026 19:15:00,-0.211
05-19-2026 19:30:00,-0.1
05-19-2026 19:45:00,-0.1
05-19-2026 20:00:00,-0.1
05-19-2026 20:15:00,-0.1
05-19-2026 20:30:00,-0.1
05-19-2026 20:45:00,-0.1
05-19-2026 21:00:00,-0.1
05-19-2026 21:15:00,-0.1
05-19-2026 21:30:00,-0.1
05-19-2026 21:45:00,-0.1
05-19-2026 22:00:00,-0.1
05-19-2026 22:15:00,-0.1
05-19-2026 22:30:00,-0.1
05-19-2026 22:45:00,-0.1
05-19-2026 23:00:00,-0.1
05-19-2026 23:15:00,-0.1
05-19-2026 23:30:00,-0.1
05-19-2026 23:45:00,-0.1
05-20-2026 00:00:00,-0.1
05-20-2026 00:15:00,-0.1
05-20-2026 00:30:00,-0.1
05-20-2026 00:45:00,-0.1
05-20-2026 01:00:00,-0.1
05-20-2026 01:15:00,-0.1
05-20-2026 01:30:00,-0.1
05-20-2026 01:45:00,-0.1
05-20-2026 02:00:00,-0.1
05-20-2026 02:15:00,-0.1
05-20-2026 02:30:00,-0.1
05-20-2026 02:45:00,-0.1
05-20-2026 03:00:00,-0.1
05-20-2026 03:15:00,-0.1
05-20-2026 03:30:00,-0.1
05-20-2026 03:45:00,-0.1
05-20-2026 04:00:00,-0.1
05-20-2026 04:15:00,-0.1
05-20-2026 04:30:00,-0.1
05-20-2026 04:45:00,-0.1
05-20-2026 05:00:00,-0.1
05-20-2026 05:15:00,-0.1
05-20-2026 05:30:00,-0.1
05-20-2026 05:45:00,-0.139
05-20-2026 06:00:00,-0.094
05-20-2026 06:15:00,0.045
05-20-2026 06:30:00,0.223
05-20-2026 06:45:00,0.433
05-20-2026 07:00:00,0.589
05-20-2026 07:15:00,2.189
05-20-2026 07:30:00,1.869
05-20-2026 07:45:00,3.885
05-20-2026 08:00:00,2.921
05-20-2026 08:15:00,3.137
05-20-2026 08:30:00,2.862
05-20-2026 08:45:00,3.967
05-20-2026 09:00:00,7.216
05-20-2026 09:15:00,7.268
05-20-2026 09:30:00,9.529
05-20-2026 09:45:00,8.788
05-20-2026 10:00:00,9.597
05-20-2026 10:15:00,11.158
05-20-2026 10:30:00,9.481
05-20-2026 10:45:00,12.307
05-20-2026 11:00:00,12.328
05-20-2026 11:15:00,16.489
05-20-2026 11:30:00,13.774
05-20-2026 11:45:00,14.54
05-20-2026 12:00:00,11.882
05-20-2026 12:15:00,9.984
05-20-2026 12:30:00,10.457
05-20-2026 12:45:00,10.804
05-20-2026 13:00:00,11.176
05-20-2026 13:15:00,11.23
05-20-2026 13:30:00,6.078
05-20-2026 13:45:00,6.121
05-20-2026 14:00:00,5.717
05-20-2026 14:15:00,5.399
05-20-2026 14:30:00,6.99
05-20-2026 14:45:00,8.841
05-20-2026 15:00:00,9.711
05-20-2026 15:15:00,6.707
05-20-2026 15:30:00,7.146
05-20-2026 15:45:00,10.542
05-20-2026 16:00:00,10.718
05-20-2026 16:15:00,8.621
05-20-2026 16:30:00,3.62
05-20-2026 16:45:00,3.651
05-20-2026 17:00:00,4.139
05-20-2026 17:15:00,3.408
05-20-2026 17:30:00,3.431
05-20-2026 17:45:00,1.356
05-20-2026 18:00:00,1.4
05-20-2026 18:15:00,0.194
05-20-2026 18:30:00,0.183
05-20-2026 18:45:00,-0.078
05-20-2026 19:00:00,-0.233
05-20-2026 19:15:00,-0.1
05-20-2026 19:30:00,-0.1
05-20-2026 19:45:00,-0.1
05-20-2026 20:00:00,-0.1
05-20-2026 20:15:00,-0.1
05-20-2026 20:30:00,-0.1
05-20-2026 20:45:00,-0.1
05-20-2026 21:00:00,-0.1
05-20-2026 21:15:00,-0.1
05-20-2026 21:30:00,-0.1
05-20-2026 21:45:00,-0.1
05-20-2026 22:00:00,-0.1
05-20-2026 22:15:00,-0.1
05-20-2026 22:30:00,-0.1
05-20-2026 22:45:00,-0.1
05-20-2026 23:00:00,-0.1
05-20-2026 23:15:00,-0.1
05-20-2026 23:30:00,-0.1
05-20-2026 23:45:00,-0.1
05-21-2026 00:00:00,-0.1
05-21-2026 00:15:00,-0.1
05-21-2026 00:30:00,-0.1
05-21-2026 00:45:00,-0.1
05-21-2026 01:00:00,-0.1
05-21-2026 01:15:00,-0.1
05-21-2026 01:30:00,-0.1
05-21-2026 01:45:00,-0.1
05-21-2026 02:00:00,-0.1
05-21-2026 02:15:00,-0.1
05-21-2026 02:30:00,-0.1
05-21-2026 02:45:00,-0.1
05-21-2026 03:00:00,-0.1
05-21-2026 03:15:00,-0.1
05-21-2026 03:30:00,-0.1
05-21-2026 03:45:00,-0.1
05-21-2026 04:00:00,-0.1
05-21-2026 04:15:00,-0.1
05-21-2026 04:30:00,-0.1
05-21-2026 04:45:00,-0.1
05-21-2026 05:00:00,-0.1
05-21-2026 05:15:00,-0.1
05-21-2026 05:30:00,-0.1
05-21-2026 05:45:00,-0.139
05-21-2026 06:00:00,-0.084
05-21-2026 06:15:00,0.088
05-21-2026 06:30:00,0.512
05-21-2026 06:45:00,0.703
05-21-2026 07:00:00,1.061
05-21-2026 07:15:00,2.451
05-21-2026 07:30:00,1.785
05-21-2026 07:45:00,1.858
05-21-2026 08:00:00,2.389
05-21-2026 08:15:00,3.177
05-21-2026 08:30:00,3.945
05-21-2026 08:45:00,3.636
05-21-2026 09:00:00,3.975
05-21-2026 09:15:00,5.98
05-21-2026 09:30:00,4.266
05-21-2026 09:45:00,9.01
05-21-2026 10:00:00,10.383
05-21-2026 10:15:00,7.25
05-21-2026 10:30:00,6.956
05-21-2026 10:45:00,6.984
05-21-2026 11:00:00,7.26
05-21-2026 11:15:00,12.569
05-21-2026 11:30:00,5.724
05-21-2026 11:45:00,5.352
05-21-2026 12:00:00,8.155
05-21-2026 12:15:00,10.18
05-21-2026 12:30:00,9.833
05-21-2026 12:45:00,6.42
05-21-2026 13:00:00,6.828
05-21-2026 13:15:00,7.047
05-21-2026 13:30:00,9.485
05-21-2026 13:45:00,10.176
05-21-2026 14:00:00,8.121
05-21-2026 14:15:00,5.431
05-21-2026 14:30:00,5.437
05-21-2026 14:45:00,5.807
05-21-2026 15:00:00,3.724
05-21-2026 15:15:00,2.664
05-21-2026 15:30:00,3.059
05-21-2026 15:45:00,2.61
05-21-2026 16:00:00,2.939
05-21-2026 16:15:00,2.476
05-21-2026 16:30:00,1.976
05-21-2026 16:45:00,1.567
05-21-2026 17:00:00,1.244
05-21-2026 17:15:00,1.007
05-21-2026 17:30:00,0.74
05-21-2026 17:45:00,0.677
05-21-2026 18:00:00,0.506
05-21-2026 18:15:00,""
05-21-2026 18:30:00,""
05-21-2026 18:45:00,""
05-21-2026 19:00:00,-0.1
05-21-2026 19:15:00,-0.1
05-21-2026 19:30:00,-0.1
05-21-2026 19:45:00,-0.1
05-21-2026 20:00:00,-0.1
05-21-2026 20:15:00,-0.1
05-21-2026 20:30:00,-0.1
05-21-2026 20:45:00,-0.1
05-21-2026 21:00:00,-0.1
05-21-2026 21:15:00,-0.1
05-21-2026 21:30:00,-0.1
05-21-2026 21:45:00,-0.1
05-21-2026 22:00:00,-0.1
05-21-2026 22:15:00,-0.1
05-21-2026 22:30:00,-0.1
05-21-2026 22:45:00,-0.1
05-21-2026 23:00:00,-0.1
05-21-2026 23:15:00,-0.1
05-21-2026 23:30:00,-0.1
05-21-2026 23:45:00,-0.1
05-22-2026 00:00:00,-0.1
05-22-2026 00:15:00,-0.1
05-22-2026 00:30:00,-0.1
05-22-2026 00:45:00,-0.1
05-22-2026 01:00:00,-0.1
05-22-2026 01:15:00,-0.1
05-22-2026 01:30:00,-0.1
05-22-2026 01:45:00,-0.1
05-22-2026 02:00:00,-0.1
05-22-2026 02:15:00,-0.1
05-22-2026 02:30:00,-0.1
05-22-2026 02:45:00,-0.1
05-22-2026 03:00:00,-0.1
05-22-2026 03:15:00,-0.1
05-22-2026 03:30:00,-0.1
05-22-2026 03:45:00,-0.1
05-22-2026 04:00:00,-0.1
05-22-2026 04:15:00,-0.1
05-22-2026 04:30:00,-0.1
05-22-2026 04:45:00,-0.1
05-22-2026 05:00:00,-0.1
05-22-2026 05:15:00,-0.1
05-22-2026 05:30:00,-0.1
05-22-2026 05:45:00,-0.13
05-22-2026 06:00:00,-0.109
05-22-2026 06:15:00,0.384
05-22-2026 06:30:00,0.906
05-22-2026 06:45:00,1.324
05-22-2026 07:00:00,1.845
05-22-2026 07:15:00,3.162
05-22-2026 07:30:00,4.884
05-22-2026 07:45:00,3.591
05-22-2026 08:00:00,3.925
05-22-2026 08:15:00,3.996
05-22-2026 08:30:00,5.178
05-22-2026 08:45:00,6.289
05-22-2026 09:00:00,6.082
05-22-2026 09:15:00,7.271
05-22-2026 09:30:00,6.953
05-22-2026 09:45:00,10.022
05-22-2026 10:00:00,7.9
05-22-2026 10:15:00,8.128
05-22-2026 10:30:00,8.509
05-22-2026 10:45:00,5.721
05-22-2026 11:00:00,6.794
05-22-2026 11:15:00,11.24
05-22-2026 11:30:00,9.595
05-22-2026 11:45:00,8.663
05-22-2026 12:00:00,9.369
05-22-2026 12:15:00,9.948
05-22-2026 12:30:00,10.171
05-22-2026 12:45:00,8.868
05-22-2026 13:00:00,10.586
05-22-2026 13:15:00,16.788
05-22-2026 13:30:00,16.314
05-22-2026 13:45:00,14.524
05-22-2026 14:00:00,9.003
05-22-2026 14:15:00,7.546
05-22-2026 14:30:00,7.165
05-22-2026 14:45:00,5.452
05-22-2026 15:00:00,3.727
05-22-2026 15:15:00,3.78
05-22-2026 15:30:00,4.084
05-22-2026 15:45:00,4.197
05-22-2026 16:00:00,3.329
05-22-2026 16:15:00,3.324
05-22-2026 16:30:00,3.232
05-22-2026 16:45:00,2.082
05-22-2026 17:00:00,2.133
05-22-2026 17:15:00,1.675
05-22-2026 17:30:00,1.288
05-22-2026 17:45:00,1.243
05-22-2026 18:00:00,0.936
05-22-2026 18:15:00,0.272
05-22-2026 18:30:00,0.041
05-22-2026 18:45:00,-0.114
05-22-2026 19:00:00,-0.224
05-22-2026 19:15:00,-0.1
05-22-2026 19:30:00,-0.1
05-22-2026 19:45:00,-0.1
05-22-2026 20:00:00,-0.1
05-22-2026 20:15:00,-0.1
05-22-2026 20:30:00,-0.1
05-22-2026 20:45:00,-0.1
05-22-2026 21:00:00,-0.1
05-22-2026 21:15:00,-0.1
05-22-2026 21:30:00,-0.1
05-22-2026 21:45:00,-0.1
05-22-2026 22:00:00,-0.1
05-22-2026 22:15:00,-0.1
05-22-2026 22:30:00,-0.1
05-22-2026 22:45:00,-0.1
05-22-2026 23:00:00,-0.1
05-22-2026 23:15:00,-0.1
05-22-2026 23:30:00,-0.1
05-22-2026 23:45:00,-0.1
05-23-2026 00:00:00,-0.1
05-23-2026 00:15:00,-0.1
05-23-2026 00:30:00,-0.1
05-23-2026 00:45:00,-0.1
05-23-2026 01:00:00,-0.1
05-23-2026 01:15:00,-0.1
05-23-2026 01:30:00,-0.1
05-23-2026 01:45:00,-0.1
05-23-2026 02:00:00,-0.1
05-23-2026 02:15:00,-0.1
05-23-2026 02:30:00,-0.1
05-23-2026 02:45:00,-0.1
05-23-2026 03:00:00,-0.1
05-23-2026 03:15:00,-0.1
05-23-2026 03:30:00,-0.1
05-23-2026 03:45:00,-0.1
05-23-2026 04:00:00,-0.1
05-23-2026 04:15:00,-0.1
05-23-2026 04:30:00,-0.1
05-23-2026 04:45:00,-0.1
05-23-2026 05:00:00,-0.1
05-23-2026 05:15:00,-0.1
05-23-2026 05:30:00,-0.1
05-23-2026 05:45:00,-0.158
05-23-2026 06:00:00,-0.095
05-23-2026 06:15:00,0.324
05-23-2026 06:30:00,0.702
05-23-2026 06:45:00,1.23
05-23-2026 07:00:00,1.222
05-23-2026 07:15:00,1.894
05-23-2026 07:30:00,2.168
05-23-2026 07:45:00,2.81
05-23-2026 08:00:00,3.841
05-23-2026 08:15:00,4.282
05-23-2026 08:30:00,5.547
05-23-2026 08:45:00,5.598
05-23-2026 09:00:00,5.591
05-23-2026 09:15:00,8.155
05-23-2026 09:30:00,11.433
05-23-2026 09:45:00,9.87
05-23-2026 10:00:00,11.238
05-23-2026 10:15:00,9.008
05-23-2026 10:30:00,12.129
05-23-2026 10:45:00,8.719
05-23-2026 11:00:00,17.402
05-23-2026 11:15:00,16.838
05-23-2026 11:30:00,12.458
05-23-2026 11:45:00,17.822
05-23-2026 12:00:00,11.635
05-23-2026 12:15:00,14.62
05-23-2026 12:30:00,16.545
05-23-2026 12:45:00,16.597
05-23-2026 13:00:00,15.537
05-23-2026 13:15:00,14.165
05-23-2026 13:30:00,13.31
05-23-2026 13:45:00,9.496
05-23-2026 14:00:00,10.174
05-23-2026 14:15:00,7.092
05-23-2026 14:30:00,6.153
05-23-2026 14:45:00,5.894
05-23-2026 15:00:00,8.307
05-23-2026 15:15:00,5.141
05-23-2026 15:30:00,7.944
05-23-2026 15:45:00,6.156
05-23-2026 16:00:00,3.818
05-23-2026 16:15:00,3.826
05-23-2026 16:30:00,3.433
05-23-2026 16:45:00,3.316
05-23-2026 17:00:00,2.861
05-23-2026 17:15:00,3.245
05-23-2026 17:30:00,2.802
05-23-2026 17:45:00,2.154
05-23-2026 18:00:00,2.129
05-23-2026 18:15:00,0.746
05-23-2026 18:30:00,0.217
05-23-2026 18:45:00,-0.041
05-23-2026 19:00:00,-0.199
05-23-2026 19:15:00,-0.12
05-23-2026 19:30:00,-0.1
05-23-2026 19:45:00,-0.1
05-23-2026 20:00:00,-0.1
05-23-2026 20:15:00,-0.1
05-23-2026 20:30:00,-0.1
05-23-2026 20:45:00,-0.1
05-23-2026 21:00:00,-0.1
05-23-2026 21:15:00,-0.1
05-23-2026 21:30:00,-0.1
05-23-2026 21:45:00,-0.1
05-23-2026 22:00:00,-0.1
05-23-2026 22:15:00,-0.1
05-23-2026 22:30:00,-0.1
05-23-2026 22:45:00,-0.1
05-23-2026 23:00:00,-0.1
05-23-2026 23:15:00,-0.1
05-23-2026 23:30:00,-0.1
05-23-2026 23:45:00,-0.1
05-24-2026 00:00:00,-0.1
05-24-2026 00:15:00,-0.1
05-24-2026 00:30:00,-0.1
05-24-2026 00:45:00,-0.1
05-24-2026 01:00:00,-0.1
05-24-2026 01:15:00,-0.1
05-24-2026 01:30:00,-0.1
05-24-2026 01:45:00,-0.1
05-24-2026 02:00:00,-0.1
05-24-2026 02:15:00,-0.1
05-24-2026 02:30:00,-0.1
05-24-2026 02:45:00,-0.1
05-24-2026 03:00:00,-0.1
05-24-2026 03:15:00,-0.1
05-24-2026 03:30:00,-0.1
05-24-2026 03:45:00,-0.1
05-24-2026 04:00:00,-0.1
05-24-2026 04:15:00,-0.1
05-24-2026 04:30:00,-0.1
05-24-2026 04:45:00,-0.1
05-24-2026 05:00:00,-0.1
05-24-2026 05:15:00,-0.1
05-24-2026 05:30:00,-0.1
05-24-2026 05:45:00,-0.137
05-24-2026 06:00:00,-0.081
05-24-2026 06:15:00,0.207
05-24-2026 06:30:00,0.502
05-24-2026 06:45:00,0.885
05-24-2026 07:00:00,1.293
05-24-2026 07:15:00,1.602
05-24-2026 07:30:00,1.935
05-24-2026 07:45:00,2.66
05-24-2026 08:00:00,2.435
05-24-2026 08:15:00,3.397
05-24-2026 08:30:00,3.439
05-24-2026 08:45:00,6.507
05-24-2026 09:00:00,5.188
05-24-2026 09:15:00,5.401
05-24-2026 09:30:00,5.161
05-24-2026 09:45:00,5.653
05-24-2026 10:00:00,6.651
05-24-2026 10:15:00,9.915
05-24-2026 10:30:00,9.401
05-24-2026 10:45:00,10.579
05-24-2026 11:00:00,13.993
05-24-2026 11:15:00,10.565
05-24-2026 11:30:00,6.33
05-24-2026 11:45:00,15.041
05-24-2026 12:00:00,15.201
05-24-2026 12:15:00,13.383
05-24-2026 12:30:00,13.329
05-24-2026 12:45:00,13.874
05-24-2026 13:00:00,12.251
05-24-2026 13:15:00,13.139
05-24-2026 13:30:00,14.128
05-24-2026 13:45:00,15.49
05-24-2026 14:00:00,13.44
05-24-2026 14:15:00,15.978
05-24-2026 14:30:00,15.991
05-24-2026 14:45:00,16.341
05-24-2026 15:00:00,8.557
05-24-2026 15:15:00,7.301
05-24-2026 15:30:00,5.366
05-24-2026 15:45:00,4.294
05-24-2026 16:00:00,6.142
05-24-2026 16:15:00,4.631
05-24-2026 16:30:00,2.531
05-24-2026 16:45:00,5.554
05-24-2026 17:00:00,5.978
05-24-2026 17:15:00,5.849
05-24-2026 17:30:00,5.03
05-24-2026 17:45:00,3.442
05-24-2026 18:00:00,1.993
05-24-2026 18:15:00,0.982
05-24-2026 18:30:00,0.617
05-24-2026 18:45:00,0.098
05-24-2026 19:00:00,-0.126
05-24-2026 19:15:00,-0.221
05-24-2026 19:30:00,-0.1
05-24-2026 19:45:00,-0.1
05-24-2026 20:00:00,-0.1
05-24-2026 20:15:00,-0.1
05-24-2026 20:30:00,-0.1
05-24-2026 20:45:00,-0.1
05-24-2026 21:00:00,-0.1
05-24-2026 21:15:00,-0.1
05-24-2026 21:30:00,-0.1
05-24-2026 21:45:00,-0.1
05-24-2026 22:00:00,-0.1
05-24-2026 22:15:00,-0.1
05-24-2026 22:30:00,-0.1
05-24-2026 22:45:00,-0.1
05-24-2026 23:00:00,-0.1
05-24-2026 23:15:00,-0.1
05-24-2026 23:30:00,-0.1
05-24-2026 23:45:00,-0.1
05-25-2026 00:00:00,-0.1
05-25-2026 00:15:00,-0.1
05-25-2026 00:30:00,-0.1
05-25-2026 00:45:00,-0.1
05-25-2026 01:00:00,-0.1
05-25-2026 01:15:00,-0.1
05-25-2026 01:30:00,-0.1
05-25-2026 01:45:00,-0.1
05-25-2026 02:00:00,-0.1
05-25-2026 02:15:00,-0.1
05-25-2026 02:30:00,-0.1
05-25-2026 02:45:00,-0.1
05-25-2026 03:00:00,-0.1
05-25-2026 03:15:00,-0.1
05-25-2026 03:30:00,-0.1
05-25-2026 03:45:00,-0.1
05-25-2026 04:00:00,-0.1
05-25-2026 04:15:00,-0.1
05-25-2026 04:30:00,-0.1
05-25-2026 04:45:00,-0.1
05-25-2026 05:00:00,-0.1
05-25-2026 05:15:00,-0.1
05-25-2026 05:30:00,-0.1
05-25-2026 05:45:00,-0.137
05-25-2026 06:00:00,-0.083
05-25-2026 06:15:00,0.08
05-25-2026 06:30:00,0.451
05-25-2026 06:45:00,0.712
05-25-2026 07:00:00,1.024
05-25-2026 07:15:00,1.316
05-25-2026 07:30:00,1.512
05-25-2026 07:45:00,2.369
05-25-2026 08:00:00,2.123
05-25-2026 08:15:00,2.047
05-25-2026 08:30:00,2.383
05-25-2026 08:45:00,2.535
05-25-2026 09:00:00,3.392
05-25-2026 09:15:00,5.63
05-25-2026 09:30:00,5.833
05-25-2026 09:45:00,10.985
05-25-2026 10:00:00,7.943
05-25-2026 10:15:00,11.452
05-25-2026 10:30:00,10.16
05-25-2026 10:45:00,7.534
05-25-2026 11:00:00,16.088
05-25-2026 11:15:00,14.202
05-25-2026 11:30:00,15.666
05-25-2026 11:45:00,13.738
05-25-2026 12:00:00,16.68
05-25-2026 12:15:00,14.979
05-25-2026 12:30:00,16.344
05-25-2026 12:45:00,13.805
05-25-2026 13:00:00,16.382
05-25-2026 13:15:00,14.84
05-25-2026 13:30:00,15.714
05-25-2026 13:45:00,15.569
05-25-2026 14:00:00,14.988
05-25-2026 14:15:00,14.18
05-25-2026 14:30:00,14.76
05-25-2026 14:45:00,14.385
05-25-2026 15:00:00,13.262
05-25-2026 15:15:00,12.278
05-25-2026 15:30:00,13.165
05-25-2026 15:45:00,11.226
05-25-2026 16:00:00,9.252
05-25-2026 16:15:00,8.922
05-25-2026 16:30:00,8.119
05-25-2026 16:45:00,6.709
05-25-2026 17:00:00,5.151
05-25-2026 17:15:00,2.966
05-25-2026 17:30:00,3.77
05-25-2026 17:45:00,1.839
05-25-2026 18:00:00,2.492
05-25-2026 18:15:00,0.961
05-25-2026 18:30:00,0.592
05-25-2026 18:45:00,0.046
05-25-2026 19:00:00,-0.157
05-25-2026 19:15:00,-0.154
05-25-2026 19:30:00,-0.1
05-25-2026 19:45:00,-0.1
05-25-2026 20:00:00,-0.1
05-25-2026 20:15:00,-0.1
05-25-2026 20:30:00,-0.1
05-25-2026 20:45:00,-0.1
05-25-2026 21:00:00,-0.1
05-25-2026 21:15:00,-0.1
05-25-2026 21:30:00,-0.1
05-25-2026 21:45:00,-0.1
05-25-2026 22:00:00,-0.1
05-25-2026 22:15:00,-0.1
05-25-2026 22:30:00,-0.1
05-25-2026 22:45:00,-0.1
05-25-2026 23:00:00,-0.1
05-25-2026 23:15:00,-0.1
05-25-2026 23:30:00,-0.1
05-25-2026 23:45:00,-0.1
05-26-2026 00:00:00,-0.1
05-26-2026 00:15:00,-0.1
05-26-2026 00:30:00,-0.1
05-26-2026 00:45:00,-0.1
05-26-2026 01:00:00,-0.1
05-26-2026 01:15:00,-0.1
05-26-2026 01:30:00,-0.1
05-26-2026 01:45:00,-0.1
05-26-2026 02:00:00,-0.1
05-26-2026 02:15:00,-0.1
05-26-2026 02:30:00,-0.1
05-26-2026 02:45:00,-0.1
05-26-2026 03:00:00,-0.1
05-26-2026 03:15:00,-0.1
05-26-2026 03:30:00,-0.1
05-26-2026 03:45:00,-0.1
05-26-2026 04:00:00,-0.1
05-26-2026 04:15:00,-0.1
05-26-2026 04:30:00,-0.1
05-26-2026 04:45:00,-0.1
05-26-2026 05:00:00,-0.1
05-26-2026 05:15:00,-0.1
05-26-2026 05:30:00,-0.1
05-26-2026 05:45:00,-0.122
05-26-2026 06:00:00,-0.08
05-26-2026 06:15:00,0.162
05-26-2026 06:30:00,0.34
05-26-2026 06:45:00,0.511
05-26-2026 07:00:00,0.77
05-26-2026 07:15:00,1.664
05-26-2026 07:30:00,2.729
05-26-2026 07:45:00,2.814
05-26-2026 08:00:00,3.267
05-26-2026 08:15:00,2.884
05-26-2026 08:30:00,6.266
05-26-2026 08:45:00,6.449
05-26-2026 09:00:00,11.602
05-26-2026 09:15:00,10.014
05-26-2026 09:30:00,11.929
05-26-2026 09:45:00,12.893
05-26-2026 10:00:00,11.303
05-26-2026 10:15:00,9.036
05-26-2026 10:30:00,10.572
05-26-2026 10:45:00,10.178
05-26-2026 11:00:00,10.938
05-26-2026 11:15:00,11.751
05-26-2026 11:30:00,14.558
05-26-2026 11:45:00,14.236
05-26-2026 12:00:00,12.375
05-26-2026 12:15:00,12.873
05-26-2026 12:30:00,15.254
05-26-2026 12:45:00,13.859
05-26-2026 13:00:00,11.019
05-26-2026 13:15:00,8.863
05-26-2026 13:30:00,9.913
05-26-2026 13:45:00,9.979
05-26-2026 14:00:00,15.662
05-26-2026 14:15:00,14.133
05-26-2026 14:30:00,12.581
05-26-2026 14:45:00,10.597
05-26-2026 15:00:00,12.899
05-26-2026 15:15:00,13.262
05-26-2026 15:30:00,13.415
05-26-2026 15:45:00,11.275
05-26-2026 16:00:00,2.992
05-26-2026 16:15:00,2.694
05-26-2026 16:30:00,3.881
05-26-2026 16:45:00,8.006
05-26-2026 17:00:00,4.898
05-26-2026 17:15:00,5.631
05-26-2026 17:30:00,4.36
05-26-2026 17:45:00,3.313
05-26-2026 18:00:00,1.681
05-26-2026 18:15:00,0.927
05-26-2026 18:30:00,0.773
05-26-2026 18:45:00,0.167
05-26-2026 19:00:00,-0.125
05-26-2026 19:15:00,-0.22
05-26-2026 19:30:00,-0.1
05-26-2026 19:45:00,-0.1
05-26-2026 20:00:00,-0.1
05-26-2026 20:15:00,-0.1
05-26-2026 20:30:00,-0.1
05-26-2026 20:45:00,-0.1
05-26-2026 21:00:00,-0.1
05-26-2026 21:15:00,-0.1
05-26-2026 21:30:00,-0.1
05-26-2026 21:45:00,-0.1
05-26-2026 22:00:00,-0.1
05-26-2026 22:15:00,-0.1
05-26-2026 22:30:00,-0.1
05-26-2026 22:45:00,-0.1
05-26-2026 23:00:00,-0.1
05-26-2026 23:15:00,-0.1
05-26-2026 23:30:00,-0.1
05-26-2026 23:45:00,-0.1
05-27-2026 00:00:00,-0.1
05-27-2026 00:15:00,-0.1
05-27-2026 00:30:00,-0.1
05-27-2026 00:45:00,-0.1
05-27-2026 01:00:00,-0.1
05-27-2026 01:15:00,-0.1
05-27-2026 01:30:00,-0.1
05-27-2026 01:45:00,-0.1
05-27-2026 02:00:00,-0.1
05-27-2026 02:15:00,-0.1
05-27-2026 02:30:00,-0.1
05-27-2026 02:45:00,-0.1
05-27-2026 03:00:00,-0.1
05-27-2026 03:15:00,-0.1
05-27-2026 03:30:00,-0.1
05-27-2026 03:45:00,-0.1
05-27-2026 04:00:00,-0.1
05-27-2026 04:15:00,-0.1
05-27-2026 04:30:00,-0.1
05-27-2026 04:45:00,-0.1
05-27-2026 05:00:00,-0.1
05-27-2026 05:15:00,-0.1
05-27-2026 05:30:00,-0.1
05-27-2026 05:45:00,-0.16
05-27-2026 06:00:00,-0.06
05-27-2026 06:15:00,0.161
05-27-2026 06:30:00,0.402
05-27-2026 06:45:00,0.45
05-27-2026 07:00:00,0.397
05-27-2026 07:15:00,2.803
05-27-2026 07:30:00,4.069
05-27-2026 07:45:00,4.804
05-27-2026 08:00:00,6.584
05-27-2026 08:15:00,5.649
05-27-2026 08:30:00,4.867
05-27-2026 08:45:00,6.57
05-27-2026 09:00:00,7.036
05-27-2026 09:15:00,6.074
05-27-2026 09:30:00,6.219
05-27-2026 09:45:00,10.716
05-27-2026 10:00:00,12.727
05-27-2026 10:15:00,14.452
05-27-2026 10:30:00,12.413
05-27-2026 10:45:00,8.088
05-27-2026 11:00:00,11.24
05-27-2026 11:15:00,7.88
05-27-2026 11:30:00,6.464
05-27-2026 11:45:00,8.993
05-27-2026 12:00:00,10.581
05-27-2026 12:15:00,13.85
05-27-2026 12:30:00,6.56
05-27-2026 12:45:00,12.806
05-27-2026 13:00:00,14.286
05-27-2026 13:15:00,8.636
05-27-2026 13:30:00,14.574
05-27-2026 13:45:00,16.164
05-27-2026 14:00:00,14.259
05-27-2026 14:15:00,14.952
05-27-2026 14:30:00,11.656
05-27-2026 14:45:00,14.626
05-27-2026 15:00:00,14.484
05-27-2026 15:15:00,13.483
05-27-2026 15:30:00,12.185
05-27-2026 15:45:00,7.516
05-27-2026 16:00:00,9.475
05-27-2026 16:15:00,9.928
05-27-2026 16:30:00,9.105
05-27-2026 16:45:00,5.893
05-27-2026 17:00:00,6.16
05-27-2026 17:15:00,5.321
05-27-2026 17:30:00,4.861
05-27-2026 17:45:00,3.429
05-27-2026 18:00:00,1.916
05-27-2026 18:15:00,0.821
05-27-2026 18:30:00,0.465
05-27-2026 18:45:00,0.063
05-27-2026 19:00:00,-0.124
05-27-2026 19:15:00,-0.22
05-27-2026 19:30:00,-0.1
05-27-2026 19:45:00,-0.1
05-27-2026 20:00:00,-0.1
05-27-2026 20:15:00,-0.1
05-27-2026 20:30:00,-0.1
05-27-2026 20:45:00,-0.1
05-27-2026 21:00:00,-0.1
05-27-2026 21:15:00,-0.1
05-27-2026 21:30:00,-0.1
05-27-2026 21:45:00,-0.1
05-27-2026 22:00:00,-0.1
05-27-2026 22:15:00,-0.1
05-27-2026 22:30:00,-0.1
05-27-2026 22:45:00,-0.1
05-27-2026 23:00:00,-0.1
05-27-2026 23:15:00,-0.1
05-27-2026 23:30:00,-0.1
05-27-2026 23:45:00,-0.1
05-28-2026 00:00:00,-0.1
05-28-2026 00:15:00,-0.1
05-28-2026 00:30:00,-0.1
05-28-2026 00:45:00,-0.1
05-28-2026 01:00:00,-0.1
05-28-2026 01:15:00,-0.1
05-28-2026 01:30:00,-0.1
05-28-2026 01:45:00,-0.1
05-28-2026 02:00:00,-0.1
05-28-2026 02:15:00,-0.1
05-28-2026 02:30:00,-0.1
05-28-2026 02:45:00,-0.1
05-28-2026 03:00:00,-0.1
05-28-2026 03:15:00,-0.1
05-28-2026 03:30:00,-0.1
05-28-2026 03:45:00,-0.1
05-28-2026 04:00:00,-0.1
05-28-2026 04:15:00,-0.1
05-28-2026 04:30:00,-0.1
05-28-2026 04:45:00,-0.1
05-28-2026 05:00:00,-0.1
05-28-2026 05:15:00,-0.1
05-28-2026 05:30:00,-0.1
05-28-2026 05:45:00,-0.204
05-28-2026 06:00:00,-0.084
05-28-2026 06:15:00,-0.02
05-28-2026 06:30:00,0.746
05-28-2026 06:45:00,1.347
05-28-2026 07:00:00,0.998
05-28-2026 07:15:00,1.117
05-28-2026 07:30:00,3.784
05-28-2026 07:45:00,3.793
05-28-2026 08:00:00,3.039
05-28-2026 08:15:00,2.527
05-28-2026 08:30:00,3.802
05-28-2026 08:45:00,6.18
05-28-2026 09:00:00,8.222
05-28-2026 09:15:00,6.731
05-28-2026 09:30:00,10.182
05-28-2026 09:45:00,12.694
05-28-2026 10:00:00,8.855
05-28-2026 10:15:00,11.239
05-28-2026 10:30:00,14.698
05-28-2026 10:45:00,14.375
05-28-2026 11:00:00,11.325
05-28-2026 11:15:00,14.029
05-28-2026 11:30:00,15.345
05-28-2026 11:45:00,15.6
05-28-2026 12:00:00,15.864
05-28-2026 12:15:00,14.653
05-28-2026 12:30:00,15.768
05-28-2026 12:45:00,12.944
05-28-2026 13:00:00,14.083
05-28-2026 13:15:00,14.018
05-28-2026 13:30:00,17.064
05-28-2026 13:45:00,12.635
05-28-2026 14:00:00,9.557
05-28-2026 14:15:00,7.985
05-28-2026 14:30:00,11.975
05-28-2026 14:45:00,5.738
05-28-2026 15:00:00,12.862
05-28-2026 15:15:00,12.658
05-28-2026 15:30:00,12.383
05-28-2026 15:45:00,10.779
05-28-2026 16:00:00,10.112
05-28-2026 16:15:00,10.111
05-28-2026 16:30:00,5.638
05-28-2026 16:45:00,5.299
05-28-2026 17:00:00,3.859
05-28-2026 17:15:00,5.035
05-28-2026 17:30:00,3.992
05-28-2026 17:45:00,3.725
05-28-2026 18:00:00,1.569
05-28-2026 18:15:00,1.055
05-28-2026 18:30:00,0.667
05-28-2026 18:45:00,0.017
05-28-2026 19:00:00,-0.178
05-28-2026 19:15:00,-0.155
05-28-2026 19:30:00,-0.1
05-28-2026 19:45:00,-0.1
05-28-2026 20:00:00,-0.1
05-28-2026 20:15:00,-0.1
05-28-2026 20:30:00,-0.1
05-28-2026 20:45:00,-0.1
05-28-2026 21:00:00,-0.1
05-28-2026 21:15:00,-0.1
05-28-2026 21:30:00,-0.1
05-28-2026 21:45:00,-0.1
05-28-2026 22:00:00,-0.1
05-28-2026 22:15:00,-0.1
05-28-2026 22:30:00,-0.1
05-28-2026 22:45:00,-0.1
05-28-2026 23:00:00,-0.1
05-28-2026 23:15:00,-0.1
05-28-2026 23:30:00,-0.1
05-28-2026 23:45:00,-0.1
05-29-2026 00:00:00,-0.1
05-29-2026 00:15:00,-0.1
05-29-2026 00:30:00,-0.1
05-29-2026 00:45:00,-0.1
05-29-2026 01:00:00,-0.1
05-29-2026 01:15:00,-0.1
05-29-2026 01:30:00,-0.1
05-29-2026 01:45:00,-0.1
05-29-2026 02:00:00,-0.1
05-29-2026 02:15:00,-0.1
05-29-2026 02:30:00,-0.1
05-29-2026 02:45:00,-0.1
05-29-2026 03:00:00,-0.1
05-29-2026 03:15:00,-0.1
05-29-2026 03:30:00,-0.1
05-29-2026 03:45:00,-0.1
05-29-2026 04:00:00,-0.1
05-29-2026 04:15:00,-0.1
05-29-2026 04:30:00,-0.1
05-29-2026 04:45:00,-0.1
05-29-2026 05:00:00,-0.1
05-29-2026 05:15:00,-0.1
05-29-2026 05:30:00,-0.1
05-29-2026 05:45:00,-0.16
05-29-2026 06:00:00,-0.084
05-29-2026 06:15:00,0.138
05-29-2026 06:30:00,0.655
05-29-2026 06:45:00,0.709
05-29-2026 07:00:00,1.471
05-29-2026 07:15:00,2.162
05-29-2026 07:30:00,2.341
05-29-2026 07:45:00,1.88
05-29-2026 08:00:00,2.809
05-29-2026 08:15:00,3.598
05-29-2026 08:30:00,2.877
05-29-2026 08:45:00,7.999
05-29-2026 09:00:00,11.092
05-29-2026 09:15:00,11.322
05-29-2026 09:30:00,12.07
05-29-2026 09:45:00,12.448
05-29-2026 10:00:00,12.521
05-29-2026 10:15:00,12.942
05-29-2026 10:30:00,12.191
05-29-2026 10:45:00,10.452
05-29-2026 11:00:00,10.162
05-29-2026 11:15:00,13.035
05-29-2026 11:30:00,7.403
05-29-2026 11:45:00,12.733
05-29-2026 12:00:00,11.522
05-29-2026 12:15:00,14.844
05-29-2026 12:30:00,15.86
05-29-2026 12:45:00,15.236
05-29-2026 13:00:00,15.214
05-29-2026 13:15:00,15.535
05-29-2026 13:30:00,11.119
05-29-2026 13:45:00,14.523
05-29-2026 14:00:00,9.124
05-29-2026 14:15:00,9.33
05-29-2026 14:30:00,11.221
05-29-2026 14:45:00,14.844
05-29-2026 15:00:00,12.935
05-29-2026 15:15:00,10.605
05-29-2026 15:30:00,10.073
05-29-2026 15:45:00,11.47
05-29-2026 16:00:00,6.571
05-29-2026 16:15:00,4.635
05-29-2026 16:30:00,5.135
05-29-2026 16:45:00,5.028
05-29-2026 17:00:00,2.842
05-29-2026 17:15:00,4.584
05-29-2026 17:30:00,2.358
05-29-2026 17:45:00,2.614
05-29-2026 18:00:00,3.128
05-29-2026 18:15:00,1.276
05-29-2026 18:30:00,0.546
05-29-2026 18:45:00,0.1
05-29-2026 19:00:00,-0.133
05-29-2026 19:15:00,-0.2
05-29-2026 19:30:00,-0.1
05-29-2026 19:45:00,-0.1
05-29-2026 20:00:00,-0.1
05-29-2026 20:15:00,-0.1
05-29-2026 20:30:00,-0.1
05-29-2026 20:45:00,-0.1
05-29-2026 21:00:00,-0.1
05-29-2026 21:15:00,-0.1
05-29-2026 21:30:00,-0.1
05-29-2026 21:45:00,-0.1
05-29-2026 22:00:00,-0.1
05-29-2026 22:15:00,-0.1
05-29-2026 22:30:00,-0.1
05-29-2026 22:45:00,-0.1
05-29-2026 23:00:00,-0.1
05-29-2026 23:15:00,-0.1
05-29-2026 23:30:00,-0.1
05-29-2026 23:45:00,-0.1
05-30-2026 00:00:00,-0.1
05-30-2026 00:15:00,-0.1
05-30-2026 00:30:00,-0.1
05-30-2026 00:45:00,-0.1
05-30-2026 01:00:00,-0.1
05-30-2026 01:15:00,-0.1
05-30-2026 01:30:00,-0.1
05-30-2026 01:45:00,-0.1
05-30-2026 02:00:00,-0.1
05-30-2026 02:15:00,-0.1
05-30-2026 02:30:00,-0.1
05-30-2026 02:45:00,-0.1
05-30-2026 03:00:00,-0.1
05-30-2026 03:15:00,-0.1
05-30-2026 03:30:00,-0.1
05-30-2026 03:45:00,-0.1
05-30-2026 04:00:00,-0.1
05-30-2026 04:15:00,-0.1
05-30-2026 04:30:00,-0.1
05-30-2026 04:45:00,-0.1
05-30-2026 05:00:00,-0.1
05-30-2026 05:15:00,-0.1
05-30-2026 05:30:00,-0.101
05-30-2026 05:45:00,-0.16
05-30-2026 06:00:00,-0.128
05-30-2026 06:15:00,0.112
05-30-2026 06:30:00,0.365
05-30-2026 06:45:00,0.359
05-30-2026 07:00:00,0.827
05-30-2026 07:15:00,0.91
05-30-2026 07:30:00,3.135
05-30-2026 07:45:00,5.767
05-30-2026 08:00:00,6.272
05-30-2026 08:15:00,7.734
05-30-2026 08:30:00,3.223
05-30-2026 08:45:00,6.118
05-30-2026 09:00:00,7.808
05-30-2026 09:15:00,6.175
05-30-2026 09:30:00,10.632
05-30-2026 09:45:00,6.142
05-30-2026 10:00:00,9.536
05-30-2026 10:15:00,7.543
05-30-2026 10:30:00,5.355
05-30-2026 10:45:00,5.618
05-30-2026 11:00:00,15.368
05-30-2026 11:15:00,11.291
05-30-2026 11:30:00,11.078
05-30-2026 11:45:00,6.35
05-30-2026 12:00:00,14.804
05-30-2026 12:15:00,11.463
05-30-2026 12:30:00,8.875
05-30-2026 12:45:00,11.331
05-30-2026 13:00:00,11.458
05-30-2026 13:15:00,14.4
05-30-2026 13:30:00,12.159
05-30-2026 13:45:00,13.094
05-30-2026 14:00:00,15.228
05-30-2026 14:15:00,14.887
05-30-2026 14:30:00,14.077
05-30-2026 14:45:00,12.764
05-30-2026 15:00:00,13.429
05-30-2026 15:15:00,12.814
05-30-2026 15:30:00,11.49
05-30-2026 15:45:00,11.579
05-30-2026 16:00:00,10.8
05-30-2026 16:15:00,9.936
05-30-2026 16:30:00,9.142
05-30-2026 16:45:00,7.997
05-30-2026 17:00:00,6.068
05-30-2026 17:15:00,5.533
05-30-2026 17:30:00,4.198
05-30-2026 17:45:00,3.072
05-30-2026 18:00:00,1.907
05-30-2026 18:15:00,0.926
05-30-2026 18:30:00,0.355
05-30-2026 18:45:00,0.013
05-30-2026 19:00:00,-0.176
05-30-2026 19:15:00,-0.141
05-30-2026 19:30:00,-0.1
05-30-2026 19:45:00,-0.1
05-30-2026 20:00:00,-0.1
05-30-2026 20:15:00,-0.1
05-30-2026 20:30:00,-0.1
05-30-2026 20:45:00,-0.1
05-30-2026 21:00:00,-0.1
05-30-2026 21:15:00,-0.1
05-30-2026 21:30:00,-0.1
05-30-2026 21:45:00,-0.1
05-30-2026 22:00:00,-0.1
05-30-2026 22:15:00,-0.1
05-30-2026 22:30:00,-0.1
05-30-2026 22:45:00,-0.1
05-30-2026 23:00:00,-0.1
05-30-2026 23:15:00,-0.1
05-30-2026 23:30:00,-0.1
05-30-2026 23:45:00,-0.1
05-31-2026 00:00:00,-0.1
05-31-2026 00:15:00,-0.1
05-31-2026 00:30:00,-0.1
05-31-2026 00:45:00,-0.1
05-31-2026 01:00:00,-0.1
05-31-2026 01:15:00,-0.1
05-31-2026 01:30:00,-0.1
05-31-2026 01:45:00,-0.1
05-31-2026 02:00:00,-0.1
05-31-2026 02:15:00,-0.1
05-31-2026 02:30:00,-0.1
05-31-2026 02:45:00,-0.1
05-31-2026 03:00:00,-0.1
05-31-2026 03:15:00,-0.1
05-31-2026 03:30:00,-0.1
05-31-2026 03:45:00,-0.1
05-31-2026 04:00:00,-0.1
05-31-2026 04:15:00,-0.1
05-31-2026 04:30:00,-0.1
05-31-2026 04:45:00,-0.1
05-31-2026 05:00:00,-0.1
05-31-2026 05:15:00,-0.1
05-31-2026 05:30:00,-0.102
05-31-2026 05:45:00,-0.197
05-31-2026 06:00:00,0.078
05-31-2026 06:15:00,0.682
05-31-2026 06:30:00,0.91
05-31-2026 06:45:00,1.333
05-31-2026 07:00:00,1.604
05-31-2026 07:15:00,2.059
05-31-2026 07:30:00,3.163
05-31-2026 07:45:00,2.565
05-31-2026 08:00:00,2.201
05-31-2026 08:15:00,6.716
05-31-2026 08:30:00,9.299
05-31-2026 08:45:00,4.97
05-31-2026 09:00:00,3.801
05-31-2026 09:15:00,9.091
05-31-2026 09:30:00,12.179
05-31-2026 09:45:00,12.576
05-31-2026 10:00:00,12.559
05-31-2026 10:15:00,13.046
05-31-2026 10:30:00,9.459
05-31-2026 10:45:00,7.871
05-31-2026 11:00:00,15.242
05-31-2026 11:15:00,14.072
05-31-2026 11:30:00,13.065
05-31-2026 11:45:00,14.973
05-31-2026 12:00:00,14.927
05-31-2026 12:15:00,15.285
05-31-2026 12:30:00,15.041
05-31-2026 12:45:00,15.05
05-31-2026 13:00:00,15.208
05-31-2026 13:15:00,15.05
05-31-2026 13:30:00,14.84
05-31-2026 13:45:00,14.666
05-31-2026 14:00:00,14.426
05-31-2026 14:15:00,14.161
05-31-2026 14:30:00,13.789
05-31-2026 14:45:00,13.591
05-31-2026 15:00:00,13.143
05-31-2026 15:15:00,12.627
05-31-2026 15:30:00,12.032
05-31-2026 15:45:00,11.404
05-31-2026 16:00:00,10.802
05-31-2026 16:15:00,10.043
05-31-2026 16:30:00,9.067
05-31-2026 16:45:00,7.893
05-31-2026 17:00:00,6.667
05-31-2026 17:15:00,5.484
05-31-2026 17:30:00,4.292
05-31-2026 17:45:00,3.194
05-31-2026 18:00:00,1.778
05-31-2026 18:15:00,0.593
05-31-2026 18:30:00,0.263
05-31-2026 18:45:00,0.001
05-31-2026 19:00:00,-0.155
05-31-2026 19:15:00,-0.156
05-31-2026 19:30:00,-0.1
05-31-2026 19:45:00,-0.1
05-31-2026 20:00:00,-0.1
05-31-2026 20:15:00,-0.1
05-31-2026 20:30:00,-0.1
05-31-2026 20:45:00,-0.1
05-31-2026 21:00:00,-0.1
05-31-2026 21:15:00,-0.1
05-31-2026 21:30:00,-0.1
05-31-2026 21:45:00,-0.1
05-31-2026 22:00:00,-0.1
05-31-2026 22:15:00,-0.1
05-31-2026 22:30:00,-0.1
05-31-2026 22:45:00,-0.1
05-31-2026 23:00:00,-0.1
05-31-2026 23:15:00,-0.1
05-31-2026 23:30:00,-0.1
05-31-2026 23:45:00,-0.1
06-01-2026 00:00:00,-0.1
06-01-2026 00:15:00,-0.1
06-01-2026 00:30:00,-0.1
06-01-2026 00:45:00,-0.1
06-01-2026 01:00:00,-0.1
06-01-2026 01:15:00,-0.1
06-01-2026 01:30:00,-0.1
06-01-2026 01:45:00,-0.1
06-01-2026 02:00:00,-0.1
06-01-2026 02:15:00,-0.1
06-01-2026 02:30:00,-0.1
06-01-2026 02:45:00,-0.1
06-01-2026 03:00:00,-0.1
06-01-2026 03:15:00,-0.1
06-01-2026 03:30:00,-0.1
06-01-2026 03:45:00,-0.1
06-01-2026 04:00:00,-0.1
06-01-2026 04:15:00,-0.1
06-01-2026 04:30:00,-0.1
06-01-2026 04:45:00,-0.1
06-01-2026 05:00:00,-0.1
06-01-2026 05:15:00,-0.1
06-01-2026 05:30:00,-0.1
06-01-2026 05:45:00,-0.122
06-01-2026 06:00:00,-0.043
06-01-2026 06:15:00,0.318
06-01-2026 06:30:00,0.482
06-01-2026 06:45:00,0.458
06-01-2026 07:00:00,1.037
06-01-2026 07:15:00,3.478
06-01-2026 07:30:00,3.621
06-01-2026 07:45:00,4.483
06-01-2026 08:00:00,5.542
06-01-2026 08:15:00,3.652
06-01-2026 08:30:00,5.844
06-01-2026 08:45:00,5.401
06-01-2026 09:00:00,7.887
06-01-2026 09:15:00,9.758
06-01-2026 09:30:00,10.596
06-01-2026 09:45:00,9.448
06-01-2026 10:00:00,12.952
06-01-2026 10:15:00,12.498
06-01-2026 10:30:00,13.676
06-01-2026 10:45:00,13.273
06-01-2026 11:00:00,12.543
06-01-2026 11:15:00,14.391
06-01-2026 11:30:00,15.123
06-01-2026 11:45:00,15.194
06-01-2026 12:00:00,12.537
06-01-2026 12:15:00,12.465
06-01-2026 12:30:00,10.314
06-01-2026 12:45:00,13.262
06-01-2026 13:00:00,13.747
06-01-2026 13:15:00,14.789
06-01-2026 13:30:00,15.111
06-01-2026 13:45:00,14.491
06-01-2026 14:00:00,14.384
06-01-2026 14:15:00,14.037
06-01-2026 14:30:00,13.755
06-01-2026 14:45:00,13.533
06-01-2026 15:00:00,12.843
06-01-2026 15:15:00,12.278
06-01-2026 15:30:00,12.028
06-01-2026 15:45:00,11.894
06-01-2026 16:00:00,9.95
06-01-2026 16:15:00,8.991
06-01-2026 16:30:00,8.968
06-01-2026 16:45:00,9.59
06-01-2026 17:00:00,4.51
06-01-2026 17:15:00,4.302
06-01-2026 17:30:00,4.639
06-01-2026 17:45:00,2.819
06-01-2026 18:00:00,2.28
06-01-2026 18:15:00,1.23
06-01-2026 18:30:00,0.173
06-01-2026 18:45:00,-0.098
06-01-2026 19:00:00,-0.182
06-01-2026 19:15:00,-0.1
06-01-2026 19:30:00,-0.1
06-01-2026 19:45:00,-0.1
06-01-2026 20:00:00,-0.1
06-01-2026 20:15:00,-0.1
06-01-2026 20:30:00,-0.1
06-01-2026 20:45:00,-0.1
06-01-2026 21:00:00,-0.1
06-01-2026 21:15:00,-0.1
06-01-2026 21:30:00,-0.1
06-01-2026 21:45:00,-0.1
06-01-2026 22:00:00,-0.1
06-01-2026 22:15:00,-0.1
06-01-2026 22:30:00,-0.1
06-01-2026 22:45:00,-0.1
06-01-2026 23:00:00,-0.1
06-01-2026 23:15:00,-0.1
06-01-2026 23:30:00,-0.1
06-01-2026 23:45:00,-0.1
06-02-2026 00:00:00,-0.1
06-02-2026 00:15:00,-0.1
06-02-2026 00:30:00,-0.1
06-02-2026 00:45:00,-0.1
06-02-2026 01:00:00,-0.1
06-02-2026 01:15:00,-0.1
06-02-2026 01:30:00,-0.1
06-02-2026 01:45:00,-0.1
06-02-2026 02:00:00,-0.1
06-02-2026 02:15:00,-0.1
06-02-2026 02:30:00,-0.1
06-02-2026 02:45:00,-0.1
06-02-2026 03:00:00,-0.1
06-02-2026 03:15:00,-0.1
06-02-2026 03:30:00,-0.1
06-02-2026 03:45:00,-0.1
06-02-2026 04:00:00,-0.1
06-02-2026 04:15:00,-0.1
06-02-2026 04:30:00,-0.1
06-02-2026 04:45:00,-0.1
06-02-2026 05:00:00,-0.1
06-02-2026 05:15:00,-0.1
06-02-2026 05:30:00,-0.1
06-02-2026 05:45:00,-0.138
06-02-2026 06:00:00,-0.07
06-02-2026 06:15:00,0.124
06-02-2026 06:30:00,0.783
06-02-2026 06:45:00,1.192
06-02-2026 07:00:00,1.472
06-02-2026 07:15:00,1.565
06-02-2026 07:30:00,1.681
06-02-2026 07:45:00,1.613
06-02-2026 08:00:00,1.521
06-02-2026 08:15:00,2.221
06-02-2026 08:30:00,3.9
06-02-2026 08:45:00,4.137
06-02-2026 09:00:00,4.039
06-02-2026 09:15:00,3.264
06-02-2026 09:30:00,4.16
06-02-2026 09:45:00,3.885
06-02-2026 10:00:00,3.287
06-02-2026 10:15:00,3.698
06-02-2026 10:30:00,4.53
06-02-2026 10:45:00,4.925
06-02-2026 11:00:00,6.365
06-02-2026 11:15:00,6.741
06-02-2026 11:30:00,7.246
06-02-2026 11:45:00,10.843
06-02-2026 12:00:00,11.204
06-02-2026 12:15:00,13.363
06-02-2026 12:30:00,9.289
06-02-2026 12:45:00,10.21
06-02-2026 13:00:00,8.669
06-02-2026 13:15:00,8.04
06-02-2026 13:30:00,9.438
06-02-2026 13:45:00,7.913
06-02-2026 14:00:00,5.831
06-02-2026 14:15:00,4.888
06-02-2026 14:30:00,6.16
06-02-2026 14:45:00,6.292
06-02-2026 15:00:00,4.955
06-02-2026 15:15:00,5.06
06-02-2026 15:30:00,4.899
06-02-2026 15:45:00,7.175
06-02-2026 16:00:00,4.659
06-02-2026 16:15:00,2.87
06-02-2026 16:30:00,2.183
06-02-2026 16:45:00,1.518
06-02-2026 17:00:00,1.165
06-02-2026 17:15:00,1.643
06-02-2026 17:30:00,1.346
06-02-2026 17:45:00,1.503
06-02-2026 18:00:00,1.599
06-02-2026 18:15:00,0.956
06-02-2026 18:30:00,0.539
06-02-2026 18:45:00,0.124
06-02-2026 19:00:00,-0.13
06-02-2026 19:15:00,-0.202
06-02-2026 19:30:00,-0.1
06-02-2026 19:45:00,-0.1
06-02-2026 20:00:00,-0.1
06-02-2026 20:15:00,-0.1
06-02-2026 20:30:00,-0.1
06-02-2026 20:45:00,-0.1
06-02-2026 21:00:00,-0.1
06-02-2026 21:15:00,-0.1
06-02-2026 21:30:00,-0.1
06-02-2026 21:45:00,-0.1
06-02-2026 22:00:00,-0.1
06-02-2026 22:15:00,-0.1
06-02-2026 22:30:00,-0.1
06-02-2026 22:45:00,-0.1
06-02-2026 23:00:00,-0.1
06-02-2026 23:15:00,-0.1
06-02-2026 23:30:00,-0.1
06-02-2026 23:45:00,-0.1
06-03-2026 00:00:00,-0.1
06-03-2026 00:15:00,-0.1
06-03-2026 00:30:00,-0.1
06-03-2026 00:45:00,-0.1
06-03-2026 01:00:00,-0.1
06-03-2026 01:15:00,-0.1
06-03-2026 01:30:00,-0.1
06-03-2026 01:45:00,-0.1
06-03-2026 02:00:00,-0.1
06-03-2026 02:15:00,-0.1
06-03-2026 02:30:00,-0.1
06-03-2026 02:45:00,-0.1
06-03-2026 03:00:00,-0.1
06-03-2026 03:15:00,-0.1
06-03-2026 03:30:00,-0.1
06-03-2026 03:45:00,-0.1
06-03-2026 04:00:00,-0.1
06-03-2026 04:15:00,-0.1
06-03-2026 04:30:00,-0.1
06-03-2026 04:45:00,-0.1
06-03-2026 05:00:00,-0.1
06-03-2026 05:15:00,-0.1
06-03-2026 05:30:00,-0.1
06-03-2026 05:45:00,-0.122
06-03-2026 06:00:00,-0.067
06-03-2026 06:15:00,0.306
06-03-2026 06:30:00,0.722
06-03-2026 06:45:00,1.163
06-03-2026 07:00:00,1.595
06-03-2026 07:15:00,1.923
06-03-2026 07:30:00,1.737
06-03-2026 07:45:00,1.885
06-03-2026 08:00:00,2.191
06-03-2026 08:15:00,2.345
06-03-2026 08:30:00,3.256
06-03-2026 08:45:00,4.376
06-03-2026 09:00:00,3.49
06-03-2026 09:15:00,4.078
06-03-2026 09:30:00,4.664
06-03-2026 09:45:00,6.125
06-03-2026 10:00:00,9.581
06-03-2026 10:15:00,5.613
06-03-2026 10:30:00,9.297
06-03-2026 10:45:00,9.418
06-03-2026 11:00:00,10.217
06-03-2026 11:15:00,9.047
06-03-2026 11:30:00,13.499
06-03-2026 11:45:00,13.255
06-03-2026 12:00:00,14.414
06-03-2026 12:15:00,14.69
06-03-2026 12:30:00,16.005
06-03-2026 12:45:00,16.661
06-03-2026 13:00:00,15.818
06-03-2026 13:15:00,15.637
06-03-2026 13:30:00,15.358
06-03-2026 13:45:00,14.814
06-03-2026 14:00:00,14.3
06-03-2026 14:15:00,14.519
06-03-2026 14:30:00,13.437
06-03-2026 14:45:00,14.41
06-03-2026 15:00:00,12.939
06-03-2026 15:15:00,13.197
06-03-2026 15:30:00,12.611
06-03-2026 15:45:00,12.38
06-03-2026 16:00:00,11.769
06-03-2026 16:15:00,5.113
06-03-2026 16:30:00,7.038
06-03-2026 16:45:00,8.137
06-03-2026 17:00:00,5.362
06-03-2026 17:15:00,5.11
06-03-2026 17:30:00,3.017
06-03-2026 17:45:00,2.563
06-03-2026 18:00:00,1.63
06-03-2026 18:15:00,0.832
06-03-2026 18:30:00,0.365
06-03-2026 18:45:00,0.017
06-03-2026 19:00:00,-0.176
06-03-2026 19:15:00,-0.157
06-03-2026 19:30:00,-0.1
06-03-2026 19:45:00,-0.1
06-03-2026 20:00:00,-0.1
06-03-2026 20:15:00,-0.1
06-03-2026 20:30:00,-0.1
06-03-2026 20:45:00,-0.1
06-03-2026 21:00:00,-0.1
06-03-2026 21:15:00,-0.1
06-03-2026 21:30:00,-0.1
06-03-2026 21:45:00,-0.1
06-03-2026 22:00:00,-0.1
06-03-2026 22:15:00,-0.1
06-03-2026 22:30:00,-0.1
06-03-2026 22:45:00,-0.1
06-03-2026 23:00:00,-0.1
06-03-2026 23:15:00,-0.1
06-03-2026 23:30:00,-0.1
06-03-2026 23:45:00,-0.1
06-04-2026 00:00:00,-0.1
06-04-2026 00:15:00,-0.1
06-04-2026 00:30:00,-0.1
06-04-2026 00:45:00,-0.1
06-04-2026 01:00:00,-0.1
06-04-2026 01:15:00,-0.1
06-04-2026 01:30:00,-0.1
06-04-2026 01:45:00,-0.1
06-04-2026 02:00:00,-0.1
06-04-2026 02:15:00,-0.1
06-04-2026 02:30:00,-0.1
06-04-2026 02:45:00,-0.1
06-04-2026 03:00:00,-0.1
06-04-2026 03:15:00,-0.1
06-04-2026 03:30:00,-0.1
06-04-2026 03:45:00,-0.1
06-04-2026 04:00:00,-0.1
06-04-2026 04:15:00,-0.1
06-04-2026 04:30:00,-0.1
06-04-2026 04:45:00,-0.1
06-04-2026 05:00:00,-0.1
06-04-2026 05:15:00,-0.1
06-04-2026 05:30:00,-0.1
06-04-2026 05:45:00,-0.145
06-04-2026 06:00:00,-0.062
06-04-2026 06:15:00,-0.017
06-04-2026 06:30:00,0.422
06-04-2026 06:45:00,1.046
06-04-2026 07:00:00,2.131
06-04-2026 07:15:00,2.187
06-04-2026 07:30:00,2.441
06-04-2026 07:45:00,5.651
06-04-2026 08:00:00,6.661
06-04-2026 08:15:00,7.183
06-04-2026 08:30:00,8.486
06-04-2026 08:45:00,6.128
06-04-2026 09:00:00,5.786
06-04-2026 09:15:00,4.834
06-04-2026 09:30:00,5.882
06-04-2026 09:45:00,8.948
06-04-2026 10:00:00,9.345
06-04-2026 10:15:00,9.02
06-04-2026 10:30:00,13.313
06-04-2026 10:45:00,14.715
06-04-2026 11:00:00,12.801
06-04-2026 11:15:00,11.97
06-04-2026 11:30:00,14.94
06-04-2026 11:45:00,14.454
06-04-2026 12:00:00,15.275
06-04-2026 12:15:00,11.278
06-04-2026 12:30:00,9.712
06-04-2026 12:45:00,12.408
06-04-2026 13:00:00,14.388
06-04-2026 13:15:00,16.434
06-04-2026 13:30:00,14.195
06-04-2026 13:45:00,16.777
06-04-2026 14:00:00,13.807
06-04-2026 14:15:00,11.67
06-04-2026 14:30:00,8.948
06-04-2026 14:45:00,9.872
06-04-2026 15:00:00,9.3
06-04-2026 15:15:00,9.588
06-04-2026 15:30:00,13.08
06-04-2026 15:45:00,10.009
06-04-2026 16:00:00,2.987
06-04-2026 16:15:00,2.161
06-04-2026 16:30:00,1.956
06-04-2026 16:45:00,2.649
06-04-2026 17:00:00,2.487
06-04-2026 17:15:00,1.074
06-04-2026 17:30:00,1.816
06-04-2026 17:45:00,1.627
06-04-2026 18:00:00,2.028
06-04-2026 18:15:00,0.962
06-04-2026 18:30:00,0.657
06-04-2026 18:45:00,0.19
06-04-2026 19:00:00,-0.084
06-04-2026 19:15:00,-0.218
06-04-2026 19:30:00,-0.1
06-04-2026 19:45:00,-0.1
06-04-2026 20:00:00,-0.1
06-04-2026 20:15:00,-0.1
06-04-2026 20:30:00,-0.1
06-04-2026 20:45:00,-0.1
06-04-2026 21:00:00,-0.1
06-04-2026 21:15:00,-0.1
06-04-2026 21:30:00,-0.1
06-04-2026 21:45:00,-0.1
06-04-2026 22:00:00,-0.1
06-04-2026 22:15:00,-0.1
06-04-2026 22:30:00,-0.1
06-04-2026 22:45:00,-0.1
06-04-2026 23:00:00,-0.1
06-04-2026 23:15:00,-0.1
06-04-2026 23:30:00,-0.1
06-04-2026 23:45:00,-0.1
06-05-2026 00:00:00,-0.1
06-05-2026 00:15:00,-0.1
06-05-2026 00:30:00,-0.1
06-05-2026 00:45:00,-0.1
06-05-2026 01:00:00,-0.1
06-05-2026 01:15:00,-0.1
06-05-2026 01:30:00,-0.1
06-05-2026 01:45:00,-0.1
06-05-2026 02:00:00,-0.1
06-05-2026 02:15:00,-0.1
06-05-2026 02:30:00,-0.1
06-05-2026 02:45:00,-0.1
06-05-2026 03:00:00,-0.1
06-05-2026 03:15:00,-0.1
06-05-2026 03:30:00,-0.1
06-05-2026 03:45:00,-0.1
06-05-2026 04:00:00,-0.1
06-05-2026 04:15:00,-0.1
06-05-2026 04:30:00,-0.1
06-05-2026 04:45:00,-0.1
06-05-2026 05:00:00,-0.1
06-05-2026 05:15:00,-0.1
06-05-2026 05:30:00,-0.1
06-05-2026 05:45:00,-0.138
06-05-2026 06:00:00,-0.143
06-05-2026 06:15:00,0.255
06-05-2026 06:30:00,0.811
06-05-2026 06:45:00,1.184
06-05-2026 07:00:00,1.44
06-05-2026 07:15:00,1.91
06-05-2026 07:30:00,2.08
06-05-2026 07:45:00,2.375
06-05-2026 08:00:00,2.874
06-05-2026 08:15:00,3.172
06-05-2026 08:30:00,3.664
06-05-2026 08:45:00,4.207
06-05-2026 09:00:00,4.591
06-05-2026 09:15:00,4.777
06-05-2026 09:30:00,5.337
06-05-2026 09:45:00,7.608
06-05-2026 10:00:00,6.023
06-05-2026 10:15:00,12.161
06-05-2026 10:30:00,13.796
06-05-2026 10:45:00,14.197
06-05-2026 11:00:00,14.657
06-05-2026 11:15:00,15.181
06-05-2026 11:30:00,13.26
06-05-2026 11:45:00,12.656
06-05-2026 12:00:00,10.355
06-05-2026 12:15:00,16.39
06-05-2026 12:30:00,14.311
06-05-2026 12:45:00,6.084
06-05-2026 13:00:00,14.639
06-05-2026 13:15:00,12.4
06-05-2026 13:30:00,14.735
06-05-2026 13:45:00,13.642
06-05-2026 14:00:00,12.815
06-05-2026 14:15:00,9.318
06-05-2026 14:30:00,11.687
06-05-2026 14:45:00,14.333
06-05-2026 15:00:00,10.283
06-05-2026 15:15:00,10.498
06-05-2026 15:30:00,9.695
06-05-2026 15:45:00,5.208
06-05-2026 16:00:00,4.402
06-05-2026 16:15:00,5.402
06-05-2026 16:30:00,5.25
06-05-2026 16:45:00,3.541
06-05-2026 17:00:00,2.503
06-05-2026 17:15:00,2.073
06-05-2026 17:30:00,1.764
06-05-2026 17:45:00,1.093
06-05-2026 18:00:00,0.98
06-05-2026 18:15:00,0.617
06-05-2026 18:30:00,0.171
06-05-2026 18:45:00,-0.071
06-05-2026 19:00:00,-0.211
06-05-2026 19:15:00,-0.1
06-05-2026 19:30:00,-0.1
06-05-2026 19:45:00,-0.1
06-05-2026 20:00:00,-0.1
06-05-2026 20:15:00,-0.1
06-05-2026 20:30:00,-0.1
06-05-2026 20:45:00,-0.1
06-05-2026 21:00:00,-0.1
06-05-2026 21:15:00,-0.1
06-05-2026 21:30:00,-0.1
06-05-2026 21:45:00,-0.1
06-05-2026 22:00:00,-0.1
06-05-2026 22:15:00,-0.1
06-05-2026 22:30:00,-0.1
06-05-2026 22:45:00,-0.1
06-05-2026 23:00:00,-0.1
06-05-2026 23:15:00,-0.1
06-05-2026 23:30:00,-0.1
06-05-2026 23:45:00,-0.1
06-06-2026 00:00:00,-0.1
06-06-2026 00:15:00,-0.1
06-06-2026 00:30:00,-0.1
06-06-2026 00:45:00,-0.1
06-06-2026 01:00:00,-0.1
06-06-2026 01:15:00,-0.1
06-06-2026 01:30:00,-0.1
06-06-2026 01:45:00,-0.1
06-06-2026 02:00:00,-0.1
06-06-2026 02:15:00,-0.1
06-06-2026 02:30:00,-0.1
06-06-2026 02:45:00,-0.1
06-06-2026 03:00:00,-0.1
06-06-2026 03:15:00,-0.1
06-06-2026 03:30:00,-0.1
06-06-2026 03:45:00,-0.1
06-06-2026 04:00:00,-0.1
06-06-2026 04:15:00,-0.1
06-06-2026 04:30:00,-0.1
06-06-2026 04:45:00,-0.1
06-06-2026 05:00:00,-0.1
06-06-2026 05:15:00,-0.1
06-06-2026 05:30:00,-0.1
06-06-2026 05:45:00,-0.138
06-06-2026 06:00:00,-0.072
06-06-2026 06:15:00,0.085
06-06-2026 06:30:00,0.725
06-06-2026 06:45:00,0.832
06-06-2026 07:00:00,1.031
06-06-2026 07:15:00,1.52
06-06-2026 07:30:00,2.714
06-06-2026 07:45:00,2.165
06-06-2026 08:00:00,2.451
06-06-2026 08:15:00,3.77
06-06-2026 08:30:00,5.175
06-06-2026 08:45:00,7.956
06-06-2026 09:00:00,6.516
06-06-2026 09:15:00,6.929
06-06-2026 09:30:00,9.534
06-06-2026 09:45:00,10.77
06-06-2026 10:00:00,4.852
06-06-2026 10:15:00,9.214
06-06-2026 10:30:00,6.183
06-06-2026 10:45:00,6.463
06-06-2026 11:00:00,7.662
06-06-2026 11:15:00,9.289
06-06-2026 11:30:00,11.925
06-06-2026 11:45:00,8.853
06-06-2026 12:00:00,7.123
06-06-2026 12:15:00,8.121
06-06-2026 12:30:00,12.56
06-06-2026 12:45:00,8.902
06-06-2026 13:00:00,8.601
06-06-2026 13:15:00,10.264
06-06-2026 13:30:00,10.978
06-06-2026 13:45:00,9.659
06-06-2026 14:00:00,10.499
06-06-2026 14:15:00,9.445
06-06-2026 14:30:00,9.735
06-06-2026 14:45:00,9.526
06-06-2026 15:00:00,9.919
06-06-2026 15:15:00,6.037
06-06-2026 15:30:00,11.061
06-06-2026 15:45:00,10.099
06-06-2026 16:00:00,7.201
06-06-2026 16:15:00,9.363
06-06-2026 16:30:00,7.126
06-06-2026 16:45:00,4.31
06-06-2026 17:00:00,5.452
06-06-2026 17:15:00,6.105
06-06-2026 17:30:00,4.727
06-06-2026 17:45:00,3.483
06-06-2026 18:00:00,2.058
06-06-2026 18:15:00,1.346
06-06-2026 18:30:00,0.373
06-06-2026 18:45:00,-0.012
06-06-2026 19:00:00,-0.173
06-06-2026 19:15:00,-0.129
06-06-2026 19:30:00,-0.1
06-06-2026 19:45:00,-0.1
06-06-2026 20:00:00,-0.1
06-06-2026 20:15:00,-0.1
06-06-2026 20:30:00,-0.1
06-06-2026 20:45:00,-0.1
06-06-2026 21:00:00,-0.1
06-06-2026 21:15:00,-0.1
06-06-2026 21:30:00,-0.1
06-06-2026 21:45:00,-0.1
06-06-2026 22:00:00,-0.1
06-06-2026 22:15:00,-0.1
06-06-2026 22:30:00,-0.1
06-06-2026 22:45:00,-0.1
06-06-2026 23:00:00,-0.1
06-06-2026 23:15:00,-0.1
06-06-2026 23:30:00,-0.1
06-06-2026 23:45:00,-0.1
06-07-2026 00:00:00,-0.1
06-07-2026 00:15:00,-0.1
06-07-2026 00:30:00,-0.1
06-07-2026 00:45:00,-0.1
06-07-2026 01:00:00,-0.1
06-07-2026 01:15:00,-0.1
06-07-2026 01:30:00,-0.1
06-07-2026 01:45:00,-0.1
06-07-2026 02:00:00,-0.1
06-07-2026 02:15:00,-0.1
06-07-2026 02:30:00,-0.1
06-07-2026 02:45:00,-0.1
06-07-2026 03:00:00,-0.1
06-07-2026 03:15:00,-0.1
06-07-2026 03:30:00,-0.1
06-07-2026 03:45:00,-0.1
06-07-2026 04:00:00,-0.1
06-07-2026 04:15:00,-0.1
06-07-2026 04:30:00,-0.1
06-07-2026 04:45:00,-0.1
06-07-2026 05:00:00,-0.1
06-07-2026 05:15:00,-0.1
06-07-2026 05:30:00,-0.1
06-07-2026 05:45:00,-0.16
06-07-2026 06:00:00,-0.102
06-07-2026 06:15:00,-0.039
06-07-2026 06:30:00,0.835
06-07-2026 06:45:00,0.95
06-07-2026 07:00:00,2.085
06-07-2026 07:15:00,1.993
06-07-2026 07:30:00,3.793
06-07-2026 07:45:00,5.921
06-07-2026 08:00:00,5.677
06-07-2026 08:15:00,5.493
06-07-2026 08:30:00,7.14
06-07-2026 08:45:00,4.799
06-07-2026 09:00:00,7.505
06-07-2026 09:15:00,6.474
06-07-2026 09:30:00,7.87
06-07-2026 09:45:00,9.22
06-07-2026 10:00:00,7.95
06-07-2026 10:15:00,6.551
06-07-2026 10:30:00,12.942
06-07-2026 10:45:00,10.861
06-07-2026 11:00:00,8.616
06-07-2026 11:15:00,10.709
06-07-2026 11:30:00,8.163
06-07-2026 11:45:00,15.74
06-07-2026 12:00:00,16.324
06-07-2026 12:15:00,13.74
06-07-2026 12:30:00,14.26
06-07-2026 12:45:00,12.762
06-07-2026 13:00:00,13.02
06-07-2026 13:15:00,11.029
06-07-2026 13:30:00,14.896
06-07-2026 13:45:00,14.652
06-07-2026 14:00:00,15.052
06-07-2026 14:15:00,14.741
06-07-2026 14:30:00,14.738
06-07-2026 14:45:00,13.492
06-07-2026 15:00:00,13.803
06-07-2026 15:15:00,12.98
06-07-2026 15:30:00,12.641
06-07-2026 15:45:00,9.803
06-07-2026 16:00:00,10.498
06-07-2026 16:15:00,9.384
06-07-2026 16:30:00,10.075
06-07-2026 16:45:00,8.79
06-07-2026 17:00:00,7.662
06-07-2026 17:15:00,3.112
06-07-2026 17:30:00,4.704
06-07-2026 17:45:00,3.692
06-07-2026 18:00:00,2.04
06-07-2026 18:15:00,1.001
06-07-2026 18:30:00,0.281
06-07-2026 18:45:00,0.004
06-07-2026 19:00:00,-0.173
06-07-2026 19:15:00,-0.13
06-07-2026 19:30:00,-0.1
06-07-2026 19:45:00,-0.1
06-07-2026 20:00:00,-0.1
06-07-2026 20:15:00,-0.1
06-07-2026 20:30:00,-0.1
06-07-2026 20:45:00,-0.1
06-07-2026 21:00:00,-0.1
06-07-2026 21:15:00,-0.1
06-07-2026 21:30:00,-0.1
06-07-2026 21:45:00,-0.1
06-07-2026 22:00:00,-0.1
06-07-2026 22:15:00,-0.1
06-07-2026 22:30:00,-0.1
06-07-2026 22:45:00,-0.1
06-07-2026 23:00:00,-0.1
06-07-2026 23:15:00,-0.1
06-07-2026 23:30:00,-0.1
06-07-2026 23:45:00,-0.1
06-08-2026 00:00:00,-0.1
06-08-2026 00:15:00,-0.1
06-08-2026 00:30:00,-0.1
06-08-2026 00:45:00,-0.1
06-08-2026 01:00:00,-0.1
06-08-2026 01:15:00,-0.1
06-08-2026 01:30:00,-0.1
06-08-2026 01:45:00,-0.1
06-08-2026 02:00:00,-0.1
06-08-2026 02:15:00,-0.1
06-08-2026 02:30:00,-0.1
06-08-2026 02:45:00,-0.1
06-08-2026 03:00:00,-0.1
06-08-2026 03:15:00,-0.1
06-08-2026 03:30:00,-0.1
06-08-2026 03:45:00,-0.1
06-08-2026 04:00:00,-0.1
06-08-2026 04:15:00,-0.1
06-08-2026 04:30:00,-0.1
06-08-2026 04:45:00,-0.1
06-08-2026 05:00:00,-0.1
06-08-2026 05:15:00,-0.1
06-08-2026 05:30:00,-0.1
06-08-2026 05:45:00,-0.16
06-08-2026 06:00:00,-0.064
06-08-2026 06:15:00,0.157
06-08-2026 06:30:00,0.392
06-08-2026 06:45:00,1.2
06-08-2026 07:00:00,1.73
06-08-2026 07:15:00,1.918
06-08-2026 07:30:00,2.465
06-08-2026 07:45:00,3.236
06-08-2026 08:00:00,3.314
06-08-2026 08:15:00,3.976
06-08-2026 08:30:00,4.246
06-08-2026 08:45:00,5.095
06-08-2026 09:00:00,6.83
06-08-2026 09:15:00,7.048
06-08-2026 09:30:00,7.344
06-08-2026 09:45:00,10.659
06-08-2026 10:00:00,7.352
06-08-2026 10:15:00,6.472
06-08-2026 10:30:00,11.373
06-08-2026 10:45:00,12.283
06-08-2026 11:00:00,14.808
06-08-2026 11:15:00,10.604
06-08-2026 11:30:00,15.188
06-08-2026 11:45:00,13.126
06-08-2026 12:00:00,12.346
06-08-2026 12:15:00,14.231
06-08-2026 12:30:00,12.45
06-08-2026 12:45:00,16.535
06-08-2026 13:00:00,14.325
06-08-2026 13:15:00,15.458
06-08-2026 13:30:00,13.793
06-08-2026 13:45:00,12.641
06-08-2026 14:00:00,10.796
06-08-2026 14:15:00,15.078
06-08-2026 14:30:00,14.926
06-08-2026 14:45:00,14.331
06-08-2026 15:00:00,14.007
06-08-2026 15:15:00,13.833
06-08-2026 15:30:00,12.838
06-08-2026 15:45:00,12.143
06-08-2026 16:00:00,8.873
06-08-2026 16:15:00,9.62
06-08-2026 16:30:00,6.329
06-08-2026 16:45:00,6.815
06-08-2026 17:00:00,7.203
06-08-2026 17:15:00,4.846
06-08-2026 17:30:00,1.81
06-08-2026 17:45:00,2.629
06-08-2026 18:00:00,0.908
06-08-2026 18:15:00,0.437
06-08-2026 18:30:00,0.194
06-08-2026 18:45:00,0.026
06-08-2026 19:00:00,-0.129
06-08-2026 19:15:00,-0.204
06-08-2026 19:30:00,-0.1
06-08-2026 19:45:00,-0.1
06-08-2026 20:00:00,-0.1
06-08-2026 20:15:00,-0.1
06-08-2026 20:30:00,-0.1
06-08-2026 20:45:00,-0.1
06-08-2026 21:00:00,-0.1
06-08-2026 21:15:00,-0.1
06-08-2026 21:30:00,-0.1
06-08-2026 21:45:00,-0.1
06-08-2026 22:00:00,-0.1
06-08-2026 22:15:00,-0.1
06-08-2026 22:30:00,-0.1
06-08-2026 22:45:00,-0.1
06-08-2026 23:00:00,-0.1
06-08-2026 23:15:00,-0.1
06-08-2026 23:30:00,-0.1
06-08-2026 23:45:00,-0.1
06-09-2026 00:00:00,-0.1
06-09-2026 00:15:00,-0.1
06-09-2026 00:30:00,-0.1
06-09-2026 00:45:00,-0.1
06-09-2026 01:00:00,-0.1
06-09-2026 01:15:00,-0.1
06-09-2026 01:30:00,-0.1
06-09-2026 01:45:00,-0.1
06-09-2026 02:00:00,-0.1
06-09-2026 02:15:00,-0.1
06-09-2026 02:30:00,-0.1
06-09-2026 02:45:00,-0.1
06-09-2026 03:00:00,-0.1
06-09-2026 03:15:00,-0.1
06-09-2026 03:30:00,-0.1
06-09-2026 03:45:00,-0.1
06-09-2026 04:00:00,-0.1
06-09-2026 04:15:00,-0.1
06-09-2026 04:30:00,-0.1
06-09-2026 04:45:00,-0.1
06-09-2026 05:00:00,-0.1
06-09-2026 05:15:00,-0.1
06-09-2026 05:30:00,-0.1
06-09-2026 05:45:00,-0.161
06-09-2026 06:00:00,-0.066
06-09-2026 06:15:00,-0.051
06-09-2026 06:30:00,0.382
06-09-2026 06:45:00,0.386
06-09-2026 07:00:00,0.818
06-09-2026 07:15:00,1.634
06-09-2026 07:30:00,2.625
06-09-2026 07:45:00,1.423
06-09-2026 08:00:00,4.264
06-09-2026 08:15:00,6.368
06-09-2026 08:30:00,7.714
06-09-2026 08:45:00,9.062
06-09-2026 09:00:00,9.721
06-09-2026 09:15:00,8.412
06-09-2026 09:30:00,8.447
06-09-2026 09:45:00,12.215
06-09-2026 10:00:00,12.81
06-09-2026 10:15:00,13.254
06-09-2026 10:30:00,13.843
06-09-2026 10:45:00,13.847
06-09-2026 11:00:00,14.035
06-09-2026 11:15:00,14.587
06-09-2026 11:30:00,14.827
06-09-2026 11:45:00,15.083
06-09-2026 12:00:00,15.446
06-09-2026 12:15:00,15.525
06-09-2026 12:30:00,15.365
06-09-2026 12:45:00,15.208
06-09-2026 13:00:00,15.302
06-09-2026 13:15:00,14.936
06-09-2026 13:30:00,14.847
06-09-2026 13:45:00,14.667
06-09-2026 14:00:00,14.776
06-09-2026 14:15:00,14.478
06-09-2026 14:30:00,13.977
06-09-2026 14:45:00,13.872
06-09-2026 15:00:00,13.382
06-09-2026 15:15:00,13.29
06-09-2026 15:30:00,10.742
06-09-2026 15:45:00,11.744
06-09-2026 16:00:00,9.902
06-09-2026 16:15:00,7.931
06-09-2026 16:30:00,8.584
06-09-2026 16:45:00,8.122
06-09-2026 17:00:00,7.407
06-09-2026 17:15:00,4.537
06-09-2026 17:30:00,5.053
06-09-2026 17:45:00,4.55
06-09-2026 18:00:00,2.967
06-09-2026 18:15:00,1.219
06-09-2026 18:30:00,0.565
06-09-2026 18:45:00,0.254
06-09-2026 19:00:00,-0.097
06-09-2026 19:15:00,-0.222
06-09-2026 19:30:00,-0.106
06-09-2026 19:45:00,-0.1
06-09-2026 20:00:00,-0.1
06-09-2026 20:15:00,-0.1
06-09-2026 20:30:00,-0.1
06-09-2026 20:45:00,-0.1
06-09-2026 21:00:00,-0.1
06-09-2026 21:15:00,-0.1
06-09-2026 21:30:00,-0.1
06-09-2026 21:45:00,-0.1
06-09-2026 22:00:00,-0.1
06-09-2026 22:15:00,-0.1
06-09-2026 22:30:00,-0.1
06-09-2026 22:45:00,-0.1
06-09-2026 23:00:00,-0.1
06-09-2026 23:15:00,-0.1
06-09-2026 23:30:00,-0.1
06-09-2026 23:45:00,-0.1
06-10-2026 00:00:00,-0.1
06-10-2026 00:15:00,-0.1
06-10-2026 00:30:00,-0.1
06-10-2026 00:45:00,-0.1
06-10-2026 01:00:00,-0.1
06-10-2026 01:15:00,-0.1
06-10-2026 01:30:00,-0.1
06-10-2026 01:45:00,-0.1
06-10-2026 02:00:00,-0.1
06-10-2026 02:15:00,-0.1
06-10-2026 02:30:00,-0.1
06-10-2026 02:45:00,-0.1
06-10-2026 03:00:00,-0.1
06-10-2026 03:15:00,-0.1
06-10-2026 03:30:00,-0.1
06-10-2026 03:45:00,-0.1
06-10-2026 04:00:00,-0.1
06-10-2026 04:15:00,-0.1
06-10-2026 04:30:00,-0.1
06-10-2026 04:45:00,-0.1
06-10-2026 05:00:00,-0.1
06-10-2026 05:15:00,-0.1
06-10-2026 05:30:00,-0.1
06-10-2026 05:45:00,-0.158
06-10-2026 06:00:00,-0.041
06-10-2026 06:15:00,0.083
06-10-2026 06:30:00,0.181
06-10-2026 06:45:00,0.434
06-10-2026 07:00:00,1.46
06-10-2026 07:15:00,1.67
06-10-2026 07:30:00,2.196
06-10-2026 07:45:00,2.385
06-10-2026 08:00:00,4.249
06-10-2026 08:15:00,6.599
06-10-2026 08:30:00,7.313
06-10-2026 08:45:00,7.998
06-10-2026 09:00:00,8.602
06-10-2026 09:15:00,6.101
06-10-2026 09:30:00,8.006
06-10-2026 09:45:00,9.204
06-10-2026 10:00:00,11.222
06-10-2026 10:15:00,11.729
06-10-2026 10:30:00,13.419
06-10-2026 10:45:00,9.157
06-10-2026 11:00:00,12.116
06-10-2026 11:15:00,7.737
06-10-2026 11:30:00,8.659
06-10-2026 11:45:00,14.378
06-10-2026 12:00:00,10.7
06-10-2026 12:15:00,10.871
06-10-2026 12:30:00,11.764
06-10-2026 12:45:00,8.905
06-10-2026 13:00:00,13.609
06-10-2026 13:15:00,12.68
06-10-2026 13:30:00,12.757
06-10-2026 13:45:00,10.007
06-10-2026 14:00:00,11.843
06-10-2026 14:15:00,10.496
06-10-2026 14:30:00,12.065
06-10-2026 14:45:00,14.299
06-10-2026 15:00:00,10.145
06-10-2026 15:15:00,13.635
06-10-2026 15:30:00,8.793
06-10-2026 15:45:00,7.356
06-10-2026 16:00:00,6.392
06-10-2026 16:15:00,5.95
06-10-2026 16:30:00,4.242
06-10-2026 16:45:00,3.762
06-10-2026 17:00:00,4.658
06-10-2026 17:15:00,3.351
06-10-2026 17:30:00,3.534
06-10-2026 17:45:00,3.046
06-10-2026 18:00:00,1.819
06-10-2026 18:15:00,1.079
06-10-2026 18:30:00,0.82
06-10-2026 18:45:00,0.416
06-10-2026 19:00:00,-0.052
06-10-2026 19:15:00,-0.222
06-10-2026 19:30:00,-0.106
06-10-2026 19:45:00,-0.1
06-10-2026 20:00:00,-0.1
06-10-2026 20:15:00,-0.1
06-10-2026 20:30:00,-0.1
06-10-2026 20:45:00,-0.1
06-10-2026 21:00:00,-0.1
06-10-2026 21:15:00,-0.1
06-10-2026 21:30:00,-0.1
06-10-2026 21:45:00,-0.1
06-10-2026 22:00:00,-0.1
06-10-2026 22:15:00,-0.1
06-10-2026 22:30:00,-0.1
06-10-2026 22:45:00,-0.1
06-10-2026 23:00:00,-0.1
06-10-2026 23:15:00,-0.1
06-10-2026 23:30:00,-0.1
06-10-2026 23:45:00,-0.1
06-11-2026 00:00:00,-0.1
06-11-2026 00:15:00,-0.1
06-11-2026 00:30:00,-0.1
06-11-2026 00:45:00,-0.1
06-11-2026 01:00:00,-0.1
06-11-2026 01:15:00,-0.1
06-11-2026 01:30:00,-0.1
06-11-2026 01:45:00,-0.1
06-11-2026 02:00:00,-0.1
06-11-2026 02:15:00,-0.1
06-11-2026 02:30:00,-0.1
06-11-2026 02:45:00,-0.1
06-11-2026 03:00:00,-0.1
06-11-2026 03:15:00,-0.1
06-11-2026 03:30:00,-0.1
06-11-2026 03:45:00,-0.1
06-11-2026 04:00:00,-0.1
06-11-2026 04:15:00,-0.1
06-11-2026 04:30:00,-0.1
06-11-2026 04:45:00,-0.1
06-11-2026 05:00:00,-0.1
06-11-2026 05:15:00,-0.1
06-11-2026 05:30:00,-0.1
06-11-2026 05:45:00,-0.161
06-11-2026 06:00:00,-0.067
06-11-2026 06:15:00,-0.044
06-11-2026 06:30:00,0.334
06-11-2026 06:45:00,0.364
06-11-2026 07:00:00,0.04
06-11-2026 07:15:00,1.072
06-11-2026 07:30:00,2.535
06-11-2026 07:45:00,5.155
06-11-2026 08:00:00,6.149
06-11-2026 08:15:00,7.161
06-11-2026 08:30:00,7.989
06-11-2026 08:45:00,8.955
06-11-2026 09:00:00,9.928
06-11-2026 09:15:00,9.883
06-11-2026 09:30:00,10.691
06-11-2026 09:45:00,11.983
06-11-2026 10:00:00,12.405
06-11-2026 10:15:00,12.794
06-11-2026 10:30:00,13.355
06-11-2026 10:45:00,13.9
06-11-2026 11:00:00,14.061
06-11-2026 11:15:00,14.295
06-11-2026 11:30:00,14.778
06-11-2026 11:45:00,14.989
06-11-2026 12:00:00,14.95
06-11-2026 12:15:00,15.15
06-11-2026 12:30:00,15.122
06-11-2026 12:45:00,14.922
06-11-2026 13:00:00,14.5
06-11-2026 13:15:00,14.811
06-11-2026 13:30:00,14.739
06-11-2026 13:45:00,14.606
06-11-2026 14:00:00,14.289
06-11-2026 14:15:00,13.901
06-11-2026 14:30:00,13.795
06-11-2026 14:45:00,13.417
06-11-2026 15:00:00,13.288
06-11-2026 15:15:00,12.185
06-11-2026 15:30:00,12.223
06-11-2026 15:45:00,11.612
06-11-2026 16:00:00,11.001
06-11-2026 16:15:00,10.135
06-11-2026 16:30:00,9.108
06-11-2026 16:45:00,7.264
06-11-2026 17:00:00,6.748
06-11-2026 17:15:00,5.549
06-11-2026 17:30:00,4.231
06-11-2026 17:45:00,2.898
06-11-2026 18:00:00,1.933
06-11-2026 18:15:00,0.62
06-11-2026 18:30:00,0.25
06-11-2026 18:45:00,0.051
06-11-2026 19:00:00,-0.116
06-11-2026 19:15:00,-0.184
06-11-2026 19:30:00,-0.1
06-11-2026 19:45:00,-0.1
06-11-2026 20:00:00,-0.1
06-11-2026 20:15:00,-0.1
06-11-2026 20:30:00,-0.1
06-11-2026 20:45:00,-0.1
06-11-2026 21:00:00,-0.1
06-11-2026 21:15:00,-0.1
06-11-2026 21:30:00,-0.1
06-11-2026 21:45:00,-0.1
06-11-2026 22:00:00,-0.1
06-11-2026 22:15:00,-0.1
06-11-2026 22:30:00,-0.1
06-11-2026 22:45:00,-0.1
06-11-2026 23:00:00,-0.1
06-11-2026 23:15:00,-0.1
06-11-2026 23:30:00,-0.1
06-11-2026 23:45:00,-0.1
06-12-2026 00:00:00,-0.1
06-12-2026 00:15:00,-0.1
06-12-2026 00:30:00,-0.1
06-12-2026 00:45:00,-0.1
06-12-2026 01:00:00,-0.1
06-12-2026 01:15:00,-0.1
06-12-2026 01:30:00,-0.1
06-12-2026 01:45:00,-0.1
06-12-2026 02:00:00,-0.1
06-12-2026 02:15:00,-0.1
06-12-2026 02:30:00,-0.1
06-12-2026 02:45:00,-0.1
06-12-2026 03:00:00,-0.1
06-12-2026 03:15:00,-0.1
06-12-2026 03:30:00,-0.1
06-12-2026 03:45:00,-0.1
06-12-2026 04:00:00,-0.1
06-12-2026 04:15:00,-0.1
06-12-2026 04:30:00,-0.1
06-12-2026 04:45:00,-0.1
06-12-2026 05:00:00,-0.1
06-12-2026 05:15:00,-0.1
06-12-2026 05:30:00,-0.1
06-12-2026 05:45:00,-0.156
06-12-2026 06:00:00,-0.056
06-12-2026 06:15:00,-0.037
06-12-2026 06:30:00,0.226
06-12-2026 06:45:00,0.821
06-12-2026 07:00:00,2.228
06-12-2026 07:15:00,3.271
06-12-2026 07:30:00,4.162
06-12-2026 07:45:00,5.138
06-12-2026 08:00:00,6.284
06-12-2026 08:15:00,7.195
06-12-2026 08:30:00,8.194
06-12-2026 08:45:00,9.009
06-12-2026 09:00:00,9.777
06-12-2026 09:15:00,10.546
06-12-2026 09:30:00,11.249
06-12-2026 09:45:00,11.896
06-12-2026 10:00:00,12.42
06-12-2026 10:15:00,12.853
06-12-2026 10:30:00,12.929
06-12-2026 10:45:00,13.654
06-12-2026 11:00:00,14.015
06-12-2026 11:15:00,14.249
06-12-2026 11:30:00,14.51
06-12-2026 11:45:00,14.632
06-12-2026 12:00:00,14.668
06-12-2026 12:15:00,14.799
06-12-2026 12:30:00,14.885
06-12-2026 12:45:00,14.519
06-12-2026 13:00:00,14.166
06-12-2026 13:15:00,14.353
06-12-2026 13:30:00,14.589
06-12-2026 13:45:00,14.489
06-12-2026 14:00:00,14.29
06-12-2026 14:15:00,14.102
06-12-2026 14:30:00,13.719
06-12-2026 14:45:00,13.396
06-12-2026 15:00:00,13.03
06-12-2026 15:15:00,12.62
06-12-2026 15:30:00,12.086
06-12-2026 15:45:00,10.956
06-12-2026 16:00:00,10.089
06-12-2026 16:15:00,10.525
06-12-2026 16:30:00,6.458
06-12-2026 16:45:00,6.515
06-12-2026 17:00:00,7.274
06-12-2026 17:15:00,6.512
06-12-2026 17:30:00,5.66
06-12-2026 17:45:00,3.684
06-12-2026 18:00:00,2.148
06-12-2026 18:15:00,0.721
06-12-2026 18:30:00,0.307
06-12-2026 18:45:00,0.052
06-12-2026 19:00:00,-0.11
06-12-2026 19:15:00,-0.222
06-12-2026 19:30:00,-0.1
06-12-2026 19:45:00,-0.1
06-12-2026 20:00:00,-0.1
06-12-2026 20:15:00,-0.1
06-12-2026 20:30:00,-0.1
06-12-2026 20:45:00,-0.1
06-12-2026 21:00:00,-0.1
06-12-2026 21:15:00,-0.1
06-12-2026 21:30:00,-0.1
06-12-2026 21:45:00,-0.1
06-12-2026 22:00:00,-0.1
06-12-2026 22:15:00,-0.1
06-12-2026 22:30:00,-0.1
06-12-2026 22:45:00,-0.1
06-12-2026 23:00:00,-0.1
06-12-2026 23:15:00,-0.1
06-12-2026 23:30:00,-0.1
06-12-2026 23:45:00,-0.1
06-13-2026 00:00:00,-0.1
06-13-2026 00:15:00,-0.1
06-13-2026 00:30:00,-0.1
06-13-2026 00:45:00,-0.1
06-13-2026 01:00:00,-0.1
06-13-2026 01:15:00,-0.1
06-13-2026 01:30:00,-0.1
06-13-2026 01:45:00,-0.1
06-13-2026 02:00:00,-0.1
06-13-2026 02:15:00,-0.1
06-13-2026 02:30:00,-0.1
06-13-2026 02:45:00,-0.1
06-13-2026 03:00:00,-0.1
06-13-2026 03:15:00,-0.1
06-13-2026 03:30:00,-0.1
06-13-2026 03:45:00,-0.1
06-13-2026 04:00:00,-0.1
06-13-2026 04:15:00,-0.1
06-13-2026 04:30:00,-0.1
06-13-2026 04:45:00,-0.1
06-13-2026 05:00:00,-0.1
06-13-2026 05:15:00,-0.1
06-13-2026 05:30:00,-0.1
06-13-2026 05:45:00,-0.156
06-13-2026 06:00:00,-0.056
06-13-2026 06:15:00,-0.035
06-13-2026 06:30:00,0.26
06-13-2026 06:45:00,0.976
06-13-2026 07:00:00,2.015
06-13-2026 07:15:00,3.067
06-13-2026 07:30:00,4.07
06-13-2026 07:45:00,5.054
06-13-2026 08:00:00,6.23
06-13-2026 08:15:00,7.338
06-13-2026 08:30:00,8.088
06-13-2026 08:45:00,9.031
06-13-2026 09:00:00,9.761
06-13-2026 09:15:00,10.614
06-13-2026 09:30:00,11.301
06-13-2026 09:45:00,11.755
06-13-2026 10:00:00,12.29
06-13-2026 10:15:00,12.879
06-13-2026 10:30:00,13.205
06-13-2026 10:45:00,13.545
06-13-2026 11:00:00,13.926
06-13-2026 11:15:00,14.249
06-13-2026 11:30:00,14.322
06-13-2026 11:45:00,14.586
06-13-2026 12:00:00,14.733
06-13-2026 12:15:00,14.778
06-13-2026 12:30:00,14.883
06-13-2026 12:45:00,14.806
06-13-2026 13:00:00,14.883
06-13-2026 13:15:00,14.817
06-13-2026 13:30:00,14.764
06-13-2026 13:45:00,14.483
06-13-2026 14:00:00,14.407
06-13-2026 14:15:00,14.089
06-13-2026 14:30:00,13.73
06-13-2026 14:45:00,13.455
06-13-2026 15:00:00,13.139
06-13-2026 15:15:00,12.561
06-13-2026 15:30:00,12.156
06-13-2026 15:45:00,11.513
06-13-2026 16:00:00,10.89
06-13-2026 16:15:00,10.181
06-13-2026 16:30:00,9.222
06-13-2026 16:45:00,8.115
06-13-2026 17:00:00,6.939
06-13-2026 17:15:00,5.791
06-13-2026 17:30:00,4.584
06-13-2026 17:45:00,3.474
06-13-2026 18:00:00,1.974
06-13-2026 18:15:00,0.563
06-13-2026 18:30:00,0.191
06-13-2026 18:45:00,0.003
06-13-2026 19:00:00,-0.144
06-13-2026 19:15:00,-0.123
06-13-2026 19:30:00,-0.1
06-13-2026 19:45:00,-0.1
06-13-2026 20:00:00,-0.1
06-13-2026 20:15:00,-0.1
06-13-2026 20:30:00,-0.1
06-13-2026 20:45:00,-0.1
06-13-2026 21:00:00,-0.1
06-13-2026 21:15:00,-0.1
06-13-2026 21:30:00,-0.1
06-13-2026 21:45:00,-0.1
06-13-2026 22:00:00,-0.1
06-13-2026 22:15:00,-0.1
06-13-2026 22:30:00,-0.1
06-13-2026 22:45:00,-0.1
06-13-2026 23:00:00,-0.1
06-13-2026 23:15:00,-0.1
06-13-2026 23:30:00,-0.1
06-13-2026 23:45:00,-0.1
06-14-2026 00:00:00,-0.1
06-14-2026 00:15:00,-0.1
06-14-2026 00:30:00,-0.1
06-14-2026 00:45:00,-0.1
06-14-2026 01:00:00,-0.1
06-14-2026 01:15:00,-0.1
06-14-2026 01:30:00,-0.1
06-14-2026 01:45:00,-0.1
06-14-2026 02:00:00,-0.1
06-14-2026 02:15:00,-0.1
06-14-2026 02:30:00,-0.1
06-14-2026 02:45:00,-0.1
06-14-2026 03:00:00,-0.1
06-14-2026 03:15:00,-0.1
06-14-2026 03:30:00,-0.1
06-14-2026 03:45:00,-0.1
06-14-2026 04:00:00,-0.1
06-14-2026 04:15:00,-0.1
06-14-2026 04:30:00,-0.1
06-14-2026 04:45:00,-0.1
06-14-2026 05:00:00,-0.1
06-14-2026 05:15:00,-0.1
06-14-2026 05:30:00,-0.1
06-14-2026 05:45:00,-0.157
06-14-2026 06:00:00,0.074
06-14-2026 06:15:00,0.27
06-14-2026 06:30:00,0.669
06-14-2026 06:45:00,1.469
06-14-2026 07:00:00,1.69
06-14-2026 07:15:00,2.148
06-14-2026 07:30:00,2.094
06-14-2026 07:45:00,2.197
06-14-2026 08:00:00,2.271
06-14-2026 08:15:00,3.055
06-14-2026 08:30:00,4.398
06-14-2026 08:45:00,5.193
06-14-2026 09:00:00,4.912
06-14-2026 09:15:00,4.84
06-14-2026 09:30:00,6.165
06-14-2026 09:45:00,6.363
06-14-2026 10:00:00,4.058
06-14-2026 10:15:00,10.112
06-14-2026 10:30:00,11.125
06-14-2026 10:45:00,6.227
06-14-2026 11:00:00,10.13
06-14-2026 11:15:00,12.965
06-14-2026 11:30:00,14.693
06-14-2026 11:45:00,7.994
06-14-2026 12:00:00,12.422
06-14-2026 12:15:00,14.728
06-14-2026 12:30:00,13.688
06-14-2026 12:45:00,15.103
06-14-2026 13:00:00,15.818
06-14-2026 13:15:00,11.335
06-14-2026 13:30:00,14.762
06-14-2026 13:45:00,12.35
06-14-2026 14:00:00,12.794
06-14-2026 14:15:00,14.173
06-14-2026 14:30:00,14.104
06-14-2026 14:45:00,14.204
06-14-2026 15:00:00,10.675
06-14-2026 15:15:00,8.587
06-14-2026 15:30:00,4.537
06-14-2026 15:45:00,5.051
06-14-2026 16:00:00,5.765
06-14-2026 16:15:00,7.021
06-14-2026 16:30:00,5.605
06-14-2026 16:45:00,4.675
06-14-2026 17:00:00,6.216
06-14-2026 17:15:00,3.658
06-14-2026 17:30:00,1.509
06-14-2026 17:45:00,0.716
06-14-2026 18:00:00,0.558
06-14-2026 18:15:00,0.237
06-14-2026 18:30:00,-0.009
06-14-2026 18:45:00,-0.12
06-14-2026 19:00:00,-0.155
06-14-2026 19:15:00,-0.191
06-14-2026 19:30:00,-0.1
06-14-2026 19:45:00,-0.1
06-14-2026 20:00:00,-0.1
06-14-2026 20:15:00,-0.1
06-14-2026 20:30:00,-0.1
06-14-2026 20:45:00,-0.1
06-14-2026 21:00:00,-0.1
06-14-2026 21:15:00,-0.1
06-14-2026 21:30:00,-0.1
06-14-2026 21:45:00,-0.1
06-14-2026 22:00:00,-0.1
06-14-2026 22:15:00,-0.1
06-14-2026 22:30:00,-0.1
06-14-2026 22:45:00,-0.1
06-14-2026 23:00:00,-0.1
06-14-2026 23:15:00,-0.1
06-14-2026 23:30:00,-0.1
06-14-2026 23:45:00,-0.1
06-15-2026 00:00:00,-0.1
06-15-2026 00:15:00,-0.1
06-15-2026 00:30:00,-0.1
06-15-2026 00:45:00,-0.1
06-15-2026 01:00:00,-0.1
06-15-2026 01:15:00,-0.1
06-15-2026 01:30:00,-0.1
06-15-2026 01:45:00,-0.1
06-15-2026 02:00:00,-0.1
06-15-2026 02:15:00,-0.1
06-15-2026 02:30:00,-0.1
06-15-2026 02:45:00,-0.1
06-15-2026 03:00:00,-0.1
06-15-2026 03:15:00,-0.1
06-15-2026 03:30:00,-0.1
06-15-2026 03:45:00,-0.1
06-15-2026 04:00:00,-0.1
06-15-2026 04:15:00,-0.1
06-15-2026 04:30:00,-0.1
06-15-2026 04:45:00,-0.1
06-15-2026 05:00:00,-0.1
06-15-2026 05:15:00,-0.1
06-15-2026 05:30:00,-0.1
06-15-2026 05:45:00,-0.157
06-15-2026 06:00:00,-0.079
06-15-2026 06:15:00,0.144
06-15-2026 06:30:00,0.977
06-15-2026 06:45:00,0.839
06-15-2026 07:00:00,1.477
06-15-2026 07:15:00,1.643
06-15-2026 07:30:00,2.59
06-15-2026 07:45:00,3.225
06-15-2026 08:00:00,3.125
06-15-2026 08:15:00,3.21
06-15-2026 08:30:00,4.977
06-15-2026 08:45:00,8.64
06-15-2026 09:00:00,7.919
06-15-2026 09:15:00,7.009
06-15-2026 09:30:00,11.019
06-15-2026 09:45:00,12.457
06-15-2026 10:00:00,9.927
06-15-2026 10:15:00,10.047
06-15-2026 10:30:00,8.509
06-15-2026 10:45:00,9.039
06-15-2026 11:00:00,12.282
06-15-2026 11:15:00,15.111
06-15-2026 11:30:00,12.696
06-15-2026 11:45:00,13.149
06-15-2026 12:00:00,14.513
06-15-2026 12:15:00,16.431
06-15-2026 12:30:00,11.951
06-15-2026 12:45:00,14.655
06-15-2026 13:00:00,15.579
06-15-2026 13:15:00,14.1
06-15-2026 13:30:00,15.317
06-15-2026 13:45:00,14.638
06-15-2026 14:00:00,14.297
06-15-2026 14:15:00,14.55
06-15-2026 14:30:00,13.923
06-15-2026 14:45:00,12.542
06-15-2026 15:00:00,13.235
06-15-2026 15:15:00,13.539
06-15-2026 15:30:00,5.32
06-15-2026 15:45:00,4.619
06-15-2026 16:00:00,6.671
06-15-2026 16:15:00,5.829
06-15-2026 16:30:00,7.842
06-15-2026 16:45:00,9.107
06-15-2026 17:00:00,7.183
06-15-2026 17:15:00,5.39
06-15-2026 17:30:00,4.106
06-15-2026 17:45:00,2.456
06-15-2026 18:00:00,1.018
06-15-2026 18:15:00,0.589
06-15-2026 18:30:00,0.236
06-15-2026 18:45:00,0.004
06-15-2026 19:00:00,-0.148
06-15-2026 19:15:00,-0.14
06-15-2026 19:30:00,-0.1
06-15-2026 19:45:00,-0.1
06-15-2026 20:00:00,-0.1
06-15-2026 20:15:00,-0.1
06-15-2026 20:30:00,-0.1
06-15-2026 20:45:00,-0.1
06-15-2026 21:00:00,-0.1
06-15-2026 21:15:00,-0.1
06-15-2026 21:30:00,-0.1
06-15-2026 21:45:00,-0.1
06-15-2026 22:00:00,-0.1
06-15-2026 22:15:00,-0.1
06-15-2026 22:30:00,-0.1
06-15-2026 22:45:00,-0.1
06-15-2026 23:00:00,-0.1
06-15-2026 23:15:00,-0.1
06-15-2026 23:30:00,-0.1
06-15-2026 23:45:00,-0.1
06-16-2026 00:00:00,-0.1
06-16-2026 00:15:00,-0.1
06-16-2026 00:30:00,-0.1
06-16-2026 00:45:00,-0.1
06-16-2026 01:00:00,-0.1
06-16-2026 01:15:00,-0.1
06-16-2026 01:30:00,-0.1
06-16-2026 01:45:00,-0.1
06-16-2026 02:00:00,-0.1
06-16-2026 02:15:00,-0.1
06-16-2026 02:30:00,-0.1
06-16-2026 02:45:00,-0.1
06-16-2026 03:00:00,-0.1
06-16-2026 03:15:00,-0.1
06-16-2026 03:30:00,-0.1
06-16-2026 03:45:00,-0.1
06-16-2026 04:00:00,-0.1
06-16-2026 04:15:00,-0.1
06-16-2026 04:30:00,-0.1
06-16-2026 04:45:00,-0.1
06-16-2026 05:00:00,-0.1
06-16-2026 05:15:00,-0.1
06-16-2026 05:30:00,-0.1
06-16-2026 05:45:00,-0.144
06-16-2026 06:00:00,-0.057
06-16-2026 06:15:00,-0.037
06-16-2026 06:30:00,0.232
06-16-2026 06:45:00,0.4
06-16-2026 07:00:00,0.563
06-16-2026 07:15:00,1.758
06-16-2026 07:30:00,1.725
06-16-2026 07:45:00,3.793
06-16-2026 08:00:00,2.484
06-16-2026 08:15:00,6.785
06-16-2026 08:30:00,5.399
06-16-2026 08:45:00,6.161
06-16-2026 09:00:00,8.687
06-16-2026 09:15:00,10.916
06-16-2026 09:30:00,11.415
06-16-2026 09:45:00,11.955
06-16-2026 10:00:00,12.631
06-16-2026 10:15:00,13.062
06-16-2026 10:30:00,13.42
06-16-2026 10:45:00,14.217
06-16-2026 11:00:00,14.083
06-16-2026 11:15:00,14.533
06-16-2026 11:30:00,14.758
06-16-2026 11:45:00,14.503
06-16-2026 12:00:00,14.782
06-16-2026 12:15:00,14.518
06-16-2026 12:30:00,14.726
06-16-2026 12:45:00,14.68
06-16-2026 13:00:00,14.749
06-16-2026 13:15:00,14.72
06-16-2026 13:30:00,14.439
06-16-2026 13:45:00,14.451
06-16-2026 14:00:00,14.295
06-16-2026 14:15:00,13.892
06-16-2026 14:30:00,13.666
06-16-2026 14:45:00,13.345
06-16-2026 15:00:00,13.023
06-16-2026 15:15:00,12.667
06-16-2026 15:30:00,12.172
06-16-2026 15:45:00,11.521
06-16-2026 16:00:00,10.935
06-16-2026 16:15:00,10.893
06-16-2026 16:30:00,9.804
06-16-2026 16:45:00,8.104
06-16-2026 17:00:00,6.989
06-16-2026 17:15:00,5.716
06-16-2026 17:30:00,4.545
06-16-2026 17:45:00,3.443
06-16-2026 18:00:00,2.185
06-16-2026 18:15:00,0.818
06-16-2026 18:30:00,0.344
06-16-2026 18:45:00,0.099
06-16-2026 19:00:00,-0.091
06-16-2026 19:15:00,-0.183
06-16-2026 19:30:00,-0.1
06-16-2026 19:45:00,-0.1
06-16-2026 20:00:00,-0.1
06-16-2026 20:15:00,-0.1
06-16-2026 20:30:00,-0.1
06-16-2026 20:45:00,-0.1
06-16-2026 21:00:00,-0.1
06-16-2026 21:15:00,-0.1
06-16-2026 21:30:00,-0.1
06-16-2026 21:45:00,-0.1
06-16-2026 22:00:00,-0.1
06-16-2026 22:15:00,-0.1
06-16-2026 22:30:00,-0.1
06-16-2026 22:45:00,-0.1
06-16-2026 23:00:00,-0.1
06-16-2026 23:15:00,-0.1
06-16-2026 23:30:00,-0.1
06-16-2026 23:45:00,-0.1
06-17-2026 00:00:00,-0.1
06-17-2026 00:15:00,-0.1
06-17-2026 00:30:00,-0.1
06-17-2026 00:45:00,-0.1
06-17-2026 01:00:00,-0.1
06-17-2026 01:15:00,-0.1
06-17-2026 01:30:00,-0.1
06-17-2026 01:45:00,-0.1
06-17-2026 02:00:00,-0.1
06-17-2026 02:15:00,-0.1
06-17-2026 02:30:00,-0.1
06-17-2026 02:45:00,-0.1
06-17-2026 03:00:00,-0.1
06-17-2026 03:15:00,-0.1
06-17-2026 03:30:00,-0.1
06-17-2026 03:45:00,-0.1
06-17-2026 04:00:00,-0.1
06-17-2026 04:15:00,-0.1
06-17-2026 04:30:00,-0.1
06-17-2026 04:45:00,-0.1
06-17-2026 05:00:00,-0.1
06-17-2026 05:15:00,-0.1
06-17-2026 05:30:00,-0.1
06-17-2026 05:45:00,-0.145
06-17-2026 06:00:00,-0.053
06-17-2026 06:15:00,0.242
06-17-2026 06:30:00,0.552
06-17-2026 06:45:00,0.632
06-17-2026 07:00:00,0.686
06-17-2026 07:15:00,2.027
06-17-2026 07:30:00,3.913
06-17-2026 07:45:00,4.623
06-17-2026 08:00:00,1.886
06-17-2026 08:15:00,3.636
06-17-2026 08:30:00,7.91
06-17-2026 08:45:00,8.46
06-17-2026 09:00:00,9.256
06-17-2026 09:15:00,10.047
06-17-2026 09:30:00,10.728
06-17-2026 09:45:00,11.303
06-17-2026 10:00:00,11.879
06-17-2026 10:15:00,12.339
06-17-2026 10:30:00,12.709
06-17-2026 10:45:00,13.15
06-17-2026 11:00:00,13.585
06-17-2026 11:15:00,13.95
06-17-2026 11:30:00,13.962
06-17-2026 11:45:00,14.327
06-17-2026 12:00:00,14.378
06-17-2026 12:15:00,14.527
06-17-2026 12:30:00,14.551
06-17-2026 12:45:00,14.612
06-17-2026 13:00:00,14.617
06-17-2026 13:15:00,14.597
06-17-2026 13:30:00,14.287
06-17-2026 13:45:00,14.274
06-17-2026 14:00:00,13.941
06-17-2026 14:15:00,13.678
06-17-2026 14:30:00,13.222
06-17-2026 14:45:00,12.961
06-17-2026 15:00:00,12.633
06-17-2026 15:15:00,12.132
06-17-2026 15:30:00,11.595
06-17-2026 15:45:00,10.702
06-17-2026 16:00:00,10.053
06-17-2026 16:15:00,9.133
06-17-2026 16:30:00,8.412
06-17-2026 16:45:00,7.491
06-17-2026 17:00:00,6.461
06-17-2026 17:15:00,5.639
06-17-2026 17:30:00,4.632
06-17-2026 17:45:00,3.591
06-17-2026 18:00:00,1.896
06-17-2026 18:15:00,1.004
06-17-2026 18:30:00,0.541
06-17-2026 18:45:00,0.138
06-17-2026 19:00:00,-0.087
06-17-2026 19:15:00,-0.214
06-17-2026 19:30:00,-0.1
06-17-2026 19:45:00,-0.1
06-17-2026 20:00:00,-0.1
06-17-2026 20:15:00,-0.1
06-17-2026 20:30:00,-0.1
06-17-2026 20:45:00,-0.1
06-17-2026 21:00:00,-0.1
06-17-2026 21:15:00,-0.1
06-17-2026 21:30:00,-0.1
06-17-2026 21:45:00,-0.1
06-17-2026 22:00:00,-0.1
06-17-2026 22:15:00,-0.1
06-17-2026 22:30:00,-0.1
06-17-2026 22:45:00,-0.1
06-17-2026 23:00:00,-0.1
06-17-2026 23:15:00,-0.1
06-17-2026 23:30:00,-0.1
06-17-2026 23:45:00,-0.1
06-18-2026 00:00:00,-0.1
06-18-2026 00:15:00,-0.1
06-18-2026 00:30:00,-0.1
06-18-2026 00:45:00,-0.1
06-18-2026 01:00:00,-0.1
06-18-2026 01:15:00,-0.1
06-18-2026 01:30:00,-0.1
06-18-2026 01:45:00,-0.1
06-18-2026 02:00:00,-0.1
06-18-2026 02:15:00,-0.1
06-18-2026 02:30:00,-0.1
06-18-2026 02:45:00,-0.1
06-18-2026 03:00:00,-0.1
06-18-2026 03:15:00,-0.1
06-18-2026 03:30:00,-0.1
06-18-2026 03:45:00,-0.1
06-18-2026 04:00:00,-0.1
06-18-2026 04:15:00,-0.1
06-18-2026 04:30:00,-0.1
06-18-2026 04:45:00,-0.1
06-18-2026 05:00:00,-0.1
06-18-2026 05:15:00,-0.1
06-18-2026 05:30:00,-0.1
06-18-2026 05:45:00,-0.157
06-18-2026 06:00:00,-0.053
06-18-2026 06:15:00,0.147
06-18-2026 06:30:00,0.308
06-18-2026 06:45:00,0.79
06-18-2026 07:00:00,1.975
06-18-2026 07:15:00,2.657
06-18-2026 07:30:00,3.639
06-18-2026 07:45:00,4.709
06-18-2026 08:00:00,5.746
06-18-2026 08:15:00,6.815
06-18-2026 08:30:00,6.922
06-18-2026 08:45:00,9.405
06-18-2026 09:00:00,7.747
06-18-2026 09:15:00,7.211
06-18-2026 09:30:00,8.636
06-18-2026 09:45:00,12.263
06-18-2026 10:00:00,12.287
06-18-2026 10:15:00,12.721
06-18-2026 10:30:00,13.397
06-18-2026 10:45:00,13.473
06-18-2026 11:00:00,13.937
06-18-2026 11:15:00,11.086
06-18-2026 11:30:00,12.448
06-18-2026 11:45:00,10.588
06-18-2026 12:00:00,13.505
06-18-2026 12:15:00,8.415
06-18-2026 12:30:00,7.93
06-18-2026 12:45:00,10.865
06-18-2026 13:00:00,14.02
06-18-2026 13:15:00,7.459
06-18-2026 13:30:00,13.798
06-18-2026 13:45:00,8.792
06-18-2026 14:00:00,9.536
06-18-2026 14:15:00,14.042
06-18-2026 14:30:00,14.147
06-18-2026 14:45:00,12.08
06-18-2026 15:00:00,3.146
06-18-2026 15:15:00,6.628
06-18-2026 15:30:00,8.298
06-18-2026 15:45:00,5.725
06-18-2026 16:00:00,5.966
06-18-2026 16:15:00,2.675
06-18-2026 16:30:00,1.885
06-18-2026 16:45:00,5.04
06-18-2026 17:00:00,7.061
06-18-2026 17:15:00,3.418
06-18-2026 17:30:00,4.767
06-18-2026 17:45:00,3.918
06-18-2026 18:00:00,2.394
06-18-2026 18:15:00,0.626
06-18-2026 18:30:00,0.288
06-18-2026 18:45:00,0.012
06-18-2026 19:00:00,-0.121
06-18-2026 19:15:00,-0.169
06-18-2026 19:30:00,-0.1
06-18-2026 19:45:00,-0.1
06-18-2026 20:00:00,-0.1
06-18-2026 20:15:00,-0.1
06-18-2026 20:30:00,-0.1
06-18-2026 20:45:00,-0.1
06-18-2026 21:00:00,-0.1
06-18-2026 21:15:00,-0.1
06-18-2026 21:30:00,-0.1
06-18-2026 21:45:00,-0.1
06-18-2026 22:00:00,-0.1
06-18-2026 22:15:00,-0.1
06-18-2026 22:30:00,-0.1
06-18-2026 22:45:00,-0.1
06-18-2026 23:00:00,-0.1
06-18-2026 23:15:00,-0.1
06-18-2026 23:30:00,-0.1
06-18-2026 23:45:00,-0.1
06-19-2026 00:00:00,-0.1
06-19-2026 00:15:00,-0.1
06-19-2026 00:30:00,-0.1
06-19-2026 00:45:00,-0.1
06-19-2026 01:00:00,-0.1
06-19-2026 01:15:00,-0.1
06-19-2026 01:30:00,-0.1
06-19-2026 01:45:00,-0.1
06-19-2026 02:00:00,-0.1
06-19-2026 02:15:00,-0.1
06-19-2026 02:30:00,-0.1
06-19-2026 02:45:00,-0.1
06-19-2026 03:00:00,-0.1
06-19-2026 03:15:00,-0.1
06-19-2026 03:30:00,-0.1
06-19-2026 03:45:00,-0.1
06-19-2026 04:00:00,-0.1
06-19-2026 04:15:00,-0.1
06-19-2026 04:30:00,-0.1
06-19-2026 04:45:00,-0.1
06-19-2026 05:00:00,-0.1
06-19-2026 05:15:00,-0.1
06-19-2026 05:30:00,-0.1
06-19-2026 05:45:00,-0.157
06-19-2026 06:00:00,-0.058
06-19-2026 06:15:00,0.111
06-19-2026 06:30:00,0.447
06-19-2026 06:45:00,1.031
06-19-2026 07:00:00,1.495
06-19-2026 07:15:00,1.667
06-19-2026 07:30:00,2.513
06-19-2026 07:45:00,3.538
06-19-2026 08:00:00,6.082
06-19-2026 08:15:00,6.907
06-19-2026 08:30:00,7.467
06-19-2026 08:45:00,7.768
06-19-2026 09:00:00,8.047
06-19-2026 09:15:00,7.953
06-19-2026 09:30:00,7.296
06-19-2026 09:45:00,12.041
06-19-2026 10:00:00,12.28
06-19-2026 10:15:00,12.765
06-19-2026 10:30:00,13.834
06-19-2026 10:45:00,13.211
06-19-2026 11:00:00,13.299
06-19-2026 11:15:00,8.43
06-19-2026 11:30:00,7.942
06-19-2026 11:45:00,5.995
06-19-2026 12:00:00,4.913
06-19-2026 12:15:00,5.962
06-19-2026 12:30:00,4.771
06-19-2026 12:45:00,8.171
06-19-2026 13:00:00,4.687
06-19-2026 13:15:00,8.417
06-19-2026 13:30:00,10.126
06-19-2026 13:45:00,11.48
06-19-2026 14:00:00,14.779
06-19-2026 14:15:00,13.833
06-19-2026 14:30:00,13.485
06-19-2026 14:45:00,13.12
06-19-2026 15:00:00,12.681
06-19-2026 15:15:00,12.186
06-19-2026 15:30:00,11.77
06-19-2026 15:45:00,11.187
06-19-2026 16:00:00,10.574
06-19-2026 16:15:00,9.901
06-19-2026 16:30:00,9.003
06-19-2026 16:45:00,7.918
06-19-2026 17:00:00,6.835
06-19-2026 17:15:00,5.647
06-19-2026 17:30:00,4.51
06-19-2026 17:45:00,3.362
06-19-2026 18:00:00,1.855
06-19-2026 18:15:00,0.713
06-19-2026 18:30:00,0.267
06-19-2026 18:45:00,0.013
06-19-2026 19:00:00,-0.12
06-19-2026 19:15:00,-0.168
06-19-2026 19:30:00,-0.1
06-19-2026 19:45:00,-0.1
06-19-2026 20:00:00,-0.1
06-19-2026 20:15:00,-0.1
06-19-2026 20:30:00,-0.1
06-19-2026 20:45:00,-0.1
06-19-2026 21:00:00,-0.1
06-19-2026 21:15:00,-0.1
06-19-2026 21:30:00,-0.1
06-19-2026 21:45:00,-0.1
06-19-2026 22:00:00,-0.1
06-19-2026 22:15:00,-0.1
06-19-2026 22:30:00,-0.1
06-19-2026 22:45:00,-0.1
06-19-2026 23:00:00,-0.1
06-19-2026 23:15:00,-0.1
06-19-2026 23:30:00,-0.1
06-19-2026 23:45:00,-0.1
06-20-2026 00:00:00,-0.1
06-20-2026 00:15:00,-0.1
06-20-2026 00:30:00,-0.1
06-20-2026 00:45:00,-0.1
06-20-2026 01:00:00,-0.1
06-20-2026 01:15:00,-0.1
06-20-2026 01:30:00,-0.1
06-20-2026 01:45:00,-0.1
06-20-2026 02:00:00,-0.1
06-20-2026 02:15:00,-0.1
06-20-2026 02:30:00,-0.1
06-20-2026 02:45:00,-0.1
06-20-2026 03:00:00,-0.1
06-20-2026 03:15:00,-0.1
06-20-2026 03:30:00,-0.1
06-20-2026 03:45:00,-0.1
06-20-2026 04:00:00,-0.1
06-20-2026 04:15:00,-0.1
06-20-2026 04:30:00,-0.1
06-20-2026 04:45:00,-0.1
06-20-2026 05:00:00,-0.1
06-20-2026 05:15:00,-0.1
06-20-2026 05:30:00,-0.1
06-20-2026 05:45:00,-0.157
06-20-2026 06:00:00,-0.057
06-20-2026 06:15:00,-0.039
06-20-2026 06:30:00,0.207
06-20-2026 06:45:00,0.669
06-20-2026 07:00:00,1.367
06-20-2026 07:15:00,2.795
06-20-2026 07:30:00,3.91
06-20-2026 07:45:00,4.923
06-20-2026 08:00:00,5.884
06-20-2026 08:15:00,6.903
06-20-2026 08:30:00,7.893
06-20-2026 08:45:00,8.773
06-20-2026 09:00:00,9.53
06-20-2026 09:15:00,10.223
06-20-2026 09:30:00,10.872
06-20-2026 09:45:00,11.552
06-20-2026 10:00:00,12.058
06-20-2026 10:15:00,12.606
06-20-2026 10:30:00,12.924
06-20-2026 10:45:00,13.238
06-20-2026 11:00:00,13.715
06-20-2026 11:15:00,13.944
06-20-2026 11:30:00,14.164
06-20-2026 11:45:00,14.433
06-20-2026 12:00:00,14.609
06-20-2026 12:15:00,14.578
06-20-2026 12:30:00,14.659
06-20-2026 12:45:00,14.749
06-20-2026 13:00:00,14.644
06-20-2026 13:15:00,14.473
06-20-2026 13:30:00,14.376
06-20-2026 13:45:00,14.217
06-20-2026 14:00:00,14.066
06-20-2026 14:15:00,13.85
06-20-2026 14:30:00,13.683
06-20-2026 14:45:00,13.332
06-20-2026 15:00:00,12.964
06-20-2026 15:15:00,12.416
06-20-2026 15:30:00,11.833
06-20-2026 15:45:00,11.317
06-20-2026 16:00:00,10.693
06-20-2026 16:15:00,9.91
06-20-2026 16:30:00,9.043
06-20-2026 16:45:00,7.9
06-20-2026 17:00:00,6.679
06-20-2026 17:15:00,5.562
06-20-2026 17:30:00,4.414
06-20-2026 17:45:00,3.28
06-20-2026 18:00:00,1.995
06-20-2026 18:15:00,0.79
06-20-2026 18:30:00,0.347
06-20-2026 18:45:00,0.054
06-20-2026 19:00:00,-0.107
06-20-2026 19:15:00,-0.146
06-20-2026 19:30:00,-0.1
06-20-2026 19:45:00,-0.1
06-20-2026 20:00:00,-0.1
06-20-2026 20:15:00,-0.1
06-20-2026 20:30:00,-0.1
06-20-2026 20:45:00,-0.1
06-20-2026 21:00:00,-0.1
06-20-2026 21:15:00,-0.1
06-20-2026 21:30:00,-0.1
06-20-2026 21:45:00,-0.1
06-20-2026 22:00:00,-0.1
06-20-2026 22:15:00,-0.1
06-20-2026 22:30:00,-0.1
06-20-2026 22:45:00,-0.1
06-20-2026 23:00:00,-0.1
06-20-2026 23:15:00,-0.1
06-20-2026 23:30:00,-0.1
06-20-2026 23:45:00,-0.1
06-21-2026 00:00:00,-0.1
06-21-2026 00:15:00,-0.1
06-21-2026 00:30:00,-0.1
06-21-2026 00:45:00,-0.1
06-21-2026 01:00:00,-0.1
06-21-2026 01:15:00,-0.1
06-21-2026 01:30:00,-0.1
06-21-2026 01:45:00,-0.1
06-21-2026 02:00:00,-0.1
06-21-2026 02:15:00,-0.1
06-21-2026 02:30:00,-0.1
06-21-2026 02:45:00,-0.1
06-21-2026 03:00:00,-0.1
06-21-2026 03:15:00,-0.1
06-21-2026 03:30:00,-0.1
06-21-2026 03:45:00,-0.1
06-21-2026 04:00:00,-0.1
06-21-2026 04:15:00,-0.1
06-21-2026 04:30:00,-0.1
06-21-2026 04:45:00,-0.1
06-21-2026 05:00:00,-0.1
06-21-2026 05:15:00,-0.1
06-21-2026 05:30:00,-0.1
06-21-2026 05:45:00,-0.157
06-21-2026 06:00:00,-0.058
06-21-2026 06:15:00,-0.001
06-21-2026 06:30:00,0.329
06-21-2026 06:45:00,0.882
06-21-2026 07:00:00,1.538
06-21-2026 07:15:00,2.44
06-21-2026 07:30:00,2.6
06-21-2026 07:45:00,4.946
06-21-2026 08:00:00,5.873
06-21-2026 08:15:00,6.918
06-21-2026 08:30:00,7.822
06-21-2026 08:45:00,7.633
06-21-2026 09:00:00,5.491
06-21-2026 09:15:00,8.323
06-21-2026 09:30:00,9.945
06-21-2026 09:45:00,11.412
06-21-2026 10:00:00,11.595
06-21-2026 10:15:00,12.208
06-21-2026 10:30:00,12.823
06-21-2026 10:45:00,12.94
06-21-2026 11:00:00,13.356
06-21-2026 11:15:00,13.682
06-21-2026 11:30:00,13.872
06-21-2026 11:45:00,14.063
06-21-2026 12:00:00,14.348
06-21-2026 12:15:00,14.242
06-21-2026 12:30:00,14.24
06-21-2026 12:45:00,14.432
06-21-2026 13:00:00,14.376
06-21-2026 13:15:00,14.133
06-21-2026 13:30:00,13.987
06-21-2026 13:45:00,13.51
06-21-2026 14:00:00,13.487
06-21-2026 14:15:00,13.377
06-21-2026 14:30:00,13.234
06-21-2026 14:45:00,12.897
06-21-2026 15:00:00,12.636
06-21-2026 15:15:00,12.059
06-21-2026 15:30:00,11.625
06-21-2026 15:45:00,11.144
06-21-2026 16:00:00,10.431
06-21-2026 16:15:00,9.782
06-21-2026 16:30:00,9.209
06-21-2026 16:45:00,8.141
06-21-2026 17:00:00,7.089
06-21-2026 17:15:00,5.962
06-21-2026 17:30:00,4.776
06-21-2026 17:45:00,3.698
06-21-2026 18:00:00,2.529
06-21-2026 18:15:00,1.077
06-21-2026 18:30:00,0.545
06-21-2026 18:45:00,0.323
06-21-2026 19:00:00,-0.016
06-21-2026 19:15:00,-0.207
06-21-2026 19:30:00,-0.171
06-21-2026 19:45:00,-0.1
06-21-2026 20:00:00,-0.1
06-21-2026 20:15:00,-0.1
06-21-2026 20:30:00,-0.1
06-21-2026 20:45:00,-0.1
06-21-2026 21:00:00,-0.1
06-21-2026 21:15:00,-0.1
06-21-2026 21:30:00,-0.1
06-21-2026 21:45:00,-0.1
06-21-2026 22:00:00,-0.1
06-21-2026 22:15:00,-0.1
06-21-2026 22:30:00,-0.1
06-21-2026 22:45:00,-0.1
06-21-2026 23:00:00,-0.1
06-21-2026 23:15:00,-0.1
06-21-2026 23:30:00,-0.1
06-21-2026 23:45:00,-0.1
06-22-2026 00:00:00,-0.1
06-22-2026 00:15:00,-0.1
06-22-2026 00:30:00,-0.1
06-22-2026 00:45:00,-0.1
06-22-2026 01:00:00,-0.1
06-22-2026 01:15:00,-0.1
06-22-2026 01:30:00,-0.1
06-22-2026 01:45:00,-0.1
06-22-2026 02:00:00,-0.1
06-22-2026 02:15:00,-0.1
06-22-2026 02:30:00,-0.1
06-22-2026 02:45:00,-0.1
06-22-2026 03:00:00,-0.1
06-22-2026 03:15:00,-0.1
06-22-2026 03:30:00,-0.1
06-22-2026 03:45:00,-0.1
06-22-2026 04:00:00,-0.1
06-22-2026 04:15:00,-0.1
06-22-2026 04:30:00,-0.1
06-22-2026 04:45:00,-0.1
06-22-2026 05:00:00,-0.1
06-22-2026 05:15:00,-0.1
06-22-2026 05:30:00,-0.1
06-22-2026 05:45:00,-0.145
06-22-2026 06:00:00,-0.041
06-22-2026 06:15:00,0.102
06-22-2026 06:30:00,0.22
06-22-2026 06:45:00,0.613
06-22-2026 07:00:00,0.908
06-22-2026 07:15:00,1.586
06-22-2026 07:30:00,1.274
06-22-2026 07:45:00,2.221
06-22-2026 08:00:00,4.991
06-22-2026 08:15:00,5.177
06-22-2026 08:30:00,8.136
06-22-2026 08:45:00,8.254
06-22-2026 09:00:00,3.601
06-22-2026 09:15:00,4.898
06-22-2026 09:30:00,5.054
06-22-2026 09:45:00,5.323
06-22-2026 10:00:00,5.919
06-22-2026 10:15:00,8.302
06-22-2026 10:30:00,12.81
06-22-2026 10:45:00,10.413
06-22-2026 11:00:00,13.471
06-22-2026 11:15:00,13.913
06-22-2026 11:30:00,14.378
06-22-2026 11:45:00,14.503
06-22-2026 12:00:00,13.409
06-22-2026 12:15:00,12.229
06-22-2026 12:30:00,15.641
06-22-2026 12:45:00,15.471
06-22-2026 13:00:00,12.038
06-22-2026 13:15:00,13.155
06-22-2026 13:30:00,14.642
06-22-2026 13:45:00,14.436
06-22-2026 14:00:00,14.548
06-22-2026 14:15:00,10.323
06-22-2026 14:30:00,14.283
06-22-2026 14:45:00,11.394
06-22-2026 15:00:00,11.435
06-22-2026 15:15:00,6.946
06-22-2026 15:30:00,6.556
06-22-2026 15:45:00,4.671
06-22-2026 16:00:00,5.345
06-22-2026 16:15:00,3.607
06-22-2026 16:30:00,4.061
06-22-2026 16:45:00,5.736
06-22-2026 17:00:00,7.098
06-22-2026 17:15:00,4.994
06-22-2026 17:30:00,4.329
06-22-2026 17:45:00,4.04
06-22-2026 18:00:00,3.137
06-22-2026 18:15:00,1.653
06-22-2026 18:30:00,0.969
06-22-2026 18:45:00,0.449
06-22-2026 19:00:00,-0.047
06-22-2026 19:15:00,-0.207
06-22-2026 19:30:00,-0.126
06-22-2026 19:45:00,-0.1
06-22-2026 20:00:00,-0.1
06-22-2026 20:15:00,-0.1
06-22-2026 20:30:00,-0.1
06-22-2026 20:45:00,-0.1
06-22-2026 21:00:00,-0.1
06-22-2026 21:15:00,-0.1
06-22-2026 21:30:00,-0.1
06-22-2026 21:45:00,-0.1
06-22-2026 22:00:00,-0.1
06-22-2026 22:15:00,-0.1
06-22-2026 22:30:00,-0.1
06-22-2026 22:45:00,-0.1
06-22-2026 23:00:00,-0.1
06-22-2026 23:15:00,-0.1
06-22-2026 23:30:00,-0.1
06-22-2026 23:45:00,-0.1
06-23-2026 00:00:00,-0.1
06-23-2026 00:15:00,-0.1
06-23-2026 00:30:00,-0.1
06-23-2026 00:45:00,-0.1
06-23-2026 01:00:00,-0.1
06-23-2026 01:15:00,-0.1
06-23-2026 01:30:00,-0.1
06-23-2026 01:45:00,-0.1
06-23-2026 02:00:00,-0.1
06-23-2026 02:15:00,-0.1
06-23-2026 02:30:00,-0.1
06-23-2026 02:45:00,-0.1
06-23-2026 03:00:00,-0.1
06-23-2026 03:15:00,-0.1
06-23-2026 03:30:00,-0.1
06-23-2026 03:45:00,-0.1
06-23-2026 04:00:00,-0.1
06-23-2026 04:15:00,-0.1
06-23-2026 04:30:00,-0.1
06-23-2026 04:45:00,-0.1
06-23-2026 05:00:00,-0.1
06-23-2026 05:15:00,-0.1
06-23-2026 05:30:00,-0.1
06-23-2026 05:45:00,-0.154
06-23-2026 06:00:00,-0.093
06-23-2026 06:15:00,0.059
06-23-2026 06:30:00,0.357
06-23-2026 06:45:00,0.919
06-23-2026 07:00:00,1.107
06-23-2026 07:15:00,1.822
06-23-2026 07:30:00,1.604
06-23-2026 07:45:00,2.745
06-23-2026 08:00:00,2.355
06-23-2026 08:15:00,3.647
06-23-2026 08:30:00,3.057
06-23-2026 08:45:00,7.148
06-23-2026 09:00:00,9.853
06-23-2026 09:15:00,9.167
06-23-2026 09:30:00,8.098
06-23-2026 09:45:00,9.246
06-23-2026 10:00:00,12.186
06-23-2026 10:15:00,12.607
06-23-2026 10:30:00,14.7
06-23-2026 10:45:00,10.782
06-23-2026 11:00:00,11.979
06-23-2026 11:15:00,9.902
06-23-2026 11:30:00,9.98
06-23-2026 11:45:00,8.729
06-23-2026 12:00:00,9.226
06-23-2026 12:15:00,9.651
06-23-2026 12:30:00,12.217
06-23-2026 12:45:00,11.761
06-23-2026 13:00:00,9.581
06-23-2026 13:15:00,9.161
06-23-2026 13:30:00,7.657
06-23-2026 13:45:00,10.219
06-23-2026 14:00:00,9.673
06-23-2026 14:15:00,12.542
06-23-2026 14:30:00,6.621
06-23-2026 14:45:00,10.395
06-23-2026 15:00:00,10.856
06-23-2026 15:15:00,8.832
06-23-2026 15:30:00,6.88
06-23-2026 15:45:00,4.119
06-23-2026 16:00:00,4.328
06-23-2026 16:15:00,3.802
06-23-2026 16:30:00,3.266
06-23-2026 16:45:00,1.459
06-23-2026 17:00:00,1.478
06-23-2026 17:15:00,1.231
06-23-2026 17:30:00,1.344
06-23-2026 17:45:00,1.24
06-23-2026 18:00:00,0.883
06-23-2026 18:15:00,0.784
06-23-2026 18:30:00,0.275
06-23-2026 18:45:00,0.098
06-23-2026 19:00:00,-0.109
06-23-2026 19:15:00,-0.215
06-23-2026 19:30:00,-0.1
06-23-2026 19:45:00,-0.1
06-23-2026 20:00:00,-0.1
06-23-2026 20:15:00,-0.1
06-23-2026 20:30:00,-0.1
06-23-2026 20:45:00,-0.1
06-23-2026 21:00:00,-0.1
06-23-2026 21:15:00,-0.1
06-23-2026 21:30:00,-0.1
06-23-2026 21:45:00,-0.1
06-23-2026 22:00:00,-0.1
06-23-2026 22:15:00,-0.1
06-23-2026 22:30:00,-0.1
06-23-2026 22:45:00,-0.1
06-23-2026 23:00:00,-0.1
06-23-2026 23:15:00,-0.1
06-23-2026 23:30:00,-0.1
06-23-2026 23:45:00,-0.1
06-24-2026 00:00:00,-0.1
06-24-2026 00:15:00,-0.1
06-24-2026 00:30:00,-0.1
06-24-2026 00:45:00,-0.1
06-24-2026 01:00:00,-0.1
06-24-2026 01:15:00,-0.1
06-24-2026 01:30:00,-0.1
06-24-2026 01:45:00,-0.1
06-24-2026 02:00:00,-0.1
06-24-2026 02:15:00,-0.1
06-24-2026 02:30:00,-0.1
06-24-2026 02:45:00,-0.1
06-24-2026 03:00:00,-0.1
06-24-2026 03:15:00,-0.1
06-24-2026 03:30:00,-0.1
06-24-2026 03:45:00,-0.1
06-24-2026 04:00:00,-0.1
06-24-2026 04:15:00,-0.1
06-24-2026 04:30:00,-0.1
06-24-2026 04:45:00,-0.1
06-24-2026 05:00:00,-0.1
06-24-2026 05:15:00,-0.1
06-24-2026 05:30:00,-0.1
06-24-2026 05:45:00,-0.135
06-24-2026 06:00:00,-0.097
06-24-2026 06:15:00,0.125
06-24-2026 06:30:00,0.373
06-24-2026 06:45:00,0.813
06-24-2026 07:00:00,1.057
06-24-2026 07:15:00,1.707
06-24-2026 07:30:00,2.247
06-24-2026 07:45:00,2.339
06-24-2026 08:00:00,2.961
06-24-2026 08:15:00,3.423
06-24-2026 08:30:00,3.804
06-24-2026 08:45:00,6.335
06-24-2026 09:00:00,4.201
06-24-2026 09:15:00,4.085
06-24-2026 09:30:00,6.907
06-24-2026 09:45:00,7.918
06-24-2026 10:00:00,7.837
06-24-2026 10:15:00,7.608
06-24-2026 10:30:00,6.65
06-24-2026 10:45:00,7.731
06-24-2026 11:00:00,5.927
06-24-2026 11:15:00,9.928
06-24-2026 11:30:00,10.906
06-24-2026 11:45:00,8.844
06-24-2026 12:00:00,10.258
06-24-2026 12:15:00,12.042
06-24-2026 12:30:00,8.128
06-24-2026 12:45:00,8.213
06-24-2026 13:00:00,13.862
06-24-2026 13:15:00,14.448
06-24-2026 13:30:00,11.857
06-24-2026 13:45:00,9.581
06-24-2026 14:00:00,12.794
06-24-2026 14:15:00,12.999
06-24-2026 14:30:00,11.206
06-24-2026 14:45:00,11.099
06-24-2026 15:00:00,8.893
06-24-2026 15:15:00,5.26
06-24-2026 15:30:00,3.919
06-24-2026 15:45:00,4.036
06-24-2026 16:00:00,3.704
06-24-2026 16:15:00,4.317
06-24-2026 16:30:00,2.863
06-24-2026 16:45:00,1.905
06-24-2026 17:00:00,0.829
06-24-2026 17:15:00,1.988
06-24-2026 17:30:00,1.943
06-24-2026 17:45:00,1.22
06-24-2026 18:00:00,0.873
06-24-2026 18:15:00,0.566
06-24-2026 18:30:00,0.781
06-24-2026 18:45:00,0.143
06-24-2026 19:00:00,-0.086
06-24-2026 19:15:00,-0.1
06-24-2026 19:30:00,-0.1
06-24-2026 19:45:00,-0.1
06-24-2026 20:00:00,-0.1
06-24-2026 20:15:00,-0.1
06-24-2026 20:30:00,-0.1
06-24-2026 20:45:00,-0.1
06-24-2026 21:00:00,-0.1
06-24-2026 21:15:00,-0.1
06-24-2026 21:30:00,-0.1
06-24-2026 21:45:00,-0.1
06-24-2026 22:00:00,-0.1
06-24-2026 22:15:00,-0.1
06-24-2026 22:30:00,-0.1
06-24-2026 22:45:00,-0.1
06-24-2026 23:00:00,-0.1
06-24-2026 23:15:00,-0.1
06-24-2026 23:30:00,-0.1
06-24-2026 23:45:00,-0.1
06-25-2026 00:00:00,-0.1
06-25-2026 00:15:00,-0.1
06-25-2026 00:30:00,-0.1
06-25-2026 00:45:00,-0.1
06-25-2026 01:00:00,-0.1
06-25-2026 01:15:00,-0.1
06-25-2026 01:30:00,-0.1
06-25-2026 01:45:00,-0.1
06-25-2026 02:00:00,-0.1
06-25-2026 02:15:00,-0.1
06-25-2026 02:30:00,-0.1
06-25-2026 02:45:00,-0.1
06-25-2026 03:00:00,-0.1
06-25-2026 03:15:00,-0.1
06-25-2026 03:30:00,-0.1
06-25-2026 03:45:00,-0.1
06-25-2026 04:00:00,-0.1
06-25-2026 04:15:00,-0.1
06-25-2026 04:30:00,-0.1
06-25-2026 04:45:00,-0.1
06-25-2026 05:00:00,-0.1
06-25-2026 05:15:00,-0.1
06-25-2026 05:30:00,-0.1
06-25-2026 05:45:00,-0.153
06-25-2026 06:00:00,-0.094
06-25-2026 06:15:00,0.146
06-25-2026 06:30:00,0.346
06-25-2026 06:45:00,0.932
06-25-2026 07:00:00,1.301
06-25-2026 07:15:00,1.458
06-25-2026 07:30:00,2.345
06-25-2026 07:45:00,3.638
06-25-2026 08:00:00,3.838
06-25-2026 08:15:00,3.551
06-25-2026 08:30:00,8.013
06-25-2026 08:45:00,5.928
06-25-2026 09:00:00,7.065
06-25-2026 09:15:00,10.835
06-25-2026 09:30:00,11.265
06-25-2026 09:45:00,7.424
06-25-2026 10:00:00,13.354
06-25-2026 10:15:00,11.254
06-25-2026 10:30:00,12.842
06-25-2026 10:45:00,13.824
06-25-2026 11:00:00,13.482
06-25-2026 11:15:00,14.464
06-25-2026 11:30:00,12.244
06-25-2026 11:45:00,16.23
06-25-2026 12:00:00,16.148
06-25-2026 12:15:00,12.842
06-25-2026 12:30:00,11.076
06-25-2026 12:45:00,9.647
06-25-2026 13:00:00,15.999
06-25-2026 13:15:00,14.031
06-25-2026 13:30:00,9.115
06-25-2026 13:45:00,12.587
06-25-2026 14:00:00,13.893
06-25-2026 14:15:00,14.368
06-25-2026 14:30:00,14.802
06-25-2026 14:45:00,13.212
06-25-2026 15:00:00,11.038
06-25-2026 15:15:00,11.985
06-25-2026 15:30:00,11.828
06-25-2026 15:45:00,12.175
06-25-2026 16:00:00,9.973
06-25-2026 16:15:00,10.622
06-25-2026 16:30:00,9.929
06-25-2026 16:45:00,8.486
06-25-2026 17:00:00,7.664
06-25-2026 17:15:00,5.283
06-25-2026 17:30:00,4.872
06-25-2026 17:45:00,3.511
06-25-2026 18:00:00,2.153
06-25-2026 18:15:00,1.08
06-25-2026 18:30:00,0.454
06-25-2026 18:45:00,0.097
06-25-2026 19:00:00,-0.106
06-25-2026 19:15:00,-0.214
06-25-2026 19:30:00,-0.1
06-25-2026 19:45:00,-0.1
06-25-2026 20:00:00,-0.1
06-25-2026 20:15:00,-0.1
06-25-2026 20:30:00,-0.1
06-25-2026 20:45:00,-0.1
06-25-2026 21:00:00,-0.1
06-25-2026 21:15:00,-0.1
06-25-2026 21:30:00,-0.1
06-25-2026 21:45:00,-0.1
06-25-2026 22:00:00,-0.1
06-25-2026 22:15:00,-0.1
06-25-2026 22:30:00,-0.1
06-25-2026 22:45:00,-0.1
06-25-2026 23:00:00,-0.1
06-25-2026 23:15:00,-0.1
06-25-2026 23:30:00,-0.1
06-25-2026 23:45:00,-0.1
06-26-2026 00:00:00,-0.1
06-26-2026 00:15:00,-0.1
06-26-2026 00:30:00,-0.1
06-26-2026 00:45:00,-0.1
06-26-2026 01:00:00,-0.1
06-26-2026 01:15:00,-0.1
06-26-2026 01:30:00,-0.1
06-26-2026 01:45:00,-0.1
06-26-2026 02:00:00,-0.1
06-26-2026 02:15:00,-0.1
06-26-2026 02:30:00,-0.1
06-26-2026 02:45:00,-0.1
06-26-2026 03:00:00,-0.1
06-26-2026 03:15:00,-0.1
06-26-2026 03:30:00,-0.1
06-26-2026 03:45:00,-0.1
06-26-2026 04:00:00,-0.1
06-26-2026 04:15:00,-0.1
06-26-2026 04:30:00,-0.1
06-26-2026 04:45:00,-0.1
06-26-2026 05:00:00,-0.1
06-26-2026 05:15:00,-0.1
06-26-2026 05:30:00,-0.1
06-26-2026 05:45:00,-0.153
06-26-2026 06:00:00,-0.075
06-26-2026 06:15:00,0.139
06-26-2026 06:30:00,0.608
06-26-2026 06:45:00,0.866
06-26-2026 07:00:00,1.659
06-26-2026 07:15:00,2.782
06-26-2026 07:30:00,1.4
06-26-2026 07:45:00,3.619
06-26-2026 08:00:00,6.089
06-26-2026 08:15:00,3.851
06-26-2026 08:30:00,5.089
06-26-2026 08:45:00,5.327
06-26-2026 09:00:00,5.936
06-26-2026 09:15:00,7.69
06-26-2026 09:30:00,8.256
06-26-2026 09:45:00,8.001
06-26-2026 10:00:00,8.624
06-26-2026 10:15:00,9.17
06-26-2026 10:30:00,12.507
06-26-2026 10:45:00,10.639
06-26-2026 11:00:00,15.09
06-26-2026 11:15:00,12.093
06-26-2026 11:30:00,13.112
06-26-2026 11:45:00,9.703
06-26-2026 12:00:00,12.392
06-26-2026 12:15:00,7.98
06-26-2026 12:30:00,11.884
06-26-2026 12:45:00,10.389
06-26-2026 13:00:00,10.344
06-26-2026 13:15:00,9.66
06-26-2026 13:30:00,6.811
06-26-2026 13:45:00,10.367
06-26-2026 14:00:00,8.886
06-26-2026 14:15:00,8.261
06-26-2026 14:30:00,6.887
06-26-2026 14:45:00,9.336
06-26-2026 15:00:00,8.165
06-26-2026 15:15:00,5.363
06-26-2026 15:30:00,6.854
06-26-2026 15:45:00,6.614
06-26-2026 16:00:00,7.653
06-26-2026 16:15:00,7.469
06-26-2026 16:30:00,6.05
06-26-2026 16:45:00,2.979
06-26-2026 17:00:00,1.698
06-26-2026 17:15:00,6.332
06-26-2026 17:30:00,3.252
06-26-2026 17:45:00,1.261
06-26-2026 18:00:00,0.608
06-26-2026 18:15:00,0.866
06-26-2026 18:30:00,0.375
06-26-2026 18:45:00,0.086
06-26-2026 19:00:00,-0.103
06-26-2026 19:15:00,-0.205
06-26-2026 19:30:00,-0.1
06-26-2026 19:45:00,-0.1
06-26-2026 20:00:00,-0.1
06-26-2026 20:15:00,-0.1
06-26-2026 20:30:00,-0.1
06-26-2026 20:45:00,-0.1
06-26-2026 21:00:00,-0.1
06-26-2026 21:15:00,-0.1
06-26-2026 21:30:00,-0.1
06-26-2026 21:45:00,-0.1
06-26-2026 22:00:00,-0.1
06-26-2026 22:15:00,-0.1
06-26-2026 22:30:00,-0.1
06-26-2026 22:45:00,-0.1
06-26-2026 23:00:00,-0.1
06-26-2026 23:15:00,-0.1
06-26-2026 23:30:00,-0.1
06-26-2026 23:45:00,-0.1
06-27-2026 00:00:00,-0.1
06-27-2026 00:15:00,-0.1
06-27-2026 00:30:00,-0.1
06-27-2026 00:45:00,-0.1
06-27-2026 01:00:00,-0.1
06-27-2026 01:15:00,-0.1
06-27-2026 01:30:00,-0.1
06-27-2026 01:45:00,-0.1
06-27-2026 02:00:00,-0.1
06-27-2026 02:15:00,-0.1
06-27-2026 02:30:00,-0.1
06-27-2026 02:45:00,-0.1
06-27-2026 03:00:00,-0.1
06-27-2026 03:15:00,-0.1
06-27-2026 03:30:00,-0.1
06-27-2026 03:45:00,-0.1
06-27-2026 04:00:00,-0.1
06-27-2026 04:15:00,-0.1
06-27-2026 04:30:00,-0.1
06-27-2026 04:45:00,-0.1
06-27-2026 05:00:00,-0.1
06-27-2026 05:15:00,-0.1
06-27-2026 05:30:00,-0.1
06-27-2026 05:45:00,-0.153
06-27-2026 06:00:00,-0.052
06-27-2026 06:15:00,0.497
06-27-2026 06:30:00,0.749
06-27-2026 06:45:00,0.888
06-27-2026 07:00:00,1.165
06-27-2026 07:15:00,1.482
06-27-2026 07:30:00,1.941
06-27-2026 07:45:00,2.465
06-27-2026 08:00:00,2.679
06-27-2026 08:15:00,2.38
06-27-2026 08:30:00,3.492
06-27-2026 08:45:00,3.699
06-27-2026 09:00:00,3.61
06-27-2026 09:15:00,10.745
06-27-2026 09:30:00,9.01
06-27-2026 09:45:00,10.685
06-27-2026 10:00:00,13.032
06-27-2026 10:15:00,12.586
06-27-2026 10:30:00,13.885
06-27-2026 10:45:00,8.04
06-27-2026 11:00:00,10.978
06-27-2026 11:15:00,10.895
06-27-2026 11:30:00,9.986
06-27-2026 11:45:00,7.022
06-27-2026 12:00:00,8.088
06-27-2026 12:15:00,12.263
06-27-2026 12:30:00,13.888
06-27-2026 12:45:00,13.555
06-27-2026 13:00:00,14.982
06-27-2026 13:15:00,8.707
06-27-2026 13:30:00,9.51
06-27-2026 13:45:00,8.874
06-27-2026 14:00:00,12.266
06-27-2026 14:15:00,11.437
06-27-2026 14:30:00,13.178
06-27-2026 14:45:00,13.312
06-27-2026 15:00:00,13.763
06-27-2026 15:15:00,13.526
06-27-2026 15:30:00,11.745
06-27-2026 15:45:00,12.266
06-27-2026 16:00:00,9.488
06-27-2026 16:15:00,7.361
06-27-2026 16:30:00,4.306
06-27-2026 16:45:00,4.857
06-27-2026 17:00:00,3.159
06-27-2026 17:15:00,2.77
06-27-2026 17:30:00,2.514
06-27-2026 17:45:00,2.472
06-27-2026 18:00:00,2.323
06-27-2026 18:15:00,1.337
06-27-2026 18:30:00,0.447
06-27-2026 18:45:00,0.033
06-27-2026 19:00:00,-0.186
06-27-2026 19:15:00,-0.17
06-27-2026 19:30:00,-0.1
06-27-2026 19:45:00,-0.1
06-27-2026 20:00:00,-0.1
06-27-2026 20:15:00,-0.1
06-27-2026 20:30:00,-0.1
06-27-2026 20:45:00,-0.1
06-27-2026 21:00:00,-0.1
06-27-2026 21:15:00,-0.1
06-27-2026 21:30:00,-0.1
06-27-2026 21:45:00,-0.1
06-27-2026 22:00:00,-0.1
06-27-2026 22:15:00,-0.1
06-27-2026 22:30:00,-0.1
06-27-2026 22:45:00,-0.1
06-27-2026 23:00:00,-0.1
06-27-2026 23:15:00,-0.1
06-27-2026 23:30:00,-0.1
06-27-2026 23:45:00,-0.1
06-28-2026 00:00:00,-0.1
06-28-2026 00:15:00,-0.1
06-28-2026 00:30:00,-0.1
06-28-2026 00:45:00,-0.1
06-28-2026 01:00:00,-0.1
06-28-2026 01:15:00,-0.1
06-28-2026 01:30:00,-0.1
06-28-2026 01:45:00,-0.1
06-28-2026 02:00:00,-0.1
06-28-2026 02:15:00,-0.1
06-28-2026 02:30:00,-0.1
06-28-2026 02:45:00,-0.1
06-28-2026 03:00:00,-0.1
06-28-2026 03:15:00,-0.1
06-28-2026 03:30:00,-0.1
06-28-2026 03:45:00,-0.1
06-28-2026 04:00:00,-0.1
06-28-2026 04:15:00,-0.1
06-28-2026 04:30:00,-0.1
06-28-2026 04:45:00,-0.1
06-28-2026 05:00:00,-0.1
06-28-2026 05:15:00,-0.1
06-28-2026 05:30:00,-0.1
06-28-2026 05:45:00,-0.117
06-28-2026 06:00:00,-0.005
06-28-2026 06:15:00,0.123
06-28-2026 06:30:00,0.306
06-28-2026 06:45:00,0.783
06-28-2026 07:00:00,1.423
06-28-2026 07:15:00,1.83
06-28-2026 07:30:00,1.846
06-28-2026 07:45:00,3.935
06-28-2026 08:00:00,5.38
06-28-2026 08:15:00,4.872
06-28-2026 08:30:00,2.998
06-28-2026 08:45:00,8.983
06-28-2026 09:00:00,8.297
06-28-2026 09:15:00,11.467
06-28-2026 09:30:00,11.988
06-28-2026 09:45:00,12.279
06-28-2026 10:00:00,12.984
06-28-2026 10:15:00,13.473
06-28-2026 10:30:00,13.593
06-28-2026 10:45:00,14.044
06-28-2026 11:00:00,12.207
06-28-2026 11:15:00,12.845
06-28-2026 11:30:00,11.032
06-28-2026 11:45:00,11.232
06-28-2026 12:00:00,10.751
06-28-2026 12:15:00,10.589
06-28-2026 12:30:00,15.007
06-28-2026 12:45:00,14.192
06-28-2026 13:00:00,16.149
06-28-2026 13:15:00,15.457
06-28-2026 13:30:00,14.994
06-28-2026 13:45:00,15.034
06-28-2026 14:00:00,13.869
06-28-2026 14:15:00,12.761
06-28-2026 14:30:00,11.589
06-28-2026 14:45:00,13.433
06-28-2026 15:00:00,13.663
06-28-2026 15:15:00,10.482
06-28-2026 15:30:00,12.599
06-28-2026 15:45:00,7.88
06-28-2026 16:00:00,9.276
06-28-2026 16:15:00,8.219
06-28-2026 16:30:00,5.882
06-28-2026 16:45:00,3.868
06-28-2026 17:00:00,4.592
06-28-2026 17:15:00,3.524
06-28-2026 17:30:00,3.895
06-28-2026 17:45:00,1.712
06-28-2026 18:00:00,1.916
06-28-2026 18:15:00,1.225
06-28-2026 18:30:00,0.749
06-28-2026 18:45:00,0.151
06-28-2026 19:00:00,-0.089
06-28-2026 19:15:00,-0.205
06-28-2026 19:30:00,-0.1
06-28-2026 19:45:00,-0.1
06-28-2026 20:00:00,-0.1
06-28-2026 20:15:00,-0.1
06-28-2026 20:30:00,-0.1
06-28-2026 20:45:00,-0.1
06-28-2026 21:00:00,-0.1
06-28-2026 21:15:00,-0.1
06-28-2026 21:30:00,-0.1
06-28-2026 21:45:00,-0.1
06-28-2026 22:00:00,-0.1
06-28-2026 22:15:00,-0.1
06-28-2026 22:30:00,-0.1
06-28-2026 22:45:00,-0.1
06-28-2026 23:00:00,-0.1
06-28-2026 23:15:00,-0.1
06-28-2026 23:30:00,-0.1
06-28-2026 23:45:00,-0.1
06-29-2026 00:00:00,-0.1
06-29-2026 00:15:00,-0.1
06-29-2026 00:30:00,-0.1
06-29-2026 00:45:00,-0.1
06-29-2026 01:00:00,-0.1
06-29-2026 01:15:00,-0.1
06-29-2026 01:30:00,-0.1
06-29-2026 01:45:00,-0.1
06-29-2026 02:00:00,-0.1
06-29-2026 02:15:00,-0.1
06-29-2026 02:30:00,-0.1
06-29-2026 02:45:00,-0.1
06-29-2026 03:00:00,-0.1
06-29-2026 03:15:00,-0.1
06-29-2026 03:30:00,-0.1
06-29-2026 03:45:00,-0.1
06-29-2026 04:00:00,-0.1
06-29-2026 04:15:00,-0.1
06-29-2026 04:30:00,-0.1
06-29-2026 04:45:00,-0.1
06-29-2026 05:00:00,-0.1
06-29-2026 05:15:00,-0.1
06-29-2026 05:30:00,-0.1
06-29-2026 05:45:00,-0.13
06-29-2026 06:00:00,-0.136
06-29-2026 06:15:00,-0.056
06-29-2026 06:30:00,0.081
06-29-2026 06:45:00,0.58
06-29-2026 07:00:00,0.935
06-29-2026 07:15:00,1.051
06-29-2026 07:30:00,2.572
06-29-2026 07:45:00,3.769
06-29-2026 08:00:00,3.303
06-29-2026 08:15:00,4.93
06-29-2026 08:30:00,5.834
06-29-2026 08:45:00,8.314
06-29-2026 09:00:00,5.987
06-29-2026 09:15:00,7.779
06-29-2026 09:30:00,10.95
06-29-2026 09:45:00,8.899
06-29-2026 10:00:00,12.425
06-29-2026 10:15:00,12.774
06-29-2026 10:30:00,13.394
06-29-2026 10:45:00,13.76
06-29-2026 11:00:00,14.252
06-29-2026 11:15:00,14.35
06-29-2026 11:30:00,14.412
06-29-2026 11:45:00,14.549
06-29-2026 12:00:00,14.603
06-29-2026 12:15:00,14.723
06-29-2026 12:30:00,15.313
06-29-2026 12:45:00,15.53
06-29-2026 13:00:00,15.69
06-29-2026 13:15:00,11.887
06-29-2026 13:30:00,15.043
06-29-2026 13:45:00,11.22
06-29-2026 14:00:00,10.33
06-29-2026 14:15:00,11.07
06-29-2026 14:30:00,13.195
06-29-2026 14:45:00,13.178
06-29-2026 15:00:00,11.518
06-29-2026 15:15:00,12.004
06-29-2026 15:30:00,12.857
06-29-2026 15:45:00,11.854
06-29-2026 16:00:00,10.103
06-29-2026 16:15:00,10.082
06-29-2026 16:30:00,6.383
06-29-2026 16:45:00,4.685
06-29-2026 17:00:00,4.662
06-29-2026 17:15:00,4.045
06-29-2026 17:30:00,3.447
06-29-2026 17:45:00,3.688
06-29-2026 18:00:00,2.514
06-29-2026 18:15:00,1.485
06-29-2026 18:30:00,0.692
06-29-2026 18:45:00,0.443
06-29-2026 19:00:00,0.01
06-29-2026 19:15:00,-0.161
06-29-2026 19:30:00,-0.173
06-29-2026 19:45:00,-0.1
06-29-2026 20:00:00,-0.1
06-29-2026 20:15:00,-0.1
06-29-2026 20:30:00,-0.1
06-29-2026 20:45:00,-0.1
06-29-2026 21:00:00,-0.1
06-29-2026 21:15:00,-0.1
06-29-2026 21:30:00,-0.1
06-29-2026 21:45:00,-0.1
06-29-2026 22:00:00,-0.1
06-29-2026 22:15:00,-0.1
06-29-2026 22:30:00,-0.1
06-29-2026 22:45:00,-0.1
06-29-2026 23:00:00,-0.1
06-29-2026 23:15:00,-0.1
06-29-2026 23:30:00,-0.1
06-29-2026 23:45:00,-0.1
06-30-2026 00:00:00,-0.1
06-30-2026 00:15:00,-0.1
06-30-2026 00:30:00,-0.1
06-30-2026 00:45:00,-0.1
06-30-2026 01:00:00,-0.1
06-30-2026 01:15:00,-0.1
06-30-2026 01:30:00,-0.1
06-30-2026 01:45:00,-0.1
06-30-2026 02:00:00,-0.1
06-30-2026 02:15:00,-0.1
06-30-2026 02:30:00,-0.1
06-30-2026 02:45:00,-0.1
06-30-2026 03:00:00,-0.1
06-30-2026 03:15:00,-0.1
06-30-2026 03:30:00,-0.1
06-30-2026 03:45:00,-0.1
06-30-2026 04:00:00,-0.1
06-30-2026 04:15:00,-0.1
06-30-2026 04:30:00,-0.1
06-30-2026 04:45:00,-0.1
06-30-2026 05:00:00,-0.1
06-30-2026 05:15:00,-0.1
06-30-2026 05:30:00,-0.1
06-30-2026 05:45:00,-0.153
06-30-2026 06:00:00,-0.092
06-30-2026 06:15:00,0.138
06-30-2026 06:30:00,0.388
06-30-2026 06:45:00,0.683
06-30-2026 07:00:00,1.965
06-30-2026 07:15:00,3.324
06-30-2026 07:30:00,4.079
06-30-2026 07:45:00,5.828
06-30-2026 08:00:00,4.847
06-30-2026 08:15:00,6.891
06-30-2026 08:30:00,7.615
06-30-2026 08:45:00,8.298
06-30-2026 09:00:00,7.955
06-30-2026 09:15:00,6.759
06-30-2026 09:30:00,11.503
06-30-2026 09:45:00,10.466
06-30-2026 10:00:00,9.418
06-30-2026 10:15:00,13.248
06-30-2026 10:30:00,11.59
06-30-2026 10:45:00,9.617
06-30-2026 11:00:00,14.43
06-30-2026 11:15:00,10.539
06-30-2026 11:30:00,12.871
06-30-2026 11:45:00,13.377
06-30-2026 12:00:00,8.393
06-30-2026 12:15:00,9.408
06-30-2026 12:30:00,11.81
06-30-2026 12:45:00,14.621
06-30-2026 13:00:00,13.648
06-30-2026 13:15:00,15.917
06-30-2026 13:30:00,15
06-30-2026 13:45:00,14.356
06-30-2026 14:00:00,14.23
06-30-2026 14:15:00,13.67
06-30-2026 14:30:00,13.955
06-30-2026 14:45:00,13.914
06-30-2026 15:00:00,12.954
06-30-2026 15:15:00,9.603
06-30-2026 15:30:00,12.159
06-30-2026 15:45:00,11.586
06-30-2026 16:00:00,9.837
06-30-2026 16:15:00,6.975
06-30-2026 16:30:00,7.674
06-30-2026 16:45:00,8.254
06-30-2026 17:00:00,6.928
06-30-2026 17:15:00,5.788
06-30-2026 17:30:00,4.751
06-30-2026 17:45:00,3.602
06-30-2026 18:00:00,2.396
06-30-2026 18:15:00,0.665
06-30-2026 18:30:00,0.234
06-30-2026 18:45:00,0.093
06-30-2026 19:00:00,-0.063
06-30-2026 19:15:00,-0.217
06-30-2026 19:30:00,-0.101
06-30-2026 19:45:00,-0.1
06-30-2026 20:00:00,-0.1
06-30-2026 20:15:00,-0.1
06-30-2026 20:30:00,-0.1
06-30-2026 20:45:00,-0.1
06-30-2026 21:00:00,-0.1
06-30-2026 21:15:00,-0.1
06-30-2026 21:30:00,-0.1
06-30-2026 21:45:00,-0.1
06-30-2026 22:00:00,-0.1
06-30-2026 22:15:00,-0.1
06-30-2026 22:30:00,-0.1
06-30-2026 22:45:00,-0.1
06-30-2026 23:00:00,-0.1
06-30-2026 23:15:00,-0.1
06-30-2026 23:30:00,-0.1
06-30-2026 23:45:00,-0.1
07-01-2026 00:00:00,-0.1
07-01-2026 00:15:00,-0.1
07-01-2026 00:30:00,-0.1
07-01-2026 00:45:00,-0.1
07-01-2026 01:00:00,-0.1
07-01-2026 01:15:00,-0.1
07-01-2026 01:30:00,-0.1
07-01-2026 01:45:00,-0.1
07-01-2026 02:00:00,-0.1
07-01-2026 02:15:00,-0.1
07-01-2026 02:30:00,-0.1
07-01-2026 02:45:00,-0.1
07-01-2026 03:00:00,-0.1
07-01-2026 03:15:00,-0.1
07-01-2026 03:30:00,-0.1
07-01-2026 03:45:00,-0.1
07-01-2026 04:00:00,-0.1
07-01-2026 04:15:00,-0.1
07-01-2026 04:30:00,-0.1
07-01-2026 04:45:00,-0.1
07-01-2026 05:00:00,-0.1
07-01-2026 05:15:00,-0.1
07-01-2026 05:30:00,-0.1
07-01-2026 05:45:00,-0.136
07-01-2026 06:00:00,-0.047
07-01-2026 06:15:00,0.258
07-01-2026 06:30:00,0.341
07-01-2026 06:45:00,0.513
07-01-2026 07:00:00,0.75
07-01-2026 07:15:00,1.06
07-01-2026 07:30:00,2.133
07-01-2026 07:45:00,1.365
07-01-2026 08:00:00,1.772
07-01-2026 08:15:00,3.245
07-01-2026 08:30:00,4.443
07-01-2026 08:45:00,4.806
07-01-2026 09:00:00,7.917
07-01-2026 09:15:00,11.437
07-01-2026 09:30:00,11.406
07-01-2026 09:45:00,10.185
07-01-2026 10:00:00,8.933
07-01-2026 10:15:00,10.201
07-01-2026 10:30:00,12.293
07-01-2026 10:45:00,9.104
07-01-2026 11:00:00,9.602
07-01-2026 11:15:00,14.964
07-01-2026 11:30:00,14.672
07-01-2026 11:45:00,13.735
07-01-2026 12:00:00,14.12
07-01-2026 12:15:00,15.084
07-01-2026 12:30:00,14.879
07-01-2026 12:45:00,14.563
07-01-2026 13:00:00,14.922
07-01-2026 13:15:00,15.307
07-01-2026 13:30:00,13.752
07-01-2026 13:45:00,14.078
07-01-2026 14:00:00,12.317
07-01-2026 14:15:00,13.805
07-01-2026 14:30:00,12.795
07-01-2026 14:45:00,13.564
07-01-2026 15:00:00,13.894
07-01-2026 15:15:00,12.511
07-01-2026 15:30:00,8.431
07-01-2026 15:45:00,5.542
07-01-2026 16:00:00,3.391
07-01-2026 16:15:00,7.874
07-01-2026 16:30:00,4.13
07-01-2026 16:45:00,6.44
07-01-2026 17:00:00,2.627
07-01-2026 17:15:00,3.538
07-01-2026 17:30:00,2.798
07-01-2026 17:45:00,2.971
07-01-2026 18:00:00,2.814
07-01-2026 18:15:00,1.289
07-01-2026 18:30:00,0.633
07-01-2026 18:45:00,0.372
07-01-2026 19:00:00,-0.026
07-01-2026 19:15:00,-0.204
07-01-2026 19:30:00,-0.129
07-01-2026 19:45:00,-0.1
07-01-2026 20:00:00,-0.1
07-01-2026 20:15:00,-0.1
07-01-2026 20:30:00,-0.1
07-01-2026 20:45:00,-0.1
07-01-2026 21:00:00,-0.1
07-01-2026 21:15:00,-0.1
07-01-2026 21:30:00,-0.1
07-01-2026 21:45:00,-0.1
07-01-2026 22:00:00,-0.1
07-01-2026 22:15:00,-0.1
07-01-2026 22:30:00,-0.1
07-01-2026 22:45:00,-0.1
07-01-2026 23:00:00,-0.1
07-01-2026 23:15:00,-0.1
07-01-2026 23:30:00,-0.1
07-01-2026 23:45:00,-0.1
07-02-2026 00:00:00,-0.1
07-02-2026 00:15:00,-0.1
07-02-2026 00:30:00,-0.1
07-02-2026 00:45:00,-0.1
07-02-2026 01:00:00,-0.1
07-02-2026 01:15:00,-0.1
07-02-2026 01:30:00,-0.1
07-02-2026 01:45:00,-0.1
07-02-2026 02:00:00,-0.1
07-02-2026 02:15:00,-0.1
07-02-2026 02:30:00,-0.1
07-02-2026 02:45:00,-0.1
07-02-2026 03:00:00,-0.1
07-02-2026 03:15:00,-0.1
07-02-2026 03:30:00,-0.1
07-02-2026 03:45:00,-0.1
07-02-2026 04:00:00,-0.1
07-02-2026 04:15:00,-0.1
07-02-2026 04:30:00,-0.1
07-02-2026 04:45:00,-0.1
07-02-2026 05:00:00,-0.1
07-02-2026 05:15:00,-0.1
07-02-2026 05:30:00,-0.1
07-02-2026 05:45:00,-0.144
07-02-2026 06:00:00,-0.137
07-02-2026 06:15:00,-0.078
07-02-2026 06:30:00,0.19
07-02-2026 06:45:00,0.66
07-02-2026 07:00:00,0.768
07-02-2026 07:15:00,1.021
07-02-2026 07:30:00,1.396
07-02-2026 07:45:00,2.066
07-02-2026 08:00:00,2.282
07-02-2026 08:15:00,1.948
07-02-2026 08:30:00,2.431
07-02-2026 08:45:00,2.897
07-02-2026 09:00:00,4.68
07-02-2026 09:15:00,8.197
07-02-2026 09:30:00,9.144
07-02-2026 09:45:00,11.811
07-02-2026 10:00:00,12.726
07-02-2026 10:15:00,12.983
07-02-2026 10:30:00,10.003
07-02-2026 10:45:00,12.254
07-02-2026 11:00:00,12.683
07-02-2026 11:15:00,14.712
07-02-2026 11:30:00,13.617
07-02-2026 11:45:00,13.444
07-02-2026 12:00:00,12.094
07-02-2026 12:15:00,9.173
07-02-2026 12:30:00,14.042
07-02-2026 12:45:00,14.063
07-02-2026 13:00:00,12.99
07-02-2026 13:15:00,11.827
07-02-2026 13:30:00,10.402
07-02-2026 13:45:00,10.792
07-02-2026 14:00:00,10.461
07-02-2026 14:15:00,12.287
07-02-2026 14:30:00,8.895
07-02-2026 14:45:00,7.602
07-02-2026 15:00:00,5.722
07-02-2026 15:15:00,4.828
07-02-2026 15:30:00,4.352
07-02-2026 15:45:00,3.375
07-02-2026 16:00:00,8.189
07-02-2026 16:15:00,8.971
07-02-2026 16:30:00,3.793
07-02-2026 16:45:00,3.37
07-02-2026 17:00:00,6.039
07-02-2026 17:15:00,3.56
07-02-2026 17:30:00,3.494
07-02-2026 17:45:00,2.44
07-02-2026 18:00:00,1.614
07-02-2026 18:15:00,0.596
07-02-2026 18:30:00,0.244
07-02-2026 18:45:00,-0.052
07-02-2026 19:00:00,-0.161
07-02-2026 19:15:00,-0.11
07-02-2026 19:30:00,-0.1
07-02-2026 19:45:00,-0.1
07-02-2026 20:00:00,-0.1
07-02-2026 20:15:00,-0.1
07-02-2026 20:30:00,-0.1
07-02-2026 20:45:00,-0.1
07-02-2026 21:00:00,-0.1
07-02-2026 21:15:00,-0.1
07-02-2026 21:30:00,-0.1
07-02-2026 21:45:00,-0.1
07-02-2026 22:00:00,-0.1
07-02-2026 22:15:00,-0.1
07-02-2026 22:30:00,-0.1
07-02-2026 22:45:00,-0.1
07-02-2026 23:00:00,-0.1
07-02-2026 23:15:00,-0.1
07-02-2026 23:30:00,-0.1
07-02-2026 23:45:00,-0.1
07-03-2026 00:00:00,-0.1
07-03-2026 00:15:00,-0.1
07-03-2026 00:30:00,-0.1
07-03-2026 00:45:00,-0.1
07-03-2026 01:00:00,-0.1
07-03-2026 01:15:00,-0.1
07-03-2026 01:30:00,-0.1
07-03-2026 01:45:00,-0.1
07-03-2026 02:00:00,-0.1
07-03-2026 02:15:00,-0.1
07-03-2026 02:30:00,-0.1
07-03-2026 02:45:00,-0.1
07-03-2026 03:00:00,-0.1
07-03-2026 03:15:00,-0.1
07-03-2026 03:30:00,-0.1
07-03-2026 03:45:00,-0.1
07-03-2026 04:00:00,-0.1
07-03-2026 04:15:00,-0.1
07-03-2026 04:30:00,-0.1
07-03-2026 04:45:00,-0.1
07-03-2026 05:00:00,-0.1
07-03-2026 05:15:00,-0.1
07-03-2026 05:30:00,-0.1
07-03-2026 05:45:00,-0.115
07-03-2026 06:00:00,-0.136
07-03-2026 06:15:00,0.004
07-03-2026 06:30:00,0.285
07-03-2026 06:45:00,0.654
07-03-2026 07:00:00,0.887
07-03-2026 07:15:00,1.392
07-03-2026 07:30:00,3.132
07-03-2026 07:45:00,4.93
07-03-2026 08:00:00,5.917
07-03-2026 08:15:00,6.917
07-03-2026 08:30:00,7.885
07-03-2026 08:45:00,8.715
07-03-2026 09:00:00,9.585
07-03-2026 09:15:00,10.229
07-03-2026 09:30:00,11.109
07-03-2026 09:45:00,11.689
07-03-2026 10:00:00,11.999
07-03-2026 10:15:00,12.715
07-03-2026 10:30:00,13.195
07-03-2026 10:45:00,13.607
07-03-2026 11:00:00,14.617
07-03-2026 11:15:00,12.812
07-03-2026 11:30:00,15.026
07-03-2026 11:45:00,12.254
07-03-2026 12:00:00,12.645
07-03-2026 12:15:00,14.988
07-03-2026 12:30:00,14.902
07-03-2026 12:45:00,13.525
07-03-2026 13:00:00,12.96
07-03-2026 13:15:00,16.521
07-03-2026 13:30:00,14.877
07-03-2026 13:45:00,14.989
07-03-2026 14:00:00,14.444
07-03-2026 14:15:00,10.041
07-03-2026 14:30:00,13.02
07-03-2026 14:45:00,11.413
07-03-2026 15:00:00,11.754
07-03-2026 15:15:00,12.458
07-03-2026 15:30:00,11.605
07-03-2026 15:45:00,9.793
07-03-2026 16:00:00,10.807
07-03-2026 16:15:00,9.46
07-03-2026 16:30:00,6.175
07-03-2026 16:45:00,8.082
07-03-2026 17:00:00,5.05
07-03-2026 17:15:00,4.695
07-03-2026 17:30:00,4.662
07-03-2026 17:45:00,2.268
07-03-2026 18:00:00,1.766
07-03-2026 18:15:00,1.356
07-03-2026 18:30:00,0.912
07-03-2026 18:45:00,0.152
07-03-2026 19:00:00,-0.105
07-03-2026 19:15:00,-0.221
07-03-2026 19:30:00,-0.1
07-03-2026 19:45:00,-0.1
07-03-2026 20:00:00,-0.1
07-03-2026 20:15:00,-0.1
07-03-2026 20:30:00,-0.1
07-03-2026 20:45:00,-0.1
07-03-2026 21:00:00,-0.1
07-03-2026 21:15:00,-0.1
07-03-2026 21:30:00,-0.1
07-03-2026 21:45:00,-0.1
07-03-2026 22:00:00,-0.1
07-03-2026 22:15:00,-0.1
07-03-2026 22:30:00,-0.1
07-03-2026 22:45:00,-0.1
07-03-2026 23:00:00,-0.1
07-03-2026 23:15:00,-0.1
07-03-2026 23:30:00,-0.1
07-03-2026 23:45:00,-0.1
07-04-2026 00:00:00,-0.1
07-04-2026 00:15:00,-0.1
07-04-2026 00:30:00,-0.1
07-04-2026 00:45:00,-0.1
07-04-2026 01:00:00,-0.1
07-04-2026 01:15:00,-0.1
07-04-2026 01:30:00,-0.1
07-04-2026 01:45:00,-0.1
07-04-2026 02:00:00,-0.1
07-04-2026 02:15:00,-0.1
07-04-2026 02:30:00,-0.1
07-04-2026 02:45:00,-0.1
07-04-2026 03:00:00,-0.1
07-04-2026 03:15:00,-0.1
07-04-2026 03:30:00,-0.1
07-04-2026 03:45:00,-0.1
07-04-2026 04:00:00,-0.1
07-04-2026 04:15:00,-0.1
07-04-2026 04:30:00,-0.1
07-04-2026 04:45:00,-0.1
07-04-2026 05:00:00,-0.1
07-04-2026 05:15:00,-0.1
07-04-2026 05:30:00,-0.1
07-04-2026 05:45:00,-0.174
07-04-2026 06:00:00,-0.111
07-04-2026 06:15:00,0.263
07-04-2026 06:30:00,0.792
07-04-2026 06:45:00,1.037
07-04-2026 07:00:00,1.507
07-04-2026 07:15:00,2.985
07-04-2026 07:30:00,2.111
07-04-2026 07:45:00,3.189
07-04-2026 08:00:00,4.11
07-04-2026 08:15:00,5.641
07-04-2026 08:30:00,8.309
07-04-2026 08:45:00,5.763
07-04-2026 09:00:00,5.556
07-04-2026 09:15:00,5.478
07-04-2026 09:30:00,8.545
07-04-2026 09:45:00,10.534
07-04-2026 10:00:00,9.825
07-04-2026 10:15:00,11.641
07-04-2026 10:30:00,11.316
07-04-2026 10:45:00,9.792
07-04-2026 11:00:00,9.58
07-04-2026 11:15:00,6.902
07-04-2026 11:30:00,8.023
07-04-2026 11:45:00,9.579
07-04-2026 12:00:00,13.374
07-04-2026 12:15:00,11.189
07-04-2026 12:30:00,14.921
07-04-2026 12:45:00,15.068
07-04-2026 13:00:00,15.184
07-04-2026 13:15:00,14.478
07-04-2026 13:30:00,12.414
07-04-2026 13:45:00,14.174
07-04-2026 14:00:00,13.721
07-04-2026 14:15:00,11.193
07-04-2026 14:30:00,13.29
07-04-2026 14:45:00,13.434
07-04-2026 15:00:00,13.421
07-04-2026 15:15:00,13.233
07-04-2026 15:30:00,12.363
07-04-2026 15:45:00,11.876
07-04-2026 16:00:00,11.475
07-04-2026 16:15:00,11.006
07-04-2026 16:30:00,10.258
07-04-2026 16:45:00,9.198
07-04-2026 17:00:00,6.887
07-04-2026 17:15:00,6.804
07-04-2026 17:30:00,6.066
07-04-2026 17:45:00,4.833
07-04-2026 18:00:00,3.176
07-04-2026 18:15:00,2.053
07-04-2026 18:30:00,0.992
07-04-2026 18:45:00,0.551
07-04-2026 19:00:00,0.201
07-04-2026 19:15:00,-0.138
07-04-2026 19:30:00,-0.1
07-04-2026 19:45:00,-0.1
07-04-2026 20:00:00,-0.1
07-04-2026 20:15:00,-0.1
07-04-2026 20:30:00,-0.1
07-04-2026 20:45:00,-0.1
07-04-2026 21:00:00,-0.1
07-04-2026 21:15:00,-0.1
07-04-2026 21:30:00,-0.1
07-04-2026 21:45:00,-0.1
07-04-2026 22:00:00,-0.1
07-04-2026 22:15:00,-0.1
07-04-2026 22:30:00,-0.1
07-04-2026 22:45:00,-0.1
07-04-2026 23:00:00,-0.1
07-04-2026 23:15:00,-0.1
07-04-2026 23:30:00,-0.1
07-04-2026 23:45:00,-0.1
07-05-2026 00:00:00,-0.1
07-05-2026 00:15:00,-0.1
07-05-2026 00:30:00,-0.1
07-05-2026 00:45:00,-0.1
07-05-2026 01:00:00,-0.1
07-05-2026 01:15:00,-0.1
07-05-2026 01:30:00,-0.1
07-05-2026 01:45:00,-0.1
07-05-2026 02:00:00,-0.1
07-05-2026 02:15:00,-0.1
07-05-2026 02:30:00,-0.1
07-05-2026 02:45:00,-0.1
07-05-2026 03:00:00,-0.1
07-05-2026 03:15:00,-0.1
07-05-2026 03:30:00,-0.1
07-05-2026 03:45:00,-0.1
07-05-2026 04:00:00,-0.1
07-05-2026 04:15:00,-0.1
07-05-2026 04:30:00,-0.1
07-05-2026 04:45:00,-0.1
07-05-2026 05:00:00,-0.1
07-05-2026 05:15:00,-0.1
07-05-2026 05:30:00,-0.1
07-05-2026 05:45:00,-0.129
07-05-2026 06:00:00,-0.138
07-05-2026 06:15:00,0.149
07-05-2026 06:30:00,0.391
07-05-2026 06:45:00,0.903
07-05-2026 07:00:00,1.263
07-05-2026 07:15:00,1.621
07-05-2026 07:30:00,1.944
07-05-2026 07:45:00,3.419
07-05-2026 08:00:00,2.948
07-05-2026 08:15:00,2.886
07-05-2026 08:30:00,4.074
07-05-2026 08:45:00,4.262
07-05-2026 09:00:00,6.678
07-05-2026 09:15:00,7.427
07-05-2026 09:30:00,8.731
07-05-2026 09:45:00,8.851
07-05-2026 10:00:00,11.316
07-05-2026 10:15:00,12.399
07-05-2026 10:30:00,8.119
07-05-2026 10:45:00,11.475
07-05-2026 11:00:00,12.924
07-05-2026 11:15:00,12.657
07-05-2026 11:30:00,13.652
07-05-2026 11:45:00,14.569
07-05-2026 12:00:00,14.414
07-05-2026 12:15:00,13.171
07-05-2026 12:30:00,12.938
07-05-2026 12:45:00,14.769
07-05-2026 13:00:00,9.405
07-05-2026 13:15:00,14.38
07-05-2026 13:30:00,10.99
07-05-2026 13:45:00,11.509
07-05-2026 14:00:00,11.952
07-05-2026 14:15:00,12.528
07-05-2026 14:30:00,13.746
07-05-2026 14:45:00,10.8
07-05-2026 15:00:00,9.572
07-05-2026 15:15:00,6.195
07-05-2026 15:30:00,9.644
07-05-2026 15:45:00,7.393
07-05-2026 16:00:00,8.35
07-05-2026 16:15:00,8.725
07-05-2026 16:30:00,9.167
07-05-2026 16:45:00,7.886
07-05-2026 17:00:00,5.899
07-05-2026 17:15:00,6.238
07-05-2026 17:30:00,3.411
07-05-2026 17:45:00,4.13
07-05-2026 18:00:00,2.829
07-05-2026 18:15:00,1.714
07-05-2026 18:30:00,1.05
07-05-2026 18:45:00,0.441
07-05-2026 19:00:00,-0.065
07-05-2026 19:15:00,-0.201
07-05-2026 19:30:00,-0.132
07-05-2026 19:45:00,-0.1
07-05-2026 20:00:00,-0.1
07-05-2026 20:15:00,-0.1
07-05-2026 20:30:00,-0.1
07-05-2026 20:45:00,-0.1
07-05-2026 21:00:00,-0.1
07-05-2026 21:15:00,-0.1
07-05-2026 21:30:00,-0.1
07-05-2026 21:45:00,-0.1
07-05-2026 22:00:00,-0.1
07-05-2026 22:15:00,-0.1
07-05-2026 22:30:00,-0.1
07-05-2026 22:45:00,-0.1
07-05-2026 23:00:00,-0.1
07-05-2026 23:15:00,-0.1
07-05-2026 23:30:00,-0.1
07-05-2026 23:45:00,-0.1
07-06-2026 00:00:00,-0.1
07-06-2026 00:15:00,-0.1
07-06-2026 00:30:00,-0.1
07-06-2026 00:45:00,-0.1
07-06-2026 01:00:00,-0.1
07-06-2026 01:15:00,-0.1
07-06-2026 01:30:00,-0.1
07-06-2026 01:45:00,-0.1
07-06-2026 02:00:00,-0.1
07-06-2026 02:15:00,-0.1
07-06-2026 02:30:00,-0.1
07-06-2026 02:45:00,-0.1
07-06-2026 03:00:00,-0.1
07-06-2026 03:15:00,-0.1
07-06-2026 03:30:00,-0.1
07-06-2026 03:45:00,-0.1
07-06-2026 04:00:00,-0.1
07-06-2026 04:15:00,-0.1
07-06-2026 04:30:00,-0.1
07-06-2026 04:45:00,-0.1
07-06-2026 05:00:00,-0.1
07-06-2026 05:15:00,-0.1
07-06-2026 05:30:00,-0.1
07-06-2026 05:45:00,-0.128
07-06-2026 06:00:00,-0.114
07-06-2026 06:15:00,0.061
07-06-2026 06:30:00,0.322
07-06-2026 06:45:00,1.039
07-06-2026 07:00:00,1.301
07-06-2026 07:15:00,1.801
07-06-2026 07:30:00,2.114
07-06-2026 07:45:00,2.44
07-06-2026 08:00:00,3.143
07-06-2026 08:15:00,2.973
07-06-2026 08:30:00,4.904
07-06-2026 08:45:00,5.815
07-06-2026 09:00:00,5.927
07-06-2026 09:15:00,7.564
07-06-2026 09:30:00,5.717
07-06-2026 09:45:00,5.952
07-06-2026 10:00:00,9.323
07-06-2026 10:15:00,5.153
07-06-2026 10:30:00,6.657
07-06-2026 10:45:00,6.605
07-06-2026 11:00:00,6.452
07-06-2026 11:15:00,12.441
07-06-2026 11:30:00,13.161
07-06-2026 11:45:00,11.709
07-06-2026 12:00:00,7.924
07-06-2026 12:15:00,6.325
07-06-2026 12:30:00,9.032
07-06-2026 12:45:00,8.047
07-06-2026 13:00:00,14.26
07-06-2026 13:15:00,11.577
07-06-2026 13:30:00,11.623
07-06-2026 13:45:00,11.503
07-06-2026 14:00:00,11.853
07-06-2026 14:15:00,11.843
07-06-2026 14:30:00,15.083
07-06-2026 14:45:00,11.369
07-06-2026 15:00:00,12.398
07-06-2026 15:15:00,12.72
07-06-2026 15:30:00,13.31
07-06-2026 15:45:00,6.433
07-06-2026 16:00:00,13.02
07-06-2026 16:15:00,4.806
07-06-2026 16:30:00,3.168
07-06-2026 16:45:00,4.005
07-06-2026 17:00:00,4.465
07-06-2026 17:15:00,2.144
07-06-2026 17:30:00,3.953
07-06-2026 17:45:00,3.764
07-06-2026 18:00:00,2.222
07-06-2026 18:15:00,1.377
07-06-2026 18:30:00,0.691
07-06-2026 18:45:00,0.116
07-06-2026 19:00:00,-0.063
07-06-2026 19:15:00,-0.204
07-06-2026 19:30:00,-0.1
07-06-2026 19:45:00,-0.1
07-06-2026 20:00:00,-0.1
07-06-2026 20:15:00,-0.1
07-06-2026 20:30:00,-0.1
07-06-2026 20:45:00,-0.1
07-06-2026 21:00:00,-0.1
07-06-2026 21:15:00,-0.1
07-06-2026 21:30:00,-0.1
07-06-2026 21:45:00,-0.1
07-06-2026 22:00:00,-0.1
07-06-2026 22:15:00,-0.1
07-06-2026 22:30:00,-0.1
07-06-2026 22:45:00,-0.1
07-06-2026 23:00:00,-0.1
07-06-2026 23:15:00,-0.1
07-06-2026 23:30:00,-0.1
07-06-2026 23:45:00,-0.1
07-07-2026 00:00:00,-0.1
07-07-2026 00:15:00,-0.1
07-07-2026 00:30:00,-0.1
07-07-2026 00:45:00,-0.1
07-07-2026 01:00:00,-0.1
07-07-2026 01:15:00,-0.1
07-07-2026 01:30:00,-0.1
07-07-2026 01:45:00,-0.1
07-07-2026 02:00:00,-0.1
07-07-2026 02:15:00,-0.1
07-07-2026 02:30:00,-0.1
07-07-2026 02:45:00,-0.1
07-07-2026 03:00:00,-0.1
07-07-2026 03:15:00,-0.1
07-07-2026 03:30:00,-0.1
07-07-2026 03:45:00,-0.1
07-07-2026 04:00:00,-0.1
07-07-2026 04:15:00,-0.1
07-07-2026 04:30:00,-0.1
07-07-2026 04:45:00,-0.1
07-07-2026 05:00:00,-0.1
07-07-2026 05:15:00,-0.1
07-07-2026 05:30:00,-0.1
07-07-2026 05:45:00,-0.1
07-07-2026 06:00:00,-0.145
07-07-2026 06:15:00,0.108
07-07-2026 06:30:00,0.794
07-07-2026 06:45:00,1.26
07-07-2026 07:00:00,1.658
07-07-2026 07:15:00,1.767
07-07-2026 07:30:00,1.717
07-07-2026 07:45:00,3.313
07-07-2026 08:00:00,4.678
07-07-2026 08:15:00,5.639
07-07-2026 08:30:00,4.542
07-07-2026 08:45:00,6.786
07-07-2026 09:00:00,5.822
07-07-2026 09:15:00,5.364
07-07-2026 09:30:00,3.766
07-07-2026 09:45:00,9.551
07-07-2026 10:00:00,9.013
07-07-2026 10:15:00,13.94
07-07-2026 10:30:00,9.47
07-07-2026 10:45:00,9.239
07-07-2026 11:00:00,15.142
07-07-2026 11:15:00,14.771
07-07-2026 11:30:00,14.664
07-07-2026 11:45:00,15.011
07-07-2026 12:00:00,15.533
07-07-2026 12:15:00,15.667
07-07-2026 12:30:00,15.632
07-07-2026 12:45:00,15.895
07-07-2026 13:00:00,15.564
07-07-2026 13:15:00,15.42
07-07-2026 13:30:00,15.366
07-07-2026 13:45:00,13.143
07-07-2026 14:00:00,14.972
07-07-2026 14:15:00,13.549
07-07-2026 14:30:00,13.448
07-07-2026 14:45:00,13.14
07-07-2026 15:00:00,12.8
07-07-2026 15:15:00,13.535
07-07-2026 15:30:00,12.734
07-07-2026 15:45:00,7.299
07-07-2026 16:00:00,7.268
07-07-2026 16:15:00,4.602
07-07-2026 16:30:00,6.87
07-07-2026 16:45:00,8.402
07-07-2026 17:00:00,7.466
07-07-2026 17:15:00,5.821
07-07-2026 17:30:00,4.939
07-07-2026 17:45:00,1.88
07-07-2026 18:00:00,1.996
07-07-2026 18:15:00,1.48
07-07-2026 18:30:00,0.762
07-07-2026 18:45:00,0.427
07-07-2026 19:00:00,-0.12
07-07-2026 19:15:00,-0.219
07-07-2026 19:30:00,-0.103
07-07-2026 19:45:00,-0.1
07-07-2026 20:00:00,-0.1
07-07-2026 20:15:00,-0.1
07-07-2026 20:30:00,-0.1
07-07-2026 20:45:00,-0.1
07-07-2026 21:00:00,-0.1
07-07-2026 21:15:00,-0.1
07-07-2026 21:30:00,-0.1
07-07-2026 21:45:00,-0.1
07-07-2026 22:00:00,-0.1
07-07-2026 22:15:00,-0.1
07-07-2026 22:30:00,-0.1
07-07-2026 22:45:00,-0.1
07-07-2026 23:00:00,-0.1
07-07-2026 23:15:00,-0.1
07-07-2026 23:30:00,-0.1
07-07-2026 23:45:00,-0.1
07-08-2026 00:00:00,-0.1
07-08-2026 00:15:00,-0.1
07-08-2026 00:30:00,-0.1
07-08-2026 00:45:00,-0.1
07-08-2026 01:00:00,-0.1
07-08-2026 01:15:00,-0.1
07-08-2026 01:30:00,-0.1
07-08-2026 01:45:00,-0.1
07-08-2026 02:00:00,-0.1
07-08-2026 02:15:00,-0.1
07-08-2026 02:30:00,-0.1
07-08-2026 02:45:00,-0.1
07-08-2026 03:00:00,-0.1
07-08-2026 03:15:00,-0.1
07-08-2026 03:30:00,-0.1
07-08-2026 03:45:00,-0.1
07-08-2026 04:00:00,-0.1
07-08-2026 04:15:00,-0.1
07-08-2026 04:30:00,-0.1
07-08-2026 04:45:00,-0.1
07-08-2026 05:00:00,-0.1
07-08-2026 05:15:00,-0.1
07-08-2026 05:30:00,-0.1
07-08-2026 05:45:00,-0.128
07-08-2026 06:00:00,-0.137
07-08-2026 06:15:00,0.095
07-08-2026 06:30:00,0.27
07-08-2026 06:45:00,0.696
07-08-2026 07:00:00,0.862
07-08-2026 07:15:00,1.239
07-08-2026 07:30:00,1.475
07-08-2026 07:45:00,3.182
07-08-2026 08:00:00,2.447
07-08-2026 08:15:00,2.004
07-08-2026 08:30:00,3.007
07-08-2026 08:45:00,4.636
07-08-2026 09:00:00,8.214
07-08-2026 09:15:00,7.941
07-08-2026 09:30:00,10.701
07-08-2026 09:45:00,10.705
07-08-2026 10:00:00,10.029
07-08-2026 10:15:00,11.833
07-08-2026 10:30:00,11.587
07-08-2026 10:45:00,12.167
07-08-2026 11:00:00,12.446
07-08-2026 11:15:00,12.839
07-08-2026 11:30:00,14.668
07-08-2026 11:45:00,13.682
07-08-2026 12:00:00,13.869
07-08-2026 12:15:00,15.571
07-08-2026 12:30:00,15.105
07-08-2026 12:45:00,15.263
07-08-2026 13:00:00,15.032
07-08-2026 13:15:00,15.166
07-08-2026 13:30:00,15.354
07-08-2026 13:45:00,9.32
07-08-2026 14:00:00,12.503
07-08-2026 14:15:00,15.462
07-08-2026 14:30:00,15.006
07-08-2026 14:45:00,15.235
07-08-2026 15:00:00,9.178
07-08-2026 15:15:00,8.423
07-08-2026 15:30:00,11.8
07-08-2026 15:45:00,12.417
07-08-2026 16:00:00,11.167
07-08-2026 16:15:00,8.883
07-08-2026 16:30:00,7.307
07-08-2026 16:45:00,5.672
07-08-2026 17:00:00,6.761
07-08-2026 17:15:00,4.842
07-08-2026 17:30:00,2.945
07-08-2026 17:45:00,3.993
07-08-2026 18:00:00,2.876
07-08-2026 18:15:00,1.521
07-08-2026 18:30:00,1.292
07-08-2026 18:45:00,-0.038
07-08-2026 19:00:00,-0.139
07-08-2026 19:15:00,-0.128
07-08-2026 19:30:00,-0.1
07-08-2026 19:45:00,-0.1
07-08-2026 20:00:00,-0.1
07-08-2026 20:15:00,-0.1
07-08-2026 20:30:00,-0.1
07-08-2026 20:45:00,-0.1
07-08-2026 21:00:00,-0.1
07-08-2026 21:15:00,-0.1
07-08-2026 21:30:00,-0.1
07-08-2026 21:45:00,-0.1
07-08-2026 22:00:00,-0.1
07-08-2026 22:15:00,-0.1
07-08-2026 22:30:00,-0.1
07-08-2026 22:45:00,-0.1
07-08-2026 23:00:00,-0.1
07-08-2026 23:15:00,-0.1
07-08-2026 23:30:00,-0.1
07-08-2026 23:45:00,-0.1
07-09-2026 00:00:00,-0.1
07-09-2026 00:15:00,-0.1
07-09-2026 00:30:00,-0.1
07-09-2026 00:45:00,-0.1
07-09-2026 01:00:00,-0.1
07-09-2026 01:15:00,-0.1
07-09-2026 01:30:00,-0.1
07-09-2026 01:45:00,-0.1
07-09-2026 02:00:00,-0.1
07-09-2026 02:15:00,-0.1
07-09-2026 02:30:00,-0.1
07-09-2026 02:45:00,-0.1
07-09-2026 03:00:00,-0.1
07-09-2026 03:15:00,-0.1
07-09-2026 03:30:00,-0.1
07-09-2026 03:45:00,-0.1
07-09-2026 04:00:00,-0.1
07-09-2026 04:15:00,-0.1
07-09-2026 04:30:00,-0.1
07-09-2026 04:45:00,-0.1
07-09-2026 05:00:00,-0.1
07-09-2026 05:15:00,-0.1
07-09-2026 05:30:00,-0.1
07-09-2026 05:45:00,-0.113
07-09-2026 06:00:00,-0.16
07-09-2026 06:15:00,-0.028
07-09-2026 06:30:00,0.144
07-09-2026 06:45:00,0.578
07-09-2026 07:00:00,1.234
07-09-2026 07:15:00,1.362
07-09-2026 07:30:00,2.048
07-09-2026 07:45:00,2.486
07-09-2026 08:00:00,5.473
07-09-2026 08:15:00,4.072
07-09-2026 08:30:00,4.01
07-09-2026 08:45:00,7.344
07-09-2026 09:00:00,8.007
07-09-2026 09:15:00,9.922
07-09-2026 09:30:00,6.913
07-09-2026 09:45:00,12.237
07-09-2026 10:00:00,10.414
07-09-2026 10:15:00,8.032
07-09-2026 10:30:00,12.313
07-09-2026 10:45:00,12.388
07-09-2026 11:00:00,8.255
07-09-2026 11:15:00,10.755
07-09-2026 11:30:00,13.027
07-09-2026 11:45:00,14.971
07-09-2026 12:00:00,15.4
07-09-2026 12:15:00,14.137
07-09-2026 12:30:00,13.784
07-09-2026 12:45:00,15.01
07-09-2026 13:00:00,14.958
07-09-2026 13:15:00,15.049
07-09-2026 13:30:00,12.481
07-09-2026 13:45:00,16.381
07-09-2026 14:00:00,14.537
07-09-2026 14:15:00,9.263
07-09-2026 14:30:00,10.181
07-09-2026 14:45:00,8.102
07-09-2026 15:00:00,9.215
07-09-2026 15:15:00,8.988
07-09-2026 15:30:00,9.43
07-09-2026 15:45:00,5.84
07-09-2026 16:00:00,5.167
07-09-2026 16:15:00,4.19
07-09-2026 16:30:00,3.287
07-09-2026 16:45:00,3.323
07-09-2026 17:00:00,3.114
07-09-2026 17:15:00,2.541
07-09-2026 17:30:00,2.055
07-09-2026 17:45:00,1.075
07-09-2026 18:00:00,0.591
07-09-2026 18:15:00,0.427
07-09-2026 18:30:00,0.093
07-09-2026 18:45:00,-0.1
07-09-2026 19:00:00,-0.16
07-09-2026 19:15:00,-0.1
07-09-2026 19:30:00,-0.1
07-09-2026 19:45:00,-0.1
07-09-2026 20:00:00,-0.1
07-09-2026 20:15:00,-0.1
07-09-2026 20:30:00,-0.1
07-09-2026 20:45:00,-0.1
07-09-2026 21:00:00,-0.1
07-09-2026 21:15:00,-0.1
07-09-2026 21:30:00,-0.1
07-09-2026 21:45:00,-0.1
07-09-2026 22:00:00,-0.1
07-09-2026 22:15:00,-0.1
07-09-2026 22:30:00,-0.1
07-09-2026 22:45:00,-0.1
07-09-2026 23:00:00,-0.1
07-09-2026 23:15:00,-0.1
07-09-2026 23:30:00,-0.1
07-09-2026 23:45:00,-0.1
07-10-2026 00:00:00,-0.1
07-10-2026 00:15:00,-0.1
07-10-2026 00:30:00,-0.1
07-10-2026 00:45:00,-0.1
07-10-2026 01:00:00,-0.1
07-10-2026 01:15:00,-0.1
07-10-2026 01:30:00,-0.1
07-10-2026 01:45:00,-0.1
07-10-2026 02:00:00,-0.1
07-10-2026 02:15:00,-0.1
07-10-2026 02:30:00,-0.1
07-10-2026 02:45:00,-0.1
07-10-2026 03:00:00,-0.1
07-10-2026 03:15:00,-0.1
07-10-2026 03:30:00,-0.1
07-10-2026 03:45:00,-0.1
07-10-2026 04:00:00,-0.1
07-10-2026 04:15:00,-0.1
07-10-2026 04:30:00,-0.1
07-10-2026 04:45:00,-0.1
07-10-2026 05:00:00,-0.1
07-10-2026 05:15:00,-0.1
07-10-2026 05:30:00,-0.1
07-10-2026 05:45:00,-0.113
07-10-2026 06:00:00,-0.115
07-10-2026 06:15:00,0.176
07-10-2026 06:30:00,1.036
07-10-2026 06:45:00,1.336
07-10-2026 07:00:00,2.25
07-10-2026 07:15:00,2.522
07-10-2026 07:30:00,3.809
07-10-2026 07:45:00,2.65
07-10-2026 08:00:00,4.924
07-10-2026 08:15:00,5.99
07-10-2026 08:30:00,8.407
07-10-2026 08:45:00,9.868
07-10-2026 09:00:00,8.682
07-10-2026 09:15:00,8.369
07-10-2026 09:30:00,12.272
07-10-2026 09:45:00,11.489
07-10-2026 10:00:00,13.249
07-10-2026 10:15:00,10.941
07-10-2026 10:30:00,9.363
07-10-2026 10:45:00,9.746
07-10-2026 11:00:00,14.49
07-10-2026 11:15:00,14.482
07-10-2026 11:30:00,12.244
07-10-2026 11:45:00,12.592
07-10-2026 12:00:00,10.223
07-10-2026 12:15:00,11.49
07-10-2026 12:30:00,11.982
07-10-2026 12:45:00,8.107
07-10-2026 13:00:00,11.146
07-10-2026 13:15:00,10.035
07-10-2026 13:30:00,11.844
07-10-2026 13:45:00,11.15
07-10-2026 14:00:00,8.933
07-10-2026 14:15:00,11.693
07-10-2026 14:30:00,11.884
07-10-2026 14:45:00,10.675
07-10-2026 15:00:00,12.671
07-10-2026 15:15:00,12.635
07-10-2026 15:30:00,12.271
07-10-2026 15:45:00,11.738
07-10-2026 16:00:00,11.007
07-10-2026 16:15:00,9.89
07-10-2026 16:30:00,9.865
07-10-2026 16:45:00,8.909
07-10-2026 17:00:00,8.325
07-10-2026 17:15:00,7.083
07-10-2026 17:30:00,6.641
07-10-2026 17:45:00,4.703
07-10-2026 18:00:00,1.961
07-10-2026 18:15:00,0.51
07-10-2026 18:30:00,0.973
07-10-2026 18:45:00,0.752
07-10-2026 19:00:00,0.14
07-10-2026 19:15:00,-0.115
07-10-2026 19:30:00,-0.1
07-10-2026 19:45:00,-0.1
07-10-2026 20:00:00,-0.1
07-10-2026 20:15:00,-0.1
07-10-2026 20:30:00,-0.1
07-10-2026 20:45:00,-0.1
07-10-2026 21:00:00,-0.1
07-10-2026 21:15:00,-0.1
07-10-2026 21:30:00,-0.1
07-10-2026 21:45:00,-0.1
07-10-2026 22:00:00,-0.1
07-10-2026 22:15:00,-0.1
07-10-2026 22:30:00,-0.1
07-10-2026 22:45:00,-0.1
07-10-2026 23:00:00,-0.1
07-10-2026 23:15:00,-0.1
07-10-2026 23:30:00,-0.1
07-10-2026 23:45:00,-0.1
07-11-2026 00:00:00,-0.1
07-11-2026 00:15:00,-0.1
07-11-2026 00:30:00,-0.1
07-11-2026 00:45:00,-0.1
07-11-2026 01:00:00,-0.1
07-11-2026 01:15:00,-0.1
07-11-2026 01:30:00,-0.1
07-11-2026 01:45:00,-0.1
07-11-2026 02:00:00,-0.1
07-11-2026 02:15:00,-0.1
07-11-2026 02:30:00,-0.1
07-11-2026 02:45:00,-0.1
07-11-2026 03:00:00,-0.1
07-11-2026 03:15:00,-0.1
07-11-2026 03:30:00,-0.1
07-11-2026 03:45:00,-0.1
07-11-2026 04:00:00,-0.1
07-11-2026 04:15:00,-0.1
07-11-2026 04:30:00,-0.1
07-11-2026 04:45:00,-0.1
07-11-2026 05:00:00,-0.1
07-11-2026 05:15:00,-0.1
07-11-2026 05:30:00,-0.1
07-11-2026 05:45:00,-0.172
07-11-2026 06:00:00,-0.1
07-11-2026 06:15:00,0.134
07-11-2026 06:30:00,0.28
07-11-2026 06:45:00,0.6
07-11-2026 07:00:00,1.246
07-11-2026 07:15:00,1.883
07-11-2026 07:30:00,2.166
07-11-2026 07:45:00,2.734
07-11-2026 08:00:00,2.671
07-11-2026 08:15:00,3.509
07-11-2026 08:30:00,3.656
07-11-2026 08:45:00,5.373
07-11-2026 09:00:00,6.868
07-11-2026 09:15:00,6.306
07-11-2026 09:30:00,6.615
07-11-2026 09:45:00,8.152
07-11-2026 10:00:00,7.436
07-11-2026 10:15:00,10.371
07-11-2026 10:30:00,11.528
07-11-2026 10:45:00,10.54
07-11-2026 11:00:00,12.107
07-11-2026 11:15:00,13.028
07-11-2026 11:30:00,10.239
07-11-2026 11:45:00,10.529
07-11-2026 12:00:00,14.38
07-11-2026 12:15:00,12.142
07-11-2026 12:30:00,13.207
07-11-2026 12:45:00,14.872
07-11-2026 13:00:00,14.607
07-11-2026 13:15:00,13.598
07-11-2026 13:30:00,12.157
07-11-2026 13:45:00,15.82
07-11-2026 14:00:00,12.425
07-11-2026 14:15:00,12.931
07-11-2026 14:30:00,9.286
07-11-2026 14:45:00,8.503
07-11-2026 15:00:00,9.12
07-11-2026 15:15:00,7.067
07-11-2026 15:30:00,7.668
07-11-2026 15:45:00,7.343
07-11-2026 16:00:00,7.398
07-11-2026 16:15:00,4.556
07-11-2026 16:30:00,4.042
07-11-2026 16:45:00,4.411
07-11-2026 17:00:00,3.94
07-11-2026 17:15:00,4.336
07-11-2026 17:30:00,3.043
07-11-2026 17:45:00,2.168
07-11-2026 18:00:00,1.592
07-11-2026 18:15:00,1.718
07-11-2026 18:30:00,0.658
07-11-2026 18:45:00,0.124
07-11-2026 19:00:00,-0.1
07-11-2026 19:15:00,-0.204
07-11-2026 19:30:00,-0.1
07-11-2026 19:45:00,-0.1
07-11-2026 20:00:00,-0.1
07-11-2026 20:15:00,-0.1
07-11-2026 20:30:00,-0.1
07-11-2026 20:45:00,-0.1
07-11-2026 21:00:00,-0.1
07-11-2026 21:15:00,-0.1
07-11-2026 21:30:00,-0.1
07-11-2026 21:45:00,-0.1
07-11-2026 22:00:00,-0.1
07-11-2026 22:15:00,-0.1
07-11-2026 22:30:00,-0.1
07-11-2026 22:45:00,-0.1
07-11-2026 23:00:00,-0.1
07-11-2026 23:15:00,-0.1
07-11-2026 23:30:00,-0.1
07-11-2026 23:45:00,-0.1
07-12-2026 00:00:00,-0.1
07-12-2026 00:15:00,-0.1
07-12-2026 00:30:00,-0.1
07-12-2026 00:45:00,-0.1
07-12-2026 01:00:00,-0.1
07-12-2026 01:15:00,-0.1
07-12-2026 01:30:00,-0.1
07-12-2026 01:45:00,-0.1
07-12-2026 02:00:00,-0.1
07-12-2026 02:15:00,-0.1
07-12-2026 02:30:00,-0.1
07-12-2026 02:45:00,-0.1
07-12-2026 03:00:00,-0.1
07-12-2026 03:15:00,-0.1
07-12-2026 03:30:00,-0.1
07-12-2026 03:45:00,-0.1
07-12-2026 04:00:00,-0.1
07-12-2026 04:15:00,-0.1
07-12-2026 04:30:00,-0.1
07-12-2026 04:45:00,-0.1
07-12-2026 05:00:00,-0.1
07-12-2026 05:15:00,-0.1
07-12-2026 05:30:00,-0.1
07-12-2026 05:45:00,-0.127
07-12-2026 06:00:00,-0.139
07-12-2026 06:15:00,0.026
07-12-2026 06:30:00,0.238
07-12-2026 06:45:00,0.66
07-12-2026 07:00:00,1.397
07-12-2026 07:15:00,2.068
07-12-2026 07:30:00,2.532
07-12-2026 07:45:00,5.744
07-12-2026 08:00:00,3.471
07-12-2026 08:15:00,5.464
07-12-2026 08:30:00,7.705
07-12-2026 08:45:00,8.566
07-12-2026 09:00:00,10.138
07-12-2026 09:15:00,10.733
07-12-2026 09:30:00,10.966
07-12-2026 09:45:00,12.384
07-12-2026 10:00:00,11.278
07-12-2026 10:15:00,9.992
07-12-2026 10:30:00,11.827
07-12-2026 10:45:00,9.775
07-12-2026 11:00:00,8.786
07-12-2026 11:15:00,13.347
07-12-2026 11:30:00,7.189
07-12-2026 11:45:00,14.336
07-12-2026 12:00:00,14.457
07-12-2026 12:15:00,16.148
07-12-2026 12:30:00,16.039
07-12-2026 12:45:00,15.339
07-12-2026 13:00:00,15.977
07-12-2026 13:15:00,14.311
07-12-2026 13:30:00,13.896
07-12-2026 13:45:00,15.379
07-12-2026 14:00:00,14.537
07-12-2026 14:15:00,14.734
07-12-2026 14:30:00,13.688
07-12-2026 14:45:00,13.015
07-12-2026 15:00:00,10.095
07-12-2026 15:15:00,11.497
07-12-2026 15:30:00,11.121
07-12-2026 15:45:00,12.276
07-12-2026 16:00:00,10.723
07-12-2026 16:15:00,8.268
07-12-2026 16:30:00,4.751
07-12-2026 16:45:00,3.802
07-12-2026 17:00:00,3.004
07-12-2026 17:15:00,2.727
07-12-2026 17:30:00,1.874
07-12-2026 17:45:00,1.183
07-12-2026 18:00:00,0.831
07-12-2026 18:15:00,0.539
07-12-2026 18:30:00,0.241
07-12-2026 18:45:00,-0.014
07-12-2026 19:00:00,-0.177
07-12-2026 19:15:00,-0.156
07-12-2026 19:30:00,-0.1
07-12-2026 19:45:00,-0.1
07-12-2026 20:00:00,-0.1
07-12-2026 20:15:00,-0.1
07-12-2026 20:30:00,-0.1
07-12-2026 20:45:00,-0.1
07-12-2026 21:00:00,-0.1
07-12-2026 21:15:00,-0.1
07-12-2026 21:30:00,-0.1
07-12-2026 21:45:00,-0.1
07-12-2026 22:00:00,-0.1
07-12-2026 22:15:00,-0.1
07-12-2026 22:30:00,-0.1
07-12-2026 22:45:00,-0.1
07-12-2026 23:00:00,-0.1
07-12-2026 23:15:00,-0.1
07-12-2026 23:30:00,-0.1
07-12-2026 23:45:00,-0.1
07-13-2026 00:00:00,-0.1
07-13-2026 00:15:00,-0.1
07-13-2026 00:30:00,-0.1
07-13-2026 00:45:00,-0.1
07-13-2026 01:00:00,-0.1
07-13-2026 01:15:00,-0.1
07-13-2026 01:30:00,-0.1
07-13-2026 01:45:00,-0.1
07-13-2026 02:00:00,-0.1
07-13-2026 02:15:00,-0.1
07-13-2026 02:30:00,-0.1
07-13-2026 02:45:00,-0.1
07-13-2026 03:00:00,-0.1
07-13-2026 03:15:00,-0.1
07-13-2026 03:30:00,-0.1
07-13-2026 03:45:00,-0.1
07-13-2026 04:00:00,-0.1
07-13-2026 04:15:00,-0.1
07-13-2026 04:30:00,-0.1
07-13-2026 04:45:00,-0.1
07-13-2026 05:00:00,-0.1
07-13-2026 05:15:00,-0.1
07-13-2026 05:30:00,-0.1
07-13-2026 05:45:00,-0.112
07-13-2026 06:00:00,-0.138
07-13-2026 06:15:00,0.083
07-13-2026 06:30:00,0.3
07-13-2026 06:45:00,0.37
07-13-2026 07:00:00,0.495
07-13-2026 07:15:00,1.012
07-13-2026 07:30:00,1.552
07-13-2026 07:45:00,2.396
07-13-2026 08:00:00,3.057
07-13-2026 08:15:00,3.715
07-13-2026 08:30:00,5.763
07-13-2026 08:45:00,7.901
07-13-2026 09:00:00,8.662
07-13-2026 09:15:00,9.077
07-13-2026 09:30:00,10.778
07-13-2026 09:45:00,9.824
07-13-2026 10:00:00,12.106
07-13-2026 10:15:00,12.133
07-13-2026 10:30:00,14.224
07-13-2026 10:45:00,14.681
07-13-2026 11:00:00,12.913
07-13-2026 11:15:00,14.247
07-13-2026 11:30:00,14.854
07-13-2026 11:45:00,14.68
07-13-2026 12:00:00,13.953
07-13-2026 12:15:00,14.396
07-13-2026 12:30:00,15.143
07-13-2026 12:45:00,14.763
07-13-2026 13:00:00,13.757
07-13-2026 13:15:00,13.585
07-13-2026 13:30:00,14.327
07-13-2026 13:45:00,14.262
07-13-2026 14:00:00,14.147
07-13-2026 14:15:00,13.568
07-13-2026 14:30:00,14.016
07-13-2026 14:45:00,13.666
07-13-2026 15:00:00,13.461
07-13-2026 15:15:00,13.031
07-13-2026 15:30:00,12.725
07-13-2026 15:45:00,10.842
07-13-2026 16:00:00,11.326
07-13-2026 16:15:00,10.035
07-13-2026 16:30:00,9.263
07-13-2026 16:45:00,7.36
07-13-2026 17:00:00,6.749
07-13-2026 17:15:00,5.082
07-13-2026 17:30:00,4.274
07-13-2026 17:45:00,4.018
07-13-2026 18:00:00,2.375
07-13-2026 18:15:00,1.119
07-13-2026 18:30:00,0.559
07-13-2026 18:45:00,0.265
07-13-2026 19:00:00,-0.021
07-13-2026 19:15:00,-0.177
07-13-2026 19:30:00,-0.135
07-13-2026 19:45:00,-0.1
07-13-2026 20:00:00,-0.1
07-13-2026 20:15:00,-0.1
07-13-2026 20:30:00,-0.1
07-13-2026 20:45:00,-0.1
07-13-2026 21:00:00,-0.1
07-13-2026 21:15:00,-0.1
07-13-2026 21:30:00,-0.1
07-13-2026 21:45:00,-0.1
07-13-2026 22:00:00,-0.1
07-13-2026 22:15:00,-0.1
07-13-2026 22:30:00,-0.1
07-13-2026 22:45:00,-0.1
07-13-2026 23:00:00,-0.1
07-13-2026 23:15:00,-0.1
07-13-2026 23:30:00,-0.1
07-13-2026 23:45:00,-0.1
07-14-2026 00:00:00,-0.1
07-14-2026 00:15:00,-0.1
07-14-2026 00:30:00,-0.1
07-14-2026 00:45:00,-0.1
07-14-2026 01:00:00,-0.1
07-14-2026 01:15:00,-0.1
07-14-2026 01:30:00,-0.1
07-14-2026 01:45:00,-0.1
07-14-2026 02:00:00,-0.1
07-14-2026 02:15:00,-0.1
07-14-2026 02:30:00,-0.1
07-14-2026 02:45:00,-0.1
07-14-2026 03:00:00,-0.1
07-14-2026 03:15:00,-0.1
07-14-2026 03:30:00,-0.1
07-14-2026 03:45:00,-0.1
07-14-2026 04:00:00,-0.1
07-14-2026 04:15:00,-0.1
07-14-2026 04:30:00,-0.1
07-14-2026 04:45:00,-0.1
07-14-2026 05:00:00,-0.1
07-14-2026 05:15:00,-0.1
07-14-2026 05:30:00,-0.1
07-14-2026 05:45:00,-0.127
07-14-2026 06:00:00,-0.138
07-14-2026 06:15:00,0.037
07-14-2026 06:30:00,0.374
07-14-2026 06:45:00,0.671
07-14-2026 07:00:00,0.819
07-14-2026 07:15:00,1.539
07-14-2026 07:30:00,1.157
07-14-2026 07:45:00,2.036
07-14-2026 08:00:00,4.137
07-14-2026 08:15:00,5.511
07-14-2026 08:30:00,4.711
07-14-2026 08:45:00,4.546
07-14-2026 09:00:00,3.677
07-14-2026 09:15:00,5.643
07-14-2026 09:30:00,4.349
07-14-2026 09:45:00,6.447
07-14-2026 10:00:00,6.166
07-14-2026 10:15:00,12.604
07-14-2026 10:30:00,13.42
07-14-2026 10:45:00,12.951
07-14-2026 11:00:00,13.877
07-14-2026 11:15:00,13.847
07-14-2026 11:30:00,13.553
07-14-2026 11:45:00,14.895
07-14-2026 12:00:00,14.07
07-14-2026 12:15:00,15.546
07-14-2026 12:30:00,15.147
07-14-2026 12:45:00,15.537
07-14-2026 13:00:00,13.421
07-14-2026 13:15:00,9.759
07-14-2026 13:30:00,15.655
07-14-2026 13:45:00,15.103
07-14-2026 14:00:00,14.386
07-14-2026 14:15:00,14.109
07-14-2026 14:30:00,13.63
07-14-2026 14:45:00,13.332
07-14-2026 15:00:00,12.051
07-14-2026 15:15:00,13.269
07-14-2026 15:30:00,12.656
07-14-2026 15:45:00,12.781
07-14-2026 16:00:00,10.073
07-14-2026 16:15:00,10.123
07-14-2026 16:30:00,6.473
07-14-2026 16:45:00,7.463
07-14-2026 17:00:00,8.397
07-14-2026 17:15:00,7.283
07-14-2026 17:30:00,3.627
07-14-2026 17:45:00,3.495
07-14-2026 18:00:00,2.988
07-14-2026 18:15:00,2.051
07-14-2026 18:30:00,0.699
07-14-2026 18:45:00,0.134
07-14-2026 19:00:00,-0.098
07-14-2026 19:15:00,-0.219
07-14-2026 19:30:00,-0.1
07-14-2026 19:45:00,-0.1
07-14-2026 20:00:00,-0.1
07-14-2026 20:15:00,-0.1
07-14-2026 20:30:00,-0.1
07-14-2026 20:45:00,-0.1
07-14-2026 21:00:00,-0.1
07-14-2026 21:15:00,-0.1
07-14-2026 21:30:00,-0.1
07-14-2026 21:45:00,-0.1
07-14-2026 22:00:00,-0.1
07-14-2026 22:15:00,-0.1
07-14-2026 22:30:00,-0.1
07-14-2026 22:45:00,-0.1
07-14-2026 23:00:00,-0.1
07-14-2026 23:15:00,-0.1
07-14-2026 23:30:00,-0.1
07-14-2026 23:45:00,-0.1
07-15-2026 00:00:00,-0.1
07-15-2026 00:15:00,-0.1
07-15-2026 00:30:00,-0.1
07-15-2026 00:45:00,-0.1
07-15-2026 01:00:00,-0.1
07-15-2026 01:15:00,-0.1
07-15-2026 01:30:00,-0.1
07-15-2026 01:45:00,-0.1
07-15-2026 02:00:00,-0.1
07-15-2026 02:15:00,-0.1
07-15-2026 02:30:00,-0.1
07-15-2026 02:45:00,-0.1
07-15-2026 03:00:00,-0.1
07-15-2026 03:15:00,-0.1
07-15-2026 03:30:00,-0.1
07-15-2026 03:45:00,-0.1
07-15-2026 04:00:00,-0.1
07-15-2026 04:15:00,-0.1
07-15-2026 04:30:00,-0.1
07-15-2026 04:45:00,-0.1
07-15-2026 05:00:00,-0.1
07-15-2026 05:15:00,-0.1
07-15-2026 05:30:00,-0.1
07-15-2026 05:45:00,-0.111
07-15-2026 06:00:00,-0.138
07-15-2026 06:15:00,0.152
07-15-2026 06:30:00,0.716
07-15-2026 06:45:00,0.848
07-15-2026 07:00:00,1.373
07-15-2026 07:15:00,2.553
07-15-2026 07:30:00,3.469
07-15-2026 07:45:00,4.481
07-15-2026 08:00:00,3.293
07-15-2026 08:15:00,5.365
07-15-2026 08:30:00,7.219
07-15-2026 08:45:00,8.771
07-15-2026 09:00:00,9.337
07-15-2026 09:15:00,8.735
07-15-2026 09:30:00,6.608
07-15-2026 09:45:00,11.99
07-15-2026 10:00:00,11.109
07-15-2026 10:15:00,12.962
07-15-2026 10:30:00,13.364
07-15-2026 10:45:00,12.566
07-15-2026 11:00:00,10.382
07-15-2026 11:15:00,12.799
07-15-2026 11:30:00,14.032
07-15-2026 11:45:00,13.586
07-15-2026 12:00:00,15.02
07-15-2026 12:15:00,15.22
07-15-2026 12:30:00,15.132
07-15-2026 12:45:00,15.044
07-15-2026 13:00:00,14.978
07-15-2026 13:15:00,15.227
07-15-2026 13:30:00,7.124
07-15-2026 13:45:00,4.421
07-15-2026 14:00:00,3.133
07-15-2026 14:15:00,4.478
07-15-2026 14:30:00,11.384
07-15-2026 14:45:00,9.685
07-15-2026 15:00:00,8.961
07-15-2026 15:15:00,13.477
07-15-2026 15:30:00,12.292
07-15-2026 15:45:00,11.709
07-15-2026 16:00:00,11.014
07-15-2026 16:15:00,10.174
07-15-2026 16:30:00,9.33
07-15-2026 16:45:00,8.323
07-15-2026 17:00:00,7.103
07-15-2026 17:15:00,5.847
07-15-2026 17:30:00,4.769
07-15-2026 17:45:00,3.696
07-15-2026 18:00:00,2.417
07-15-2026 18:15:00,0.805
07-15-2026 18:30:00,0.263
07-15-2026 18:45:00,0.087
07-15-2026 19:00:00,-0.062
07-15-2026 19:15:00,-0.204
07-15-2026 19:30:00,-0.1
07-15-2026 19:45:00,-0.1
07-15-2026 20:00:00,-0.1
07-15-2026 20:15:00,-0.1
07-15-2026 20:30:00,-0.1
07-15-2026 20:45:00,-0.1
07-15-2026 21:00:00,-0.1
07-15-2026 21:15:00,-0.1
07-15-2026 21:30:00,-0.1
07-15-2026 21:45:00,-0.1
07-15-2026 22:00:00,-0.1
07-15-2026 22:15:00,-0.1
07-15-2026 22:30:00,-0.1
07-15-2026 22:45:00,-0.1
07-15-2026 23:00:00,-0.1
07-15-2026 23:15:00,-0.1
07-15-2026 23:30:00,-0.1
07-15-2026 23:45:00,-0.1
07-16-2026 00:00:00,-0.1
07-16-2026 00:15:00,-0.1
07-16-2026 00:30:00,-0.1
07-16-2026 00:45:00,-0.1
07-16-2026 01:00:00,-0.1
07-16-2026 01:15:00,-0.1
07-16-2026 01:30:00,-0.1
07-16-2026 01:45:00,-0.1
07-16-2026 02:00:00,-0.1
07-16-2026 02:15:00,-0.1
07-16-2026 02:30:00,-0.1
07-16-2026 02:45:00,-0.1
07-16-2026 03:00:00,-0.1
07-16-2026 03:15:00,-0.1
07-16-2026 03:30:00,-0.1
07-16-2026 03:45:00,-0.1
07-16-2026 04:00:00,-0.1
07-16-2026 04:15:00,-0.1
07-16-2026 04:30:00,-0.1
07-16-2026 04:45:00,-0.1
07-16-2026 05:00:00,-0.1
07-16-2026 05:15:00,-0.1
07-16-2026 05:30:00,-0.1
07-16-2026 05:45:00,-0.111
07-16-2026 06:00:00,-0.116
07-16-2026 06:15:00,0.109
07-16-2026 06:30:00,0.465
07-16-2026 06:45:00,0.327
07-16-2026 07:00:00,0.468
07-16-2026 07:15:00,0.605
07-16-2026 07:30:00,1.658
07-16-2026 07:45:00,2.231
07-16-2026 08:00:00,3.842
07-16-2026 08:15:00,6.967
07-16-2026 08:30:00,7.968
07-16-2026 08:45:00,8.906
07-16-2026 09:00:00,9.556
07-16-2026 09:15:00,10.236
07-16-2026 09:30:00,9.976
07-16-2026 09:45:00,11.048
07-16-2026 10:00:00,8.356
07-16-2026 10:15:00,10.004
07-16-2026 10:30:00,12.417
07-16-2026 10:45:00,13.662
07-16-2026 11:00:00,13.879
07-16-2026 11:15:00,13.945
07-16-2026 11:30:00,14.269
07-16-2026 11:45:00,14.475
07-16-2026 12:00:00,15.226
07-16-2026 12:15:00,14.925
07-16-2026 12:30:00,15.525
07-16-2026 12:45:00,15.148
07-16-2026 13:00:00,15.133
07-16-2026 13:15:00,14.601
07-16-2026 13:30:00,14.501
07-16-2026 13:45:00,14.225
07-16-2026 14:00:00,14.26
07-16-2026 14:15:00,14.678
07-16-2026 14:30:00,12.004
07-16-2026 14:45:00,8.714
07-16-2026 15:00:00,9.695
07-16-2026 15:15:00,13.129
07-16-2026 15:30:00,7.615
07-16-2026 15:45:00,8.197
07-16-2026 16:00:00,10.842
07-16-2026 16:15:00,10.731
07-16-2026 16:30:00,8.852
07-16-2026 16:45:00,7.88
07-16-2026 17:00:00,7.327
07-16-2026 17:15:00,4.279
07-16-2026 17:30:00,4.324
07-16-2026 17:45:00,3.917
07-16-2026 18:00:00,2.523
07-16-2026 18:15:00,0.813
07-16-2026 18:30:00,0.419
07-16-2026 18:45:00,0.067
07-16-2026 19:00:00,-0.131
07-16-2026 19:15:00,-0.202
07-16-2026 19:30:00,-0.1
07-16-2026 19:45:00,-0.1
07-16-2026 20:00:00,-0.1
07-16-2026 20:15:00,-0.1
07-16-2026 20:30:00,-0.1
07-16-2026 20:45:00,-0.1
07-16-2026 21:00:00,-0.1
07-16-2026 21:15:00,-0.1
07-16-2026 21:30:00,-0.1
07-16-2026 21:45:00,-0.1
07-16-2026 22:00:00,-0.1
07-16-2026 22:15:00,-0.1
07-16-2026 22:30:00,-0.1
07-16-2026 22:45:00,-0.1
07-16-2026 23:00:00,-0.1
07-16-2026 23:15:00,-0.1
07-16-2026 23:30:00,-0.1
07-16-2026 23:45:00,-0.1
07-17-2026 00:00:00,-0.1
07-17-2026 00:15:00,-0.1
07-17-2026 00:30:00,-0.1
07-17-2026 00:45:00,-0.1
07-17-2026 01:00:00,-0.1
07-17-2026 01:15:00,-0.1
07-17-2026 01:30:00,-0.1
07-17-2026 01:45:00,-0.1
07-17-2026 02:00:00,-0.1
07-17-2026 02:15:00,-0.1
07-17-2026 02:30:00,-0.1
07-17-2026 02:45:00,-0.1
07-17-2026 03:00:00,-0.1
07-17-2026 03:15:00,-0.1
07-17-2026 03:30:00,-0.1
07-17-2026 03:45:00,-0.1
07-17-2026 04:00:00,-0.1
07-17-2026 04:15:00,-0.1
07-17-2026 04:30:00,-0.1
07-17-2026 04:45:00,-0.1
07-17-2026 05:00:00,-0.1
07-17-2026 05:15:00,-0.1
07-17-2026 05:30:00,-0.1
07-17-2026 05:45:00,-0.111
07-17-2026 06:00:00,-0.138
07-17-2026 06:15:00,0.009
07-17-2026 06:30:00,0.288
07-17-2026 06:45:00,0.993
07-17-2026 07:00:00,1.434
07-17-2026 07:15:00,1.845
07-17-2026 07:30:00,3.148
07-17-2026 07:45:00,2.881
07-17-2026 08:00:00,5.255
07-17-2026 08:15:00,5.624
07-17-2026 08:30:00,5.131
07-17-2026 08:45:00,7.739
07-17-2026 09:00:00,4.995
07-17-2026 09:15:00,6.902
07-17-2026 09:30:00,6.835
07-17-2026 09:45:00,8.809
07-17-2026 10:00:00,7.484
07-17-2026 10:15:00,11.845
07-17-2026 10:30:00,15.045
07-17-2026 10:45:00,13.421
07-17-2026 11:00:00,12.24
07-17-2026 11:15:00,13.38
07-17-2026 11:30:00,14.093
07-17-2026 11:45:00,13.534
07-17-2026 12:00:00,15.059
07-17-2026 12:15:00,14.763
07-17-2026 12:30:00,14.466
07-17-2026 12:45:00,14.584
07-17-2026 13:00:00,14.463
07-17-2026 13:15:00,14.527
07-17-2026 13:30:00,13.763
07-17-2026 13:45:00,13.828
07-17-2026 14:00:00,14.223
07-17-2026 14:15:00,11.643
07-17-2026 14:30:00,6.737
07-17-2026 14:45:00,8.039
07-17-2026 15:00:00,12.908
07-17-2026 15:15:00,13.045
07-17-2026 15:30:00,12.175
07-17-2026 15:45:00,11.659
07-17-2026 16:00:00,10.989
07-17-2026 16:15:00,9.819
07-17-2026 16:30:00,7.673
07-17-2026 16:45:00,5.436
07-17-2026 17:00:00,6.552
07-17-2026 17:15:00,6.168
07-17-2026 17:30:00,5.083
07-17-2026 17:45:00,4.093
07-17-2026 18:00:00,2.792
07-17-2026 18:15:00,1.144
07-17-2026 18:30:00,0.562
07-17-2026 18:45:00,0.066
07-17-2026 19:00:00,-0.139
07-17-2026 19:15:00,-0.143
07-17-2026 19:30:00,-0.1
07-17-2026 19:45:00,-0.1
07-17-2026 20:00:00,-0.1
07-17-2026 20:15:00,-0.1
07-17-2026 20:30:00,-0.1
07-17-2026 20:45:00,-0.1
07-17-2026 21:00:00,-0.1
07-17-2026 21:15:00,-0.1
07-17-2026 21:30:00,-0.1
07-17-2026 21:45:00,-0.1
07-17-2026 22:00:00,-0.1
07-17-2026 22:15:00,-0.1
07-17-2026 22:30:00,-0.1
07-17-2026 22:45:00,-0.1
07-17-2026 23:00:00,-0.1
07-17-2026 23:15:00,-0.1
07-17-2026 23:30:00,-0.1
07-17-2026 23:45:00,-0.1
07-18-2026 00:00:00,-0.1
07-18-2026 00:15:00,-0.1
07-18-2026 00:30:00,-0.1
07-18-2026 00:45:00,-0.1
07-18-2026 01:00:00,-0.1
07-18-2026 01:15:00,-0.1
07-18-2026 01:30:00,-0.1
07-18-2026 01:45:00,-0.1
07-18-2026 02:00:00,-0.1
07-18-2026 02:15:00,-0.1
07-18-2026 02:30:00,-0.1
07-18-2026 02:45:00,-0.1
07-18-2026 03:00:00,-0.1
07-18-2026 03:15:00,-0.1
07-18-2026 03:30:00,-0.1
07-18-2026 03:45:00,-0.1
07-18-2026 04:00:00,-0.1
07-18-2026 04:15:00,-0.1
07-18-2026 04:30:00,-0.1
07-18-2026 04:45:00,-0.1
07-18-2026 05:00:00,-0.1
07-18-2026 05:15:00,-0.1
07-18-2026 05:30:00,-0.1
07-18-2026 05:45:00,-0.111
07-18-2026 06:00:00,-0.16
07-18-2026 06:15:00,-0.04
07-18-2026 06:30:00,0.067
07-18-2026 06:45:00,0.337
07-18-2026 07:00:00,0.785
07-18-2026 07:15:00,1.171
07-18-2026 07:30:00,1.301
07-18-2026 07:45:00,1.587
07-18-2026 08:00:00,1.619
07-18-2026 08:15:00,2.334
07-18-2026 08:30:00,3.227
07-18-2026 08:45:00,4.351
07-18-2026 09:00:00,4.836
07-18-2026 09:15:00,5.754
07-18-2026 09:30:00,6.216
07-18-2026 09:45:00,6.038
07-18-2026 10:00:00,10.152
07-18-2026 10:15:00,10.454
07-18-2026 10:30:00,7.025
07-18-2026 10:45:00,10.362
07-18-2026 11:00:00,9.701
07-18-2026 11:15:00,8.304
07-18-2026 11:30:00,7.173
07-18-2026 11:45:00,6.243
07-18-2026 12:00:00,7.38
07-18-2026 12:15:00,8.559
07-18-2026 12:30:00,9.188
07-18-2026 12:45:00,15.28
07-18-2026 13:00:00,14.888
07-18-2026 13:15:00,14.111
07-18-2026 13:30:00,14.472
07-18-2026 13:45:00,12.579
07-18-2026 14:00:00,12.462
07-18-2026 14:15:00,14.306
07-18-2026 14:30:00,13.96
07-18-2026 14:45:00,12.989
07-18-2026 15:00:00,12.215
07-18-2026 15:15:00,12.739
07-18-2026 15:30:00,12.529
07-18-2026 15:45:00,11.9
07-18-2026 16:00:00,11.329
07-18-2026 16:15:00,10.337
07-18-2026 16:30:00,7.957
07-18-2026 16:45:00,4.87
07-18-2026 17:00:00,3.664
07-18-2026 17:15:00,3.656
07-18-2026 17:30:00,4.124
07-18-2026 17:45:00,1.997
07-18-2026 18:00:00,1.885
07-18-2026 18:15:00,1.495
07-18-2026 18:30:00,0.534
07-18-2026 18:45:00,0.154
07-18-2026 19:00:00,-0.083
07-18-2026 19:15:00,-0.203
07-18-2026 19:30:00,-0.1
07-18-2026 19:45:00,-0.1
07-18-2026 20:00:00,-0.1
07-18-2026 20:15:00,-0.1
07-18-2026 20:30:00,-0.1
07-18-2026 20:45:00,-0.1
07-18-2026 21:00:00,-0.1
07-18-2026 21:15:00,-0.1
07-18-2026 21:30:00,-0.1
07-18-2026 21:45:00,-0.1
07-18-2026 22:00:00,-0.1
07-18-2026 22:15:00,-0.1
07-18-2026 22:30:00,-0.1
07-18-2026 22:45:00,-0.1
07-18-2026 23:00:00,-0.1
07-18-2026 23:15:00,-0.1
07-18-2026 23:30:00,-0.1
07-18-2026 23:45:00,-0.1
07-19-2026 00:00:00,-0.1
07-19-2026 00:15:00,-0.1
07-19-2026 00:30:00,-0.1
07-19-2026 00:45:00,-0.1
07-19-2026 01:00:00,-0.1
07-19-2026 01:15:00,-0.1
07-19-2026 01:30:00,-0.1
07-19-2026 01:45:00,-0.1
07-19-2026 02:00:00,-0.1
07-19-2026 02:15:00,-0.1
07-19-2026 02:30:00,-0.1
07-19-2026 02:45:00,-0.1
07-19-2026 03:00:00,-0.1
07-19-2026 03:15:00,-0.1
07-19-2026 03:30:00,-0.1
07-19-2026 03:45:00,-0.1
07-19-2026 04:00:00,-0.1
07-19-2026 04:15:00,-0.1
07-19-2026 04:30:00,-0.1
07-19-2026 04:45:00,-0.1
07-19-2026 05:00:00,-0.1
07-19-2026 05:15:00,-0.1
07-19-2026 05:30:00,-0.1
07-19-2026 05:45:00,-0.111
07-19-2026 06:00:00,-0.138
07-19-2026 06:15:00,0.194
07-19-2026 06:30:00,0.588
07-19-2026 06:45:00,1.02
07-19-2026 07:00:00,1.802
07-19-2026 07:15:00,3.364
07-19-2026 07:30:00,3.775
07-19-2026 07:45:00,2.396
07-19-2026 08:00:00,2.902
07-19-2026 08:15:00,3.795
07-19-2026 08:30:00,2.724
07-19-2026 08:45:00,6.289
07-19-2026 09:00:00,6.254
07-19-2026 09:15:00,8.991
07-19-2026 09:30:00,8.885
07-19-2026 09:45:00,9.013
07-19-2026 10:00:00,13.745
07-19-2026 10:15:00,9.767
07-19-2026 10:30:00,13.491
07-19-2026 10:45:00,14.613
07-19-2026 11:00:00,12.953
07-19-2026 11:15:00,10.209
07-19-2026 11:30:00,9.24
07-19-2026 11:45:00,12.045
07-19-2026 12:00:00,11.951
07-19-2026 12:15:00,13.252
07-19-2026 12:30:00,11.637
07-19-2026 12:45:00,12.125
07-19-2026 13:00:00,10.275
07-19-2026 13:15:00,9.811
07-19-2026 13:30:00,11.999
07-19-2026 13:45:00,8.103
07-19-2026 14:00:00,6.069
07-19-2026 14:15:00,5.62
07-19-2026 14:30:00,7.272
07-19-2026 14:45:00,5.485
07-19-2026 15:00:00,4.756
07-19-2026 15:15:00,4.175
07-19-2026 15:30:00,6.909
07-19-2026 15:45:00,9.334
07-19-2026 16:00:00,5.337
07-19-2026 16:15:00,6.151
07-19-2026 16:30:00,5.296
07-19-2026 16:45:00,7.653
07-19-2026 17:00:00,4.658
07-19-2026 17:15:00,4.396
07-19-2026 17:30:00,2.576
07-19-2026 17:45:00,2.413
07-19-2026 18:00:00,3.311
07-19-2026 18:15:00,1.778
07-19-2026 18:30:00,0.664
07-19-2026 18:45:00,0.309
07-19-2026 19:00:00,-0.059
07-19-2026 19:15:00,-0.197
07-19-2026 19:30:00,-0.136
07-19-2026 19:45:00,-0.1
07-19-2026 20:00:00,-0.1
07-19-2026 20:15:00,-0.1
07-19-2026 20:30:00,-0.1
07-19-2026 20:45:00,-0.1
07-19-2026 21:00:00,-0.1
07-19-2026 21:15:00,-0.1
07-19-2026 21:30:00,-0.1
07-19-2026 21:45:00,-0.1
07-19-2026 22:00:00,-0.1
07-19-2026 22:15:00,-0.1
07-19-2026 22:30:00,-0.1
07-19-2026 22:45:00,-0.1
07-19-2026 23:00:00,-0.1
07-19-2026 23:15:00,-0.1
07-19-2026 23:30:00,-0.1
07-19-2026 23:45:00,-0.1
07-20-2026 00:00:00,-0.1
07-20-2026 00:15:00,-0.1
07-20-2026 00:30:00,-0.1
07-20-2026 00:45:00,-0.1
07-20-2026 01:00:00,-0.1
07-20-2026 01:15:00,-0.1
07-20-2026 01:30:00,-0.1
07-20-2026 01:45:00,-0.1
07-20-2026 02:00:00,-0.1
07-20-2026 02:15:00,-0.1
07-20-2026 02:30:00,-0.1
07-20-2026 02:45:00,-0.1
07-20-2026 03:00:00,-0.1
07-20-2026 03:15:00,-0.1
07-20-2026 03:30:00,-0.1
07-20-2026 03:45:00,-0.1
07-20-2026 04:00:00,-0.1
07-20-2026 04:15:00,-0.1
07-20-2026 04:30:00,-0.1
07-20-2026 04:45:00,-0.1
07-20-2026 05:00:00,-0.1
07-20-2026 05:15:00,-0.1
07-20-2026 05:30:00,-0.1
07-20-2026 05:45:00,-0.126
07-20-2026 06:00:00,-0.14
07-20-2026 06:15:00,0.081
07-20-2026 06:30:00,0.282
07-20-2026 06:45:00,0.433
07-20-2026 07:00:00,0.865
07-20-2026 07:15:00,1.382
07-20-2026 07:30:00,1.712
07-20-2026 07:45:00,5.094
07-20-2026 08:00:00,6.043
07-20-2026 08:15:00,5.993
07-20-2026 08:30:00,3.01
07-20-2026 08:45:00,4.69
07-20-2026 09:00:00,4.477
07-20-2026 09:15:00,6.628
07-20-2026 09:30:00,8.524
07-20-2026 09:45:00,9.041
07-20-2026 10:00:00,12.01
07-20-2026 10:15:00,12.048
07-20-2026 10:30:00,11.501
07-20-2026 10:45:00,12.898
07-20-2026 11:00:00,8.865
07-20-2026 11:15:00,12.08
07-20-2026 11:30:00,13.022
07-20-2026 11:45:00,13.386
07-20-2026 12:00:00,8.013
07-20-2026 12:15:00,12.548
07-20-2026 12:30:00,14.978
07-20-2026 12:45:00,14.813
07-20-2026 13:00:00,14.12
07-20-2026 13:15:00,9.405
07-20-2026 13:30:00,9.171
07-20-2026 13:45:00,9.517
07-20-2026 14:00:00,8.25
07-20-2026 14:15:00,6.434
07-20-2026 14:30:00,5.844
07-20-2026 14:45:00,7.822
07-20-2026 15:00:00,5.119
07-20-2026 15:15:00,7.217
07-20-2026 15:30:00,10.541
07-20-2026 15:45:00,11.062
07-20-2026 16:00:00,11.519
07-20-2026 16:15:00,9.113
07-20-2026 16:30:00,9.386
07-20-2026 16:45:00,7.869
07-20-2026 17:00:00,7.454
07-20-2026 17:15:00,6.016
07-20-2026 17:30:00,4.995
07-20-2026 17:45:00,3.894
07-20-2026 18:00:00,2.888
07-20-2026 18:15:00,1.696
07-20-2026 18:30:00,0.685
07-20-2026 18:45:00,0.291
07-20-2026 19:00:00,-0.02
07-20-2026 19:15:00,-0.197
07-20-2026 19:30:00,-0.137
07-20-2026 19:45:00,-0.1
07-20-2026 20:00:00,-0.1
07-20-2026 20:15:00,-0.1
07-20-2026 20:30:00,-0.1
07-20-2026 20:45:00,-0.1
07-20-2026 21:00:00,-0.1
07-20-2026 21:15:00,-0.1
07-20-2026 21:30:00,-0.1
07-20-2026 21:45:00,-0.1
07-20-2026 22:00:00,-0.1
07-20-2026 22:15:00,-0.1
07-20-2026 22:30:00,-0.1
07-20-2026 22:45:00,-0.1
07-20-2026 23:00:00,-0.1
07-20-2026 23:15:00,-0.1
07-20-2026 23:30:00,-0.1
07-20-2026 23:45:00,-0.1
07-21-2026 00:00:00,-0.1
07-21-2026 00:15:00,-0.1
07-21-2026 00:30:00,-0.1
07-21-2026 00:45:00,-0.1
07-21-2026 01:00:00,-0.1
07-21-2026 01:15:00,-0.1
07-21-2026 01:30:00,-0.1
07-21-2026 01:45:00,-0.1
07-21-2026 02:00:00,-0.1
07-21-2026 02:15:00,-0.1
07-21-2026 02:30:00,-0.1
07-21-2026 02:45:00,-0.1
07-21-2026 03:00:00,-0.1
07-21-2026 03:15:00,-0.1
07-21-2026 03:30:00,-0.1
07-21-2026 03:45:00,-0.1
07-21-2026 04:00:00,-0.1
07-21-2026 04:15:00,-0.1
07-21-2026 04:30:00,-0.1
07-21-2026 04:45:00,-0.1
07-21-2026 05:00:00,-0.1
07-21-2026 05:15:00,-0.1
07-21-2026 05:30:00,-0.1
07-21-2026 05:45:00,-0.109
07-21-2026 06:00:00,-0.161
07-21-2026 06:15:00,-0.004
07-21-2026 06:30:00,0.137
07-21-2026 06:45:00,0.366
07-21-2026 07:00:00,0.702
07-21-2026 07:15:00,1.234
07-21-2026 07:30:00,2.944
07-21-2026 07:45:00,4.581
07-21-2026 08:00:00,5.468
07-21-2026 08:15:00,4.94
07-21-2026 08:30:00,7.448
07-21-2026 08:45:00,8.628
07-21-2026 09:00:00,9.631
07-21-2026 09:15:00,9.926
07-21-2026 09:30:00,10.067
07-21-2026 09:45:00,11.629
07-21-2026 10:00:00,10.944
07-21-2026 10:15:00,11.382
07-21-2026 10:30:00,12.709
07-21-2026 10:45:00,12.598
07-21-2026 11:00:00,13.906
07-21-2026 11:15:00,13.731
07-21-2026 11:30:00,13.919
07-21-2026 11:45:00,14.453
07-21-2026 12:00:00,14.673
07-21-2026 12:15:00,8.317
07-21-2026 12:30:00,11.465
07-21-2026 12:45:00,13.691
07-21-2026 13:00:00,15.026
07-21-2026 13:15:00,14.864
07-21-2026 13:30:00,15.212
07-21-2026 13:45:00,12.262
07-21-2026 14:00:00,14.26
07-21-2026 14:15:00,14.316
07-21-2026 14:30:00,14.36
07-21-2026 14:45:00,14.37
07-21-2026 15:00:00,13.779
07-21-2026 15:15:00,12.757
07-21-2026 15:30:00,12.623
07-21-2026 15:45:00,10.318
07-21-2026 16:00:00,7.406
07-21-2026 16:15:00,4.953
07-21-2026 16:30:00,3.861
07-21-2026 16:45:00,6.558
07-21-2026 17:00:00,7.406
07-21-2026 17:15:00,5.391
07-21-2026 17:30:00,4.588
07-21-2026 17:45:00,4.182
07-21-2026 18:00:00,2.745
07-21-2026 18:15:00,1.593
07-21-2026 18:30:00,0.763
07-21-2026 18:45:00,0.28
07-21-2026 19:00:00,-0.103
07-21-2026 19:15:00,-0.196
07-21-2026 19:30:00,-0.138
07-21-2026 19:45:00,-0.1
07-21-2026 20:00:00,-0.1
07-21-2026 20:15:00,-0.1
07-21-2026 20:30:00,-0.1
07-21-2026 20:45:00,-0.1
07-21-2026 21:00:00,-0.1
07-21-2026 21:15:00,-0.1
07-21-2026 21:30:00,-0.1
07-21-2026 21:45:00,-0.1
07-21-2026 22:00:00,-0.1
07-21-2026 22:15:00,-0.1
07-21-2026 22:30:00,-0.1
07-21-2026 22:45:00,-0.1
07-21-2026 23:00:00,-0.1
07-21-2026 23:15:00,-0.1
07-21-2026 23:30:00,-0.1
07-21-2026 23:45:00,-0.1
07-22-2026 00:00:00,-0.1
07-22-2026 00:15:00,-0.1
07-22-2026 00:30:00,-0.1
07-22-2026 00:45:00,-0.1
07-22-2026 01:00:00,-0.1
07-22-2026 01:15:00,-0.1
07-22-2026 01:30:00,-0.1
07-22-2026 01:45:00,-0.1
07-22-2026 02:00:00,-0.1
07-22-2026 02:15:00,-0.1
07-22-2026 02:30:00,-0.1
07-22-2026 02:45:00,-0.1
07-22-2026 03:00:00,-0.1
07-22-2026 03:15:00,-0.1
07-22-2026 03:30:00,-0.1
07-22-2026 03:45:00,-0.1
07-22-2026 04:00:00,-0.1
07-22-2026 04:15:00,-0.1
07-22-2026 04:30:00,-0.1
07-22-2026 04:45:00,-0.1
07-22-2026 05:00:00,-0.1
07-22-2026 05:15:00,-0.1
07-22-2026 05:30:00,-0.1
07-22-2026 05:45:00,-0.1
07-22-2026 06:00:00,-0.145
07-22-2026 06:15:00,-0.017
07-22-2026 06:30:00,0.192
07-22-2026 06:45:00,0.981
07-22-2026 07:00:00,1.533
07-22-2026 07:15:00,1.778
07-22-2026 07:30:00,1.425
07-22-2026 07:45:00,1.76
07-22-2026 08:00:00,2.442
07-22-2026 08:15:00,3.805
07-22-2026 08:30:00,5.296
07-22-2026 08:45:00,6.211
07-22-2026 09:00:00,5.415
07-22-2026 09:15:00,8.922
07-22-2026 09:30:00,10.292
07-22-2026 09:45:00,12.761
07-22-2026 10:00:00,10.678
07-22-2026 10:15:00,11.278
07-22-2026 10:30:00,12.231
07-22-2026 10:45:00,8.755
07-22-2026 11:00:00,6.19
07-22-2026 11:15:00,9.356
07-22-2026 11:30:00,8.609
07-22-2026 11:45:00,9.767
07-22-2026 12:00:00,9.666
07-22-2026 12:15:00,10.901
07-22-2026 12:30:00,14.469
07-22-2026 12:45:00,16.448
07-22-2026 13:00:00,15.395
07-22-2026 13:15:00,15.036
07-22-2026 13:30:00,15.138
07-22-2026 13:45:00,14.745
07-22-2026 14:00:00,14.616
07-22-2026 14:15:00,14.312
07-22-2026 14:30:00,14.422
07-22-2026 14:45:00,14.206
07-22-2026 15:00:00,10.928
07-22-2026 15:15:00,12.163
07-22-2026 15:30:00,13.605
07-22-2026 15:45:00,11.306
07-22-2026 16:00:00,7.691
07-22-2026 16:15:00,12.084
07-22-2026 16:30:00,10.1
07-22-2026 16:45:00,7.315
07-22-2026 17:00:00,6.868
07-22-2026 17:15:00,4.111
07-22-2026 17:30:00,3.901
07-22-2026 17:45:00,4.282
07-22-2026 18:00:00,2.381
07-22-2026 18:15:00,1.537
07-22-2026 18:30:00,1.03
07-22-2026 18:45:00,0.451
07-22-2026 19:00:00,-0.067
07-22-2026 19:15:00,-0.221
07-22-2026 19:30:00,-0.105
07-22-2026 19:45:00,-0.1
07-22-2026 20:00:00,-0.1
07-22-2026 20:15:00,-0.1
07-22-2026 20:30:00,-0.1
07-22-2026 20:45:00,-0.1
07-22-2026 21:00:00,-0.1
07-22-2026 21:15:00,-0.1
07-22-2026 21:30:00,-0.1
07-22-2026 21:45:00,-0.1
07-22-2026 22:00:00,-0.1
07-22-2026 22:15:00,-0.1
07-22-2026 22:30:00,-0.1
07-22-2026 22:45:00,-0.1
07-22-2026 23:00:00,-0.1
07-22-2026 23:15:00,-0.1
07-22-2026 23:30:00,-0.1
07-22-2026 23:45:00,-0.1
07-23-2026 00:00:00,-0.1
07-23-2026 00:15:00,-0.1
07-23-2026 00:30:00,-0.1
07-23-2026 00:45:00,-0.1
07-23-2026 01:00:00,-0.1
07-23-2026 01:15:00,-0.1
07-23-2026 01:30:00,-0.1
07-23-2026 01:45:00,-0.1
07-23-2026 02:00:00,-0.1
07-23-2026 02:15:00,-0.1
07-23-2026 02:30:00,-0.1
07-23-2026 02:45:00,-0.1
07-23-2026 03:00:00,-0.1
07-23-2026 03:15:00,-0.1
07-23-2026 03:30:00,-0.1
07-23-2026 03:45:00,-0.1
07-23-2026 04:00:00,-0.1
07-23-2026 04:15:00,-0.1
07-23-2026 04:30:00,-0.1
07-23-2026 04:45:00,-0.1
07-23-2026 05:00:00,-0.1
07-23-2026 05:15:00,-0.1
07-23-2026 05:30:00,-0.1
07-23-2026 05:45:00,-0.1
07-23-2026 06:00:00,-0.145
07-23-2026 06:15:00,0.004
07-23-2026 06:30:00,0.286
07-23-2026 06:45:00,0.829
07-23-2026 07:00:00,1.312
07-23-2026 07:15:00,1.409
07-23-2026 07:30:00,3.007
07-23-2026 07:45:00,5.409
07-23-2026 08:00:00,5.469
07-23-2026 08:15:00,5.561
07-23-2026 08:30:00,6.616
07-23-2026 08:45:00,6.66
07-23-2026 09:00:00,9.205
07-23-2026 09:15:00,9.727
07-23-2026 09:30:00,11.495
07-23-2026 09:45:00,9.524
07-23-2026 10:00:00,11.284
07-23-2026 10:15:00,12.276
07-23-2026 10:30:00,12.495
07-23-2026 10:45:00,12.909
07-23-2026 11:00:00,12.357
07-23-2026 11:15:00,14.776
07-23-2026 11:30:00,15.023
07-23-2026 11:45:00,13.613
07-23-2026 12:00:00,13.717
07-23-2026 12:15:00,13.678
07-23-2026 12:30:00,15.335
07-23-2026 12:45:00,16.442
07-23-2026 13:00:00,14.129
07-23-2026 13:15:00,14.075
07-23-2026 13:30:00,11.763
07-23-2026 13:45:00,12.776
07-23-2026 14:00:00,11.172
07-23-2026 14:15:00,13.327
07-23-2026 14:30:00,11.274
07-23-2026 14:45:00,12.715
07-23-2026 15:00:00,9.631
07-23-2026 15:15:00,9.165
07-23-2026 15:30:00,11.608
07-23-2026 15:45:00,5.371
07-23-2026 16:00:00,6.803
07-23-2026 16:15:00,5.12
07-23-2026 16:30:00,4.948
07-23-2026 16:45:00,4.263
07-23-2026 17:00:00,3.488
07-23-2026 17:15:00,2.937
07-23-2026 17:30:00,2.978
07-23-2026 17:45:00,1.761
07-23-2026 18:00:00,1.074
07-23-2026 18:15:00,0.624
07-23-2026 18:30:00,0.291
07-23-2026 18:45:00,0.007
07-23-2026 19:00:00,-0.148
07-23-2026 19:15:00,-0.16
07-23-2026 19:30:00,-0.1
07-23-2026 19:45:00,-0.1
07-23-2026 20:00:00,-0.1
07-23-2026 20:15:00,-0.1
07-23-2026 20:30:00,-0.1
07-23-2026 20:45:00,-0.1
07-23-2026 21:00:00,-0.1
07-23-2026 21:15:00,-0.1
07-23-2026 21:30:00,-0.1
07-23-2026 21:45:00,-0.1
07-23-2026 22:00:00,-0.1
07-23-2026 22:15:00,-0.1
07-23-2026 22:30:00,-0.1
07-23-2026 22:45:00,-0.1
07-23-2026 23:00:00,-0.1
07-23-2026 23:15:00,-0.1
07-23-2026 23:30:00,-0.1
07-23-2026 23:45:00,-0.1
07-24-2026 00:00:00,-0.1
07-24-2026 00:15:00,-0.1
07-24-2026 00:30:00,-0.1
07-24-2026 00:45:00,-0.1
07-24-2026 01:00:00,-0.1
07-24-2026 01:15:00,-0.1
07-24-2026 01:30:00,-0.1
07-24-2026 01:45:00,-0.1
07-24-2026 02:00:00,-0.1
07-24-2026 02:15:00,-0.1
07-24-2026 02:30:00,-0.1
07-24-2026 02:45:00,-0.1
07-24-2026 03:00:00,-0.1
07-24-2026 03:15:00,-0.1
07-24-2026 03:30:00,-0.1
07-24-2026 03:45:00,-0.1
07-24-2026 04:00:00,-0.1
07-24-2026 04:15:00,-0.1
07-24-2026 04:30:00,-0.1
07-24-2026 04:45:00,-0.1
07-24-2026 05:00:00,-0.1
07-24-2026 05:15:00,-0.1
07-24-2026 05:30:00,-0.1
07-24-2026 05:45:00,-0.1
07-24-2026 06:00:00,-0.167
07-24-2026 06:15:00,-0.057
07-24-2026 06:30:00,0.459
07-24-2026 06:45:00,0.419
07-24-2026 07:00:00,1.212
07-24-2026 07:15:00,1.38
07-24-2026 07:30:00,2.032
07-24-2026 07:45:00,1.964
07-24-2026 08:00:00,2.701
07-24-2026 08:15:00,3.185
07-24-2026 08:30:00,4.108
07-24-2026 08:45:00,3.884
07-24-2026 09:00:00,5.485
07-24-2026 09:15:00,8.741
07-24-2026 09:30:00,9.076
07-24-2026 09:45:00,7.598
07-24-2026 10:00:00,5.363
07-24-2026 10:15:00,5.55
07-24-2026 10:30:00,6.413
07-24-2026 10:45:00,9.223
07-24-2026 11:00:00,5.869
07-24-2026 11:15:00,8.035
07-24-2026 11:30:00,6.069
07-24-2026 11:45:00,12.009
07-24-2026 12:00:00,11.41
07-24-2026 12:15:00,10.082
07-24-2026 12:30:00,9.657
07-24-2026 12:45:00,7.812
07-24-2026 13:00:00,11.828
07-24-2026 13:15:00,15.005
07-24-2026 13:30:00,9.727
07-24-2026 13:45:00,11.551
07-24-2026 14:00:00,9.781
07-24-2026 14:15:00,8.556
07-24-2026 14:30:00,6.629
07-24-2026 14:45:00,7.911
07-24-2026 15:00:00,4.663
07-24-2026 15:15:00,7.838
07-24-2026 15:30:00,9.047
07-24-2026 15:45:00,10.378
07-24-2026 16:00:00,6.555
07-24-2026 16:15:00,4.859
07-24-2026 16:30:00,3.544
07-24-2026 16:45:00,2.692
07-24-2026 17:00:00,2.958
07-24-2026 17:15:00,2.647
07-24-2026 17:30:00,2.501
07-24-2026 17:45:00,2.414
07-24-2026 18:00:00,1.394
07-24-2026 18:15:00,1.189
07-24-2026 18:30:00,0.478
07-24-2026 18:45:00,0.009
07-24-2026 19:00:00,-0.171
07-24-2026 19:15:00,-0.134
07-24-2026 19:30:00,-0.1
07-24-2026 19:45:00,-0.1
07-24-2026 20:00:00,-0.1
07-24-2026 20:15:00,-0.1
07-24-2026 20:30:00,-0.1
07-24-2026 20:45:00,-0.1
07-24-2026 21:00:00,-0.1
07-24-2026 21:15:00,-0.1
07-24-2026 21:30:00,-0.1
07-24-2026 21:45:00,-0.1
07-24-2026 22:00:00,-0.1
07-24-2026 22:15:00,-0.1
07-24-2026 22:30:00,-0.1
07-24-2026 22:45:00,-0.1
07-24-2026 23:00:00,-0.1
07-24-2026 23:15:00,-0.1
07-24-2026 23:30:00,-0.1
07-24-2026 23:45:00,-0.1
07-25-2026 00:00:00,-0.1
07-25-2026 00:15:00,-0.1
07-25-2026 00:30:00,-0.1
07-25-2026 00:45:00,-0.1
07-25-2026 01:00:00,-0.1
07-25-2026 01:15:00,-0.1
07-25-2026 01:30:00,-0.1
07-25-2026 01:45:00,-0.1
07-25-2026 02:00:00,-0.1
07-25-2026 02:15:00,-0.1
07-25-2026 02:30:00,-0.1
07-25-2026 02:45:00,-0.1
07-25-2026 03:00:00,-0.1
07-25-2026 03:15:00,-0.1
07-25-2026 03:30:00,-0.1
07-25-2026 03:45:00,-0.1
07-25-2026 04:00:00,-0.1
07-25-2026 04:15:00,-0.1
07-25-2026 04:30:00,-0.1
07-25-2026 04:45:00,-0.1
07-25-2026 05:00:00,-0.1
07-25-2026 05:15:00,-0.1
07-25-2026 05:30:00,-0.1
07-25-2026 05:45:00,-0.1
07-25-2026 06:00:00,-0.145
07-25-2026 06:15:00,-0.047
07-25-2026 06:30:00,0.09
07-25-2026 06:45:00,0.222
07-25-2026 07:00:00,0.767
07-25-2026 07:15:00,1.984
07-25-2026 07:30:00,3.458
07-25-2026 07:45:00,4.551
07-25-2026 08:00:00,5.766
07-25-2026 08:15:00,4.541
07-25-2026 08:30:00,4.566
07-25-2026 08:45:00,4.21
07-25-2026 09:00:00,7.942
07-25-2026 09:15:00,8.423
07-25-2026 09:30:00,7.369
07-25-2026 09:45:00,11.715
07-25-2026 10:00:00,12.136
07-25-2026 10:15:00,13.329
07-25-2026 10:30:00,12.568
07-25-2026 10:45:00,14.564
07-25-2026 11:00:00,12.228
07-25-2026 11:15:00,14.651
07-25-2026 11:30:00,15.165
07-25-2026 11:45:00,14.094
07-25-2026 12:00:00,14.621
07-25-2026 12:15:00,12.873
07-25-2026 12:30:00,15.827
07-25-2026 12:45:00,12.171
07-25-2026 13:00:00,12.424
07-25-2026 13:15:00,16.047
07-25-2026 13:30:00,15.552
07-25-2026 13:45:00,16.011
07-25-2026 14:00:00,16.326
07-25-2026 14:15:00,13.125
07-25-2026 14:30:00,14.7
07-25-2026 14:45:00,13.436
07-25-2026 15:00:00,13.521
07-25-2026 15:15:00,10.793
07-25-2026 15:30:00,12.049
07-25-2026 15:45:00,11.825
07-25-2026 16:00:00,11.272
07-25-2026 16:15:00,10.473
07-25-2026 16:30:00,9.629
07-25-2026 16:45:00,8.651
07-25-2026 17:00:00,7.73
07-25-2026 17:15:00,6.257
07-25-2026 17:30:00,5.318
07-25-2026 17:45:00,4.013
07-25-2026 18:00:00,2.78
07-25-2026 18:15:00,1.744
07-25-2026 18:30:00,2.327
07-25-2026 18:45:00,1.168
07-25-2026 19:00:00,0.006
07-25-2026 19:15:00,-0.108
07-25-2026 19:30:00,-0.1
07-25-2026 19:45:00,-0.1
07-25-2026 20:00:00,-0.1
07-25-2026 20:15:00,-0.1
07-25-2026 20:30:00,-0.1
07-25-2026 20:45:00,-0.1
07-25-2026 21:00:00,-0.1
07-25-2026 21:15:00,-0.1
07-25-2026 21:30:00,-0.1
07-25-2026 21:45:00,-0.1
07-25-2026 22:00:00,-0.1
07-25-2026 22:15:00,-0.1
07-25-2026 22:30:00,-0.1
07-25-2026 22:45:00,-0.1
07-25-2026 23:00:00,-0.1
07-25-2026 23:15:00,-0.1
07-25-2026 23:30:00,-0.1
07-25-2026 23:45:00,-0.1
07-26-2026 00:00:00,-0.1
07-26-2026 00:15:00,-0.1
07-26-2026 00:30:00,-0.1
07-26-2026 00:45:00,-0.1
07-26-2026 01:00:00,-0.1
07-26-2026 01:15:00,-0.1
07-26-2026 01:30:00,-0.1
07-26-2026 01:45:00,-0.1
07-26-2026 02:00:00,-0.1
07-26-2026 02:15:00,-0.1
07-26-2026 02:30:00,-0.1
07-26-2026 02:45:00,-0.1
07-26-2026 03:00:00,-0.1
07-26-2026 03:15:00,-0.1
07-26-2026 03:30:00,-0.1
07-26-2026 03:45:00,-0.1
07-26-2026 04:00:00,-0.1
07-26-2026 04:15:00,-0.1
07-26-2026 04:30:00,-0.1
07-26-2026 04:45:00,-0.1
07-26-2026 05:00:00,-0.1
07-26-2026 05:15:00,-0.1
07-26-2026 05:30:00,-0.1
07-26-2026 05:45:00,-0.1
07-26-2026 06:00:00,-0.119
07-26-2026 06:15:00,-0.049
07-26-2026 06:30:00,0.3
07-26-2026 06:45:00,0.62
07-26-2026 07:00:00,0.682
07-26-2026 07:15:00,1.19
07-26-2026 07:30:00,1.897
07-26-2026 07:45:00,2.889
07-26-2026 08:00:00,2.797
07-26-2026 08:15:00,3.726
07-26-2026 08:30:00,4.396
07-26-2026 08:45:00,5.118
07-26-2026 09:00:00,6.508
07-26-2026 09:15:00,8.747
07-26-2026 09:30:00,7.299
07-26-2026 09:45:00,10.327
07-26-2026 10:00:00,10.141
07-26-2026 10:15:00,11.182
07-26-2026 10:30:00,13.185
07-26-2026 10:45:00,13.419
07-26-2026 11:00:00,14.201
07-26-2026 11:15:00,14.423
07-26-2026 11:30:00,14.647
07-26-2026 11:45:00,14.671
07-26-2026 12:00:00,15.016
07-26-2026 12:15:00,14.863
07-26-2026 12:30:00,15.753
07-26-2026 12:45:00,10.532
07-26-2026 13:00:00,10.026
07-26-2026 13:15:00,13.576
07-26-2026 13:30:00,14.744
07-26-2026 13:45:00,15.932
07-26-2026 14:00:00,14.599
07-26-2026 14:15:00,15.465
07-26-2026 14:30:00,10.548
07-26-2026 14:45:00,10.924
07-26-2026 15:00:00,13.812
07-26-2026 15:15:00,12.063
07-26-2026 15:30:00,11.992
07-26-2026 15:45:00,10.876
07-26-2026 16:00:00,6.867
07-26-2026 16:15:00,6.571
07-26-2026 16:30:00,6.094
07-26-2026 16:45:00,4.949
07-26-2026 17:00:00,3.601
07-26-2026 17:15:00,2.822
07-26-2026 17:30:00,2.137
07-26-2026 17:45:00,1.358
07-26-2026 18:00:00,0.616
07-26-2026 18:15:00,0.327
07-26-2026 18:30:00,0.193
07-26-2026 18:45:00,-0.053
07-26-2026 19:00:00,-0.21
07-26-2026 19:15:00,-0.1
07-26-2026 19:30:00,-0.1
07-26-2026 19:45:00,-0.1
07-26-2026 20:00:00,-0.1
07-26-2026 20:15:00,-0.1
07-26-2026 20:30:00,-0.1
07-26-2026 20:45:00,-0.1
07-26-2026 21:00:00,-0.1
07-26-2026 21:15:00,-0.1
07-26-2026 21:30:00,-0.1
07-26-2026 21:45:00,-0.1
07-26-2026 22:00:00,-0.1
07-26-2026 22:15:00,-0.1
07-26-2026 22:30:00,-0.1
07-26-2026 22:45:00,-0.1
07-26-2026 23:00:00,-0.1
07-26-2026 23:15:00,-0.1
07-26-2026 23:30:00,-0.1
07-26-2026 23:45:00,-0.1
07-27-2026 00:00:00,-0.1
07-27-2026 00:15:00,-0.1
07-27-2026 00:30:00,-0.1
07-27-2026 00:45:00,-0.1
07-27-2026 01:00:00,-0.1
07-27-2026 01:15:00,-0.1
07-27-2026 01:30:00,-0.1
07-27-2026 01:45:00,-0.1
07-27-2026 02:00:00,-0.1
07-27-2026 02:15:00,-0.1
07-27-2026 02:30:00,-0.1
07-27-2026 02:45:00,-0.1
07-27-2026 03:00:00,-0.1
07-27-2026 03:15:00,-0.1
07-27-2026 03:30:00,-0.1
07-27-2026 03:45:00,-0.1
07-27-2026 04:00:00,-0.1
07-27-2026 04:15:00,-0.1
07-27-2026 04:30:00,-0.1
07-27-2026 04:45:00,-0.1
07-27-2026 05:00:00,-0.1
07-27-2026 05:15:00,-0.1
07-27-2026 05:30:00,-0.1
07-27-2026 05:45:00,-0.1
07-27-2026 06:00:00,-0.161
07-27-2026 06:15:00,-0.031
07-27-2026 06:30:00,0.247
07-27-2026 06:45:00,0.715
07-27-2026 07:00:00,1.295
07-27-2026 07:15:00,1.649
07-27-2026 07:30:00,2.892
07-27-2026 07:45:00,3.333
07-27-2026 08:00:00,2.961
07-27-2026 08:15:00,3.405
07-27-2026 08:30:00,5.82
07-27-2026 08:45:00,6.343
07-27-2026 09:00:00,9.423
07-27-2026 09:15:00,7.149
07-27-2026 09:30:00,11.805
07-27-2026 09:45:00,11.36
07-27-2026 10:00:00,11.069
07-27-2026 10:15:00,13.5
07-27-2026 10:30:00,11.293
07-27-2026 10:45:00,10.321
07-27-2026 11:00:00,14.286
07-27-2026 11:15:00,10.199
07-27-2026 11:30:00,12.276
07-27-2026 11:45:00,13.827
07-27-2026 12:00:00,12.251
07-27-2026 12:15:00,11.758
07-27-2026 12:30:00,11.535
07-27-2026 12:45:00,13.803
07-27-2026 13:00:00,13.37
07-27-2026 13:15:00,13.973
07-27-2026 13:30:00,14.46
07-27-2026 13:45:00,14.325
07-27-2026 14:00:00,14.554
07-27-2026 14:15:00,13.502
07-27-2026 14:30:00,13.483
07-27-2026 14:45:00,6.636
07-27-2026 15:00:00,8.503
07-27-2026 15:15:00,8.655
07-27-2026 15:30:00,7.579
07-27-2026 15:45:00,4.545
07-27-2026 16:00:00,3.826
07-27-2026 16:15:00,4.877
07-27-2026 16:30:00,4.44
07-27-2026 16:45:00,3.307
07-27-2026 17:00:00,2.467
07-27-2026 17:15:00,2.547
07-27-2026 17:30:00,1.547
07-27-2026 17:45:00,1.09
07-27-2026 18:00:00,0.575
07-27-2026 18:15:00,0.419
07-27-2026 18:30:00,0.496
07-27-2026 18:45:00,0.086
07-27-2026 19:00:00,-0.128
07-27-2026 19:15:00,-0.221
07-27-2026 19:30:00,-0.1
07-27-2026 19:45:00,-0.1
07-27-2026 20:00:00,-0.1
07-27-2026 20:15:00,-0.1
07-27-2026 20:30:00,-0.1
07-27-2026 20:45:00,-0.1
07-27-2026 21:00:00,-0.1
07-27-2026 21:15:00,-0.1
07-27-2026 21:30:00,-0.1
07-27-2026 21:45:00,-0.1
07-27-2026 22:00:00,-0.1
07-27-2026 22:15:00,-0.1
07-27-2026 22:30:00,-0.1
07-27-2026 22:45:00,-0.1
07-27-2026 23:00:00,-0.1
07-27-2026 23:15:00,-0.1
07-27-2026 23:30:00,-0.1
07-27-2026 23:45:00,-0.1
07-28-2026 00:00:00,-0.1
07-28-2026 00:15:00,-0.1
07-28-2026 00:30:00,-0.1
07-28-2026 00:45:00,-0.1
07-28-2026 01:00:00,-0.1
07-28-2026 01:15:00,-0.1
07-28-2026 01:30:00,-0.1
07-28-2026 01:45:00,-0.1
07-28-2026 02:00:00,-0.1
07-28-2026 02:15:00,-0.1
07-28-2026 02:30:00,-0.1
07-28-2026 02:45:00,-0.1
07-28-2026 03:00:00,-0.1
07-28-2026 03:15:00,-0.1
07-28-2026 03:30:00,-0.1
07-28-2026 03:45:00,-0.1
07-28-2026 04:00:00,-0.1
07-28-2026 04:15:00,-0.1
07-28-2026 04:30:00,-0.1
07-28-2026 04:45:00,-0.1
07-28-2026 05:00:00,-0.1
07-28-2026 05:15:00,-0.1
07-28-2026 05:30:00,-0.1
07-28-2026 05:45:00,-0.1
07-28-2026 06:00:00,-0.119
07-28-2026 06:15:00,0.141
07-28-2026 06:30:00,0.406
07-28-2026 06:45:00,0.811
07-28-2026 07:00:00,1.033
07-28-2026 07:15:00,2.146
07-28-2026 07:30:00,2.144
07-28-2026 07:45:00,1.805
07-28-2026 08:00:00,3.061
07-28-2026 08:15:00,4.531
07-28-2026 08:30:00,7.145
07-28-2026 08:45:00,2.979
07-28-2026 09:00:00,6.341
07-28-2026 09:15:00,5.719
07-28-2026 09:30:00,11.047
07-28-2026 09:45:00,11.612
07-28-2026 10:00:00,8.651
07-28-2026 10:15:00,10.696
07-28-2026 10:30:00,6.458
07-28-2026 10:45:00,6.254
07-28-2026 11:00:00,7.248
07-28-2026 11:15:00,9.441
07-28-2026 11:30:00,10.567
07-28-2026 11:45:00,8.993
07-28-2026 12:00:00,13.692
07-28-2026 12:15:00,15.352
07-28-2026 12:30:00,15.929
07-28-2026 12:45:00,15.616
07-28-2026 13:00:00,15.476
07-28-2026 13:15:00,14.402
07-28-2026 13:30:00,15.116
07-28-2026 13:45:00,14.929
07-28-2026 14:00:00,12.286
07-28-2026 14:15:00,14.32
07-28-2026 14:30:00,14.141
07-28-2026 14:45:00,13.534
07-28-2026 15:00:00,13.325
07-28-2026 15:15:00,13.076
07-28-2026 15:30:00,12.689
07-28-2026 15:45:00,12.618
07-28-2026 16:00:00,12.176
07-28-2026 16:15:00,11.399
07-28-2026 16:30:00,7.899
07-28-2026 16:45:00,7.132
07-28-2026 17:00:00,4.934
07-28-2026 17:15:00,3.62
07-28-2026 17:30:00,3.277
07-28-2026 17:45:00,3.145
07-28-2026 18:00:00,1.361
07-28-2026 18:15:00,1.153
07-28-2026 18:30:00,0.308
07-28-2026 18:45:00,0.207
07-28-2026 19:00:00,-0.121
07-28-2026 19:15:00,-0.217
07-28-2026 19:30:00,-0.101
07-28-2026 19:45:00,-0.1
07-28-2026 20:00:00,-0.1
07-28-2026 20:15:00,-0.1
07-28-2026 20:30:00,-0.1
07-28-2026 20:45:00,-0.1
07-28-2026 21:00:00,-0.1
07-28-2026 21:15:00,-0.1
07-28-2026 21:30:00,-0.1
07-28-2026 21:45:00,-0.1
07-28-2026 22:00:00,-0.1
07-28-2026 22:15:00,-0.1
07-28-2026 22:30:00,-0.1
07-28-2026 22:45:00,-0.1
07-28-2026 23:00:00,-0.1
07-28-2026 23:15:00,-0.1
07-28-2026 23:30:00,-0.1
07-28-2026 23:45:00,-0.1
07-29-2026 00:00:00,-0.1
07-29-2026 00:15:00,-0.1
07-29-2026 00:30:00,-0.1
07-29-2026 00:45:00,-0.1
07-29-2026 01:00:00,-0.1
07-29-2026 01:15:00,-0.1
07-29-2026 01:30:00,-0.1
07-29-2026 01:45:00,-0.1
07-29-2026 02:00:00,-0.1
07-29-2026 02:15:00,-0.1
07-29-2026 02:30:00,-0.1
07-29-2026 02:45:00,-0.1
07-29-2026 03:00:00,-0.1
07-29-2026 03:15:00,-0.1
07-29-2026 03:30:00,-0.1
07-29-2026 03:45:00,-0.1
07-29-2026 04:00:00,-0.1
07-29-2026 04:15:00,-0.1
07-29-2026 04:30:00,-0.1
07-29-2026 04:45:00,-0.1
07-29-2026 05:00:00,-0.1
07-29-2026 05:15:00,-0.1
07-29-2026 05:30:00,-0.1
07-29-2026 05:45:00,-0.1
07-29-2026 06:00:00,-0.141
07-29-2026 06:15:00,-0.174
07-29-2026 06:30:00,0.197
07-29-2026 06:45:00,0.686
07-29-2026 07:00:00,1.062
07-29-2026 07:15:00,1.627
07-29-2026 07:30:00,1.718
07-29-2026 07:45:00,3.511
07-29-2026 08:00:00,3.292
07-29-2026 08:15:00,2.346
07-29-2026 08:30:00,3.286
07-29-2026 08:45:00,3.875
07-29-2026 09:00:00,4.991
07-29-2026 09:15:00,8.299
07-29-2026 09:30:00,9.735
07-29-2026 09:45:00,9.529
07-29-2026 10:00:00,11.543
07-29-2026 10:15:00,13.785
07-29-2026 10:30:00,10.891
07-29-2026 10:45:00,12.888
07-29-2026 11:00:00,13.582
07-29-2026 11:15:00,13.889
07-29-2026 11:30:00,13.705
07-29-2026 11:45:00,14.066
07-29-2026 12:00:00,14.138
07-29-2026 12:15:00,14.406
07-29-2026 12:30:00,15.295
07-29-2026 12:45:00,11.367
07-29-2026 13:00:00,8.916
07-29-2026 13:15:00,12.06
07-29-2026 13:30:00,14.322
07-29-2026 13:45:00,15.145
07-29-2026 14:00:00,13.3
07-29-2026 14:15:00,8.272
07-29-2026 14:30:00,4.528
07-29-2026 14:45:00,3.474
07-29-2026 15:00:00,2.64
07-29-2026 15:15:00,4.971
07-29-2026 15:30:00,11.27
07-29-2026 15:45:00,4.659
07-29-2026 16:00:00,7.755
07-29-2026 16:15:00,4.265
07-29-2026 16:30:00,4.245
07-29-2026 16:45:00,2.862
07-29-2026 17:00:00,1.695
07-29-2026 17:15:00,0.858
07-29-2026 17:30:00,1.007
07-29-2026 17:45:00,1.122
07-29-2026 18:00:00,0.366
07-29-2026 18:15:00,0.284
07-29-2026 18:30:00,0.118
07-29-2026 18:45:00,-0.03
07-29-2026 19:00:00,-0.161
07-29-2026 19:15:00,-0.109
07-29-2026 19:30:00,-0.1
07-29-2026 19:45:00,-0.1
07-29-2026 20:00:00,-0.1
07-29-2026 20:15:00,-0.1
07-29-2026 20:30:00,-0.1
07-29-2026 20:45:00,-0.1
07-29-2026 21:00:00,-0.1
07-29-2026 21:15:00,-0.1
07-29-2026 21:30:00,-0.1
07-29-2026 21:45:00,-0.1
07-29-2026 22:00:00,-0.1
07-29-2026 22:15:00,-0.1
07-29-2026 22:30:00,-0.1
07-29-2026 22:45:00,-0.1
07-29-2026 23:00:00,-0.1
07-29-2026 23:15:00,-0.1
07-29-2026 23:30:00,-0.1
07-29-2026 23:45:00,-0.1
07-30-2026 00:00:00,-0.1
07-30-2026 00:15:00,-0.1
07-30-2026 00:30:00,-0.1
07-30-2026 00:45:00,-0.1
07-30-2026 01:00:00,-0.1
07-30-2026 01:15:00,-0.1
07-30-2026 01:30:00,-0.1
07-30-2026 01:45:00,-0.1
07-30-2026 02:00:00,-0.1
07-30-2026 02:15:00,-0.1
07-30-2026 02:30:00,-0.1
07-30-2026 02:45:00,-0.1
07-30-2026 03:00:00,-0.1
07-30-2026 03:15:00,-0.1
07-30-2026 03:30:00,-0.1
07-30-2026 03:45:00,-0.1
07-30-2026 04:00:00,-0.1
07-30-2026 04:15:00,-0.1
07-30-2026 04:30:00,-0.1
07-30-2026 04:45:00,-0.1
07-30-2026 05:00:00,-0.1
07-30-2026 05:15:00,-0.1
07-30-2026 05:30:00,-0.1
07-30-2026 05:45:00,-0.1
07-30-2026 06:00:00,-0.106
07-30-2026 06:15:00,0.015
07-30-2026 06:30:00,0.429
07-30-2026 06:45:00,0.522
07-30-2026 07:00:00,0.885
07-30-2026 07:15:00,1.592
07-30-2026 07:30:00,1.196
07-30-2026 07:45:00,2.911
07-30-2026 08:00:00,3.587
07-30-2026 08:15:00,4.292
07-30-2026 08:30:00,4.86
07-30-2026 08:45:00,5.04
07-30-2026 09:00:00,4.538
07-30-2026 09:15:00,5.221
07-30-2026 09:30:00,9.955
07-30-2026 09:45:00,10.462
07-30-2026 10:00:00,11.979
07-30-2026 10:15:00,12.357
07-30-2026 10:30:00,9.998
07-30-2026 10:45:00,9.027
07-30-2026 11:00:00,13.564
07-30-2026 11:15:00,12.15
07-30-2026 11:30:00,12.982
07-30-2026 11:45:00,14.403
07-30-2026 12:00:00,14.635
07-30-2026 12:15:00,13.474
07-30-2026 12:30:00,14.568
07-30-2026 12:45:00,14.919
07-30-2026 13:00:00,15.215
07-30-2026 13:15:00,11.952
07-30-2026 13:30:00,15.626
07-30-2026 13:45:00,14.791
07-30-2026 14:00:00,14.153
07-30-2026 14:15:00,7.079
07-30-2026 14:30:00,7.996
07-30-2026 14:45:00,8.395
07-30-2026 15:00:00,10.178
07-30-2026 15:15:00,8.784
07-30-2026 15:30:00,11.988
07-30-2026 15:45:00,11.556
07-30-2026 16:00:00,10.631
07-30-2026 16:15:00,10.225
07-30-2026 16:30:00,8.507
07-30-2026 16:45:00,8.493
07-30-2026 17:00:00,7.263
07-30-2026 17:15:00,6.598
07-30-2026 17:30:00,3.437
07-30-2026 17:45:00,1.493
07-30-2026 18:00:00,1.507
07-30-2026 18:15:00,0.713
07-30-2026 18:30:00,0.253
07-30-2026 18:45:00,-0.021
07-30-2026 19:00:00,-0.177
07-30-2026 19:15:00,-0.119
07-30-2026 19:30:00,-0.1
07-30-2026 19:45:00,-0.1
07-30-2026 20:00:00,-0.1
07-30-2026 20:15:00,-0.1
07-30-2026 20:30:00,-0.1
07-30-2026 20:45:00,-0.1
07-30-2026 21:00:00,-0.1
07-30-2026 21:15:00,-0.1
07-30-2026 21:30:00,-0.1
07-30-2026 21:45:00,-0.1
07-30-2026 22:00:00,-0.1
07-30-2026 22:15:00,-0.1
07-30-2026 22:30:00,-0.1
07-30-2026 22:45:00,-0.1
07-30-2026 23:00:00,-0.1
07-30-2026 23:15:00,-0.1
07-30-2026 23:30:00,-0.1
07-30-2026 23:45:00,-0.1
07-31-2026 00:00:00,-0.1
07-31-2026 00:15:00,-0.1
07-31-2026 00:30:00,-0.1
07-31-2026 00:45:00,-0.1
07-31-2026 01:00:00,-0.1
07-31-2026 01:15:00,-0.1
07-31-2026 01:30:00,-0.1
07-31-2026 01:45:00,-0.1
07-31-2026 02:00:00,-0.1
07-31-2026 02:15:00,-0.1
07-31-2026 02:30:00,-0.1
07-31-2026 02:45:00,-0.1
07-31-2026 03:00:00,-0.1
07-31-2026 03:15:00,-0.1
07-31-2026 03:30:00,-0.1
07-31-2026 03:45:00,-0.1
07-31-2026 04:00:00,-0.1
07-31-2026 04:15:00,-0.1
07-31-2026 04:30:00,-0.1
07-31-2026 04:45:00,-0.1
07-31-2026 05:00:00,-0.1
07-31-2026 05:15:00,-0.1
07-31-2026 05:30:00,-0.1
07-31-2026 05:45:00,-0.1
07-31-2026 06:00:00,-0.144
07-31-2026 06:15:00,-0.07
07-31-2026 06:30:00,0.231
07-31-2026 06:45:00,0.526
07-31-2026 07:00:00,1.102
07-31-2026 07:15:00,1.629
07-31-2026 07:30:00,2.064
07-31-2026 07:45:00,2.586
07-31-2026 08:00:00,3.909
07-31-2026 08:15:00,3.531
07-31-2026 08:30:00,4.496
07-31-2026 08:45:00,4.098
07-31-2026 09:00:00,5.482
07-31-2026 09:15:00,4.642
07-31-2026 09:30:00,5.601
07-31-2026 09:45:00,10.001
07-31-2026 10:00:00,11.874
07-31-2026 10:15:00,9.67
07-31-2026 10:30:00,11.116
07-31-2026 10:45:00,10.417
07-31-2026 11:00:00,7.233
07-31-2026 11:15:00,9.999
07-31-2026 11:30:00,10.812
07-31-2026 11:45:00,11.016
07-31-2026 12:00:00,10.737
07-31-2026 12:15:00,12.552
07-31-2026 12:30:00,14.239
07-31-2026 12:45:00,16.165
07-31-2026 13:00:00,16.038
07-31-2026 13:15:00,13.071
07-31-2026 13:30:00,12.546
07-31-2026 13:45:00,15.056
07-31-2026 14:00:00,12.25
07-31-2026 14:15:00,14.098
07-31-2026 14:30:00,9.454
07-31-2026 14:45:00,5.977
07-31-2026 15:00:00,6.567
07-31-2026 15:15:00,8.72
07-31-2026 15:30:00,5.896
07-31-2026 15:45:00,5.846
07-31-2026 16:00:00,5.747
07-31-2026 16:15:00,3.37
07-31-2026 16:30:00,3.247
07-31-2026 16:45:00,3.977
07-31-2026 17:00:00,4.294
07-31-2026 17:15:00,4.377
07-31-2026 17:30:00,4.835
07-31-2026 17:45:00,1.958
07-31-2026 18:00:00,1.12
07-31-2026 18:15:00,0.699
07-31-2026 18:30:00,0.185
07-31-2026 18:45:00,-0.052
07-31-2026 19:00:00,-0.199
07-31-2026 19:15:00,-0.119
07-31-2026 19:30:00,-0.1
07-31-2026 19:45:00,-0.1
07-31-2026 20:00:00,-0.1
07-31-2026 20:15:00,-0.1
07-31-2026 20:30:00,-0.1
07-31-2026 20:45:00,-0.1
07-31-2026 21:00:00,-0.1
07-31-2026 21:15:00,-0.1
07-31-2026 21:30:00,-0.1
07-31-2026 21:45:00,-0.1
07-31-2026 22:00:00,-0.1
07-31-2026 22:15:00,-0.1
07-31-2026 22:30:00,-0.1
07-31-2026 22:45:00,-0.1
07-31-2026 23:00:00,-0.1
07-31-2026 23:15:00,-0.1
07-31-2026 23:30:00,-0.1
07-31-2026 23:45:00,-0.1
08-01-2026 00:00:00,-0.1
08-01-2026 00:15:00,-0.1
08-01-2026 00:30:00,-0.1
08-01-2026 00:45:00,-0.1
08-01-2026 01:00:00,-0.1
08-01-2026 01:15:00,-0.1
08-01-2026 01:30:00,-0.1
08-01-2026 01:45:00,-0.1
08-01-2026 02:00:00,-0.1
08-01-2026 02:15:00,-0.1
08-01-2026 02:30:00,-0.1
08-01-2026 02:45:00,-0.1
08-01-2026 03:00:00,-0.1
08-01-2026 03:15:00,-0.1
08-01-2026 03:30:00,-0.1
08-01-2026 03:45:00,-0.1
08-01-2026 04:00:00,-0.1
08-01-2026 04:15:00,-0.1
08-01-2026 04:30:00,-0.1
08-01-2026 04:45:00,-0.1
08-01-2026 05:00:00,-0.1
08-01-2026 05:15:00,-0.1
08-01-2026 05:30:00,-0.1
08-01-2026 05:45:00,-0.1
08-01-2026 06:00:00,-0.145
08-01-2026 06:15:00,-0.04
08-01-2026 06:30:00,0.369
08-01-2026 06:45:00,0.798
08-01-2026 07:00:00,1.371
08-01-2026 07:15:00,1.907
08-01-2026 07:30:00,2.57
08-01-2026 07:45:00,3.099
08-01-2026 08:00:00,3.733
08-01-2026 08:15:00,3.294
08-01-2026 08:30:00,4.038
08-01-2026 08:45:00,6.537
08-01-2026 09:00:00,5.011
08-01-2026 09:15:00,6.744
08-01-2026 09:30:00,6.167
08-01-2026 09:45:00,7.031
08-01-2026 10:00:00,6.452
08-01-2026 10:15:00,9.04
08-01-2026 10:30:00,6.329
08-01-2026 10:45:00,7.151
08-01-2026 11:00:00,8.177
08-01-2026 11:15:00,6.781
08-01-2026 11:30:00,7.939
08-01-2026 11:45:00,12.463
08-01-2026 12:00:00,9.497
08-01-2026 12:15:00,10.146
08-01-2026 12:30:00,7.598
08-01-2026 12:45:00,12.429
08-01-2026 13:00:00,11.182
08-01-2026 13:15:00,8.575
08-01-2026 13:30:00,9.014
08-01-2026 13:45:00,8.489
08-01-2026 14:00:00,7.851
08-01-2026 14:15:00,6.716
08-01-2026 14:30:00,7.089
08-01-2026 14:45:00,5.345
08-01-2026 15:00:00,7.413
08-01-2026 15:15:00,7.523
08-01-2026 15:30:00,6.711
08-01-2026 15:45:00,9.386
08-01-2026 16:00:00,9.392
08-01-2026 16:15:00,6.878
08-01-2026 16:30:00,6.728
08-01-2026 16:45:00,4.747
08-01-2026 17:00:00,2.825
08-01-2026 17:15:00,1.602
08-01-2026 17:30:00,1.181
08-01-2026 17:45:00,1.944
08-01-2026 18:00:00,2.268
08-01-2026 18:15:00,2.051
08-01-2026 18:30:00,0.817
08-01-2026 18:45:00,0.068
08-01-2026 19:00:00,-0.105
08-01-2026 19:15:00,-0.221
08-01-2026 19:30:00,-0.1
08-01-2026 19:45:00,-0.1
08-01-2026 20:00:00,-0.1
08-01-2026 20:15:00,-0.1
08-01-2026 20:30:00,-0.1
08-01-2026 20:45:00,-0.1
08-01-2026 21:00:00,-0.1
08-01-2026 21:15:00,-0.1
08-01-2026 21:30:00,-0.1
08-01-2026 21:45:00,-0.1
08-01-2026 22:00:00,-0.1
08-01-2026 22:15:00,-0.1
08-01-2026 22:30:00,-0.1
08-01-2026 22:45:00,-0.1
08-01-2026 23:00:00,-0.1
08-01-2026 23:15:00,-0.1
08-01-2026 23:30:00,-0.1
08-01-2026 23:45:00,-0.1
08-02-2026 00:00:00,-0.1
08-02-2026 00:15:00,-0.1
08-02-2026 00:30:00,-0.1
08-02-2026 00:45:00,-0.1
08-02-2026 01:00:00,-0.1
08-02-2026 01:15:00,-0.1
08-02-2026 01:30:00,-0.1
08-02-2026 01:45:00,-0.1
08-02-2026 02:00:00,-0.1
08-02-2026 02:15:00,-0.1
08-02-2026 02:30:00,-0.1
08-02-2026 02:45:00,-0.1
08-02-2026 03:00:00,-0.1
08-02-2026 03:15:00,-0.1
08-02-2026 03:30:00,-0.1
08-02-2026 03:45:00,-0.1
08-02-2026 04:00:00,-0.1
08-02-2026 04:15:00,-0.1
08-02-2026 04:30:00,-0.1
08-02-2026 04:45:00,-0.1
08-02-2026 05:00:00,-0.1
08-02-2026 05:15:00,-0.1
08-02-2026 05:30:00,-0.1
08-02-2026 05:45:00,-0.1
08-02-2026 06:00:00,-0.1
08-02-2026 06:15:00,-0.1
08-02-2026 06:30:00,0.354
08-02-2026 06:45:00,0.945
08-02-2026 07:00:00,1.092
08-02-2026 07:15:00,1.563
08-02-2026 07:30:00,1.661
08-02-2026 07:45:00,3.525
08-02-2026 08:00:00,4.793
08-02-2026 08:15:00,7.597
08-02-2026 08:30:00,7.135
08-02-2026 08:45:00,6.55
08-02-2026 09:00:00,5.724
08-02-2026 09:15:00,4.586
08-02-2026 09:30:00,5.027
08-02-2026 09:45:00,5.882
08-02-2026 10:00:00,7.403
08-02-2026 10:15:00,6.459
08-02-2026 10:30:00,8.888
08-02-2026 10:45:00,7.428
08-02-2026 11:00:00,11.859
08-02-2026 11:15:00,8.846
08-02-2026 11:30:00,12.265
08-02-2026 11:45:00,10.929
08-02-2026 12:00:00,10.262
08-02-2026 12:15:00,8.245
08-02-2026 12:30:00,8.863
08-02-2026 12:45:00,13.61
08-02-2026 13:00:00,6.49
08-02-2026 13:15:00,9.627
08-02-2026 13:30:00,11.91
08-02-2026 13:45:00,9.251
08-02-2026 14:00:00,12.113
08-02-2026 14:15:00,10.174
08-02-2026 14:30:00,15.595
08-02-2026 14:45:00,13.306
08-02-2026 15:00:00,13.201
08-02-2026 15:15:00,14.527
08-02-2026 15:30:00,11.446
08-02-2026 15:45:00,7.692
08-02-2026 16:00:00,11.676
08-02-2026 16:15:00,10.793
08-02-2026 16:30:00,7.861
08-02-2026 16:45:00,9.1
08-02-2026 17:00:00,7.635
08-02-2026 17:15:00,6.602
08-02-2026 17:30:00,4.291
08-02-2026 17:45:00,3.807
08-02-2026 18:00:00,1.95
08-02-2026 18:15:00,0.816
08-02-2026 18:30:00,0.41
08-02-2026 18:45:00,0.133
08-02-2026 19:00:00,-0.119
08-02-2026 19:15:00,-0.1
08-02-2026 19:30:00,-0.1
08-02-2026 19:45:00,-0.1
08-02-2026 20:00:00,-0.1
08-02-2026 20:15:00,-0.1
08-02-2026 20:30:00,-0.1
08-02-2026 20:45:00,-0.1
08-02-2026 21:00:00,-0.1
08-02-2026 21:15:00,-0.1
08-02-2026 21:30:00,-0.1
08-02-2026 21:45:00,-0.1
08-02-2026 22:00:00,-0.1
08-02-2026 22:15:00,-0.1
08-02-2026 22:30:00,-0.1
08-02-2026 22:45:00,-0.1
08-02-2026 23:00:00,-0.1
08-02-2026 23:15:00,-0.1
08-02-2026 23:30:00,-0.1
08-02-2026 23:45:00,-0.1
08-03-2026 00:00:00,-0.1
08-03-2026 00:15:00,-0.1
08-03-2026 00:30:00,-0.1
08-03-2026 00:45:00,-0.1
08-03-2026 01:00:00,-0.1
08-03-2026 01:15:00,-0.1
08-03-2026 01:30:00,-0.1
08-03-2026 01:45:00,-0.1
08-03-2026 02:00:00,-0.1
08-03-2026 02:15:00,-0.1
08-03-2026 02:30:00,-0.1
08-03-2026 02:45:00,-0.1
08-03-2026 03:00:00,-0.1
08-03-2026 03:15:00,-0.1
08-03-2026 03:30:00,-0.1
08-03-2026 03:45:00,-0.1
08-03-2026 04:00:00,-0.1
08-03-2026 04:15:00,-0.1
08-03-2026 04:30:00,-0.1
08-03-2026 04:45:00,-0.1
08-03-2026 05:00:00,-0.1
08-03-2026 05:15:00,-0.1
08-03-2026 05:30:00,-0.1
08-03-2026 05:45:00,-0.1
08-03-2026 06:00:00,-0.145
08-03-2026 06:15:00,-0.07
08-03-2026 06:30:00,0.065
08-03-2026 06:45:00,0.27
08-03-2026 07:00:00,0.848
08-03-2026 07:15:00,1.44
08-03-2026 07:30:00,1.477
08-03-2026 07:45:00,2.378
08-03-2026 08:00:00,6.375
08-03-2026 08:15:00,4.34
08-03-2026 08:30:00,7.825
08-03-2026 08:45:00,4.602
08-03-2026 09:00:00,7.373
08-03-2026 09:15:00,10.797
08-03-2026 09:30:00,11.631
08-03-2026 09:45:00,11.917
08-03-2026 10:00:00,12.682
08-03-2026 10:15:00,13.064
08-03-2026 10:30:00,10.209
08-03-2026 10:45:00,10.582
08-03-2026 11:00:00,14.601
08-03-2026 11:15:00,14.567
08-03-2026 11:30:00,12.763
08-03-2026 11:45:00,15.075
08-03-2026 12:00:00,14.881
08-03-2026 12:15:00,15.818
08-03-2026 12:30:00,15.773
08-03-2026 12:45:00,15.105
08-03-2026 13:00:00,14.973
08-03-2026 13:15:00,14.848
08-03-2026 13:30:00,14.672
08-03-2026 13:45:00,14.6
08-03-2026 14:00:00,14.497
08-03-2026 14:15:00,14.088
08-03-2026 14:30:00,13.674
08-03-2026 14:45:00,13.422
08-03-2026 15:00:00,12.755
08-03-2026 15:15:00,12.66
08-03-2026 15:30:00,12.292
08-03-2026 15:45:00,11.747
08-03-2026 16:00:00,10.566
08-03-2026 16:15:00,8.133
08-03-2026 16:30:00,10.598
08-03-2026 16:45:00,8.41
08-03-2026 17:00:00,8.508
08-03-2026 17:15:00,7.119
08-03-2026 17:30:00,5.083
08-03-2026 17:45:00,2.599
08-03-2026 18:00:00,2.437
08-03-2026 18:15:00,1.539
08-03-2026 18:30:00,0.291
08-03-2026 18:45:00,0.049
08-03-2026 19:00:00,-0.122
08-03-2026 19:15:00,-0.1
08-03-2026 19:30:00,-0.1
08-03-2026 19:45:00,-0.1
08-03-2026 20:00:00,-0.1
08-03-2026 20:15:00,-0.1
08-03-2026 20:30:00,-0.1
08-03-2026 20:45:00,-0.1
08-03-2026 21:00:00,-0.1
08-03-2026 21:15:00,-0.1
08-03-2026 21:30:00,-0.1
08-03-2026 21:45:00,-0.1
08-03-2026 22:00:00,-0.1
08-03-2026 22:15:00,-0.1
08-03-2026 22:30:00,-0.1
08-03-2026 22:45:00,-0.1
08-03-2026 23:00:00,-0.1
08-03-2026 23:15:00,-0.1
08-03-2026 23:30:00,-0.1
08-03-2026 23:45:00,-0.1
08-04-2026 00:00:00,-0.1
08-04-2026 00:15:00,-0.1
08-04-2026 00:30:00,-0.1
08-04-2026 00:45:00,-0.1
08-04-2026 01:00:00,-0.1
08-04-2026 01:15:00,-0.1
08-04-2026 01:30:00,-0.1
08-04-2026 01:45:00,-0.1
08-04-2026 02:00:00,-0.1
08-04-2026 02:15:00,-0.1
08-04-2026 02:30:00,-0.1
08-04-2026 02:45:00,-0.1
08-04-2026 03:00:00,-0.1
08-04-2026 03:15:00,-0.1
08-04-2026 03:30:00,-0.1
08-04-2026 03:45:00,-0.1
08-04-2026 04:00:00,-0.1
08-04-2026 04:15:00,-0.1
08-04-2026 04:30:00,-0.1
08-04-2026 04:45:00,-0.1
08-04-2026 05:00:00,-0.1
08-04-2026 05:15:00,-0.1
08-04-2026 05:30:00,-0.1
08-04-2026 05:45:00,-0.1
08-04-2026 06:00:00,-0.16
08-04-2026 06:15:00,-0.008
08-04-2026 06:30:00,0.523
08-04-2026 06:45:00,0.925
08-04-2026 07:00:00,1.208
08-04-2026 07:15:00,2.092
08-04-2026 07:30:00,2.785
08-04-2026 07:45:00,4.082
08-04-2026 08:00:00,4.03
08-04-2026 08:15:00,5.558
08-04-2026 08:30:00,7.646
08-04-2026 08:45:00,6.339
08-04-2026 09:00:00,6.432
08-04-2026 09:15:00,8.276
08-04-2026 09:30:00,5.348
08-04-2026 09:45:00,9.346
08-04-2026 10:00:00,10.26
08-04-2026 10:15:00,10.581
08-04-2026 10:30:00,10.718
08-04-2026 10:45:00,13.367
08-04-2026 11:00:00,11.476
08-04-2026 11:15:00,13.408
08-04-2026 11:30:00,15.068
08-04-2026 11:45:00,12.184
08-04-2026 12:00:00,10.065
08-04-2026 12:15:00,13.26
08-04-2026 12:30:00,12.68
08-04-2026 12:45:00,12.559
08-04-2026 13:00:00,12.944
08-04-2026 13:15:00,14.237
08-04-2026 13:30:00,13.006
08-04-2026 13:45:00,13.859
08-04-2026 14:00:00,14.021
08-04-2026 14:15:00,14.07
08-04-2026 14:30:00,10.953
08-04-2026 14:45:00,10.508
08-04-2026 15:00:00,11.118
08-04-2026 15:15:00,7.475
08-04-2026 15:30:00,11.766
08-04-2026 15:45:00,8.654
08-04-2026 16:00:00,10.706
08-04-2026 16:15:00,7.642
08-04-2026 16:30:00,9.673
08-04-2026 16:45:00,8.569
08-04-2026 17:00:00,3.45
08-04-2026 17:15:00,3.241
08-04-2026 17:30:00,2.946
08-04-2026 17:45:00,1.939
08-04-2026 18:00:00,2.124
08-04-2026 18:15:00,1.524
08-04-2026 18:30:00,0.689
08-04-2026 18:45:00,0.023
08-04-2026 19:00:00,-0.18
08-04-2026 19:15:00,-0.153
08-04-2026 19:30:00,-0.1
08-04-2026 19:45:00,-0.1
08-04-2026 20:00:00,-0.1
08-04-2026 20:15:00,-0.1
08-04-2026 20:30:00,-0.1
08-04-2026 20:45:00,-0.1
08-04-2026 21:00:00,-0.1
08-04-2026 21:15:00,-0.1
08-04-2026 21:30:00,-0.1
08-04-2026 21:45:00,-0.1
08-04-2026 22:00:00,-0.1
08-04-2026 22:15:00,-0.1
08-04-2026 22:30:00,-0.1
08-04-2026 22:45:00,-0.1
08-04-2026 23:00:00,-0.1
08-04-2026 23:15:00,-0.1
08-04-2026 23:30:00,-0.1
08-04-2026 23:45:00,-0.1
08-05-2026 00:00:00,-0.1
08-05-2026 00:15:00,-0.1
08-05-2026 00:30:00,-0.1
08-05-2026 00:45:00,-0.1
08-05-2026 01:00:00,-0.1
08-05-2026 01:15:00,-0.1
08-05-2026 01:30:00,-0.1
08-05-2026 01:45:00,-0.1
08-05-2026 02:00:00,-0.1
08-05-2026 02:15:00,-0.1
08-05-2026 02:30:00,-0.1
08-05-2026 02:45:00,-0.1
08-05-2026 03:00:00,-0.1
08-05-2026 03:15:00,-0.1
08-05-2026 03:30:00,-0.1
08-05-2026 03:45:00,-0.1
08-05-2026 04:00:00,-0.1
08-05-2026 04:15:00,-0.1
08-05-2026 04:30:00,-0.1
08-05-2026 04:45:00,-0.1
08-05-2026 05:00:00,-0.1
08-05-2026 05:15:00,-0.1
08-05-2026 05:30:00,-0.1
08-05-2026 05:45:00,-0.1
08-05-2026 06:00:00,-0.182
08-05-2026 06:15:00,-0.038
08-05-2026 06:30:00,0.404
08-05-2026 06:45:00,0.937
08-05-2026 07:00:00,1.318
08-05-2026 07:15:00,2.462
08-05-2026 07:30:00,4.204
08-05-2026 07:45:00,4.401
08-05-2026 08:00:00,5.19
08-05-2026 08:15:00,6.872
08-05-2026 08:30:00,7.838
08-05-2026 08:45:00,7.224
08-05-2026 09:00:00,6.711
08-05-2026 09:15:00,6.979
08-05-2026 09:30:00,9.372
08-05-2026 09:45:00,10.266
08-05-2026 10:00:00,8.658
08-05-2026 10:15:00,9.039
08-05-2026 10:30:00,9.557
08-05-2026 10:45:00,10.701
08-05-2026 11:00:00,10.938
08-05-2026 11:15:00,11.738
08-05-2026 11:30:00,11.56
08-05-2026 11:45:00,12.987
08-05-2026 12:00:00,13.532
08-05-2026 12:15:00,13.446
08-05-2026 12:30:00,13.85
08-05-2026 12:45:00,13.821
08-05-2026 13:00:00,13.2
08-05-2026 13:15:00,14.974
08-05-2026 13:30:00,14.541
08-05-2026 13:45:00,12.879
08-05-2026 14:00:00,13.434
08-05-2026 14:15:00,10.453
08-05-2026 14:30:00,9.164
08-05-2026 14:45:00,9.235
08-05-2026 15:00:00,7.467
08-05-2026 15:15:00,8.654
08-05-2026 15:30:00,7.294
08-05-2026 15:45:00,7.677
08-05-2026 16:00:00,6.638
08-05-2026 16:15:00,6.707
08-05-2026 16:30:00,5.126
08-05-2026 16:45:00,4.656
08-05-2026 17:00:00,4.335
08-05-2026 17:15:00,3.798
08-05-2026 17:30:00,3.259
08-05-2026 17:45:00,2.123
08-05-2026 18:00:00,1.514
08-05-2026 18:15:00,1.015
08-05-2026 18:30:00,0.272
08-05-2026 18:45:00,-0.096
08-05-2026 19:00:00,-0.219
08-05-2026 19:15:00,-0.121
08-05-2026 19:30:00,-0.1
08-05-2026 19:45:00,-0.1
08-05-2026 20:00:00,-0.1
08-05-2026 20:15:00,-0.1
08-05-2026 20:30:00,-0.1
08-05-2026 20:45:00,-0.1
08-05-2026 21:00:00,-0.1
08-05-2026 21:15:00,-0.1
08-05-2026 21:30:00,-0.1
08-05-2026 21:45:00,-0.1
08-05-2026 22:00:00,-0.1
08-05-2026 22:15:00,-0.1
08-05-2026 22:30:00,-0.1
08-05-2026 22:45:00,-0.1
08-05-2026 23:00:00,-0.1
08-05-2026 23:15:00,-0.1
08-05-2026 23:30:00,-0.1
08-05-2026 23:45:00,-0.1
08-06-2026 00:00:00,-0.1
08-06-2026 00:15:00,-0.1
08-06-2026 00:30:00,-0.1
08-06-2026 00:45:00,-0.1
08-06-2026 01:00:00,-0.1
08-06-2026 01:15:00,-0.1
08-06-2026 01:30:00,-0.1
08-06-2026 01:45:00,-0.1
08-06-2026 02:00:00,-0.1
08-06-2026 02:15:00,-0.1
08-06-2026 02:30:00,-0.1
08-06-2026 02:45:00,-0.1
08-06-2026 03:00:00,-0.1
08-06-2026 03:15:00,-0.1
08-06-2026 03:30:00,-0.1
08-06-2026 03:45:00,-0.1
08-06-2026 04:00:00,-0.1
08-06-2026 04:15:00,-0.1
08-06-2026 04:30:00,-0.1
08-06-2026 04:45:00,-0.1
08-06-2026 05:00:00,-0.1
08-06-2026 05:15:00,-0.1
08-06-2026 05:30:00,-0.1
08-06-2026 05:45:00,-0.1
08-06-2026 06:00:00,-0.138
08-06-2026 06:15:00,-0.097
08-06-2026 06:30:00,0.145
08-06-2026 06:45:00,0.523
08-06-2026 07:00:00,0.77
08-06-2026 07:15:00,2.279
08-06-2026 07:30:00,3.46
08-06-2026 07:45:00,4.979
08-06-2026 08:00:00,6.165
08-06-2026 08:15:00,6.05
08-06-2026 08:30:00,4.955
08-06-2026 08:45:00,3.123
08-06-2026 09:00:00,3.019
08-06-2026 09:15:00,3.354
08-06-2026 09:30:00,4.578
08-06-2026 09:45:00,4.465
08-06-2026 10:00:00,5.73
08-06-2026 10:15:00,10.617
08-06-2026 10:30:00,""
08-06-2026 10:45:00,""
08-06-2026 11:00:00,""
08-06-2026 11:15:00,""
08-06-2026 11:30:00,""
08-06-2026 11:45:00,""
08-06-2026 12:00:00,""
08-06-2026 12:15:00,""
08-06-2026 12:30:00,""
08-06-2026 12:45:00,""
08-06-2026 13:00:00,""
08-06-2026 13:15:00,""
08-06-2026 13:30:00,""
08-06-2026 13:45:00,""
08-06-2026 14:00:00,""
08-06-2026 14:15:00,""
08-06-2026 14:30:00,""
08-06-2026 14:45:00,""
08-06-2026 15:00:00,""
08-06-2026 15:15:00,""
08-06-2026 15:30:00,""
08-06-2026 15:45:00,""
08-06-2026 16:00:00,""
08-06-2026 16:15:00,""
08-06-2026 16:30:00,""
08-06-2026 16:45:00,""
08-06-2026 17:00:00,""
08-06-2026 17:15:00,""
08-06-2026 17:30:00,""
08-06-2026 17:45:00,""
08-06-2026 18:00:00,""
08-06-2026 18:15:00,""
08-06-2026 18:30:00,""
08-06-2026 18:45:00,""
08-06-2026 19:00:00,""
08-06-2026 19:15:00,""
08-06-2026 19:30:00,""
08-06-2026 19:45:00,""
08-06-2026 20:00:00,""
08-06-2026 20:15:00,""
08-06-2026 20:30:00,""
08-06-2026 20:45:00,""
08-06-2026 21:00:00,""
08-06-2026 21:15:00,""
08-06-2026 21:30:00,""
08-06-2026 21:45:00,""
08-06-2026 22:00:00,""
08-06-2026 22:15:00,""
08-06-2026 22:30:00,""
08-06-2026 22:45:00,""
08-06-2026 23:00:00,""
08-06-2026 23:15:00,""
08-06-2026 23:30:00,""
08-06-2026 23:45:00,""