"Site Time","Production meter active power Kilowatts"
03-24-2026 00:00:00,""
03-24-2026 00:15:00,""
03-24-2026 00:30:00,""
03-24-2026 00:45:00,""
03-24-2026 01:00:00,""
03-24-2026 01:15:00,""
03-24-2026 01:30:00,""
03-24-2026 01:45:00,""
03-24-2026 02:00:00,""
03-24-2026 02:15:00,""
03-24-2026 02:30:00,""
03-24-2026 02:45:00,""
03-24-2026 03:00:00,""
03-24-2026 03:15:00,""
03-24-2026 03:30:00,""
03-24-2026 03:45:00,""
03-24-2026 04:00:00,""
03-24-2026 04:15:00,""
03-24-2026 04:30:00,""
03-24-2026 04:45:00,""
03-24-2026 05:00:00,""
03-24-2026 05:15:00,""
03-24-2026 05:30:00,""
03-24-2026 05:45:00,""
03-24-2026 06:00:00,""
03-24-2026 06:15:00,""
03-24-2026 06:30:00,""
03-24-2026 06:45:00,""
03-24-2026 07:00:00,0.209
03-24-2026 07:15:00,0.574
03-24-2026 07:30:00,3.193
03-24-2026 07:45:00,3.986
03-24-2026 08:00:00,4.56
03-24-2026 08:15:00,5.181
03-24-2026 08:30:00,5.675
03-24-2026 08:45:00,6.074
03-24-2026 09:00:00,6.47
03-24-2026 09:15:00,6.802
03-24-2026 09:30:00,7.046
03-24-2026 09:45:00,7.514
03-24-2026 10:00:00,7.943
03-24-2026 10:15:00,7.882
03-24-2026 10:30:00,7.903
03-24-2026 10:45:00,7.901
03-24-2026 11:00:00,7.952
03-24-2026 11:15:00,8.017
03-24-2026 11:30:00,7.879
03-24-2026 11:45:00,8.352
03-24-2026 12:00:00,8.026
03-24-2026 12:15:00,8.065
03-24-2026 12:30:00,7.389
03-24-2026 12:45:00,6.915
03-24-2026 13:00:00,7.436
03-24-2026 13:15:00,7.265
03-24-2026 13:30:00,6.904
03-24-2026 13:45:00,6.621
03-24-2026 14:00:00,6.322
03-24-2026 14:15:00,5.938
03-24-2026 14:30:00,5.531
03-24-2026 14:45:00,5.117
03-24-2026 15:00:00,4.66
03-24-2026 15:15:00,4.196
03-24-2026 15:30:00,3.638
03-24-2026 15:45:00,3.098
03-24-2026 16:00:00,2.612
03-24-2026 16:15:00,1.948
03-24-2026 16:30:00,1.396
03-24-2026 16:45:00,0.908
03-24-2026 17:00:00,0.542
03-24-2026 17:15:00,0.397
03-24-2026 17:30:00,0.352
03-24-2026 17:45:00,0.272
03-24-2026 18:00:00,0.205
03-24-2026 18:15:00,0.104
03-24-2026 18:30:00,0.006
03-24-2026 18:45:00,0
03-24-2026 19:00:00,0
03-24-2026 19:15:00,0
03-24-2026 19:30:00,0
03-24-2026 19:45:00,0
03-24-2026 20:00:00,0.01
03-24-2026 20:15:00,""
03-24-2026 20:30:00,""
03-24-2026 20:45:00,""
03-24-2026 21:00:00,""
03-24-2026 21:15:00,""
03-24-2026 21:30:00,""
03-24-2026 21:45:00,""
03-24-2026 22:00:00,""
03-24-2026 22:15:00,""
03-24-2026 22:30:00,""
03-24-2026 22:45:00,""
03-24-2026 23:00:00,""
03-24-2026 23:15:00,""
03-24-2026 23:30:00,""
03-24-2026 23:45:00,""
03-25-2026 00:00:00,""
03-25-2026 00:15:00,""
03-25-2026 00:30:00,""
03-25-2026 00:45:00,""
03-25-2026 01:00:00,""
03-25-2026 01:15:00,""
03-25-2026 01:30:00,""
03-25-2026 01:45:00,""
03-25-2026 02:00:00,""
03-25-2026 02:15:00,""
03-25-2026 02:30:00,""
03-25-2026 02:45:00,""
03-25-2026 03:00:00,""
03-25-2026 03:15:00,""
03-25-2026 03:30:00,""
03-25-2026 03:45:00,""
03-25-2026 04:00:00,""
03-25-2026 04:15:00,""
03-25-2026 04:30:00,""
03-25-2026 04:45:00,""
03-25-2026 05:00:00,""
03-25-2026 05:15:00,""
03-25-2026 05:30:00,""
03-25-2026 05:45:00,""
03-25-2026 06:00:00,""
03-25-2026 06:15:00,""
03-25-2026 06:30:00,""
03-25-2026 06:45:00,""
03-25-2026 07:00:00,0.662
03-25-2026 07:15:00,0.972
03-25-2026 07:30:00,2.744
03-25-2026 07:45:00,4.405
03-25-2026 08:00:00,4.57
03-25-2026 08:15:00,5.431
03-25-2026 08:30:00,5.444
03-25-2026 08:45:00,5.66
03-25-2026 09:00:00,5.459
03-25-2026 09:15:00,6.881
03-25-2026 09:30:00,5.605
03-25-2026 09:45:00,7.358
03-25-2026 10:00:00,7.468
03-25-2026 10:15:00,7.627
03-25-2026 10:30:00,7.73
03-25-2026 10:45:00,7.855
03-25-2026 11:00:00,7.935
03-25-2026 11:15:00,7.906
03-25-2026 11:30:00,7.931
03-25-2026 11:45:00,7.906
03-25-2026 12:00:00,7.874
03-25-2026 12:15:00,7.634
03-25-2026 12:30:00,7.534
03-25-2026 12:45:00,7.364
03-25-2026 13:00:00,7.161
03-25-2026 13:15:00,6.923
03-25-2026 13:30:00,6.664
03-25-2026 13:45:00,6.406
03-25-2026 14:00:00,6.073
03-25-2026 14:15:00,5.739
03-25-2026 14:30:00,5.445
03-25-2026 14:45:00,5.065
03-25-2026 15:00:00,4.611
03-25-2026 15:15:00,4.138
03-25-2026 15:30:00,3.592
03-25-2026 15:45:00,3.069
03-25-2026 16:00:00,2.536
03-25-2026 16:15:00,1.934
03-25-2026 16:30:00,1.429
03-25-2026 16:45:00,0.978
03-25-2026 17:00:00,0.668
03-25-2026 17:15:00,0.548
03-25-2026 17:30:00,0.582
03-25-2026 17:45:00,0.506
03-25-2026 18:00:00,0.364
03-25-2026 18:15:00,0.166
03-25-2026 18:30:00,0.025
03-25-2026 18:45:00,0
03-25-2026 19:00:00,0
03-25-2026 19:15:00,0
03-25-2026 19:30:00,0
03-25-2026 19:45:00,0
03-25-2026 20:00:00,0.004
03-25-2026 20:15:00,""
03-25-2026 20:30:00,""
03-25-2026 20:45:00,""
03-25-2026 21:00:00,""
03-25-2026 21:15:00,""
03-25-2026 21:30:00,""
03-25-2026 21:45:00,""
03-25-2026 22:00:00,""
03-25-2026 22:15:00,""
03-25-2026 22:30:00,""
03-25-2026 22:45:00,""
03-25-2026 23:00:00,""
03-25-2026 23:15:00,""
03-25-2026 23:30:00,""
03-25-2026 23:45:00,""
03-26-2026 00:00:00,""
03-26-2026 00:15:00,""
03-26-2026 00:30:00,""
03-26-2026 00:45:00,""
03-26-2026 01:00:00,""
03-26-2026 01:15:00,""
03-26-2026 01:30:00,""
03-26-2026 01:45:00,""
03-26-2026 02:00:00,""
03-26-2026 02:15:00,""
03-26-2026 02:30:00,""
03-26-2026 02:45:00,""
03-26-2026 03:00:00,""
03-26-2026 03:15:00,""
03-26-2026 03:30:00,""
03-26-2026 03:45:00,""
03-26-2026 04:00:00,""
03-26-2026 04:15:00,""
03-26-2026 04:30:00,""
03-26-2026 04:45:00,""
03-26-2026 05:00:00,""
03-26-2026 05:15:00,""
03-26-2026 05:30:00,""
03-26-2026 05:45:00,""
03-26-2026 06:00:00,""
03-26-2026 06:15:00,""
03-26-2026 06:30:00,""
03-26-2026 06:45:00,""
03-26-2026 07:00:00,0.245
03-26-2026 07:15:00,0.738
03-26-2026 07:30:00,3.331
03-26-2026 07:45:00,3.988
03-26-2026 08:00:00,4.609
03-26-2026 08:15:00,5.155
03-26-2026 08:30:00,5.596
03-26-2026 08:45:00,6.069
03-26-2026 09:00:00,6.373
03-26-2026 09:15:00,6.643
03-26-2026 09:30:00,6.923
03-26-2026 09:45:00,7.199
03-26-2026 10:00:00,7.484
03-26-2026 10:15:00,6.853
03-26-2026 10:30:00,7.858
03-26-2026 10:45:00,7.732
03-26-2026 11:00:00,7.722
03-26-2026 11:15:00,7.811
03-26-2026 11:30:00,7.923
03-26-2026 11:45:00,8.077
03-26-2026 12:00:00,8.333
03-26-2026 12:15:00,8.076
03-26-2026 12:30:00,7.955
03-26-2026 12:45:00,7.785
03-26-2026 13:00:00,7.927
03-26-2026 13:15:00,7.456
03-26-2026 13:30:00,7.369
03-26-2026 13:45:00,5.282
03-26-2026 14:00:00,5.628
03-26-2026 14:15:00,5.417
03-26-2026 14:30:00,4.831
03-26-2026 14:45:00,2.919
03-26-2026 15:00:00,3.464
03-26-2026 15:15:00,4.405
03-26-2026 15:30:00,3.021
03-26-2026 15:45:00,3.082
03-26-2026 16:00:00,3.421
03-26-2026 16:15:00,1.902
03-26-2026 16:30:00,2.082
03-26-2026 16:45:00,1.575
03-26-2026 17:00:00,1.198
03-26-2026 17:15:00,0.877
03-26-2026 17:30:00,0.573
03-26-2026 17:45:00,0.368
03-26-2026 18:00:00,0.262
03-26-2026 18:15:00,0.17
03-26-2026 18:30:00,0.021
03-26-2026 18:45:00,0
03-26-2026 19:00:00,0
03-26-2026 19:15:00,0
03-26-2026 19:30:00,0
03-26-2026 19:45:00,0
03-26-2026 20:00:00,0.002
03-26-2026 20:15:00,""
03-26-2026 20:30:00,""
03-26-2026 20:45:00,""
03-26-2026 21:00:00,""
03-26-2026 21:15:00,""
03-26-2026 21:30:00,""
03-26-2026 21:45:00,""
03-26-2026 22:00:00,""
03-26-2026 22:15:00,""
03-26-2026 22:30:00,""
03-26-2026 22:45:00,""
03-26-2026 23:00:00,""
03-26-2026 23:15:00,""
03-26-2026 23:30:00,""
03-26-2026 23:45:00,""
03-27-2026 00:00:00,""
03-27-2026 00:15:00,""
03-27-2026 00:30:00,""
03-27-2026 00:45:00,""
03-27-2026 01:00:00,""
03-27-2026 01:15:00,""
03-27-2026 01:30:00,""
03-27-2026 01:45:00,""
03-27-2026 02:00:00,""
03-27-2026 02:15:00,""
03-27-2026 02:30:00,""
03-27-2026 02:45:00,""
03-27-2026 03:00:00,""
03-27-2026 03:15:00,""
03-27-2026 03:30:00,""
03-27-2026 03:45:00,""
03-27-2026 04:00:00,""
03-27-2026 04:15:00,""
03-27-2026 04:30:00,""
03-27-2026 04:45:00,""
03-27-2026 05:00:00,""
03-27-2026 05:15:00,""
03-27-2026 05:30:00,""
03-27-2026 05:45:00,""
03-27-2026 06:00:00,""
03-27-2026 06:15:00,""
03-27-2026 06:30:00,""
03-27-2026 06:45:00,""
03-27-2026 07:00:00,0.247
03-27-2026 07:15:00,0.822
03-27-2026 07:30:00,0.842
03-27-2026 07:45:00,1.337
03-27-2026 08:00:00,0.645
03-27-2026 08:15:00,0.916
03-27-2026 08:30:00,0.869
03-27-2026 08:45:00,1.117
03-27-2026 09:00:00,2.269
03-27-2026 09:15:00,4.36
03-27-2026 09:30:00,6.765
03-27-2026 09:45:00,7.193
03-27-2026 10:00:00,7.418
03-27-2026 10:15:00,7.587
03-27-2026 10:30:00,7.639
03-27-2026 10:45:00,7.734
03-27-2026 11:00:00,7.804
03-27-2026 11:15:00,7.809
03-27-2026 11:30:00,7.875
03-27-2026 11:45:00,7.892
03-27-2026 12:00:00,7.743
03-27-2026 12:15:00,7.609
03-27-2026 12:30:00,7.54
03-27-2026 12:45:00,7.438
03-27-2026 13:00:00,7.181
03-27-2026 13:15:00,6.997
03-27-2026 13:30:00,6.782
03-27-2026 13:45:00,6.525
03-27-2026 14:00:00,6.198
03-27-2026 14:15:00,5.835
03-27-2026 14:30:00,5.497
03-27-2026 14:45:00,5.104
03-27-2026 15:00:00,4.625
03-27-2026 15:15:00,4.132
03-27-2026 15:30:00,3.639
03-27-2026 15:45:00,2.98
03-27-2026 16:00:00,2.293
03-27-2026 16:15:00,1.833
03-27-2026 16:30:00,1.574
03-27-2026 16:45:00,1.471
03-27-2026 17:00:00,1.043
03-27-2026 17:15:00,0.468
03-27-2026 17:30:00,0.561
03-27-2026 17:45:00,0.328
03-27-2026 18:00:00,0.248
03-27-2026 18:15:00,0.096
03-27-2026 18:30:00,0.006
03-27-2026 18:45:00,0
03-27-2026 19:00:00,0
03-27-2026 19:15:00,0
03-27-2026 19:30:00,0
03-27-2026 19:45:00,0
03-27-2026 20:00:00,0.005
03-27-2026 20:15:00,""
03-27-2026 20:30:00,""
03-27-2026 20:45:00,""
03-27-2026 21:00:00,""
03-27-2026 21:15:00,""
03-27-2026 21:30:00,""
03-27-2026 21:45:00,""
03-27-2026 22:00:00,""
03-27-2026 22:15:00,""
03-27-2026 22:30:00,""
03-27-2026 22:45:00,""
03-27-2026 23:00:00,""
03-27-2026 23:15:00,""
03-27-2026 23:30:00,""
03-27-2026 23:45:00,""
03-28-2026 00:00:00,""
03-28-2026 00:15:00,""
03-28-2026 00:30:00,""
03-28-2026 00:45:00,""
03-28-2026 01:00:00,""
03-28-2026 01:15:00,""
03-28-2026 01:30:00,""
03-28-2026 01:45:00,""
03-28-2026 02:00:00,""
03-28-2026 02:15:00,""
03-28-2026 02:30:00,""
03-28-2026 02:45:00,""
03-28-2026 03:00:00,""
03-28-2026 03:15:00,""
03-28-2026 03:30:00,""
03-28-2026 03:45:00,""
03-28-2026 04:00:00,""
03-28-2026 04:15:00,""
03-28-2026 04:30:00,""
03-28-2026 04:45:00,""
03-28-2026 05:00:00,""
03-28-2026 05:15:00,""
03-28-2026 05:30:00,""
03-28-2026 05:45:00,""
03-28-2026 06:00:00,""
03-28-2026 06:15:00,""
03-28-2026 06:30:00,""
03-28-2026 06:45:00,""
03-28-2026 07:00:00,0.357
03-28-2026 07:15:00,0.409
03-28-2026 07:30:00,0.45
03-28-2026 07:45:00,0.757
03-28-2026 08:00:00,1.675
03-28-2026 08:15:00,3.046
03-28-2026 08:30:00,5.641
03-28-2026 08:45:00,4.65
03-28-2026 09:00:00,5.771
03-28-2026 09:15:00,5.85
03-28-2026 09:30:00,6.584
03-28-2026 09:45:00,7.371
03-28-2026 10:00:00,7.744
03-28-2026 10:15:00,7.326
03-28-2026 10:30:00,7.873
03-28-2026 10:45:00,8.005
03-28-2026 11:00:00,7.573
03-28-2026 11:15:00,8.161
03-28-2026 11:30:00,8.009
03-28-2026 11:45:00,8.108
03-28-2026 12:00:00,6.719
03-28-2026 12:15:00,4.992
03-28-2026 12:30:00,6.483
03-28-2026 12:45:00,7.738
03-28-2026 13:00:00,6.996
03-28-2026 13:15:00,6.336
03-28-2026 13:30:00,6.182
03-28-2026 13:45:00,5.526
03-28-2026 14:00:00,6.305
03-28-2026 14:15:00,4.305
03-28-2026 14:30:00,2.401
03-28-2026 14:45:00,4.678
03-28-2026 15:00:00,4.667
03-28-2026 15:15:00,4.275
03-28-2026 15:30:00,3.959
03-28-2026 15:45:00,3.597
03-28-2026 16:00:00,2.749
03-28-2026 16:15:00,1.967
03-28-2026 16:30:00,1.504
03-28-2026 16:45:00,1.206
03-28-2026 17:00:00,1.163
03-28-2026 17:15:00,1.079
03-28-2026 17:30:00,0.754
03-28-2026 17:45:00,0.702
03-28-2026 18:00:00,0.519
03-28-2026 18:15:00,0.211
03-28-2026 18:30:00,0.011
03-28-2026 18:45:00,0
03-28-2026 19:00:00,0
03-28-2026 19:15:00,0
03-28-2026 19:30:00,0
03-28-2026 19:45:00,0
03-28-2026 20:00:00,0.002
03-28-2026 20:15:00,""
03-28-2026 20:30:00,""
03-28-2026 20:45:00,""
03-28-2026 21:00:00,""
03-28-2026 21:15:00,""
03-28-2026 21:30:00,""
03-28-2026 21:45:00,""
03-28-2026 22:00:00,""
03-28-2026 22:15:00,""
03-28-2026 22:30:00,""
03-28-2026 22:45:00,""
03-28-2026 23:00:00,""
03-28-2026 23:15:00,""
03-28-2026 23:30:00,""
03-28-2026 23:45:00,""
03-29-2026 00:00:00,""
03-29-2026 00:15:00,""
03-29-2026 00:30:00,""
03-29-2026 00:45:00,""
03-29-2026 01:00:00,""
03-29-2026 01:15:00,""
03-29-2026 01:30:00,""
03-29-2026 01:45:00,""
03-29-2026 02:00:00,""
03-29-2026 02:15:00,""
03-29-2026 02:30:00,""
03-29-2026 02:45:00,""
03-29-2026 03:00:00,""
03-29-2026 03:15:00,""
03-29-2026 03:30:00,""
03-29-2026 03:45:00,""
03-29-2026 04:00:00,""
03-29-2026 04:15:00,""
03-29-2026 04:30:00,""
03-29-2026 04:45:00,""
03-29-2026 05:00:00,""
03-29-2026 05:15:00,""
03-29-2026 05:30:00,""
03-29-2026 05:45:00,""
03-29-2026 06:00:00,""
03-29-2026 06:15:00,""
03-29-2026 06:30:00,""
03-29-2026 06:45:00,""
03-29-2026 07:00:00,0.141
03-29-2026 07:15:00,1.25
03-29-2026 07:30:00,3.687
03-29-2026 07:45:00,4.317
03-29-2026 08:00:00,4.87
03-29-2026 08:15:00,5.464
03-29-2026 08:30:00,5.863
03-29-2026 08:45:00,6.27
03-29-2026 09:00:00,6.6
03-29-2026 09:15:00,6.915
03-29-2026 09:30:00,7.155
03-29-2026 09:45:00,7.411
03-29-2026 10:00:00,7.676
03-29-2026 10:15:00,7.924
03-29-2026 10:30:00,8.098
03-29-2026 10:45:00,8.161
03-29-2026 11:00:00,7.558
03-29-2026 11:15:00,6.453
03-29-2026 11:30:00,6.375
03-29-2026 11:45:00,7.488
03-29-2026 12:00:00,7.944
03-29-2026 12:15:00,7.763
03-29-2026 12:30:00,7.083
03-29-2026 12:45:00,7.299
03-29-2026 13:00:00,7.383
03-29-2026 13:15:00,7.172
03-29-2026 13:30:00,6.955
03-29-2026 13:45:00,5.981
03-29-2026 14:00:00,6.241
03-29-2026 14:15:00,5.901
03-29-2026 14:30:00,5.601
03-29-2026 14:45:00,5.135
03-29-2026 15:00:00,4.762
03-29-2026 15:15:00,4.422
03-29-2026 15:30:00,3.346
03-29-2026 15:45:00,3.702
03-29-2026 16:00:00,2.859
03-29-2026 16:15:00,1.821
03-29-2026 16:30:00,1.915
03-29-2026 16:45:00,1.638
03-29-2026 17:00:00,1.272
03-29-2026 17:15:00,0.803
03-29-2026 17:30:00,0.56
03-29-2026 17:45:00,0.459
03-29-2026 18:00:00,0.306
03-29-2026 18:15:00,0.077
03-29-2026 18:30:00,0.006
03-29-2026 18:45:00,0
03-29-2026 19:00:00,0
03-29-2026 19:15:00,0
03-29-2026 19:30:00,0
03-29-2026 19:45:00,0
03-29-2026 20:00:00,0.009
03-29-2026 20:15:00,""
03-29-2026 20:30:00,""
03-29-2026 20:45:00,""
03-29-2026 21:00:00,""
03-29-2026 21:15:00,""
03-29-2026 21:30:00,""
03-29-2026 21:45:00,""
03-29-2026 22:00:00,""
03-29-2026 22:15:00,""
03-29-2026 22:30:00,""
03-29-2026 22:45:00,""
03-29-2026 23:00:00,""
03-29-2026 23:15:00,""
03-29-2026 23:30:00,""
03-29-2026 23:45:00,""
03-30-2026 00:00:00,""
03-30-2026 00:15:00,""
03-30-2026 00:30:00,""
03-30-2026 00:45:00,""
03-30-2026 01:00:00,""
03-30-2026 01:15:00,""
03-30-2026 01:30:00,""
03-30-2026 01:45:00,""
03-30-2026 02:00:00,""
03-30-2026 02:15:00,""
03-30-2026 02:30:00,""
03-30-2026 02:45:00,""
03-30-2026 03:00:00,""
03-30-2026 03:15:00,""
03-30-2026 03:30:00,""
03-30-2026 03:45:00,""
03-30-2026 04:00:00,""
03-30-2026 04:15:00,""
03-30-2026 04:30:00,""
03-30-2026 04:45:00,""
03-30-2026 05:00:00,""
03-30-2026 05:15:00,""
03-30-2026 05:30:00,""
03-30-2026 05:45:00,""
03-30-2026 06:00:00,""
03-30-2026 06:15:00,""
03-30-2026 06:30:00,""
03-30-2026 06:45:00,""
03-30-2026 07:00:00,0.611
03-30-2026 07:15:00,1.323
03-30-2026 07:30:00,0.967
03-30-2026 07:45:00,0.991
03-30-2026 08:00:00,2.102
03-30-2026 08:15:00,1.469
03-30-2026 08:30:00,1.805
03-30-2026 08:45:00,2.21
03-30-2026 09:00:00,1.842
03-30-2026 09:15:00,2.141
03-30-2026 09:30:00,2.212
03-30-2026 09:45:00,2.55
03-30-2026 10:00:00,2.463
03-30-2026 10:15:00,4.069
03-30-2026 10:30:00,4.32
03-30-2026 10:45:00,3.571
03-30-2026 11:00:00,3.24
03-30-2026 11:15:00,2.687
03-30-2026 11:30:00,4.914
03-30-2026 11:45:00,5.349
03-30-2026 12:00:00,8.109
03-30-2026 12:15:00,4.397
03-30-2026 12:30:00,3.55
03-30-2026 12:45:00,3.65
03-30-2026 13:00:00,4.042
03-30-2026 13:15:00,3.911
03-30-2026 13:30:00,4.786
03-30-2026 13:45:00,2.744
03-30-2026 14:00:00,4.136
03-30-2026 14:15:00,2.928
03-30-2026 14:30:00,4.329
03-30-2026 14:45:00,4.754
03-30-2026 15:00:00,4.875
03-30-2026 15:15:00,3.733
03-30-2026 15:30:00,3.659
03-30-2026 15:45:00,2.499
03-30-2026 16:00:00,3.018
03-30-2026 16:15:00,2.334
03-30-2026 16:30:00,1.525
03-30-2026 16:45:00,1.154
03-30-2026 17:00:00,0.737
03-30-2026 17:15:00,0.385
03-30-2026 17:30:00,0.36
03-30-2026 17:45:00,0.367
03-30-2026 18:00:00,0.274
03-30-2026 18:15:00,0.118
03-30-2026 18:30:00,0.014
03-30-2026 18:45:00,0
03-30-2026 19:00:00,0
03-30-2026 19:15:00,0
03-30-2026 19:30:00,0
03-30-2026 19:45:00,0
03-30-2026 20:00:00,0.001
03-30-2026 20:15:00,""
03-30-2026 20:30:00,""
03-30-2026 20:45:00,""
03-30-2026 21:00:00,""
03-30-2026 21:15:00,""
03-30-2026 21:30:00,""
03-30-2026 21:45:00,""
03-30-2026 22:00:00,""
03-30-2026 22:15:00,""
03-30-2026 22:30:00,""
03-30-2026 22:45:00,""
03-30-2026 23:00:00,""
03-30-2026 23:15:00,""
03-30-2026 23:30:00,""
03-30-2026 23:45:00,""
03-31-2026 00:00:00,""
03-31-2026 00:15:00,""
03-31-2026 00:30:00,""
03-31-2026 00:45:00,""
03-31-2026 01:00:00,""
03-31-2026 01:15:00,""
03-31-2026 01:30:00,""
03-31-2026 01:45:00,""
03-31-2026 02:00:00,""
03-31-2026 02:15:00,""
03-31-2026 02:30:00,""
03-31-2026 02:45:00,""
03-31-2026 03:00:00,""
03-31-2026 03:15:00,""
03-31-2026 03:30:00,""
03-31-2026 03:45:00,""
03-31-2026 04:00:00,""
03-31-2026 04:15:00,""
03-31-2026 04:30:00,""
03-31-2026 04:45:00,""
03-31-2026 05:00:00,""
03-31-2026 05:15:00,""
03-31-2026 05:30:00,""
03-31-2026 05:45:00,""
03-31-2026 06:00:00,""
03-31-2026 06:15:00,""
03-31-2026 06:30:00,""
03-31-2026 06:45:00,""
03-31-2026 07:00:00,0.272
03-31-2026 07:15:00,1.251
03-31-2026 07:30:00,0.886
03-31-2026 07:45:00,0.868
03-31-2026 08:00:00,0.877
03-31-2026 08:15:00,1.049
03-31-2026 08:30:00,1.087
03-31-2026 08:45:00,1.445
03-31-2026 09:00:00,3.336
03-31-2026 09:15:00,5.652
03-31-2026 09:30:00,2.199
03-31-2026 09:45:00,4.859
03-31-2026 10:00:00,6.238
03-31-2026 10:15:00,8.155
03-31-2026 10:30:00,7.436
03-31-2026 10:45:00,7.913
03-31-2026 11:00:00,5.667
03-31-2026 11:15:00,5.515
03-31-2026 11:30:00,6.577
03-31-2026 11:45:00,8.59
03-31-2026 12:00:00,7.82
03-31-2026 12:15:00,5.639
03-31-2026 12:30:00,7.015
03-31-2026 12:45:00,5.146
03-31-2026 13:00:00,7.326
03-31-2026 13:15:00,6.399
03-31-2026 13:30:00,7.496
03-31-2026 13:45:00,7.307
03-31-2026 14:00:00,5.655
03-31-2026 14:15:00,5.816
03-31-2026 14:30:00,5.814
03-31-2026 14:45:00,5.325
03-31-2026 15:00:00,4.938
03-31-2026 15:15:00,4.488
03-31-2026 15:30:00,4.016
03-31-2026 15:45:00,2.151
03-31-2026 16:00:00,2.307
03-31-2026 16:15:00,2.339
03-31-2026 16:30:00,1.658
03-31-2026 16:45:00,1.531
03-31-2026 17:00:00,1.074
03-31-2026 17:15:00,1.036
03-31-2026 17:30:00,0.806
03-31-2026 17:45:00,0.754
03-31-2026 18:00:00,0.425
03-31-2026 18:15:00,0.172
03-31-2026 18:30:00,0.041
03-31-2026 18:45:00,0
03-31-2026 19:00:00,0
03-31-2026 19:15:00,0
03-31-2026 19:30:00,0
03-31-2026 19:45:00,0
03-31-2026 20:00:00,0.002
03-31-2026 20:15:00,""
03-31-2026 20:30:00,""
03-31-2026 20:45:00,""
03-31-2026 21:00:00,""
03-31-2026 21:15:00,""
03-31-2026 21:30:00,""
03-31-2026 21:45:00,""
03-31-2026 22:00:00,""
03-31-2026 22:15:00,""
03-31-2026 22:30:00,""
03-31-2026 22:45:00,""
03-31-2026 23:00:00,""
03-31-2026 23:15:00,""
03-31-2026 23:30:00,""
03-31-2026 23:45:00,""
04-01-2026 00:00:00,""
04-01-2026 00:15:00,""
04-01-2026 00:30:00,""
04-01-2026 00:45:00,""
04-01-2026 01:00:00,""
04-01-2026 01:15:00,""
04-01-2026 01:30:00,""
04-01-2026 01:45:00,""
04-01-2026 02:00:00,""
04-01-2026 02:15:00,""
04-01-2026 02:30:00,""
04-01-2026 02:45:00,""
04-01-2026 03:00:00,""
04-01-2026 03:15:00,""
04-01-2026 03:30:00,""
04-01-2026 03:45:00,""
04-01-2026 04:00:00,""
04-01-2026 04:15:00,""
04-01-2026 04:30:00,""
04-01-2026 04:45:00,""
04-01-2026 05:00:00,""
04-01-2026 05:15:00,""
04-01-2026 05:30:00,""
04-01-2026 05:45:00,""
04-01-2026 06:00:00,""
04-01-2026 06:15:00,""
04-01-2026 06:30:00,""
04-01-2026 06:45:00,""
04-01-2026 07:00:00,0.399
04-01-2026 07:15:00,1.519
04-01-2026 07:30:00,1.935
04-01-2026 07:45:00,3.034
04-01-2026 08:00:00,2.353
04-01-2026 08:15:00,1.933
04-01-2026 08:30:00,2.213
04-01-2026 08:45:00,3.853
04-01-2026 09:00:00,5.116
04-01-2026 09:15:00,5.23
04-01-2026 09:30:00,6.649
04-01-2026 09:45:00,5.325
04-01-2026 10:00:00,6.155
04-01-2026 10:15:00,8.081
04-01-2026 10:30:00,7.81
04-01-2026 10:45:00,5.445
04-01-2026 11:00:00,5.644
04-01-2026 11:15:00,7.899
04-01-2026 11:30:00,7.981
04-01-2026 11:45:00,7.838
04-01-2026 12:00:00,7.835
04-01-2026 12:15:00,7.73
04-01-2026 12:30:00,6.341
04-01-2026 12:45:00,6.535
04-01-2026 13:00:00,6.22
04-01-2026 13:15:00,6.983
04-01-2026 13:30:00,5.133
04-01-2026 13:45:00,6.015
04-01-2026 14:00:00,6.414
04-01-2026 14:15:00,4.392
04-01-2026 14:30:00,4.969
04-01-2026 14:45:00,4.665
04-01-2026 15:00:00,5.203
04-01-2026 15:15:00,4.097
04-01-2026 15:30:00,2.87
04-01-2026 15:45:00,2.215
04-01-2026 16:00:00,1.821
04-01-2026 16:15:00,1.866
04-01-2026 16:30:00,2.093
04-01-2026 16:45:00,1.448
04-01-2026 17:00:00,1.392
04-01-2026 17:15:00,0.988
04-01-2026 17:30:00,0.709
04-01-2026 17:45:00,0.569
04-01-2026 18:00:00,0.407
04-01-2026 18:15:00,0.217
04-01-2026 18:30:00,0.046
04-01-2026 18:45:00,0
04-01-2026 19:00:00,0
04-01-2026 19:15:00,0
04-01-2026 19:30:00,0
04-01-2026 19:45:00,0
04-01-2026 20:00:00,0.002
04-01-2026 20:15:00,""
04-01-2026 20:30:00,""
04-01-2026 20:45:00,""
04-01-2026 21:00:00,""
04-01-2026 21:15:00,""
04-01-2026 21:30:00,""
04-01-2026 21:45:00,""
04-01-2026 22:00:00,""
04-01-2026 22:15:00,""
04-01-2026 22:30:00,""
04-01-2026 22:45:00,""
04-01-2026 23:00:00,""
04-01-2026 23:15:00,""
04-01-2026 23:30:00,""
04-01-2026 23:45:00,""
04-02-2026 00:00:00,""
04-02-2026 00:15:00,""
04-02-2026 00:30:00,""
04-02-2026 00:45:00,""
04-02-2026 01:00:00,""
04-02-2026 01:15:00,""
04-02-2026 01:30:00,""
04-02-2026 01:45:00,""
04-02-2026 02:00:00,""
04-02-2026 02:15:00,""
04-02-2026 02:30:00,""
04-02-2026 02:45:00,""
04-02-2026 03:00:00,""
04-02-2026 03:15:00,""
04-02-2026 03:30:00,""
04-02-2026 03:45:00,""
04-02-2026 04:00:00,""
04-02-2026 04:15:00,""
04-02-2026 04:30:00,""
04-02-2026 04:45:00,""
04-02-2026 05:00:00,""
04-02-2026 05:15:00,""
04-02-2026 05:30:00,""
04-02-2026 05:45:00,""
04-02-2026 06:00:00,""
04-02-2026 06:15:00,""
04-02-2026 06:30:00,""
04-02-2026 06:45:00,""
04-02-2026 07:00:00,0.403
04-02-2026 07:15:00,0.814
04-02-2026 07:30:00,0.852
04-02-2026 07:45:00,0.855
04-02-2026 08:00:00,0.725
04-02-2026 08:15:00,1.374
04-02-2026 08:30:00,2.107
04-02-2026 08:45:00,2.527
04-02-2026 09:00:00,1.885
04-02-2026 09:15:00,1.335
04-02-2026 09:30:00,1.848
04-02-2026 09:45:00,1.595
04-02-2026 10:00:00,2.719
04-02-2026 10:15:00,2.216
04-02-2026 10:30:00,5.648
04-02-2026 10:45:00,4.45
04-02-2026 11:00:00,3.208
04-02-2026 11:15:00,4.917
04-02-2026 11:30:00,4.512
04-02-2026 11:45:00,5.409
04-02-2026 12:00:00,5.459
04-02-2026 12:15:00,3.904
04-02-2026 12:30:00,2.67
04-02-2026 12:45:00,3.128
04-02-2026 13:00:00,5.893
04-02-2026 13:15:00,3.871
04-02-2026 13:30:00,3.166
04-02-2026 13:45:00,3.006
04-02-2026 14:00:00,4.883
04-02-2026 14:15:00,5.908
04-02-2026 14:30:00,3.691
04-02-2026 14:45:00,3.658
04-02-2026 15:00:00,2.965
04-02-2026 15:15:00,2.715
04-02-2026 15:30:00,1.962
04-02-2026 15:45:00,1.683
04-02-2026 16:00:00,1.504
04-02-2026 16:15:00,1.752
04-02-2026 16:30:00,1.624
04-02-2026 16:45:00,1.073
04-02-2026 17:00:00,0.774
04-02-2026 17:15:00,0.607
04-02-2026 17:30:00,0.499
04-02-2026 17:45:00,0.329
04-02-2026 18:00:00,0.162
04-02-2026 18:15:00,0.044
04-02-2026 18:30:00,-0.003
04-02-2026 18:45:00,0
04-02-2026 19:00:00,0
04-02-2026 19:15:00,0
04-02-2026 19:30:00,0
04-02-2026 19:45:00,0
04-02-2026 20:00:00,0
04-02-2026 20:15:00,""
04-02-2026 20:30:00,""
04-02-2026 20:45:00,""
04-02-2026 21:00:00,""
04-02-2026 21:15:00,""
04-02-2026 21:30:00,""
04-02-2026 21:45:00,""
04-02-2026 22:00:00,""
04-02-2026 22:15:00,""
04-02-2026 22:30:00,""
04-02-2026 22:45:00,""
04-02-2026 23:00:00,""
04-02-2026 23:15:00,""
04-02-2026 23:30:00,""
04-02-2026 23:45:00,""
04-03-2026 00:00:00,""
04-03-2026 00:15:00,""
04-03-2026 00:30:00,""
04-03-2026 00:45:00,""
04-03-2026 01:00:00,""
04-03-2026 01:15:00,""
04-03-2026 01:30:00,""
04-03-2026 01:45:00,""
04-03-2026 02:00:00,""
04-03-2026 02:15:00,""
04-03-2026 02:30:00,""
04-03-2026 02:45:00,""
04-03-2026 03:00:00,""
04-03-2026 03:15:00,""
04-03-2026 03:30:00,""
04-03-2026 03:45:00,""
04-03-2026 04:00:00,""
04-03-2026 04:15:00,""
04-03-2026 04:30:00,""
04-03-2026 04:45:00,""
04-03-2026 05:00:00,""
04-03-2026 05:15:00,""
04-03-2026 05:30:00,""
04-03-2026 05:45:00,""
04-03-2026 06:00:00,""
04-03-2026 06:15:00,""
04-03-2026 06:30:00,""
04-03-2026 06:45:00,""
04-03-2026 07:00:00,0.176
04-03-2026 07:15:00,0.437
04-03-2026 07:30:00,0.425
04-03-2026 07:45:00,0.871
04-03-2026 08:00:00,0.871
04-03-2026 08:15:00,1.033
04-03-2026 08:30:00,1.778
04-03-2026 08:45:00,2.55
04-03-2026 09:00:00,3.513
04-03-2026 09:15:00,4.155
04-03-2026 09:30:00,4.186
04-03-2026 09:45:00,6.564
04-03-2026 10:00:00,8.168
04-03-2026 10:15:00,6.494
04-03-2026 10:30:00,5.984
04-03-2026 10:45:00,7.534
04-03-2026 11:00:00,7.585
04-03-2026 11:15:00,8.067
04-03-2026 11:30:00,8.203
04-03-2026 11:45:00,8.069
04-03-2026 12:00:00,7.752
04-03-2026 12:15:00,7.769
04-03-2026 12:30:00,7.534
04-03-2026 12:45:00,7.393
04-03-2026 13:00:00,7.223
04-03-2026 13:15:00,6.998
04-03-2026 13:30:00,6.734
04-03-2026 13:45:00,6.426
04-03-2026 14:00:00,6.134
04-03-2026 14:15:00,5.803
04-03-2026 14:30:00,5.451
04-03-2026 14:45:00,5.059
04-03-2026 15:00:00,4.619
04-03-2026 15:15:00,4.168
04-03-2026 15:30:00,3.763
04-03-2026 15:45:00,3.095
04-03-2026 16:00:00,2.709
04-03-2026 16:15:00,2.165
04-03-2026 16:30:00,1.49
04-03-2026 16:45:00,0.653
04-03-2026 17:00:00,0.749
04-03-2026 17:15:00,0.757
04-03-2026 17:30:00,0.697
04-03-2026 17:45:00,0.505
04-03-2026 18:00:00,0.401
04-03-2026 18:15:00,0.266
04-03-2026 18:30:00,0.073
04-03-2026 18:45:00,-0
04-03-2026 19:00:00,0
04-03-2026 19:15:00,0
04-03-2026 19:30:00,0
04-03-2026 19:45:00,0
04-03-2026 20:00:00,0.002
04-03-2026 20:15:00,""
04-03-2026 20:30:00,""
04-03-2026 20:45:00,""
04-03-2026 21:00:00,""
04-03-2026 21:15:00,""
04-03-2026 21:30:00,""
04-03-2026 21:45:00,""
04-03-2026 22:00:00,""
04-03-2026 22:15:00,""
04-03-2026 22:30:00,""
04-03-2026 22:45:00,""
04-03-2026 23:00:00,""
04-03-2026 23:15:00,""
04-03-2026 23:30:00,""
04-03-2026 23:45:00,""
04-04-2026 00:00:00,""
04-04-2026 00:15:00,""
04-04-2026 00:30:00,""
04-04-2026 00:45:00,""
04-04-2026 01:00:00,""
04-04-2026 01:15:00,""
04-04-2026 01:30:00,""
04-04-2026 01:45:00,""
04-04-2026 02:00:00,""
04-04-2026 02:15:00,""
04-04-2026 02:30:00,""
04-04-2026 02:45:00,""
04-04-2026 03:00:00,""
04-04-2026 03:15:00,""
04-04-2026 03:30:00,""
04-04-2026 03:45:00,""
04-04-2026 04:00:00,""
04-04-2026 04:15:00,""
04-04-2026 04:30:00,""
04-04-2026 04:45:00,""
04-04-2026 05:00:00,""
04-04-2026 05:15:00,""
04-04-2026 05:30:00,""
04-04-2026 05:45:00,""
04-04-2026 06:00:00,""
04-04-2026 06:15:00,""
04-04-2026 06:30:00,""
04-04-2026 06:45:00,""
04-04-2026 07:00:00,0.288
04-04-2026 07:15:00,0.9
04-04-2026 07:30:00,1.469
04-04-2026 07:45:00,3.898
04-04-2026 08:00:00,4.911
04-04-2026 08:15:00,5.703
04-04-2026 08:30:00,5.75
04-04-2026 08:45:00,6.467
04-04-2026 09:00:00,5.167
04-04-2026 09:15:00,5.048
04-04-2026 09:30:00,6.104
04-04-2026 09:45:00,6.842
04-04-2026 10:00:00,7.477
04-04-2026 10:15:00,3.656
04-04-2026 10:30:00,6.027
04-04-2026 10:45:00,6.986
04-04-2026 11:00:00,6.229
04-04-2026 11:15:00,6.454
04-04-2026 11:30:00,5.969
04-04-2026 11:45:00,6.604
04-04-2026 12:00:00,7.247
04-04-2026 12:15:00,8.084
04-04-2026 12:30:00,7.096
04-04-2026 12:45:00,7.591
04-04-2026 13:00:00,8.22
04-04-2026 13:15:00,4.961
04-04-2026 13:30:00,4.626
04-04-2026 13:45:00,3.596
04-04-2026 14:00:00,3.925
04-04-2026 14:15:00,5.003
04-04-2026 14:30:00,4.36
04-04-2026 14:45:00,3.283
04-04-2026 15:00:00,4.702
04-04-2026 15:15:00,2.798
04-04-2026 15:30:00,2.486
04-04-2026 15:45:00,2.766
04-04-2026 16:00:00,3.263
04-04-2026 16:15:00,2.876
04-04-2026 16:30:00,1.602
04-04-2026 16:45:00,1.766
04-04-2026 17:00:00,1.187
04-04-2026 17:15:00,0.912
04-04-2026 17:30:00,0.611
04-04-2026 17:45:00,0.38
04-04-2026 18:00:00,0.212
04-04-2026 18:15:00,0.11
04-04-2026 18:30:00,0.014
04-04-2026 18:45:00,0
04-04-2026 19:00:00,0
04-04-2026 19:15:00,0
04-04-2026 19:30:00,0
04-04-2026 19:45:00,0
04-04-2026 20:00:00,0.001
04-04-2026 20:15:00,""
04-04-2026 20:30:00,""
04-04-2026 20:45:00,""
04-04-2026 21:00:00,""
04-04-2026 21:15:00,""
04-04-2026 21:30:00,""
04-04-2026 21:45:00,""
04-04-2026 22:00:00,""
04-04-2026 22:15:00,""
04-04-2026 22:30:00,""
04-04-2026 22:45:00,""
04-04-2026 23:00:00,""
04-04-2026 23:15:00,""
04-04-2026 23:30:00,""
04-04-2026 23:45:00,""
04-05-2026 00:00:00,""
04-05-2026 00:15:00,""
04-05-2026 00:30:00,""
04-05-2026 00:45:00,""
04-05-2026 01:00:00,""
04-05-2026 01:15:00,""
04-05-2026 01:30:00,""
04-05-2026 01:45:00,""
04-05-2026 02:00:00,""
04-05-2026 02:15:00,""
04-05-2026 02:30:00,""
04-05-2026 02:45:00,""
04-05-2026 03:00:00,""
04-05-2026 03:15:00,""
04-05-2026 03:30:00,""
04-05-2026 03:45:00,""
04-05-2026 04:00:00,""
04-05-2026 04:15:00,""
04-05-2026 04:30:00,""
04-05-2026 04:45:00,""
04-05-2026 05:00:00,""
04-05-2026 05:15:00,""
04-05-2026 05:30:00,""
04-05-2026 05:45:00,""
04-05-2026 06:00:00,""
04-05-2026 06:15:00,""
04-05-2026 06:30:00,""
04-05-2026 06:45:00,""
04-05-2026 07:00:00,0.286
04-05-2026 07:15:00,0.485
04-05-2026 07:30:00,1.72
04-05-2026 07:45:00,1.867
04-05-2026 08:00:00,1.593
04-05-2026 08:15:00,1.496
04-05-2026 08:30:00,1.817
04-05-2026 08:45:00,3.522
04-05-2026 09:00:00,5.117
04-05-2026 09:15:00,4.603
04-05-2026 09:30:00,4.039
04-05-2026 09:45:00,3
04-05-2026 10:00:00,6.563
04-05-2026 10:15:00,8.102
04-05-2026 10:30:00,6.706
04-05-2026 10:45:00,3.975
04-05-2026 11:00:00,6.723
04-05-2026 11:15:00,6.013
04-05-2026 11:30:00,5.274
04-05-2026 11:45:00,7.169
04-05-2026 12:00:00,6.305
04-05-2026 12:15:00,7.176
04-05-2026 12:30:00,7.352
04-05-2026 12:45:00,3.636
04-05-2026 13:00:00,3.595
04-05-2026 13:15:00,6.807
04-05-2026 13:30:00,6.141
04-05-2026 13:45:00,6.79
04-05-2026 14:00:00,6.4
04-05-2026 14:15:00,6.207
04-05-2026 14:30:00,6.272
04-05-2026 14:45:00,4.23
04-05-2026 15:00:00,2.305
04-05-2026 15:15:00,3.026
04-05-2026 15:30:00,2.487
04-05-2026 15:45:00,3.361
04-05-2026 16:00:00,2.356
04-05-2026 16:15:00,2.392
04-05-2026 16:30:00,1.78
04-05-2026 16:45:00,1.501
04-05-2026 17:00:00,1.089
04-05-2026 17:15:00,0.996
04-05-2026 17:30:00,0.876
04-05-2026 17:45:00,0.61
04-05-2026 18:00:00,0.289
04-05-2026 18:15:00,0.051
04-05-2026 18:30:00,-0.001
04-05-2026 18:45:00,0
04-05-2026 19:00:00,0
04-05-2026 19:15:00,0
04-05-2026 19:30:00,0
04-05-2026 19:45:00,0
04-05-2026 20:00:00,0.003
04-05-2026 20:15:00,""
04-05-2026 20:30:00,""
04-05-2026 20:45:00,""
04-05-2026 21:00:00,""
04-05-2026 21:15:00,""
04-05-2026 21:30:00,""
04-05-2026 21:45:00,""
04-05-2026 22:00:00,""
04-05-2026 22:15:00,""
04-05-2026 22:30:00,""
04-05-2026 22:45:00,""
04-05-2026 23:00:00,""
04-05-2026 23:15:00,""
04-05-2026 23:30:00,""
04-05-2026 23:45:00,""
04-06-2026 00:00:00,""
04-06-2026 00:15:00,""
04-06-2026 00:30:00,""
04-06-2026 00:45:00,""
04-06-2026 01:00:00,""
04-06-2026 01:15:00,""
04-06-2026 01:30:00,""
04-06-2026 01:45:00,""
04-06-2026 02:00:00,""
04-06-2026 02:15:00,""
04-06-2026 02:30:00,""
04-06-2026 02:45:00,""
04-06-2026 03:00:00,""
04-06-2026 03:15:00,""
04-06-2026 03:30:00,""
04-06-2026 03:45:00,""
04-06-2026 04:00:00,""
04-06-2026 04:15:00,""
04-06-2026 04:30:00,""
04-06-2026 04:45:00,""
04-06-2026 05:00:00,""
04-06-2026 05:15:00,""
04-06-2026 05:30:00,""
04-06-2026 05:45:00,""
04-06-2026 06:00:00,""
04-06-2026 06:15:00,""
04-06-2026 06:30:00,""
04-06-2026 06:45:00,""
04-06-2026 07:00:00,0.536
04-06-2026 07:15:00,0.675
04-06-2026 07:30:00,0.932
04-06-2026 07:45:00,1.266
04-06-2026 08:00:00,1.61
04-06-2026 08:15:00,1.367
04-06-2026 08:30:00,1.269
04-06-2026 08:45:00,1.457
04-06-2026 09:00:00,3.373
04-06-2026 09:15:00,5.128
04-06-2026 09:30:00,5.401
04-06-2026 09:45:00,6.586
04-06-2026 10:00:00,5.866
04-06-2026 10:15:00,6.784
04-06-2026 10:30:00,5.84
04-06-2026 10:45:00,5.005
04-06-2026 11:00:00,6.914
04-06-2026 11:15:00,5.371
04-06-2026 11:30:00,3.517
04-06-2026 11:45:00,5.356
04-06-2026 12:00:00,5.767
04-06-2026 12:15:00,6.321
04-06-2026 12:30:00,6.432
04-06-2026 12:45:00,6.715
04-06-2026 13:00:00,6.563
04-06-2026 13:15:00,6.951
04-06-2026 13:30:00,6.253
04-06-2026 13:45:00,6.131
04-06-2026 14:00:00,5.967
04-06-2026 14:15:00,5.899
04-06-2026 14:30:00,5.571
04-06-2026 14:45:00,4.178
04-06-2026 15:00:00,4.365
04-06-2026 15:15:00,4.383
04-06-2026 15:30:00,3.499
04-06-2026 15:45:00,2.545
04-06-2026 16:00:00,1.999
04-06-2026 16:15:00,1.732
04-06-2026 16:30:00,1.33
04-06-2026 16:45:00,1.252
04-06-2026 17:00:00,0.667
04-06-2026 17:15:00,0.684
04-06-2026 17:30:00,0.573
04-06-2026 17:45:00,0.409
04-06-2026 18:00:00,0.335
04-06-2026 18:15:00,0.196
04-06-2026 18:30:00,0.023
04-06-2026 18:45:00,0
04-06-2026 19:00:00,0
04-06-2026 19:15:00,0
04-06-2026 19:30:00,0
04-06-2026 19:45:00,0
04-06-2026 20:00:00,0
04-06-2026 20:15:00,""
04-06-2026 20:30:00,""
04-06-2026 20:45:00,""
04-06-2026 21:00:00,""
04-06-2026 21:15:00,""
04-06-2026 21:30:00,""
04-06-2026 21:45:00,""
04-06-2026 22:00:00,""
04-06-2026 22:15:00,""
04-06-2026 22:30:00,""
04-06-2026 22:45:00,""
04-06-2026 23:00:00,""
04-06-2026 23:15:00,""
04-06-2026 23:30:00,""
04-06-2026 23:45:00,""
04-07-2026 00:00:00,""
04-07-2026 00:15:00,""
04-07-2026 00:30:00,""
04-07-2026 00:45:00,""
04-07-2026 01:00:00,""
04-07-2026 01:15:00,""
04-07-2026 01:30:00,""
04-07-2026 01:45:00,""
04-07-2026 02:00:00,""
04-07-2026 02:15:00,""
04-07-2026 02:30:00,""
04-07-2026 02:45:00,""
04-07-2026 03:00:00,""
04-07-2026 03:15:00,""
04-07-2026 03:30:00,""
04-07-2026 03:45:00,""
04-07-2026 04:00:00,""
04-07-2026 04:15:00,""
04-07-2026 04:30:00,""
04-07-2026 04:45:00,""
04-07-2026 05:00:00,""
04-07-2026 05:15:00,""
04-07-2026 05:30:00,""
04-07-2026 05:45:00,""
04-07-2026 06:00:00,""
04-07-2026 06:15:00,""
04-07-2026 06:30:00,""
04-07-2026 06:45:00,""
04-07-2026 07:00:00,0.207
04-07-2026 07:15:00,0.972
04-07-2026 07:30:00,3.166
04-07-2026 07:45:00,4.393
04-07-2026 08:00:00,3.093
04-07-2026 08:15:00,5.241
04-07-2026 08:30:00,4.684
04-07-2026 08:45:00,4.135
04-07-2026 09:00:00,3.846
04-07-2026 09:15:00,2.615
04-07-2026 09:30:00,3.018
04-07-2026 09:45:00,3.653
04-07-2026 10:00:00,3.511
04-07-2026 10:15:00,5.258
04-07-2026 10:30:00,5.29
04-07-2026 10:45:00,6.448
04-07-2026 11:00:00,6.712
04-07-2026 11:15:00,4.079
04-07-2026 11:30:00,6.058
04-07-2026 11:45:00,3.816
04-07-2026 12:00:00,1.991
04-07-2026 12:15:00,1.186
04-07-2026 12:30:00,0.74
04-07-2026 12:45:00,0.592
04-07-2026 13:00:00,1.573
04-07-2026 13:15:00,1.059
04-07-2026 13:30:00,1.707
04-07-2026 13:45:00,1.33
04-07-2026 14:00:00,0.643
04-07-2026 14:15:00,1.117
04-07-2026 14:30:00,0.781
04-07-2026 14:45:00,0.434
04-07-2026 15:00:00,0.558
04-07-2026 15:15:00,0.677
04-07-2026 15:30:00,0.893
04-07-2026 15:45:00,1.031
04-07-2026 16:00:00,0.974
04-07-2026 16:15:00,0.606
04-07-2026 16:30:00,0.748
04-07-2026 16:45:00,0.577
04-07-2026 17:00:00,0.52
04-07-2026 17:15:00,0.552
04-07-2026 17:30:00,0.426
04-07-2026 17:45:00,0.551
04-07-2026 18:00:00,0.285
04-07-2026 18:15:00,0.12
04-07-2026 18:30:00,0.026
04-07-2026 18:45:00,0
04-07-2026 19:00:00,0
04-07-2026 19:15:00,0
04-07-2026 19:30:00,0
04-07-2026 19:45:00,0
04-07-2026 20:00:00,0.002
04-07-2026 20:15:00,""
04-07-2026 20:30:00,""
04-07-2026 20:45:00,""
04-07-2026 21:00:00,""
04-07-2026 21:15:00,""
04-07-2026 21:30:00,""
04-07-2026 21:45:00,""
04-07-2026 22:00:00,""
04-07-2026 22:15:00,""
04-07-2026 22:30:00,""
04-07-2026 22:45:00,""
04-07-2026 23:00:00,""
04-07-2026 23:15:00,""
04-07-2026 23:30:00,""
04-07-2026 23:45:00,""
04-08-2026 00:00:00,""
04-08-2026 00:15:00,""
04-08-2026 00:30:00,""
04-08-2026 00:45:00,""
04-08-2026 01:00:00,""
04-08-2026 01:15:00,""
04-08-2026 01:30:00,""
04-08-2026 01:45:00,""
04-08-2026 02:00:00,""
04-08-2026 02:15:00,""
04-08-2026 02:30:00,""
04-08-2026 02:45:00,""
04-08-2026 03:00:00,""
04-08-2026 03:15:00,""
04-08-2026 03:30:00,""
04-08-2026 03:45:00,""
04-08-2026 04:00:00,""
04-08-2026 04:15:00,""
04-08-2026 04:30:00,""
04-08-2026 04:45:00,""
04-08-2026 05:00:00,""
04-08-2026 05:15:00,""
04-08-2026 05:30:00,""
04-08-2026 05:45:00,""
04-08-2026 06:00:00,""
04-08-2026 06:15:00,""
04-08-2026 06:30:00,""
04-08-2026 06:45:00,""
04-08-2026 07:00:00,0.501
04-08-2026 07:15:00,0.499
04-08-2026 07:30:00,0.858
04-08-2026 07:45:00,1.362
04-08-2026 08:00:00,1.375
04-08-2026 08:15:00,2.221
04-08-2026 08:30:00,1.783
04-08-2026 08:45:00,1.539
04-08-2026 09:00:00,2.643
04-08-2026 09:15:00,3.034
04-08-2026 09:30:00,2.641
04-08-2026 09:45:00,4.035
04-08-2026 10:00:00,4.355
04-08-2026 10:15:00,2.74
04-08-2026 10:30:00,2.826
04-08-2026 10:45:00,2.904
04-08-2026 11:00:00,2.515
04-08-2026 11:15:00,2.009
04-08-2026 11:30:00,1.285
04-08-2026 11:45:00,0.982
04-08-2026 12:00:00,1.219
04-08-2026 12:15:00,2.366
04-08-2026 12:30:00,1.912
04-08-2026 12:45:00,1.757
04-08-2026 13:00:00,1.052
04-08-2026 13:15:00,0.732
04-08-2026 13:30:00,0.761
04-08-2026 13:45:00,0.632
04-08-2026 14:00:00,0.444
04-08-2026 14:15:00,0.618
04-08-2026 14:30:00,1.134
04-08-2026 14:45:00,1.058
04-08-2026 15:00:00,0.662
04-08-2026 15:15:00,1.274
04-08-2026 15:30:00,1.651
04-08-2026 15:45:00,1.727
04-08-2026 16:00:00,1.207
04-08-2026 16:15:00,1.063
04-08-2026 16:30:00,0.637
04-08-2026 16:45:00,0.376
04-08-2026 17:00:00,0.388
04-08-2026 17:15:00,0.245
04-08-2026 17:30:00,0.199
04-08-2026 17:45:00,0.049
04-08-2026 18:00:00,0.016
04-08-2026 18:15:00,0.004
04-08-2026 18:30:00,0
04-08-2026 18:45:00,0
04-08-2026 19:00:00,0
04-08-2026 19:15:00,0
04-08-2026 19:30:00,0
04-08-2026 19:45:00,0
04-08-2026 20:00:00,0
04-08-2026 20:15:00,""
04-08-2026 20:30:00,""
04-08-2026 20:45:00,""
04-08-2026 21:00:00,""
04-08-2026 21:15:00,""
04-08-2026 21:30:00,""
04-08-2026 21:45:00,""
04-08-2026 22:00:00,""
04-08-2026 22:15:00,""
04-08-2026 22:30:00,""
04-08-2026 22:45:00,""
04-08-2026 23:00:00,""
04-08-2026 23:15:00,""
04-08-2026 23:30:00,""
04-08-2026 23:45:00,""
04-09-2026 00:00:00,""
04-09-2026 00:15:00,""
04-09-2026 00:30:00,""
04-09-2026 00:45:00,""
04-09-2026 01:00:00,""
04-09-2026 01:15:00,""
04-09-2026 01:30:00,""
04-09-2026 01:45:00,""
04-09-2026 02:00:00,""
04-09-2026 02:15:00,""
04-09-2026 02:30:00,""
04-09-2026 02:45:00,""
04-09-2026 03:00:00,""
04-09-2026 03:15:00,""
04-09-2026 03:30:00,""
04-09-2026 03:45:00,""
04-09-2026 04:00:00,""
04-09-2026 04:15:00,""
04-09-2026 04:30:00,""
04-09-2026 04:45:00,""
04-09-2026 05:00:00,""
04-09-2026 05:15:00,""
04-09-2026 05:30:00,""
04-09-2026 05:45:00,""
04-09-2026 06:00:00,""
04-09-2026 06:15:00,""
04-09-2026 06:30:00,""
04-09-2026 06:45:00,""
04-09-2026 07:00:00,0.107
04-09-2026 07:15:00,0.231
04-09-2026 07:30:00,0.277
04-09-2026 07:45:00,0.324
04-09-2026 08:00:00,0.221
04-09-2026 08:15:00,0.175
04-09-2026 08:30:00,0.307
04-09-2026 08:45:00,0.413
04-09-2026 09:00:00,0.517
04-09-2026 09:15:00,0.693
04-09-2026 09:30:00,1.245
04-09-2026 09:45:00,1.176
04-09-2026 10:00:00,1.197
04-09-2026 10:15:00,1.458
04-09-2026 10:30:00,1.14
04-09-2026 10:45:00,1.804
04-09-2026 11:00:00,2.221
04-09-2026 11:15:00,1.555
04-09-2026 11:30:00,1.01
04-09-2026 11:45:00,1.799
04-09-2026 12:00:00,1.969
04-09-2026 12:15:00,1.441
04-09-2026 12:30:00,1.397
04-09-2026 12:45:00,1.966
04-09-2026 13:00:00,1.663
04-09-2026 13:15:00,1.42
04-09-2026 13:30:00,1.515
04-09-2026 13:45:00,1.818
04-09-2026 14:00:00,1.793
04-09-2026 14:15:00,2.028
04-09-2026 14:30:00,1.466
04-09-2026 14:45:00,1.277
04-09-2026 15:00:00,0.922
04-09-2026 15:15:00,0.732
04-09-2026 15:30:00,0.694
04-09-2026 15:45:00,0.543
04-09-2026 16:00:00,0.473
04-09-2026 16:15:00,0.356
04-09-2026 16:30:00,0.295
04-09-2026 16:45:00,0.16
04-09-2026 17:00:00,0.186
04-09-2026 17:15:00,0.328
04-09-2026 17:30:00,0.423
04-09-2026 17:45:00,0.327
04-09-2026 18:00:00,0.207
04-09-2026 18:15:00,0.066
04-09-2026 18:30:00,-0.013
04-09-2026 18:45:00,0
04-09-2026 19:00:00,0
04-09-2026 19:15:00,0
04-09-2026 19:30:00,0
04-09-2026 19:45:00,0
04-09-2026 20:00:00,-0
04-09-2026 20:15:00,""
04-09-2026 20:30:00,""
04-09-2026 20:45:00,""
04-09-2026 21:00:00,""
04-09-2026 21:15:00,""
04-09-2026 21:30:00,""
04-09-2026 21:45:00,""
04-09-2026 22:00:00,""
04-09-2026 22:15:00,""
04-09-2026 22:30:00,""
04-09-2026 22:45:00,""
04-09-2026 23:00:00,""
04-09-2026 23:15:00,""
04-09-2026 23:30:00,""
04-09-2026 23:45:00,""
04-10-2026 00:00:00,""
04-10-2026 00:15:00,""
04-10-2026 00:30:00,""
04-10-2026 00:45:00,""
04-10-2026 01:00:00,""
04-10-2026 01:15:00,""
04-10-2026 01:30:00,""
04-10-2026 01:45:00,""
04-10-2026 02:00:00,""
04-10-2026 02:15:00,""
04-10-2026 02:30:00,""
04-10-2026 02:45:00,""
04-10-2026 03:00:00,""
04-10-2026 03:15:00,""
04-10-2026 03:30:00,""
04-10-2026 03:45:00,""
04-10-2026 04:00:00,""
04-10-2026 04:15:00,""
04-10-2026 04:30:00,""
04-10-2026 04:45:00,""
04-10-2026 05:00:00,""
04-10-2026 05:15:00,""
04-10-2026 05:30:00,""
04-10-2026 05:45:00,""
04-10-2026 06:00:00,""
04-10-2026 06:15:00,""
04-10-2026 06:30:00,""
04-10-2026 06:45:00,-0.005
04-10-2026 07:00:00,0
04-10-2026 07:15:00,0.044
04-10-2026 07:30:00,0.058
04-10-2026 07:45:00,0.185
04-10-2026 08:00:00,0.25
04-10-2026 08:15:00,0.27
04-10-2026 08:30:00,0.184
04-10-2026 08:45:00,0.511
04-10-2026 09:00:00,0.67
04-10-2026 09:15:00,0.446
04-10-2026 09:30:00,0.4
04-10-2026 09:45:00,0.402
04-10-2026 10:00:00,0.417
04-10-2026 10:15:00,0.319
04-10-2026 10:30:00,0.685
04-10-2026 10:45:00,0.671
04-10-2026 11:00:00,0.302
04-10-2026 11:15:00,0.429
04-10-2026 11:30:00,0.43
04-10-2026 11:45:00,0.771
04-10-2026 12:00:00,1.391
04-10-2026 12:15:00,0.93
04-10-2026 12:30:00,0.649
04-10-2026 12:45:00,0.711
04-10-2026 13:00:00,0.166
04-10-2026 13:15:00,0.104
04-10-2026 13:30:00,0.283
04-10-2026 13:45:00,1.146
04-10-2026 14:00:00,1.128
04-10-2026 14:15:00,0.683
04-10-2026 14:30:00,0.695
04-10-2026 14:45:00,0.91
04-10-2026 15:00:00,0.582
04-10-2026 15:15:00,0.943
04-10-2026 15:30:00,0.494
04-10-2026 15:45:00,0.41
04-10-2026 16:00:00,0.468
04-10-2026 16:15:00,0.709
04-10-2026 16:30:00,1.292
04-10-2026 16:45:00,1.532
04-10-2026 17:00:00,0.756
04-10-2026 17:15:00,0.683
04-10-2026 17:30:00,0.448
04-10-2026 17:45:00,0.333
04-10-2026 18:00:00,0.425
04-10-2026 18:15:00,0.263
04-10-2026 18:30:00,0.05
04-10-2026 18:45:00,0
04-10-2026 19:00:00,0
04-10-2026 19:15:00,0
04-10-2026 19:30:00,0
04-10-2026 19:45:00,0
04-10-2026 20:00:00,0.002
04-10-2026 20:15:00,""
04-10-2026 20:30:00,""
04-10-2026 20:45:00,""
04-10-2026 21:00:00,""
04-10-2026 21:15:00,""
04-10-2026 21:30:00,""
04-10-2026 21:45:00,""
04-10-2026 22:00:00,""
04-10-2026 22:15:00,""
04-10-2026 22:30:00,""
04-10-2026 22:45:00,""
04-10-2026 23:00:00,""
04-10-2026 23:15:00,""
04-10-2026 23:30:00,""
04-10-2026 23:45:00,""
04-11-2026 00:00:00,""
04-11-2026 00:15:00,""
04-11-2026 00:30:00,""
04-11-2026 00:45:00,""
04-11-2026 01:00:00,""
04-11-2026 01:15:00,""
04-11-2026 01:30:00,""
04-11-2026 01:45:00,""
04-11-2026 02:00:00,""
04-11-2026 02:15:00,""
04-11-2026 02:30:00,""
04-11-2026 02:45:00,""
04-11-2026 03:00:00,""
04-11-2026 03:15:00,""
04-11-2026 03:30:00,""
04-11-2026 03:45:00,""
04-11-2026 04:00:00,""
04-11-2026 04:15:00,""
04-11-2026 04:30:00,""
04-11-2026 04:45:00,""
04-11-2026 05:00:00,""
04-11-2026 05:15:00,""
04-11-2026 05:30:00,""
04-11-2026 05:45:00,""
04-11-2026 06:00:00,""
04-11-2026 06:15:00,""
04-11-2026 06:30:00,""
04-11-2026 06:45:00,0.412
04-11-2026 07:00:00,0.439
04-11-2026 07:15:00,0.739
04-11-2026 07:30:00,2.288
04-11-2026 07:45:00,2.442
04-11-2026 08:00:00,2.422
04-11-2026 08:15:00,2.698
04-11-2026 08:30:00,3.5
04-11-2026 08:45:00,2.982
04-11-2026 09:00:00,4.249
04-11-2026 09:15:00,4.872
04-11-2026 09:30:00,3.815
04-11-2026 09:45:00,4.691
04-11-2026 10:00:00,5.126
04-11-2026 10:15:00,7.069
04-11-2026 10:30:00,5.498
04-11-2026 10:45:00,6.685
04-11-2026 11:00:00,5.603
04-11-2026 11:15:00,6.472
04-11-2026 11:30:00,6.301
04-11-2026 11:45:00,5.909
04-11-2026 12:00:00,4.578
04-11-2026 12:15:00,3.711
04-11-2026 12:30:00,4.347
04-11-2026 12:45:00,4.687
04-11-2026 13:00:00,4.002
04-11-2026 13:15:00,4.486
04-11-2026 13:30:00,4.452
04-11-2026 13:45:00,4.22
04-11-2026 14:00:00,6.029
04-11-2026 14:15:00,5.214
04-11-2026 14:30:00,4.176
04-11-2026 14:45:00,4.461
04-11-2026 15:00:00,3.387
04-11-2026 15:15:00,3.328
04-11-2026 15:30:00,3.009
04-11-2026 15:45:00,2.599
04-11-2026 16:00:00,2.236
04-11-2026 16:15:00,2.113
04-11-2026 16:30:00,1.232
04-11-2026 16:45:00,1.31
04-11-2026 17:00:00,1.288
04-11-2026 17:15:00,1.099
04-11-2026 17:30:00,1.074
04-11-2026 17:45:00,0.63
04-11-2026 18:00:00,0.285
04-11-2026 18:15:00,0.136
04-11-2026 18:30:00,0.008
04-11-2026 18:45:00,0
04-11-2026 19:00:00,0
04-11-2026 19:15:00,0
04-11-2026 19:30:00,0
04-11-2026 19:45:00,0
04-11-2026 20:00:00,0.001
04-11-2026 20:15:00,""
04-11-2026 20:30:00,""
04-11-2026 20:45:00,""
04-11-2026 21:00:00,""
04-11-2026 21:15:00,""
04-11-2026 21:30:00,""
04-11-2026 21:45:00,""
04-11-2026 22:00:00,""
04-11-2026 22:15:00,""
04-11-2026 22:30:00,""
04-11-2026 22:45:00,""
04-11-2026 23:00:00,""
04-11-2026 23:15:00,""
04-11-2026 23:30:00,""
04-11-2026 23:45:00,""
04-12-2026 00:00:00,""
04-12-2026 00:15:00,""
04-12-2026 00:30:00,""
04-12-2026 00:45:00,""
04-12-2026 01:00:00,""
04-12-2026 01:15:00,""
04-12-2026 01:30:00,""
04-12-2026 01:45:00,""
04-12-2026 02:00:00,""
04-12-2026 02:15:00,""
04-12-2026 02:30:00,""
04-12-2026 02:45:00,""
04-12-2026 03:00:00,""
04-12-2026 03:15:00,""
04-12-2026 03:30:00,""
04-12-2026 03:45:00,""
04-12-2026 04:00:00,""
04-12-2026 04:15:00,""
04-12-2026 04:30:00,""
04-12-2026 04:45:00,""
04-12-2026 05:00:00,""
04-12-2026 05:15:00,""
04-12-2026 05:30:00,""
04-12-2026 05:45:00,""
04-12-2026 06:00:00,""
04-12-2026 06:15:00,""
04-12-2026 06:30:00,""
04-12-2026 06:45:00,0.181
04-12-2026 07:00:00,0.181
04-12-2026 07:15:00,0.39
04-12-2026 07:30:00,0.496
04-12-2026 07:45:00,0.7
04-12-2026 08:00:00,0.829
04-12-2026 08:15:00,0.943
04-12-2026 08:30:00,1.257
04-12-2026 08:45:00,1.828
04-12-2026 09:00:00,2.524
04-12-2026 09:15:00,2.32
04-12-2026 09:30:00,2.444
04-12-2026 09:45:00,2.585
04-12-2026 10:00:00,3.515
04-12-2026 10:15:00,4.017
04-12-2026 10:30:00,3.991
04-12-2026 10:45:00,4.131
04-12-2026 11:00:00,4.582
04-12-2026 11:15:00,4.346
04-12-2026 11:30:00,4.692
04-12-2026 11:45:00,4.3
04-12-2026 12:00:00,4.685
04-12-2026 12:15:00,5.67
04-12-2026 12:30:00,5.041
04-12-2026 12:45:00,4.171
04-12-2026 13:00:00,2.506
04-12-2026 13:15:00,2.605
04-12-2026 13:30:00,2.551
04-12-2026 13:45:00,1.927
04-12-2026 14:00:00,1.992
04-12-2026 14:15:00,2.162
04-12-2026 14:30:00,2.457
04-12-2026 14:45:00,2.457
04-12-2026 15:00:00,1.95
04-12-2026 15:15:00,1.806
04-12-2026 15:30:00,1.288
04-12-2026 15:45:00,0.754
04-12-2026 16:00:00,0.715
04-12-2026 16:15:00,0.645
04-12-2026 16:30:00,0.309
04-12-2026 16:45:00,0.064
04-12-2026 17:00:00,0.036
04-12-2026 17:15:00,0.19
04-12-2026 17:30:00,0.156
04-12-2026 17:45:00,0.024
04-12-2026 18:00:00,0.004
04-12-2026 18:15:00,-0
04-12-2026 18:30:00,0
04-12-2026 18:45:00,0
04-12-2026 19:00:00,0
04-12-2026 19:15:00,0
04-12-2026 19:30:00,0
04-12-2026 19:45:00,0
04-12-2026 20:00:00,0.001
04-12-2026 20:15:00,""
04-12-2026 20:30:00,""
04-12-2026 20:45:00,""
04-12-2026 21:00:00,""
04-12-2026 21:15:00,""
04-12-2026 21:30:00,""
04-12-2026 21:45:00,""
04-12-2026 22:00:00,""
04-12-2026 22:15:00,""
04-12-2026 22:30:00,""
04-12-2026 22:45:00,""
04-12-2026 23:00:00,""
04-12-2026 23:15:00,""
04-12-2026 23:30:00,""
04-12-2026 23:45:00,""
04-13-2026 00:00:00,""
04-13-2026 00:15:00,""
04-13-2026 00:30:00,""
04-13-2026 00:45:00,""
04-13-2026 01:00:00,""
04-13-2026 01:15:00,""
04-13-2026 01:30:00,""
04-13-2026 01:45:00,""
04-13-2026 02:00:00,""
04-13-2026 02:15:00,""
04-13-2026 02:30:00,""
04-13-2026 02:45:00,""
04-13-2026 03:00:00,""
04-13-2026 03:15:00,""
04-13-2026 03:30:00,""
04-13-2026 03:45:00,""
04-13-2026 04:00:00,""
04-13-2026 04:15:00,""
04-13-2026 04:30:00,""
04-13-2026 04:45:00,""
04-13-2026 05:00:00,""
04-13-2026 05:15:00,""
04-13-2026 05:30:00,""
04-13-2026 05:45:00,""
04-13-2026 06:00:00,""
04-13-2026 06:15:00,""
04-13-2026 06:30:00,""
04-13-2026 06:45:00,0.147
04-13-2026 07:00:00,0.183
04-13-2026 07:15:00,0.188
04-13-2026 07:30:00,0.76
04-13-2026 07:45:00,1.173
04-13-2026 08:00:00,1.557
04-13-2026 08:15:00,1.985
04-13-2026 08:30:00,2.47
04-13-2026 08:45:00,2.525
04-13-2026 09:00:00,2.146
04-13-2026 09:15:00,2.467
04-13-2026 09:30:00,2.503
04-13-2026 09:45:00,2.403
04-13-2026 10:00:00,1.976
04-13-2026 10:15:00,1.907
04-13-2026 10:30:00,2.045
04-13-2026 10:45:00,1.723
04-13-2026 11:00:00,1.802
04-13-2026 11:15:00,2.334
04-13-2026 11:30:00,1.908
04-13-2026 11:45:00,1.849
04-13-2026 12:00:00,1.427
04-13-2026 12:15:00,1.328
04-13-2026 12:30:00,1.695
04-13-2026 12:45:00,2.642
04-13-2026 13:00:00,3.89
04-13-2026 13:15:00,3.939
04-13-2026 13:30:00,3.697
04-13-2026 13:45:00,2.626
04-13-2026 14:00:00,2.575
04-13-2026 14:15:00,2.096
04-13-2026 14:30:00,2.129
04-13-2026 14:45:00,3.789
04-13-2026 15:00:00,2.956
04-13-2026 15:15:00,2.784
04-13-2026 15:30:00,2.506
04-13-2026 15:45:00,2.108
04-13-2026 16:00:00,2.298
04-13-2026 16:15:00,1.935
04-13-2026 16:30:00,1.833
04-13-2026 16:45:00,1.508
04-13-2026 17:00:00,1.099
04-13-2026 17:15:00,0.863
04-13-2026 17:30:00,0.623
04-13-2026 17:45:00,0.437
04-13-2026 18:00:00,0.207
04-13-2026 18:15:00,0.075
04-13-2026 18:30:00,0.002
04-13-2026 18:45:00,0
04-13-2026 19:00:00,0
04-13-2026 19:15:00,0
04-13-2026 19:30:00,0
04-13-2026 19:45:00,0
04-13-2026 20:00:00,0.003
04-13-2026 20:15:00,""
04-13-2026 20:30:00,""
04-13-2026 20:45:00,""
04-13-2026 21:00:00,""
04-13-2026 21:15:00,""
04-13-2026 21:30:00,""
04-13-2026 21:45:00,""
04-13-2026 22:00:00,""
04-13-2026 22:15:00,""
04-13-2026 22:30:00,""
04-13-2026 22:45:00,""
04-13-2026 23:00:00,""
04-13-2026 23:15:00,""
04-13-2026 23:30:00,""
04-13-2026 23:45:00,""
04-14-2026 00:00:00,""
04-14-2026 00:15:00,""
04-14-2026 00:30:00,""
04-14-2026 00:45:00,""
04-14-2026 01:00:00,""
04-14-2026 01:15:00,""
04-14-2026 01:30:00,""
04-14-2026 01:45:00,""
04-14-2026 02:00:00,""
04-14-2026 02:15:00,""
04-14-2026 02:30:00,""
04-14-2026 02:45:00,""
04-14-2026 03:00:00,""
04-14-2026 03:15:00,""
04-14-2026 03:30:00,""
04-14-2026 03:45:00,""
04-14-2026 04:00:00,""
04-14-2026 04:15:00,""
04-14-2026 04:30:00,""
04-14-2026 04:45:00,""
04-14-2026 05:00:00,""
04-14-2026 05:15:00,""
04-14-2026 05:30:00,""
04-14-2026 05:45:00,""
04-14-2026 06:00:00,""
04-14-2026 06:15:00,""
04-14-2026 06:30:00,""
04-14-2026 06:45:00,0.541
04-14-2026 07:00:00,0.636
04-14-2026 07:15:00,1.049
04-14-2026 07:30:00,2.309
04-14-2026 07:45:00,2.972
04-14-2026 08:00:00,2.323
04-14-2026 08:15:00,3.17
04-14-2026 08:30:00,3.286
04-14-2026 08:45:00,3.553
04-14-2026 09:00:00,3.654
04-14-2026 09:15:00,3.045
04-14-2026 09:30:00,2.396
04-14-2026 09:45:00,3.453
04-14-2026 10:00:00,5.343
04-14-2026 10:15:00,3.434
04-14-2026 10:30:00,3.398
04-14-2026 10:45:00,3.221
04-14-2026 11:00:00,2.823
04-14-2026 11:15:00,2.795
04-14-2026 11:30:00,2.125
04-14-2026 11:45:00,3.226
04-14-2026 12:00:00,2.683
04-14-2026 12:15:00,3.394
04-14-2026 12:30:00,3.499
04-14-2026 12:45:00,4.073
04-14-2026 13:00:00,2.885
04-14-2026 13:15:00,1.653
04-14-2026 13:30:00,1.238
04-14-2026 13:45:00,0.855
04-14-2026 14:00:00,1.314
04-14-2026 14:15:00,1.909
04-14-2026 14:30:00,1.895
04-14-2026 14:45:00,1.759
04-14-2026 15:00:00,0.916
04-14-2026 15:15:00,0.801
04-14-2026 15:30:00,0.762
04-14-2026 15:45:00,1.092
04-14-2026 16:00:00,0.672
04-14-2026 16:15:00,0.313
04-14-2026 16:30:00,0.204
04-14-2026 16:45:00,0.409
04-14-2026 17:00:00,0.799
04-14-2026 17:15:00,0.672
04-14-2026 17:30:00,0.468
04-14-2026 17:45:00,0.342
04-14-2026 18:00:00,0.225
04-14-2026 18:15:00,0.063
04-14-2026 18:30:00,0.004
04-14-2026 18:45:00,0
04-14-2026 19:00:00,0
04-14-2026 19:15:00,0
04-14-2026 19:30:00,0
04-14-2026 19:45:00,0
04-14-2026 20:00:00,0
04-14-2026 20:15:00,""
04-14-2026 20:30:00,""
04-14-2026 20:45:00,""
04-14-2026 21:00:00,""
04-14-2026 21:15:00,""
04-14-2026 21:30:00,""
04-14-2026 21:45:00,""
04-14-2026 22:00:00,""
04-14-2026 22:15:00,""
04-14-2026 22:30:00,""
04-14-2026 22:45:00,""
04-14-2026 23:00:00,""
04-14-2026 23:15:00,""
04-14-2026 23:30:00,""
04-14-2026 23:45:00,""
04-15-2026 00:00:00,""
04-15-2026 00:15:00,""
04-15-2026 00:30:00,""
04-15-2026 00:45:00,""
04-15-2026 01:00:00,""
04-15-2026 01:15:00,""
04-15-2026 01:30:00,""
04-15-2026 01:45:00,""
04-15-2026 02:00:00,""
04-15-2026 02:15:00,""
04-15-2026 02:30:00,""
04-15-2026 02:45:00,""
04-15-2026 03:00:00,""
04-15-2026 03:15:00,""
04-15-2026 03:30:00,""
04-15-2026 03:45:00,""
04-15-2026 04:00:00,""
04-15-2026 04:15:00,""
04-15-2026 04:30:00,""
04-15-2026 04:45:00,""
04-15-2026 05:00:00,""
04-15-2026 05:15:00,""
04-15-2026 05:30:00,""
04-15-2026 05:45:00,""
04-15-2026 06:00:00,""
04-15-2026 06:15:00,""
04-15-2026 06:30:00,""
04-15-2026 06:45:00,0.398
04-15-2026 07:00:00,0.911
04-15-2026 07:15:00,1.046
04-15-2026 07:30:00,0.822
04-15-2026 07:45:00,0.727
04-15-2026 08:00:00,1.435
04-15-2026 08:15:00,2.86
04-15-2026 08:30:00,2.393
04-15-2026 08:45:00,0.919
04-15-2026 09:00:00,2.021
04-15-2026 09:15:00,2.58
04-15-2026 09:30:00,3.341
04-15-2026 09:45:00,2.596
04-15-2026 10:00:00,2.637
04-15-2026 10:15:00,3.064
04-15-2026 10:30:00,4.448
04-15-2026 10:45:00,4.544
04-15-2026 11:00:00,3.94
04-15-2026 11:15:00,5.793
04-15-2026 11:30:00,6.119
04-15-2026 11:45:00,7.462
04-15-2026 12:00:00,5.869
04-15-2026 12:15:00,4.4
04-15-2026 12:30:00,2.531
04-15-2026 12:45:00,3.252
04-15-2026 13:00:00,4.341
04-15-2026 13:15:00,4.447
04-15-2026 13:30:00,3.816
04-15-2026 13:45:00,2.572
04-15-2026 14:00:00,2.922
04-15-2026 14:15:00,3.698
04-15-2026 14:30:00,3.903
04-15-2026 14:45:00,3.048
04-15-2026 15:00:00,4.09
04-15-2026 15:15:00,4.924
04-15-2026 15:30:00,4.015
04-15-2026 15:45:00,2.987
04-15-2026 16:00:00,2.05
04-15-2026 16:15:00,2.039
04-15-2026 16:30:00,1.33
04-15-2026 16:45:00,1.057
04-15-2026 17:00:00,1.277
04-15-2026 17:15:00,1.046
04-15-2026 17:30:00,0.457
04-15-2026 17:45:00,0.455
04-15-2026 18:00:00,0.21
04-15-2026 18:15:00,0.064
04-15-2026 18:30:00,0.022
04-15-2026 18:45:00,0
04-15-2026 19:00:00,0
04-15-2026 19:15:00,0
04-15-2026 19:30:00,0
04-15-2026 19:45:00,0
04-15-2026 20:00:00,0
04-15-2026 20:15:00,""
04-15-2026 20:30:00,""
04-15-2026 20:45:00,""
04-15-2026 21:00:00,""
04-15-2026 21:15:00,""
04-15-2026 21:30:00,""
04-15-2026 21:45:00,""
04-15-2026 22:00:00,""
04-15-2026 22:15:00,""
04-15-2026 22:30:00,""
04-15-2026 22:45:00,""
04-15-2026 23:00:00,""
04-15-2026 23:15:00,""
04-15-2026 23:30:00,""
04-15-2026 23:45:00,""
04-16-2026 00:00:00,""
04-16-2026 00:15:00,""
04-16-2026 00:30:00,""
04-16-2026 00:45:00,""
04-16-2026 01:00:00,""
04-16-2026 01:15:00,""
04-16-2026 01:30:00,""
04-16-2026 01:45:00,""
04-16-2026 02:00:00,""
04-16-2026 02:15:00,""
04-16-2026 02:30:00,""
04-16-2026 02:45:00,""
04-16-2026 03:00:00,""
04-16-2026 03:15:00,""
04-16-2026 03:30:00,""
04-16-2026 03:45:00,""
04-16-2026 04:00:00,""
04-16-2026 04:15:00,""
04-16-2026 04:30:00,""
04-16-2026 04:45:00,""
04-16-2026 05:00:00,""
04-16-2026 05:15:00,""
04-16-2026 05:30:00,""
04-16-2026 05:45:00,""
04-16-2026 06:00:00,""
04-16-2026 06:15:00,""
04-16-2026 06:30:00,""
04-16-2026 06:45:00,0.311
04-16-2026 07:00:00,1.245
04-16-2026 07:15:00,1.938
04-16-2026 07:30:00,1.926
04-16-2026 07:45:00,3.115
04-16-2026 08:00:00,2.751
04-16-2026 08:15:00,2.146
04-16-2026 08:30:00,3.76
04-16-2026 08:45:00,6.493
04-16-2026 09:00:00,5.868
04-16-2026 09:15:00,6.648
04-16-2026 09:30:00,6.863
04-16-2026 09:45:00,7.019
04-16-2026 10:00:00,7.249
04-16-2026 10:15:00,7.616
04-16-2026 10:30:00,6.772
04-16-2026 10:45:00,7.38
04-16-2026 11:00:00,7.478
04-16-2026 11:15:00,7.632
04-16-2026 11:30:00,7.237
04-16-2026 11:45:00,7.36
04-16-2026 12:00:00,7.104
04-16-2026 12:15:00,7.16
04-16-2026 12:30:00,7.024
04-16-2026 12:45:00,6.69
04-16-2026 13:00:00,6.244
04-16-2026 13:15:00,6.338
04-16-2026 13:30:00,6.334
04-16-2026 13:45:00,5.964
04-16-2026 14:00:00,5.522
04-16-2026 14:15:00,5.428
04-16-2026 14:30:00,5.115
04-16-2026 14:45:00,4.522
04-16-2026 15:00:00,4.311
04-16-2026 15:15:00,4.057
04-16-2026 15:30:00,3.518
04-16-2026 15:45:00,2.994
04-16-2026 16:00:00,2.692
04-16-2026 16:15:00,2.342
04-16-2026 16:30:00,1.646
04-16-2026 16:45:00,1.102
04-16-2026 17:00:00,0.783
04-16-2026 17:15:00,0.618
04-16-2026 17:30:00,0.437
04-16-2026 17:45:00,0.3
04-16-2026 18:00:00,0.24
04-16-2026 18:15:00,0.21
04-16-2026 18:30:00,0.045
04-16-2026 18:45:00,0
04-16-2026 19:00:00,0
04-16-2026 19:15:00,0
04-16-2026 19:30:00,0
04-16-2026 19:45:00,0
04-16-2026 20:00:00,0
04-16-2026 20:15:00,""
04-16-2026 20:30:00,""
04-16-2026 20:45:00,""
04-16-2026 21:00:00,""
04-16-2026 21:15:00,""
04-16-2026 21:30:00,""
04-16-2026 21:45:00,""
04-16-2026 22:00:00,""
04-16-2026 22:15:00,""
04-16-2026 22:30:00,""
04-16-2026 22:45:00,""
04-16-2026 23:00:00,""
04-16-2026 23:15:00,""
04-16-2026 23:30:00,""
04-16-2026 23:45:00,""
04-17-2026 00:00:00,""
04-17-2026 00:15:00,""
04-17-2026 00:30:00,""
04-17-2026 00:45:00,""
04-17-2026 01:00:00,""
04-17-2026 01:15:00,""
04-17-2026 01:30:00,""
04-17-2026 01:45:00,""
04-17-2026 02:00:00,""
04-17-2026 02:15:00,""
04-17-2026 02:30:00,""
04-17-2026 02:45:00,""
04-17-2026 03:00:00,""
04-17-2026 03:15:00,""
04-17-2026 03:30:00,""
04-17-2026 03:45:00,""
04-17-2026 04:00:00,""
04-17-2026 04:15:00,""
04-17-2026 04:30:00,""
04-17-2026 04:45:00,""
04-17-2026 05:00:00,""
04-17-2026 05:15:00,""
04-17-2026 05:30:00,""
04-17-2026 05:45:00,""
04-17-2026 06:00:00,""
04-17-2026 06:15:00,""
04-17-2026 06:30:00,""
04-17-2026 06:45:00,0.24
04-17-2026 07:00:00,0.375
04-17-2026 07:15:00,1.497
04-17-2026 07:30:00,2.564
04-17-2026 07:45:00,2.981
04-17-2026 08:00:00,4.801
04-17-2026 08:15:00,5.169
04-17-2026 08:30:00,5.525
04-17-2026 08:45:00,5.989
04-17-2026 09:00:00,6.446
04-17-2026 09:15:00,6.728
04-17-2026 09:30:00,6.943
04-17-2026 09:45:00,7.033
04-17-2026 10:00:00,7.189
04-17-2026 10:15:00,7.283
04-17-2026 10:30:00,7.455
04-17-2026 10:45:00,7.553
04-17-2026 11:00:00,6.797
04-17-2026 11:15:00,6.87
04-17-2026 11:30:00,6.43
04-17-2026 11:45:00,7.282
04-17-2026 12:00:00,6.54
04-17-2026 12:15:00,6.643
04-17-2026 12:30:00,6.732
04-17-2026 12:45:00,6.253
04-17-2026 13:00:00,5.985
04-17-2026 13:15:00,5.638
04-17-2026 13:30:00,5.88
04-17-2026 13:45:00,5.12
04-17-2026 14:00:00,5.206
04-17-2026 14:15:00,4.734
04-17-2026 14:30:00,4.382
04-17-2026 14:45:00,4.588
04-17-2026 15:00:00,3.862
04-17-2026 15:15:00,2.884
04-17-2026 15:30:00,3.35
04-17-2026 15:45:00,2.02
04-17-2026 16:00:00,1.747
04-17-2026 16:15:00,1.933
04-17-2026 16:30:00,1.7
04-17-2026 16:45:00,1.657
04-17-2026 17:00:00,1.186
04-17-2026 17:15:00,0.994
04-17-2026 17:30:00,0.597
04-17-2026 17:45:00,0.329
04-17-2026 18:00:00,0.167
04-17-2026 18:15:00,0.067
04-17-2026 18:30:00,0.013
04-17-2026 18:45:00,0
04-17-2026 19:00:00,0
04-17-2026 19:15:00,0
04-17-2026 19:30:00,0
04-17-2026 19:45:00,0
04-17-2026 20:00:00,0
04-17-2026 20:15:00,""
04-17-2026 20:30:00,""
04-17-2026 20:45:00,""
04-17-2026 21:00:00,""
04-17-2026 21:15:00,""
04-17-2026 21:30:00,""
04-17-2026 21:45:00,""
04-17-2026 22:00:00,""
04-17-2026 22:15:00,""
04-17-2026 22:30:00,""
04-17-2026 22:45:00,""
04-17-2026 23:00:00,""
04-17-2026 23:15:00,""
04-17-2026 23:30:00,""
04-17-2026 23:45:00,""
04-18-2026 00:00:00,""
04-18-2026 00:15:00,""
04-18-2026 00:30:00,""
04-18-2026 00:45:00,""
04-18-2026 01:00:00,""
04-18-2026 01:15:00,""
04-18-2026 01:30:00,""
04-18-2026 01:45:00,""
04-18-2026 02:00:00,""
04-18-2026 02:15:00,""
04-18-2026 02:30:00,""
04-18-2026 02:45:00,""
04-18-2026 03:00:00,""
04-18-2026 03:15:00,""
04-18-2026 03:30:00,""
04-18-2026 03:45:00,""
04-18-2026 04:00:00,""
04-18-2026 04:15:00,""
04-18-2026 04:30:00,""
04-18-2026 04:45:00,""
04-18-2026 05:00:00,""
04-18-2026 05:15:00,""
04-18-2026 05:30:00,""
04-18-2026 05:45:00,""
04-18-2026 06:00:00,""
04-18-2026 06:15:00,""
04-18-2026 06:30:00,""
04-18-2026 06:45:00,0.065
04-18-2026 07:00:00,0.146
04-18-2026 07:15:00,0.283
04-18-2026 07:30:00,0.461
04-18-2026 07:45:00,0.767
04-18-2026 08:00:00,0.78
04-18-2026 08:15:00,0.93
04-18-2026 08:30:00,1.054
04-18-2026 08:45:00,1.129
04-18-2026 09:00:00,1.541
04-18-2026 09:15:00,1.855
04-18-2026 09:30:00,1.283
04-18-2026 09:45:00,2.045
04-18-2026 10:00:00,2.375
04-18-2026 10:15:00,1.684
04-18-2026 10:30:00,2.369
04-18-2026 10:45:00,1.955
04-18-2026 11:00:00,3.109
04-18-2026 11:15:00,2.894
04-18-2026 11:30:00,2.519
04-18-2026 11:45:00,2.665
04-18-2026 12:00:00,1.78
04-18-2026 12:15:00,2.216
04-18-2026 12:30:00,3.132
04-18-2026 12:45:00,3.031
04-18-2026 13:00:00,3.482
04-18-2026 13:15:00,3.118
04-18-2026 13:30:00,2.056
04-18-2026 13:45:00,2.195
04-18-2026 14:00:00,2.3
04-18-2026 14:15:00,2.457
04-18-2026 14:30:00,2.885
04-18-2026 14:45:00,3.039
04-18-2026 15:00:00,3.064
04-18-2026 15:15:00,2.68
04-18-2026 15:30:00,4.497
04-18-2026 15:45:00,3.209
04-18-2026 16:00:00,2.631
04-18-2026 16:15:00,2.488
04-18-2026 16:30:00,1.534
04-18-2026 16:45:00,1.21
04-18-2026 17:00:00,1.088
04-18-2026 17:15:00,0.585
04-18-2026 17:30:00,0.563
04-18-2026 17:45:00,0.42
04-18-2026 18:00:00,0.219
04-18-2026 18:15:00,0.162
04-18-2026 18:30:00,0.041
04-18-2026 18:45:00,0.001
04-18-2026 19:00:00,0
04-18-2026 19:15:00,0
04-18-2026 19:30:00,0
04-18-2026 19:45:00,0
04-18-2026 20:00:00,0
04-18-2026 20:15:00,""
04-18-2026 20:30:00,""
04-18-2026 20:45:00,""
04-18-2026 21:00:00,""
04-18-2026 21:15:00,""
04-18-2026 21:30:00,""
04-18-2026 21:45:00,""
04-18-2026 22:00:00,""
04-18-2026 22:15:00,""
04-18-2026 22:30:00,""
04-18-2026 22:45:00,""
04-18-2026 23:00:00,""
04-18-2026 23:15:00,""
04-18-2026 23:30:00,""
04-18-2026 23:45:00,""
04-19-2026 00:00:00,""
04-19-2026 00:15:00,""
04-19-2026 00:30:00,""
04-19-2026 00:45:00,""
04-19-2026 01:00:00,""
04-19-2026 01:15:00,""
04-19-2026 01:30:00,""
04-19-2026 01:45:00,""
04-19-2026 02:00:00,""
04-19-2026 02:15:00,""
04-19-2026 02:30:00,""
04-19-2026 02:45:00,""
04-19-2026 03:00:00,""
04-19-2026 03:15:00,""
04-19-2026 03:30:00,""
04-19-2026 03:45:00,""
04-19-2026 04:00:00,""
04-19-2026 04:15:00,""
04-19-2026 04:30:00,""
04-19-2026 04:45:00,""
04-19-2026 05:00:00,""
04-19-2026 05:15:00,""
04-19-2026 05:30:00,""
04-19-2026 05:45:00,""
04-19-2026 06:00:00,""
04-19-2026 06:15:00,""
04-19-2026 06:30:00,""
04-19-2026 06:45:00,0.336
04-19-2026 07:00:00,0.718
04-19-2026 07:15:00,1.206
04-19-2026 07:30:00,2.256
04-19-2026 07:45:00,4.8
04-19-2026 08:00:00,4.07
04-19-2026 08:15:00,3.255
04-19-2026 08:30:00,3.927
04-19-2026 08:45:00,5.381
04-19-2026 09:00:00,5.501
04-19-2026 09:15:00,5.331
04-19-2026 09:30:00,5.904
04-19-2026 09:45:00,6.114
04-19-2026 10:00:00,6.153
04-19-2026 10:15:00,6.166
04-19-2026 10:30:00,6.378
04-19-2026 10:45:00,6.442
04-19-2026 11:00:00,6.423
04-19-2026 11:15:00,6.939
04-19-2026 11:30:00,6.735
04-19-2026 11:45:00,6.995
04-19-2026 12:00:00,7.178
04-19-2026 12:15:00,7.039
04-19-2026 12:30:00,7.081
04-19-2026 12:45:00,7.013
04-19-2026 13:00:00,6.721
04-19-2026 13:15:00,6.532
04-19-2026 13:30:00,6.16
04-19-2026 13:45:00,5.892
04-19-2026 14:00:00,5.38
04-19-2026 14:15:00,5.275
04-19-2026 14:30:00,5.304
04-19-2026 14:45:00,4.29
04-19-2026 15:00:00,3.936
04-19-2026 15:15:00,4.178
04-19-2026 15:30:00,3.381
04-19-2026 15:45:00,2.746
04-19-2026 16:00:00,2.788
04-19-2026 16:15:00,2.144
04-19-2026 16:30:00,1.705
04-19-2026 16:45:00,1.279
04-19-2026 17:00:00,0.79
04-19-2026 17:15:00,0.828
04-19-2026 17:30:00,0.664
04-19-2026 17:45:00,0.521
04-19-2026 18:00:00,0.338
04-19-2026 18:15:00,0.239
04-19-2026 18:30:00,0.091
04-19-2026 18:45:00,0.002
04-19-2026 19:00:00,0
04-19-2026 19:15:00,0
04-19-2026 19:30:00,0
04-19-2026 19:45:00,0
04-19-2026 20:00:00,0
04-19-2026 20:15:00,""
04-19-2026 20:30:00,""
04-19-2026 20:45:00,""
04-19-2026 21:00:00,""
04-19-2026 21:15:00,""
04-19-2026 21:30:00,""
04-19-2026 21:45:00,""
04-19-2026 22:00:00,""
04-19-2026 22:15:00,""
04-19-2026 22:30:00,""
04-19-2026 22:45:00,""
04-19-2026 23:00:00,""
04-19-2026 23:15:00,""
04-19-2026 23:30:00,""
04-19-2026 23:45:00,""
04-20-2026 00:00:00,""
04-20-2026 00:15:00,""
04-20-2026 00:30:00,""
04-20-2026 00:45:00,""
04-20-2026 01:00:00,""
04-20-2026 01:15:00,""
04-20-2026 01:30:00,""
04-20-2026 01:45:00,""
04-20-2026 02:00:00,""
04-20-2026 02:15:00,""
04-20-2026 02:30:00,""
04-20-2026 02:45:00,""
04-20-2026 03:00:00,""
04-20-2026 03:15:00,""
04-20-2026 03:30:00,""
04-20-2026 03:45:00,""
04-20-2026 04:00:00,""
04-20-2026 04:15:00,""
04-20-2026 04:30:00,""
04-20-2026 04:45:00,""
04-20-2026 05:00:00,""
04-20-2026 05:15:00,""
04-20-2026 05:30:00,""
04-20-2026 05:45:00,""
04-20-2026 06:00:00,""
04-20-2026 06:15:00,""
04-20-2026 06:30:00,""
04-20-2026 06:45:00,0.487
04-20-2026 07:00:00,0.75
04-20-2026 07:15:00,0.959
04-20-2026 07:30:00,1.257
04-20-2026 07:45:00,1.203
04-20-2026 08:00:00,1.83
04-20-2026 08:15:00,4.173
04-20-2026 08:30:00,4.711
04-20-2026 08:45:00,1.905
04-20-2026 09:00:00,1.729
04-20-2026 09:15:00,3.971
04-20-2026 09:30:00,4.821
04-20-2026 09:45:00,3.519
04-20-2026 10:00:00,3.06
04-20-2026 10:15:00,3.038
04-20-2026 10:30:00,3.093
04-20-2026 10:45:00,3.098
04-20-2026 11:00:00,4.47
04-20-2026 11:15:00,7.567
04-20-2026 11:30:00,6.281
04-20-2026 11:45:00,5.55
04-20-2026 12:00:00,3.318
04-20-2026 12:15:00,6.316
04-20-2026 12:30:00,5.488
04-20-2026 12:45:00,6.613
04-20-2026 13:00:00,4.786
04-20-2026 13:15:00,4.95
04-20-2026 13:30:00,5.586
04-20-2026 13:45:00,4.177
04-20-2026 14:00:00,5.033
04-20-2026 14:15:00,5.515
04-20-2026 14:30:00,4.48
04-20-2026 14:45:00,4.392
04-20-2026 15:00:00,2.581
04-20-2026 15:15:00,2.73
04-20-2026 15:30:00,4.042
04-20-2026 15:45:00,2.79
04-20-2026 16:00:00,2.359
04-20-2026 16:15:00,2.094
04-20-2026 16:30:00,1.709
04-20-2026 16:45:00,1.196
04-20-2026 17:00:00,0.742
04-20-2026 17:15:00,0.789
04-20-2026 17:30:00,0.843
04-20-2026 17:45:00,0.58
04-20-2026 18:00:00,0.25
04-20-2026 18:15:00,0.135
04-20-2026 18:30:00,0.023
04-20-2026 18:45:00,0
04-20-2026 19:00:00,0
04-20-2026 19:15:00,0
04-20-2026 19:30:00,0
04-20-2026 19:45:00,0
04-20-2026 20:00:00,0
04-20-2026 20:15:00,""
04-20-2026 20:30:00,""
04-20-2026 20:45:00,""
04-20-2026 21:00:00,""
04-20-2026 21:15:00,""
04-20-2026 21:30:00,""
04-20-2026 21:45:00,""
04-20-2026 22:00:00,""
04-20-2026 22:15:00,""
04-20-2026 22:30:00,""
04-20-2026 22:45:00,""
04-20-2026 23:00:00,""
04-20-2026 23:15:00,""
04-20-2026 23:30:00,""
04-20-2026 23:45:00,""
04-21-2026 00:00:00,""
04-21-2026 00:15:00,""
04-21-2026 00:30:00,""
04-21-2026 00:45:00,""
04-21-2026 01:00:00,""
04-21-2026 01:15:00,""
04-21-2026 01:30:00,""
04-21-2026 01:45:00,""
04-21-2026 02:00:00,""
04-21-2026 02:15:00,""
04-21-2026 02:30:00,""
04-21-2026 02:45:00,""
04-21-2026 03:00:00,""
04-21-2026 03:15:00,""
04-21-2026 03:30:00,""
04-21-2026 03:45:00,""
04-21-2026 04:00:00,""
04-21-2026 04:15:00,""
04-21-2026 04:30:00,""
04-21-2026 04:45:00,""
04-21-2026 05:00:00,""
04-21-2026 05:15:00,""
04-21-2026 05:30:00,""
04-21-2026 05:45:00,""
04-21-2026 06:00:00,""
04-21-2026 06:15:00,""
04-21-2026 06:30:00,""
04-21-2026 06:45:00,0.392
04-21-2026 07:00:00,1.109
04-21-2026 07:15:00,3.172
04-21-2026 07:30:00,3.826
04-21-2026 07:45:00,4.356
04-21-2026 08:00:00,4.798
04-21-2026 08:15:00,5.215
04-21-2026 08:30:00,5.484
04-21-2026 08:45:00,3.266
04-21-2026 09:00:00,2.357
04-21-2026 09:15:00,4.968
04-21-2026 09:30:00,7.468
04-21-2026 09:45:00,7.286
04-21-2026 10:00:00,4.797
04-21-2026 10:15:00,4.264
04-21-2026 10:30:00,6.647
04-21-2026 10:45:00,5.082
04-21-2026 11:00:00,5.315
04-21-2026 11:15:00,5.898
04-21-2026 11:30:00,2.254
04-21-2026 11:45:00,3.079
04-21-2026 12:00:00,2.781
04-21-2026 12:15:00,2.84
04-21-2026 12:30:00,2.463
04-21-2026 12:45:00,1.933
04-21-2026 13:00:00,2.19
04-21-2026 13:15:00,1.103
04-21-2026 13:30:00,0.923
04-21-2026 13:45:00,1.63
04-21-2026 14:00:00,1.827
04-21-2026 14:15:00,1.933
04-21-2026 14:30:00,2.702
04-21-2026 14:45:00,1.947
04-21-2026 15:00:00,1.528
04-21-2026 15:15:00,1.554
04-21-2026 15:30:00,2.756
04-21-2026 15:45:00,3.983
04-21-2026 16:00:00,3.641
04-21-2026 16:15:00,1.642
04-21-2026 16:30:00,0.71
04-21-2026 16:45:00,0.655
04-21-2026 17:00:00,0.482
04-21-2026 17:15:00,0.238
04-21-2026 17:30:00,0.294
04-21-2026 17:45:00,0.273
04-21-2026 18:00:00,0.085
04-21-2026 18:15:00,0.167
04-21-2026 18:30:00,0.051
04-21-2026 18:45:00,-0.001
04-21-2026 19:00:00,0
04-21-2026 19:15:00,0
04-21-2026 19:30:00,0
04-21-2026 19:45:00,0
04-21-2026 20:00:00,0
04-21-2026 20:15:00,""
04-21-2026 20:30:00,""
04-21-2026 20:45:00,""
04-21-2026 21:00:00,""
04-21-2026 21:15:00,""
04-21-2026 21:30:00,""
04-21-2026 21:45:00,""
04-21-2026 22:00:00,""
04-21-2026 22:15:00,""
04-21-2026 22:30:00,""
04-21-2026 22:45:00,""
04-21-2026 23:00:00,""
04-21-2026 23:15:00,""
04-21-2026 23:30:00,""
04-21-2026 23:45:00,""
04-22-2026 00:00:00,""
04-22-2026 00:15:00,""
04-22-2026 00:30:00,""
04-22-2026 00:45:00,""
04-22-2026 01:00:00,""
04-22-2026 01:15:00,""
04-22-2026 01:30:00,""
04-22-2026 01:45:00,""
04-22-2026 02:00:00,""
04-22-2026 02:15:00,""
04-22-2026 02:30:00,""
04-22-2026 02:45:00,""
04-22-2026 03:00:00,""
04-22-2026 03:15:00,""
04-22-2026 03:30:00,""
04-22-2026 03:45:00,""
04-22-2026 04:00:00,""
04-22-2026 04:15:00,""
04-22-2026 04:30:00,""
04-22-2026 04:45:00,""
04-22-2026 05:00:00,""
04-22-2026 05:15:00,""
04-22-2026 05:30:00,""
04-22-2026 05:45:00,""
04-22-2026 06:00:00,""
04-22-2026 06:15:00,""
04-22-2026 06:30:00,""
04-22-2026 06:45:00,0.233
04-22-2026 07:00:00,1.263
04-22-2026 07:15:00,3.57
04-22-2026 07:30:00,4.129
04-22-2026 07:45:00,4.562
04-22-2026 08:00:00,5.001
04-22-2026 08:15:00,5.419
04-22-2026 08:30:00,5.746
04-22-2026 08:45:00,5.987
04-22-2026 09:00:00,6.265
04-22-2026 09:15:00,6.506
04-22-2026 09:30:00,6.648
04-22-2026 09:45:00,7.181
04-22-2026 10:00:00,7.075
04-22-2026 10:15:00,7.299
04-22-2026 10:30:00,6.404
04-22-2026 10:45:00,6.276
04-22-2026 11:00:00,7.509
04-22-2026 11:15:00,7.672
04-22-2026 11:30:00,7.45
04-22-2026 11:45:00,7.269
04-22-2026 12:00:00,7.398
04-22-2026 12:15:00,7.316
04-22-2026 12:30:00,7.043
04-22-2026 12:45:00,6.869
04-22-2026 13:00:00,6.699
04-22-2026 13:15:00,6.553
04-22-2026 13:30:00,6.332
04-22-2026 13:45:00,6.088
04-22-2026 14:00:00,5.819
04-22-2026 14:15:00,5.499
04-22-2026 14:30:00,5.146
04-22-2026 14:45:00,4.785
04-22-2026 15:00:00,4.367
04-22-2026 15:15:00,3.967
04-22-2026 15:30:00,3.519
04-22-2026 15:45:00,3.005
04-22-2026 16:00:00,2.531
04-22-2026 16:15:00,1.98
04-22-2026 16:30:00,1.453
04-22-2026 16:45:00,0.838
04-22-2026 17:00:00,0.609
04-22-2026 17:15:00,0.372
04-22-2026 17:30:00,0.301
04-22-2026 17:45:00,0.259
04-22-2026 18:00:00,0.202
04-22-2026 18:15:00,0.116
04-22-2026 18:30:00,0.014
04-22-2026 18:45:00,-0
04-22-2026 19:00:00,0
04-22-2026 19:15:00,0
04-22-2026 19:30:00,0.006
04-22-2026 19:45:00,""
04-22-2026 20:00:00,""
04-22-2026 20:15:00,""
04-22-2026 20:30:00,""
04-22-2026 20:45:00,""
04-22-2026 21:00:00,""
04-22-2026 21:15:00,""
04-22-2026 21:30:00,""
04-22-2026 21:45:00,""
04-22-2026 22:00:00,""
04-22-2026 22:15:00,""
04-22-2026 22:30:00,""
04-22-2026 22:45:00,""
04-22-2026 23:00:00,""
04-22-2026 23:15:00,""
04-22-2026 23:30:00,""
04-22-2026 23:45:00,""
04-23-2026 00:00:00,""
04-23-2026 00:15:00,""
04-23-2026 00:30:00,""
04-23-2026 00:45:00,""
04-23-2026 01:00:00,""
04-23-2026 01:15:00,""
04-23-2026 01:30:00,""
04-23-2026 01:45:00,""
04-23-2026 02:00:00,""
04-23-2026 02:15:00,""
04-23-2026 02:30:00,""
04-23-2026 02:45:00,""
04-23-2026 03:00:00,""
04-23-2026 03:15:00,""
04-23-2026 03:30:00,""
04-23-2026 03:45:00,""
04-23-2026 04:00:00,""
04-23-2026 04:15:00,""
04-23-2026 04:30:00,""
04-23-2026 04:45:00,""
04-23-2026 05:00:00,""
04-23-2026 05:15:00,""
04-23-2026 05:30:00,""
04-23-2026 05:45:00,""
04-23-2026 06:00:00,""
04-23-2026 06:15:00,""
04-23-2026 06:30:00,""
04-23-2026 06:45:00,0.424
04-23-2026 07:00:00,0.384
04-23-2026 07:15:00,0.652
04-23-2026 07:30:00,2.564
04-23-2026 07:45:00,3.138
04-23-2026 08:00:00,1.589
04-23-2026 08:15:00,2.17
04-23-2026 08:30:00,2.897
04-23-2026 08:45:00,2.965
04-23-2026 09:00:00,5.347
04-23-2026 09:15:00,6.444
04-23-2026 09:30:00,7.654
04-23-2026 09:45:00,3.159
04-23-2026 10:00:00,1.893
04-23-2026 10:15:00,4.859
04-23-2026 10:30:00,7.785
04-23-2026 10:45:00,4.088
04-23-2026 11:00:00,6.002
04-23-2026 11:15:00,7.971
04-23-2026 11:30:00,7.895
04-23-2026 11:45:00,6.847
04-23-2026 12:00:00,6.945
04-23-2026 12:15:00,5.954
04-23-2026 12:30:00,7.269
04-23-2026 12:45:00,7.547
04-23-2026 13:00:00,6.341
04-23-2026 13:15:00,6.807
04-23-2026 13:30:00,6.323
04-23-2026 13:45:00,6.061
04-23-2026 14:00:00,6.252
04-23-2026 14:15:00,5.934
04-23-2026 14:30:00,5.136
04-23-2026 14:45:00,5.044
04-23-2026 15:00:00,4.822
04-23-2026 15:15:00,4.212
04-23-2026 15:30:00,3.683
04-23-2026 15:45:00,3.196
04-23-2026 16:00:00,2.682
04-23-2026 16:15:00,2.103
04-23-2026 16:30:00,1.517
04-23-2026 16:45:00,1.013
04-23-2026 17:00:00,0.602
04-23-2026 17:15:00,0.377
04-23-2026 17:30:00,0.308
04-23-2026 17:45:00,0.276
04-23-2026 18:00:00,0.236
04-23-2026 18:15:00,0.169
04-23-2026 18:30:00,0.066
04-23-2026 18:45:00,0.001
04-23-2026 19:00:00,0
04-23-2026 19:15:00,0
04-23-2026 19:30:00,0
04-23-2026 19:45:00,0
04-23-2026 20:00:00,0
04-23-2026 20:15:00,""
04-23-2026 20:30:00,""
04-23-2026 20:45:00,""
04-23-2026 21:00:00,""
04-23-2026 21:15:00,""
04-23-2026 21:30:00,""
04-23-2026 21:45:00,""
04-23-2026 22:00:00,""
04-23-2026 22:15:00,""
04-23-2026 22:30:00,""
04-23-2026 22:45:00,""
04-23-2026 23:00:00,""
04-23-2026 23:15:00,""
04-23-2026 23:30:00,""
04-23-2026 23:45:00,""
04-24-2026 00:00:00,""
04-24-2026 00:15:00,""
04-24-2026 00:30:00,""
04-24-2026 00:45:00,""
04-24-2026 01:00:00,""
04-24-2026 01:15:00,""
04-24-2026 01:30:00,""
04-24-2026 01:45:00,""
04-24-2026 02:00:00,""
04-24-2026 02:15:00,""
04-24-2026 02:30:00,""
04-24-2026 02:45:00,""
04-24-2026 03:00:00,""
04-24-2026 03:15:00,""
04-24-2026 03:30:00,""
04-24-2026 03:45:00,""
04-24-2026 04:00:00,""
04-24-2026 04:15:00,""
04-24-2026 04:30:00,""
04-24-2026 04:45:00,""
04-24-2026 05:00:00,""
04-24-2026 05:15:00,""
04-24-2026 05:30:00,""
04-24-2026 05:45:00,""
04-24-2026 06:00:00,""
04-24-2026 06:15:00,""
04-24-2026 06:30:00,""
04-24-2026 06:45:00,0.254
04-24-2026 07:00:00,0.438
04-24-2026 07:15:00,0.538
04-24-2026 07:30:00,0.908
04-24-2026 07:45:00,1.572
04-24-2026 08:00:00,2.314
04-24-2026 08:15:00,4.676
04-24-2026 08:30:00,3.844
04-24-2026 08:45:00,4.822
04-24-2026 09:00:00,6.398
04-24-2026 09:15:00,5.312
04-24-2026 09:30:00,7.085
04-24-2026 09:45:00,5.438
04-24-2026 10:00:00,7.421
04-24-2026 10:15:00,7.544
04-24-2026 10:30:00,7.645
04-24-2026 10:45:00,7.706
04-24-2026 11:00:00,7.73
04-24-2026 11:15:00,7.716
04-24-2026 11:30:00,7.699
04-24-2026 11:45:00,7.695
04-24-2026 12:00:00,6.484
04-24-2026 12:15:00,7.475
04-24-2026 12:30:00,7.334
04-24-2026 12:45:00,7.244
04-24-2026 13:00:00,7.014
04-24-2026 13:15:00,6.797
04-24-2026 13:30:00,6.593
04-24-2026 13:45:00,6.278
04-24-2026 14:00:00,5.975
04-24-2026 14:15:00,5.724
04-24-2026 14:30:00,5.479
04-24-2026 14:45:00,4.998
04-24-2026 15:00:00,4.506
04-24-2026 15:15:00,4.103
04-24-2026 15:30:00,3.662
04-24-2026 15:45:00,3.13
04-24-2026 16:00:00,2.636
04-24-2026 16:15:00,1.982
04-24-2026 16:30:00,1.546
04-24-2026 16:45:00,1.048
04-24-2026 17:00:00,0.656
04-24-2026 17:15:00,0.417
04-24-2026 17:30:00,0.334
04-24-2026 17:45:00,0.299
04-24-2026 18:00:00,0.238
04-24-2026 18:15:00,0.149
04-24-2026 18:30:00,0.04
04-24-2026 18:45:00,0
04-24-2026 19:00:00,0
04-24-2026 19:15:00,0
04-24-2026 19:30:00,0
04-24-2026 19:45:00,""
04-24-2026 20:00:00,0
04-24-2026 20:15:00,""
04-24-2026 20:30:00,""
04-24-2026 20:45:00,""
04-24-2026 21:00:00,""
04-24-2026 21:15:00,""
04-24-2026 21:30:00,""
04-24-2026 21:45:00,""
04-24-2026 22:00:00,""
04-24-2026 22:15:00,""
04-24-2026 22:30:00,""
04-24-2026 22:45:00,""
04-24-2026 23:00:00,""
04-24-2026 23:15:00,""
04-24-2026 23:30:00,""
04-24-2026 23:45:00,""
04-25-2026 00:00:00,""
04-25-2026 00:15:00,""
04-25-2026 00:30:00,""
04-25-2026 00:45:00,""
04-25-2026 01:00:00,""
04-25-2026 01:15:00,""
04-25-2026 01:30:00,""
04-25-2026 01:45:00,""
04-25-2026 02:00:00,""
04-25-2026 02:15:00,""
04-25-2026 02:30:00,""
04-25-2026 02:45:00,""
04-25-2026 03:00:00,""
04-25-2026 03:15:00,""
04-25-2026 03:30:00,""
04-25-2026 03:45:00,""
04-25-2026 04:00:00,""
04-25-2026 04:15:00,""
04-25-2026 04:30:00,""
04-25-2026 04:45:00,""
04-25-2026 05:00:00,""
04-25-2026 05:15:00,""
04-25-2026 05:30:00,""
04-25-2026 05:45:00,""
04-25-2026 06:00:00,""
04-25-2026 06:15:00,""
04-25-2026 06:30:00,""
04-25-2026 06:45:00,0.412
04-25-2026 07:00:00,0.849
04-25-2026 07:15:00,0.885
04-25-2026 07:30:00,2.034
04-25-2026 07:45:00,4.569
04-25-2026 08:00:00,4.673
04-25-2026 08:15:00,4.593
04-25-2026 08:30:00,2.561
04-25-2026 08:45:00,6.371
04-25-2026 09:00:00,6.846
04-25-2026 09:15:00,6.954
04-25-2026 09:30:00,7.169
04-25-2026 09:45:00,7.366
04-25-2026 10:00:00,7.481
04-25-2026 10:15:00,7.615
04-25-2026 10:30:00,7.709
04-25-2026 10:45:00,7.721
04-25-2026 11:00:00,7.793
04-25-2026 11:15:00,7.842
04-25-2026 11:30:00,7.749
04-25-2026 11:45:00,7.704
04-25-2026 12:00:00,7.69
04-25-2026 12:15:00,7.537
04-25-2026 12:30:00,7.421
04-25-2026 12:45:00,7.268
04-25-2026 13:00:00,7.167
04-25-2026 13:15:00,6.958
04-25-2026 13:30:00,6.729
04-25-2026 13:45:00,6.267
04-25-2026 14:00:00,""
04-25-2026 14:15:00,""
04-25-2026 14:30:00,""
04-25-2026 14:45:00,""
04-25-2026 15:00:00,""
04-25-2026 15:15:00,""
04-25-2026 15:30:00,3.525
04-25-2026 15:45:00,3.185
04-25-2026 16:00:00,2.675
04-25-2026 16:15:00,2.146
04-25-2026 16:30:00,1.593
04-25-2026 16:45:00,1.094
04-25-2026 17:00:00,0.704
04-25-2026 17:15:00,0.453
04-25-2026 17:30:00,0.374
04-25-2026 17:45:00,0.33
04-25-2026 18:00:00,0.256
04-25-2026 18:15:00,0.18
04-25-2026 18:30:00,0.055
04-25-2026 18:45:00,-0.002
04-25-2026 19:00:00,0
04-25-2026 19:15:00,0
04-25-2026 19:30:00,0
04-25-2026 19:45:00,0
04-25-2026 20:00:00,0
04-25-2026 20:15:00,""
04-25-2026 20:30:00,""
04-25-2026 20:45:00,""
04-25-2026 21:00:00,""
04-25-2026 21:15:00,""
04-25-2026 21:30:00,""
04-25-2026 21:45:00,""
04-25-2026 22:00:00,""
04-25-2026 22:15:00,""
04-25-2026 22:30:00,""
04-25-2026 22:45:00,""
04-25-2026 23:00:00,""
04-25-2026 23:15:00,""
04-25-2026 23:30:00,""
04-25-2026 23:45:00,""
04-26-2026 00:00:00,""
04-26-2026 00:15:00,""
04-26-2026 00:30:00,""
04-26-2026 00:45:00,""
04-26-2026 01:00:00,""
04-26-2026 01:15:00,""
04-26-2026 01:30:00,""
04-26-2026 01:45:00,""
04-26-2026 02:00:00,""
04-26-2026 02:15:00,""
04-26-2026 02:30:00,""
04-26-2026 02:45:00,""
04-26-2026 03:00:00,""
04-26-2026 03:15:00,""
04-26-2026 03:30:00,""
04-26-2026 03:45:00,""
04-26-2026 04:00:00,""
04-26-2026 04:15:00,""
04-26-2026 04:30:00,""
04-26-2026 04:45:00,""
04-26-2026 05:00:00,""
04-26-2026 05:15:00,""
04-26-2026 05:30:00,""
04-26-2026 05:45:00,""
04-26-2026 06:00:00,""
04-26-2026 06:15:00,""
04-26-2026 06:30:00,0.204
04-26-2026 06:45:00,0.448
04-26-2026 07:00:00,1.854
04-26-2026 07:15:00,3.28
04-26-2026 07:30:00,2.708
04-26-2026 07:45:00,4.29
04-26-2026 08:00:00,3.267
04-26-2026 08:15:00,1.592
04-26-2026 08:30:00,5.139
04-26-2026 08:45:00,5.815
04-26-2026 09:00:00,6.574
04-26-2026 09:15:00,6.913
04-26-2026 09:30:00,7.057
04-26-2026 09:45:00,7.314
04-26-2026 10:00:00,7.431
04-26-2026 10:15:00,7.609
04-26-2026 10:30:00,7.641
04-26-2026 10:45:00,7.822
04-26-2026 11:00:00,8.432
04-26-2026 11:15:00,7.871
04-26-2026 11:30:00,6.062
04-26-2026 11:45:00,6.679
04-26-2026 12:00:00,6.057
04-26-2026 12:15:00,6.125
04-26-2026 12:30:00,6.971
04-26-2026 12:45:00,7.167
04-26-2026 13:00:00,7.075
04-26-2026 13:15:00,6.965
04-26-2026 13:30:00,6.707
04-26-2026 13:45:00,6.437
04-26-2026 14:00:00,6.112
04-26-2026 14:15:00,5.807
04-26-2026 14:30:00,5.45
04-26-2026 14:45:00,5.16
04-26-2026 15:00:00,4.715
04-26-2026 15:15:00,4.147
04-26-2026 15:30:00,3.855
04-26-2026 15:45:00,3.271
04-26-2026 16:00:00,2.9
04-26-2026 16:15:00,2.636
04-26-2026 16:30:00,1.151
04-26-2026 16:45:00,0.681
04-26-2026 17:00:00,0.463
04-26-2026 17:15:00,0.463
04-26-2026 17:30:00,0.653
04-26-2026 17:45:00,0.478
04-26-2026 18:00:00,0.352
04-26-2026 18:15:00,0.141
04-26-2026 18:30:00,0.046
04-26-2026 18:45:00,-0.014
04-26-2026 19:00:00,0
04-26-2026 19:15:00,0
04-26-2026 19:30:00,0
04-26-2026 19:45:00,0
04-26-2026 20:00:00,0
04-26-2026 20:15:00,""
04-26-2026 20:30:00,""
04-26-2026 20:45:00,""
04-26-2026 21:00:00,""
04-26-2026 21:15:00,""
04-26-2026 21:30:00,""
04-26-2026 21:45:00,""
04-26-2026 22:00:00,""
04-26-2026 22:15:00,""
04-26-2026 22:30:00,""
04-26-2026 22:45:00,""
04-26-2026 23:00:00,""
04-26-2026 23:15:00,""
04-26-2026 23:30:00,""
04-26-2026 23:45:00,""
04-27-2026 00:00:00,""
04-27-2026 00:15:00,""
04-27-2026 00:30:00,""
04-27-2026 00:45:00,""
04-27-2026 01:00:00,""
04-27-2026 01:15:00,""
04-27-2026 01:30:00,""
04-27-2026 01:45:00,""
04-27-2026 02:00:00,""
04-27-2026 02:15:00,""
04-27-2026 02:30:00,""
04-27-2026 02:45:00,""
04-27-2026 03:00:00,""
04-27-2026 03:15:00,""
04-27-2026 03:30:00,""
04-27-2026 03:45:00,""
04-27-2026 04:00:00,""
04-27-2026 04:15:00,""
04-27-2026 04:30:00,""
04-27-2026 04:45:00,""
04-27-2026 05:00:00,""
04-27-2026 05:15:00,""
04-27-2026 05:30:00,""
04-27-2026 05:45:00,""
04-27-2026 06:00:00,""
04-27-2026 06:15:00,""
04-27-2026 06:30:00,0.243
04-27-2026 06:45:00,0.403
04-27-2026 07:00:00,2.007
04-27-2026 07:15:00,2.101
04-27-2026 07:30:00,3.801
04-27-2026 07:45:00,4.706
04-27-2026 08:00:00,5.175
04-27-2026 08:15:00,5.595
04-27-2026 08:30:00,5.935
04-27-2026 08:45:00,6.272
04-27-2026 09:00:00,6.547
04-27-2026 09:15:00,6.805
04-27-2026 09:30:00,7.045
04-27-2026 09:45:00,7.248
04-27-2026 10:00:00,7.396
04-27-2026 10:15:00,7.569
04-27-2026 10:30:00,7.732
04-27-2026 10:45:00,7.706
04-27-2026 11:00:00,7.795
04-27-2026 11:15:00,7.743
04-27-2026 11:30:00,7.835
04-27-2026 11:45:00,7.087
04-27-2026 12:00:00,7.492
04-27-2026 12:15:00,7.322
04-27-2026 12:30:00,7.497
04-27-2026 12:45:00,7.263
04-27-2026 13:00:00,7.037
04-27-2026 13:15:00,5.578
04-27-2026 13:30:00,6.162
04-27-2026 13:45:00,6.016
04-27-2026 14:00:00,6.17
04-27-2026 14:15:00,5.842
04-27-2026 14:30:00,5.27
04-27-2026 14:45:00,3.858
04-27-2026 15:00:00,4.535
04-27-2026 15:15:00,4.915
04-27-2026 15:30:00,4.185
04-27-2026 15:45:00,3.68
04-27-2026 16:00:00,3.237
04-27-2026 16:15:00,2.343
04-27-2026 16:30:00,2.089
04-27-2026 16:45:00,1.484
04-27-2026 17:00:00,1.183
04-27-2026 17:15:00,1.3
04-27-2026 17:30:00,1.22
04-27-2026 17:45:00,1.003
04-27-2026 18:00:00,0.591
04-27-2026 18:15:00,0.255
04-27-2026 18:30:00,0.064
04-27-2026 18:45:00,-0
04-27-2026 19:00:00,0
04-27-2026 19:15:00,0
04-27-2026 19:30:00,0
04-27-2026 19:45:00,0
04-27-2026 20:00:00,0
04-27-2026 20:15:00,0.005
04-27-2026 20:30:00,""
04-27-2026 20:45:00,""
04-27-2026 21:00:00,""
04-27-2026 21:15:00,""
04-27-2026 21:30:00,""
04-27-2026 21:45:00,""
04-27-2026 22:00:00,""
04-27-2026 22:15:00,""
04-27-2026 22:30:00,""
04-27-2026 22:45:00,""
04-27-2026 23:00:00,""
04-27-2026 23:15:00,""
04-27-2026 23:30:00,""
04-27-2026 23:45:00,""
04-28-2026 00:00:00,""
04-28-2026 00:15:00,""
04-28-2026 00:30:00,""
04-28-2026 00:45:00,""
04-28-2026 01:00:00,""
04-28-2026 01:15:00,""
04-28-2026 01:30:00,""
04-28-2026 01:45:00,""
04-28-2026 02:00:00,""
04-28-2026 02:15:00,""
04-28-2026 02:30:00,""
04-28-2026 02:45:00,""
04-28-2026 03:00:00,""
04-28-2026 03:15:00,""
04-28-2026 03:30:00,""
04-28-2026 03:45:00,""
04-28-2026 04:00:00,""
04-28-2026 04:15:00,""
04-28-2026 04:30:00,""
04-28-2026 04:45:00,""
04-28-2026 05:00:00,""
04-28-2026 05:15:00,""
04-28-2026 05:30:00,""
04-28-2026 05:45:00,""
04-28-2026 06:00:00,""
04-28-2026 06:15:00,""
04-28-2026 06:30:00,0.287
04-28-2026 06:45:00,0.452
04-28-2026 07:00:00,0.669
04-28-2026 07:15:00,1.338
04-28-2026 07:30:00,1.88
04-28-2026 07:45:00,4.915
04-28-2026 08:00:00,3.766
04-28-2026 08:15:00,5.653
04-28-2026 08:30:00,5.018
04-28-2026 08:45:00,6.137
04-28-2026 09:00:00,4.308
04-28-2026 09:15:00,5.873
04-28-2026 09:30:00,4.853
04-28-2026 09:45:00,5.368
04-28-2026 10:00:00,6.921
04-28-2026 10:15:00,6.823
04-28-2026 10:30:00,5.965
04-28-2026 10:45:00,6.384
04-28-2026 11:00:00,4.513
04-28-2026 11:15:00,7.957
04-28-2026 11:30:00,3.758
04-28-2026 11:45:00,2.698
04-28-2026 12:00:00,2.885
04-28-2026 12:15:00,2.389
04-28-2026 12:30:00,4.74
04-28-2026 12:45:00,7.868
04-28-2026 13:00:00,6.222
04-28-2026 13:15:00,7.082
04-28-2026 13:30:00,6.816
04-28-2026 13:45:00,6.565
04-28-2026 14:00:00,6.251
04-28-2026 14:15:00,5.892
04-28-2026 14:30:00,5.491
04-28-2026 14:45:00,5.114
04-28-2026 15:00:00,4.686
04-28-2026 15:15:00,4.293
04-28-2026 15:30:00,3.58
04-28-2026 15:45:00,3.253
04-28-2026 16:00:00,2.756
04-28-2026 16:15:00,2.184
04-28-2026 16:30:00,1.541
04-28-2026 16:45:00,1.205
04-28-2026 17:00:00,0.832
04-28-2026 17:15:00,0.495
04-28-2026 17:30:00,0.412
04-28-2026 17:45:00,0.422
04-28-2026 18:00:00,0.455
04-28-2026 18:15:00,0.534
04-28-2026 18:30:00,0.25
04-28-2026 18:45:00,0.016
04-28-2026 19:00:00,0
04-28-2026 19:15:00,0
04-28-2026 19:30:00,0
04-28-2026 19:45:00,0
04-28-2026 20:00:00,0
04-28-2026 20:15:00,0.003
04-28-2026 20:30:00,""
04-28-2026 20:45:00,""
04-28-2026 21:00:00,""
04-28-2026 21:15:00,""
04-28-2026 21:30:00,""
04-28-2026 21:45:00,""
04-28-2026 22:00:00,""
04-28-2026 22:15:00,""
04-28-2026 22:30:00,""
04-28-2026 22:45:00,""
04-28-2026 23:00:00,""
04-28-2026 23:15:00,""
04-28-2026 23:30:00,""
04-28-2026 23:45:00,""
04-29-2026 00:00:00,""
04-29-2026 00:15:00,""
04-29-2026 00:30:00,""
04-29-2026 00:45:00,""
04-29-2026 01:00:00,""
04-29-2026 01:15:00,""
04-29-2026 01:30:00,""
04-29-2026 01:45:00,""
04-29-2026 02:00:00,""
04-29-2026 02:15:00,""
04-29-2026 02:30:00,""
04-29-2026 02:45:00,""
04-29-2026 03:00:00,""
04-29-2026 03:15:00,""
04-29-2026 03:30:00,""
04-29-2026 03:45:00,""
04-29-2026 04:00:00,""
04-29-2026 04:15:00,""
04-29-2026 04:30:00,""
04-29-2026 04:45:00,""
04-29-2026 05:00:00,""
04-29-2026 05:15:00,""
04-29-2026 05:30:00,""
04-29-2026 05:45:00,""
04-29-2026 06:00:00,""
04-29-2026 06:15:00,""
04-29-2026 06:30:00,0.169
04-29-2026 06:45:00,0.465
04-29-2026 07:00:00,0.724
04-29-2026 07:15:00,0.734
04-29-2026 07:30:00,0.98
04-29-2026 07:45:00,1.313
04-29-2026 08:00:00,2.16
04-29-2026 08:15:00,1.787
04-29-2026 08:30:00,2.932
04-29-2026 08:45:00,2.394
04-29-2026 09:00:00,3.816
04-29-2026 09:15:00,2.044
04-29-2026 09:30:00,3.339
04-29-2026 09:45:00,5.487
04-29-2026 10:00:00,6.753
04-29-2026 10:15:00,4.737
04-29-2026 10:30:00,5.574
04-29-2026 10:45:00,5.607
04-29-2026 11:00:00,1.878
04-29-2026 11:15:00,5.698
04-29-2026 11:30:00,4.121
04-29-2026 11:45:00,4.392
04-29-2026 12:00:00,2.876
04-29-2026 12:15:00,3.048
04-29-2026 12:30:00,4.857
04-29-2026 12:45:00,3.415
04-29-2026 13:00:00,2.548
04-29-2026 13:15:00,2.582
04-29-2026 13:30:00,2.42
04-29-2026 13:45:00,2.755
04-29-2026 14:00:00,3.382
04-29-2026 14:15:00,3.922
04-29-2026 14:30:00,3.145
04-29-2026 14:45:00,2.041
04-29-2026 15:00:00,1.448
04-29-2026 15:15:00,2.311
04-29-2026 15:30:00,2.856
04-29-2026 15:45:00,1.474
04-29-2026 16:00:00,1.652
04-29-2026 16:15:00,1.398
04-29-2026 16:30:00,1.233
04-29-2026 16:45:00,1.797
04-29-2026 17:00:00,0.987
04-29-2026 17:15:00,0.68
04-29-2026 17:30:00,0.481
04-29-2026 17:45:00,0.692
04-29-2026 18:00:00,0.48
04-29-2026 18:15:00,0.062
04-29-2026 18:30:00,-0.001
04-29-2026 18:45:00,0
04-29-2026 19:00:00,0
04-29-2026 19:15:00,0
04-29-2026 19:30:00,0
04-29-2026 19:45:00,0
04-29-2026 20:00:00,0
04-29-2026 20:15:00,0.002
04-29-2026 20:30:00,""
04-29-2026 20:45:00,""
04-29-2026 21:00:00,""
04-29-2026 21:15:00,""
04-29-2026 21:30:00,""
04-29-2026 21:45:00,""
04-29-2026 22:00:00,""
04-29-2026 22:15:00,""
04-29-2026 22:30:00,""
04-29-2026 22:45:00,""
04-29-2026 23:00:00,""
04-29-2026 23:15:00,""
04-29-2026 23:30:00,""
04-29-2026 23:45:00,""
04-30-2026 00:00:00,""
04-30-2026 00:15:00,""
04-30-2026 00:30:00,""
04-30-2026 00:45:00,""
04-30-2026 01:00:00,""
04-30-2026 01:15:00,""
04-30-2026 01:30:00,""
04-30-2026 01:45:00,""
04-30-2026 02:00:00,""
04-30-2026 02:15:00,""
04-30-2026 02:30:00,""
04-30-2026 02:45:00,""
04-30-2026 03:00:00,""
04-30-2026 03:15:00,""
04-30-2026 03:30:00,""
04-30-2026 03:45:00,""
04-30-2026 04:00:00,""
04-30-2026 04:15:00,""
04-30-2026 04:30:00,""
04-30-2026 04:45:00,""
04-30-2026 05:00:00,""
04-30-2026 05:15:00,""
04-30-2026 05:30:00,""
04-30-2026 05:45:00,""
04-30-2026 06:00:00,""
04-30-2026 06:15:00,""
04-30-2026 06:30:00,0.141
04-30-2026 06:45:00,0.199
04-30-2026 07:00:00,0.543
04-30-2026 07:15:00,0.41
04-30-2026 07:30:00,0.882
04-30-2026 07:45:00,3.004
04-30-2026 08:00:00,2.914
04-30-2026 08:15:00,3.54
04-30-2026 08:30:00,2.821
04-30-2026 08:45:00,1.92
04-30-2026 09:00:00,5.146
04-30-2026 09:15:00,2.972
04-30-2026 09:30:00,2.205
04-30-2026 09:45:00,2.152
04-30-2026 10:00:00,4.446
04-30-2026 10:15:00,3.908
04-30-2026 10:30:00,5.52
04-30-2026 10:45:00,5.438
04-30-2026 11:00:00,5.848
04-30-2026 11:15:00,4.504
04-30-2026 11:30:00,3.427
04-30-2026 11:45:00,3.699
04-30-2026 12:00:00,5.433
04-30-2026 12:15:00,4.724
04-30-2026 12:30:00,3.032
04-30-2026 12:45:00,2.734
04-30-2026 13:00:00,3.886
04-30-2026 13:15:00,4.171
04-30-2026 13:30:00,2.848
04-30-2026 13:45:00,2.585
04-30-2026 14:00:00,2.411
04-30-2026 14:15:00,2.279
04-30-2026 14:30:00,3.352
04-30-2026 14:45:00,3.49
04-30-2026 15:00:00,2.832
04-30-2026 15:15:00,3.65
04-30-2026 15:30:00,3.013
04-30-2026 15:45:00,3.616
04-30-2026 16:00:00,2.25
04-30-2026 16:15:00,1.954
04-30-2026 16:30:00,1.374
04-30-2026 16:45:00,1.284
04-30-2026 17:00:00,0.984
04-30-2026 17:15:00,0.665
04-30-2026 17:30:00,0.838
04-30-2026 17:45:00,0.732
04-30-2026 18:00:00,0.516
04-30-2026 18:15:00,0.294
04-30-2026 18:30:00,0.103
04-30-2026 18:45:00,-0.001
04-30-2026 19:00:00,0
04-30-2026 19:15:00,0
04-30-2026 19:30:00,0
04-30-2026 19:45:00,0
04-30-2026 20:00:00,0
04-30-2026 20:15:00,0.004
04-30-2026 20:30:00,""
04-30-2026 20:45:00,""
04-30-2026 21:00:00,""
04-30-2026 21:15:00,""
04-30-2026 21:30:00,""
04-30-2026 21:45:00,""
04-30-2026 22:00:00,""
04-30-2026 22:15:00,""
04-30-2026 22:30:00,""
04-30-2026 22:45:00,""
04-30-2026 23:00:00,""
04-30-2026 23:15:00,""
04-30-2026 23:30:00,""
04-30-2026 23:45:00,""
05-01-2026 00:00:00,""
05-01-2026 00:15:00,""
05-01-2026 00:30:00,""
05-01-2026 00:45:00,""
05-01-2026 01:00:00,""
05-01-2026 01:15:00,""
05-01-2026 01:30:00,""
05-01-2026 01:45:00,""
05-01-2026 02:00:00,""
05-01-2026 02:15:00,""
05-01-2026 02:30:00,""
05-01-2026 02:45:00,""
05-01-2026 03:00:00,""
05-01-2026 03:15:00,""
05-01-2026 03:30:00,""
05-01-2026 03:45:00,""
05-01-2026 04:00:00,""
05-01-2026 04:15:00,""
05-01-2026 04:30:00,""
05-01-2026 04:45:00,""
05-01-2026 05:00:00,""
05-01-2026 05:15:00,""
05-01-2026 05:30:00,""
05-01-2026 05:45:00,""
05-01-2026 06:00:00,""
05-01-2026 06:15:00,""
05-01-2026 06:30:00,0.201
05-01-2026 06:45:00,0.166
05-01-2026 07:00:00,0.529
05-01-2026 07:15:00,1.565
05-01-2026 07:30:00,0.654
05-01-2026 07:45:00,0.746
05-01-2026 08:00:00,1.185
05-01-2026 08:15:00,1.526
05-01-2026 08:30:00,1.069
05-01-2026 08:45:00,2.337
05-01-2026 09:00:00,3.438
05-01-2026 09:15:00,1.902
05-01-2026 09:30:00,2.242
05-01-2026 09:45:00,4.011
05-01-2026 10:00:00,3.308
05-01-2026 10:15:00,2.075
05-01-2026 10:30:00,4.638
05-01-2026 10:45:00,3.143
05-01-2026 11:00:00,7.462
05-01-2026 11:15:00,5.545
05-01-2026 11:30:00,3.872
05-01-2026 11:45:00,4.377
05-01-2026 12:00:00,5.237
05-01-2026 12:15:00,3.591
05-01-2026 12:30:00,5.565
05-01-2026 12:45:00,3.06
05-01-2026 13:00:00,3.274
05-01-2026 13:15:00,5.53
05-01-2026 13:30:00,3.444
05-01-2026 13:45:00,1.935
05-01-2026 14:00:00,3.804
05-01-2026 14:15:00,5.378
05-01-2026 14:30:00,2.836
05-01-2026 14:45:00,3.403
05-01-2026 15:00:00,3.529
05-01-2026 15:15:00,3.22
05-01-2026 15:30:00,2.837
05-01-2026 15:45:00,4.128
05-01-2026 16:00:00,3.549
05-01-2026 16:15:00,1.814
05-01-2026 16:30:00,1.717
05-01-2026 16:45:00,1.473
05-01-2026 17:00:00,0.956
05-01-2026 17:15:00,0.537
05-01-2026 17:30:00,0.43
05-01-2026 17:45:00,0.45
05-01-2026 18:00:00,0.325
05-01-2026 18:15:00,0.26
05-01-2026 18:30:00,0.125
05-01-2026 18:45:00,0.007
05-01-2026 19:00:00,0
05-01-2026 19:15:00,0
05-01-2026 19:30:00,0
05-01-2026 19:45:00,0
05-01-2026 20:00:00,0
05-01-2026 20:15:00,0.003
05-01-2026 20:30:00,""
05-01-2026 20:45:00,""
05-01-2026 21:00:00,""
05-01-2026 21:15:00,""
05-01-2026 21:30:00,""
05-01-2026 21:45:00,""
05-01-2026 22:00:00,""
05-01-2026 22:15:00,""
05-01-2026 22:30:00,""
05-01-2026 22:45:00,""
05-01-2026 23:00:00,""
05-01-2026 23:15:00,""
05-01-2026 23:30:00,""
05-01-2026 23:45:00,""
05-02-2026 00:00:00,""
05-02-2026 00:15:00,""
05-02-2026 00:30:00,""
05-02-2026 00:45:00,""
05-02-2026 01:00:00,""
05-02-2026 01:15:00,""
05-02-2026 01:30:00,""
05-02-2026 01:45:00,""
05-02-2026 02:00:00,""
05-02-2026 02:15:00,""
05-02-2026 02:30:00,""
05-02-2026 02:45:00,""
05-02-2026 03:00:00,""
05-02-2026 03:15:00,""
05-02-2026 03:30:00,""
05-02-2026 03:45:00,""
05-02-2026 04:00:00,""
05-02-2026 04:15:00,""
05-02-2026 04:30:00,""
05-02-2026 04:45:00,""
05-02-2026 05:00:00,""
05-02-2026 05:15:00,""
05-02-2026 05:30:00,""
05-02-2026 05:45:00,""
05-02-2026 06:00:00,""
05-02-2026 06:15:00,""
05-02-2026 06:30:00,0.167
05-02-2026 06:45:00,0.515
05-02-2026 07:00:00,1.637
05-02-2026 07:15:00,2.877
05-02-2026 07:30:00,3.326
05-02-2026 07:45:00,3.268
05-02-2026 08:00:00,3.835
05-02-2026 08:15:00,4.824
05-02-2026 08:30:00,5.799
05-02-2026 08:45:00,6.597
05-02-2026 09:00:00,6.954
05-02-2026 09:15:00,6.89
05-02-2026 09:30:00,7.29
05-02-2026 09:45:00,7.512
05-02-2026 10:00:00,7.65
05-02-2026 10:15:00,7.857
05-02-2026 10:30:00,7.927
05-02-2026 10:45:00,7.922
05-02-2026 11:00:00,7.965
05-02-2026 11:15:00,7.926
05-02-2026 11:30:00,7.98
05-02-2026 11:45:00,7.926
05-02-2026 12:00:00,7.858
05-02-2026 12:15:00,7.778
05-02-2026 12:30:00,7.569
05-02-2026 12:45:00,7.499
05-02-2026 13:00:00,7.632
05-02-2026 13:15:00,6.798
05-02-2026 13:30:00,6.927
05-02-2026 13:45:00,6.768
05-02-2026 14:00:00,6.222
05-02-2026 14:15:00,5.962
05-02-2026 14:30:00,5.788
05-02-2026 14:45:00,5.491
05-02-2026 15:00:00,4.558
05-02-2026 15:15:00,4.504
05-02-2026 15:30:00,3.223
05-02-2026 15:45:00,3.342
05-02-2026 16:00:00,3.212
05-02-2026 16:15:00,2.236
05-02-2026 16:30:00,1.873
05-02-2026 16:45:00,1.442
05-02-2026 17:00:00,0.98
05-02-2026 17:15:00,0.698
05-02-2026 17:30:00,0.714
05-02-2026 17:45:00,0.594
05-02-2026 18:00:00,0.366
05-02-2026 18:15:00,0.229
05-02-2026 18:30:00,0.07
05-02-2026 18:45:00,0.002
05-02-2026 19:00:00,0
05-02-2026 19:15:00,0
05-02-2026 19:30:00,0
05-02-2026 19:45:00,0
05-02-2026 20:00:00,0
05-02-2026 20:15:00,0.003
05-02-2026 20:30:00,""
05-02-2026 20:45:00,""
05-02-2026 21:00:00,""
05-02-2026 21:15:00,""
05-02-2026 21:30:00,""
05-02-2026 21:45:00,""
05-02-2026 22:00:00,""
05-02-2026 22:15:00,""
05-02-2026 22:30:00,""
05-02-2026 22:45:00,""
05-02-2026 23:00:00,""
05-02-2026 23:15:00,""
05-02-2026 23:30:00,""
05-02-2026 23:45:00,""
05-03-2026 00:00:00,""
05-03-2026 00:15:00,""
05-03-2026 00:30:00,""
05-03-2026 00:45:00,""
05-03-2026 01:00:00,""
05-03-2026 01:15:00,""
05-03-2026 01:30:00,""
05-03-2026 01:45:00,""
05-03-2026 02:00:00,""
05-03-2026 02:15:00,""
05-03-2026 02:30:00,""
05-03-2026 02:45:00,""
05-03-2026 03:00:00,""
05-03-2026 03:15:00,""
05-03-2026 03:30:00,""
05-03-2026 03:45:00,""
05-03-2026 04:00:00,""
05-03-2026 04:15:00,""
05-03-2026 04:30:00,""
05-03-2026 04:45:00,""
05-03-2026 05:00:00,""
05-03-2026 05:15:00,""
05-03-2026 05:30:00,""
05-03-2026 05:45:00,""
05-03-2026 06:00:00,""
05-03-2026 06:15:00,""
05-03-2026 06:30:00,0.168
05-03-2026 06:45:00,0.194
05-03-2026 07:00:00,0.222
05-03-2026 07:15:00,0.612
05-03-2026 07:30:00,1.759
05-03-2026 07:45:00,2.53
05-03-2026 08:00:00,4.837
05-03-2026 08:15:00,6.018
05-03-2026 08:30:00,6.201
05-03-2026 08:45:00,6.18
05-03-2026 09:00:00,3.595
05-03-2026 09:15:00,3.318
05-03-2026 09:30:00,4.131
05-03-2026 09:45:00,6.134
05-03-2026 10:00:00,8.024
05-03-2026 10:15:00,8.246
05-03-2026 10:30:00,8.387
05-03-2026 10:45:00,8.475
05-03-2026 11:00:00,7.568
05-03-2026 11:15:00,8.11
05-03-2026 11:30:00,8.121
05-03-2026 11:45:00,7.946
05-03-2026 12:00:00,7.765
05-03-2026 12:15:00,7.337
05-03-2026 12:30:00,7.182
05-03-2026 12:45:00,7.516
05-03-2026 13:00:00,7.393
05-03-2026 13:15:00,6.93
05-03-2026 13:30:00,6.855
05-03-2026 13:45:00,6.457
05-03-2026 14:00:00,6.134
05-03-2026 14:15:00,5.827
05-03-2026 14:30:00,5.504
05-03-2026 14:45:00,5.141
05-03-2026 15:00:00,4.729
05-03-2026 15:15:00,4.33
05-03-2026 15:30:00,3.904
05-03-2026 15:45:00,3.471
05-03-2026 16:00:00,3.289
05-03-2026 16:15:00,1.972
05-03-2026 16:30:00,2.257
05-03-2026 16:45:00,1.92
05-03-2026 17:00:00,1.461
05-03-2026 17:15:00,0.85
05-03-2026 17:30:00,0.943
05-03-2026 17:45:00,0.535
05-03-2026 18:00:00,0.346
05-03-2026 18:15:00,0.202
05-03-2026 18:30:00,0.04
05-03-2026 18:45:00,-0.004
05-03-2026 19:00:00,0
05-03-2026 19:15:00,0
05-03-2026 19:30:00,0
05-03-2026 19:45:00,0
05-03-2026 20:00:00,0
05-03-2026 20:15:00,0.003
05-03-2026 20:30:00,""
05-03-2026 20:45:00,""
05-03-2026 21:00:00,""
05-03-2026 21:15:00,""
05-03-2026 21:30:00,""
05-03-2026 21:45:00,""
05-03-2026 22:00:00,""
05-03-2026 22:15:00,""
05-03-2026 22:30:00,""
05-03-2026 22:45:00,""
05-03-2026 23:00:00,""
05-03-2026 23:15:00,""
05-03-2026 23:30:00,""
05-03-2026 23:45:00,""
05-04-2026 00:00:00,""
05-04-2026 00:15:00,""
05-04-2026 00:30:00,""
05-04-2026 00:45:00,""
05-04-2026 01:00:00,""
05-04-2026 01:15:00,""
05-04-2026 01:30:00,""
05-04-2026 01:45:00,""
05-04-2026 02:00:00,""
05-04-2026 02:15:00,""
05-04-2026 02:30:00,""
05-04-2026 02:45:00,""
05-04-2026 03:00:00,""
05-04-2026 03:15:00,""
05-04-2026 03:30:00,""
05-04-2026 03:45:00,""
05-04-2026 04:00:00,""
05-04-2026 04:15:00,""
05-04-2026 04:30:00,""
05-04-2026 04:45:00,""
05-04-2026 05:00:00,""
05-04-2026 05:15:00,""
05-04-2026 05:30:00,""
05-04-2026 05:45:00,""
05-04-2026 06:00:00,""
05-04-2026 06:15:00,""
05-04-2026 06:30:00,0.145
05-04-2026 06:45:00,0.194
05-04-2026 07:00:00,1.046
05-04-2026 07:15:00,2.773
05-04-2026 07:30:00,4.457
05-04-2026 07:45:00,4.99
05-04-2026 08:00:00,5.461
05-04-2026 08:15:00,5.886
05-04-2026 08:30:00,6.247
05-04-2026 08:45:00,6.577
05-04-2026 09:00:00,6.905
05-04-2026 09:15:00,7.15
05-04-2026 09:30:00,7.337
05-04-2026 09:45:00,7.52
05-04-2026 10:00:00,7.548
05-04-2026 10:15:00,7.675
05-04-2026 10:30:00,7.774
05-04-2026 10:45:00,7.821
05-04-2026 11:00:00,7.797
05-04-2026 11:15:00,7.808
05-04-2026 11:30:00,7.756
05-04-2026 11:45:00,7.738
05-04-2026 12:00:00,7.678
05-04-2026 12:15:00,7.505
05-04-2026 12:30:00,7.439
05-04-2026 12:45:00,7.32
05-04-2026 13:00:00,7.164
05-04-2026 13:15:00,6.901
05-04-2026 13:30:00,6.716
05-04-2026 13:45:00,6.417
05-04-2026 14:00:00,6.13
05-04-2026 14:15:00,5.787
05-04-2026 14:30:00,5.429
05-04-2026 14:45:00,5.065
05-04-2026 15:00:00,4.676
05-04-2026 15:15:00,4.236
05-04-2026 15:30:00,3.783
05-04-2026 15:45:00,3.271
05-04-2026 16:00:00,2.305
05-04-2026 16:15:00,2.217
05-04-2026 16:30:00,1.673
05-04-2026 16:45:00,1.164
05-04-2026 17:00:00,0.739
05-04-2026 17:15:00,0.463
05-04-2026 17:30:00,0.353
05-04-2026 17:45:00,0.297
05-04-2026 18:00:00,0.248
05-04-2026 18:15:00,0.18
05-04-2026 18:30:00,0.068
05-04-2026 18:45:00,0
05-04-2026 19:00:00,0
05-04-2026 19:15:00,0
05-04-2026 19:30:00,0
05-04-2026 19:45:00,0
05-04-2026 20:00:00,0
05-04-2026 20:15:00,0.005
05-04-2026 20:30:00,""
05-04-2026 20:45:00,""
05-04-2026 21:00:00,""
05-04-2026 21:15:00,""
05-04-2026 21:30:00,""
05-04-2026 21:45:00,""
05-04-2026 22:00:00,""
05-04-2026 22:15:00,""
05-04-2026 22:30:00,""
05-04-2026 22:45:00,""
05-04-2026 23:00:00,""
05-04-2026 23:15:00,""
05-04-2026 23:30:00,""
05-04-2026 23:45:00,""
05-05-2026 00:00:00,""
05-05-2026 00:15:00,""
05-05-2026 00:30:00,""
05-05-2026 00:45:00,""
05-05-2026 01:00:00,""
05-05-2026 01:15:00,""
05-05-2026 01:30:00,""
05-05-2026 01:45:00,""
05-05-2026 02:00:00,""
05-05-2026 02:15:00,""
05-05-2026 02:30:00,""
05-05-2026 02:45:00,""
05-05-2026 03:00:00,""
05-05-2026 03:15:00,""
05-05-2026 03:30:00,""
05-05-2026 03:45:00,""
05-05-2026 04:00:00,""
05-05-2026 04:15:00,""
05-05-2026 04:30:00,""
05-05-2026 04:45:00,""
05-05-2026 05:00:00,""
05-05-2026 05:15:00,""
05-05-2026 05:30:00,""
05-05-2026 05:45:00,""
05-05-2026 06:00:00,""
05-05-2026 06:15:00,""
05-05-2026 06:30:00,0.297
05-05-2026 06:45:00,0.427
05-05-2026 07:00:00,0.803
05-05-2026 07:15:00,1.174
05-05-2026 07:30:00,1.75
05-05-2026 07:45:00,2.568
05-05-2026 08:00:00,2.83
05-05-2026 08:15:00,2.666
05-05-2026 08:30:00,6.057
05-05-2026 08:45:00,2.502
05-05-2026 09:00:00,5.194
05-05-2026 09:15:00,6.456
05-05-2026 09:30:00,7.589
05-05-2026 09:45:00,7.582
05-05-2026 10:00:00,5.217
05-05-2026 10:15:00,7.273
05-05-2026 10:30:00,7.106
05-05-2026 10:45:00,7.362
05-05-2026 11:00:00,6.752
05-05-2026 11:15:00,8.077
05-05-2026 11:30:00,7.536
05-05-2026 11:45:00,7.678
05-05-2026 12:00:00,7.493
05-05-2026 12:15:00,7.289
05-05-2026 12:30:00,5.428
05-05-2026 12:45:00,4.46
05-05-2026 13:00:00,3.088
05-05-2026 13:15:00,2.293
05-05-2026 13:30:00,3.07
05-05-2026 13:45:00,4.729
05-05-2026 14:00:00,5.815
05-05-2026 14:15:00,6.717
05-05-2026 14:30:00,6.383
05-05-2026 14:45:00,6.139
05-05-2026 15:00:00,4.132
05-05-2026 15:15:00,2.303
05-05-2026 15:30:00,2.356
05-05-2026 15:45:00,2.497
05-05-2026 16:00:00,2.855
05-05-2026 16:15:00,2.602
05-05-2026 16:30:00,2.063
05-05-2026 16:45:00,1.331
05-05-2026 17:00:00,1.177
05-05-2026 17:15:00,0.876
05-05-2026 17:30:00,0.592
05-05-2026 17:45:00,0.414
05-05-2026 18:00:00,0.288
05-05-2026 18:15:00,0.078
05-05-2026 18:30:00,-0.004
05-05-2026 18:45:00,-0.001
05-05-2026 19:00:00,0
05-05-2026 19:15:00,0
05-05-2026 19:30:00,0
05-05-2026 19:45:00,0
05-05-2026 20:00:00,0
05-05-2026 20:15:00,0.006
05-05-2026 20:30:00,""
05-05-2026 20:45:00,""
05-05-2026 21:00:00,""
05-05-2026 21:15:00,""
05-05-2026 21:30:00,""
05-05-2026 21:45:00,""
05-05-2026 22:00:00,""
05-05-2026 22:15:00,""
05-05-2026 22:30:00,""
05-05-2026 22:45:00,""
05-05-2026 23:00:00,""
05-05-2026 23:15:00,""
05-05-2026 23:30:00,""
05-05-2026 23:45:00,""
05-06-2026 00:00:00,""
05-06-2026 00:15:00,""
05-06-2026 00:30:00,""
05-06-2026 00:45:00,""
05-06-2026 01:00:00,""
05-06-2026 01:15:00,""
05-06-2026 01:30:00,""
05-06-2026 01:45:00,""
05-06-2026 02:00:00,""
05-06-2026 02:15:00,""
05-06-2026 02:30:00,""
05-06-2026 02:45:00,""
05-06-2026 03:00:00,""
05-06-2026 03:15:00,""
05-06-2026 03:30:00,""
05-06-2026 03:45:00,""
05-06-2026 04:00:00,""
05-06-2026 04:15:00,""
05-06-2026 04:30:00,""
05-06-2026 04:45:00,""
05-06-2026 05:00:00,""
05-06-2026 05:15:00,""
05-06-2026 05:30:00,""
05-06-2026 05:45:00,""
05-06-2026 06:00:00,""
05-06-2026 06:15:00,""
05-06-2026 06:30:00,0.396
05-06-2026 06:45:00,0.667
05-06-2026 07:00:00,2.255
05-06-2026 07:15:00,3.146
05-06-2026 07:30:00,2.36
05-06-2026 07:45:00,2.157
05-06-2026 08:00:00,4.064
05-06-2026 08:15:00,4.73
05-06-2026 08:30:00,5.857
05-06-2026 08:45:00,5.958
05-06-2026 09:00:00,3.53
05-06-2026 09:15:00,3.148
05-06-2026 09:30:00,4.072
05-06-2026 09:45:00,5.124
05-06-2026 10:00:00,5.836
05-06-2026 10:15:00,6.084
05-06-2026 10:30:00,5.166
05-06-2026 10:45:00,2.707
05-06-2026 11:00:00,2.653
05-06-2026 11:15:00,5.82
05-06-2026 11:30:00,5.964
05-06-2026 11:45:00,6.51
05-06-2026 12:00:00,5.818
05-06-2026 12:15:00,5.457
05-06-2026 12:30:00,5.897
05-06-2026 12:45:00,4.323
05-06-2026 13:00:00,3.042
05-06-2026 13:15:00,2.149
05-06-2026 13:30:00,2.203
05-06-2026 13:45:00,2.47
05-06-2026 14:00:00,2.393
05-06-2026 14:15:00,2.849
05-06-2026 14:30:00,2.813
05-06-2026 14:45:00,2.481
05-06-2026 15:00:00,2.702
05-06-2026 15:15:00,2.645
05-06-2026 15:30:00,1.889
05-06-2026 15:45:00,1.253
05-06-2026 16:00:00,1.258
05-06-2026 16:15:00,1.057
05-06-2026 16:30:00,1.264
05-06-2026 16:45:00,1.007
05-06-2026 17:00:00,0.468
05-06-2026 17:15:00,0.253
05-06-2026 17:30:00,0.227
05-06-2026 17:45:00,0.26
05-06-2026 18:00:00,0.124
05-06-2026 18:15:00,0.069
05-06-2026 18:30:00,0.002
05-06-2026 18:45:00,0
05-06-2026 19:00:00,0
05-06-2026 19:15:00,0
05-06-2026 19:30:00,0
05-06-2026 19:45:00,0
05-06-2026 20:00:00,0
05-06-2026 20:15:00,0.003
05-06-2026 20:30:00,""
05-06-2026 20:45:00,""
05-06-2026 21:00:00,""
05-06-2026 21:15:00,""
05-06-2026 21:30:00,""
05-06-2026 21:45:00,""
05-06-2026 22:00:00,""
05-06-2026 22:15:00,""
05-06-2026 22:30:00,""
05-06-2026 22:45:00,""
05-06-2026 23:00:00,""
05-06-2026 23:15:00,""
05-06-2026 23:30:00,""
05-06-2026 23:45:00,""
05-07-2026 00:00:00,""
05-07-2026 00:15:00,""
05-07-2026 00:30:00,""
05-07-2026 00:45:00,""
05-07-2026 01:00:00,""
05-07-2026 01:15:00,""
05-07-2026 01:30:00,""
05-07-2026 01:45:00,""
05-07-2026 02:00:00,""
05-07-2026 02:15:00,""
05-07-2026 02:30:00,""
05-07-2026 02:45:00,""
05-07-2026 03:00:00,""
05-07-2026 03:15:00,""
05-07-2026 03:30:00,""
05-07-2026 03:45:00,""
05-07-2026 04:00:00,""
05-07-2026 04:15:00,""
05-07-2026 04:30:00,""
05-07-2026 04:45:00,""
05-07-2026 05:00:00,""
05-07-2026 05:15:00,""
05-07-2026 05:30:00,""
05-07-2026 05:45:00,""
05-07-2026 06:00:00,""
05-07-2026 06:15:00,""
05-07-2026 06:30:00,0.387
05-07-2026 06:45:00,0.564
05-07-2026 07:00:00,0.865
05-07-2026 07:15:00,1.286
05-07-2026 07:30:00,1.881
05-07-2026 07:45:00,2.838
05-07-2026 08:00:00,2.204
05-07-2026 08:15:00,2.669
05-07-2026 08:30:00,3.147
05-07-2026 08:45:00,6.442
05-07-2026 09:00:00,6.594
05-07-2026 09:15:00,6.793
05-07-2026 09:30:00,7.073
05-07-2026 09:45:00,7.263
05-07-2026 10:00:00,7.371
05-07-2026 10:15:00,7.639
05-07-2026 10:30:00,7.895
05-07-2026 10:45:00,7.793
05-07-2026 11:00:00,7.738
05-07-2026 11:15:00,7.774
05-07-2026 11:30:00,7.976
05-07-2026 11:45:00,7.73
05-07-2026 12:00:00,7.545
05-07-2026 12:15:00,7.488
05-07-2026 12:30:00,7.34
05-07-2026 12:45:00,7.176
05-07-2026 13:00:00,7.04
05-07-2026 13:15:00,6.233
05-07-2026 13:30:00,4.53
05-07-2026 13:45:00,5.151
05-07-2026 14:00:00,6.17
05-07-2026 14:15:00,5.759
05-07-2026 14:30:00,5.409
05-07-2026 14:45:00,3.989
05-07-2026 15:00:00,3.814
05-07-2026 15:15:00,3.086
05-07-2026 15:30:00,2.878
05-07-2026 15:45:00,3.92
05-07-2026 16:00:00,3.36
05-07-2026 16:15:00,2.546
05-07-2026 16:30:00,1.716
05-07-2026 16:45:00,1.667
05-07-2026 17:00:00,1.302
05-07-2026 17:15:00,0.714
05-07-2026 17:30:00,0.417
05-07-2026 17:45:00,0.282
05-07-2026 18:00:00,0.18
05-07-2026 18:15:00,0.124
05-07-2026 18:30:00,0.048
05-07-2026 18:45:00,0
05-07-2026 19:00:00,0
05-07-2026 19:15:00,0
05-07-2026 19:30:00,0
05-07-2026 19:45:00,0
05-07-2026 20:00:00,0
05-07-2026 20:15:00,0.002
05-07-2026 20:30:00,""
05-07-2026 20:45:00,""
05-07-2026 21:00:00,""
05-07-2026 21:15:00,""
05-07-2026 21:30:00,""
05-07-2026 21:45:00,""
05-07-2026 22:00:00,""
05-07-2026 22:15:00,""
05-07-2026 22:30:00,""
05-07-2026 22:45:00,""
05-07-2026 23:00:00,""
05-07-2026 23:15:00,""
05-07-2026 23:30:00,""
05-07-2026 23:45:00,""
05-08-2026 00:00:00,""
05-08-2026 00:15:00,""
05-08-2026 00:30:00,""
05-08-2026 00:45:00,""
05-08-2026 01:00:00,""
05-08-2026 01:15:00,""
05-08-2026 01:30:00,""
05-08-2026 01:45:00,""
05-08-2026 02:00:00,""
05-08-2026 02:15:00,""
05-08-2026 02:30:00,""
05-08-2026 02:45:00,""
05-08-2026 03:00:00,""
05-08-2026 03:15:00,""
05-08-2026 03:30:00,""
05-08-2026 03:45:00,""
05-08-2026 04:00:00,""
05-08-2026 04:15:00,""
05-08-2026 04:30:00,""
05-08-2026 04:45:00,""
05-08-2026 05:00:00,""
05-08-2026 05:15:00,""
05-08-2026 05:30:00,""
05-08-2026 05:45:00,""
05-08-2026 06:00:00,""
05-08-2026 06:15:00,""
05-08-2026 06:30:00,0.311
05-08-2026 06:45:00,0.47
05-08-2026 07:00:00,0.582
05-08-2026 07:15:00,0.754
05-08-2026 07:30:00,0.961
05-08-2026 07:45:00,1.3
05-08-2026 08:00:00,1.6
05-08-2026 08:15:00,2.013
05-08-2026 08:30:00,2.155
05-08-2026 08:45:00,3.214
05-08-2026 09:00:00,3.532
05-08-2026 09:15:00,6.185
05-08-2026 09:30:00,7.113
05-08-2026 09:45:00,7.655
05-08-2026 10:00:00,7.645
05-08-2026 10:15:00,7.721
05-08-2026 10:30:00,7.818
05-08-2026 10:45:00,7.815
05-08-2026 11:00:00,7.856
05-08-2026 11:15:00,7.873
05-08-2026 11:30:00,7.501
05-08-2026 11:45:00,7.627
05-08-2026 12:00:00,7.447
05-08-2026 12:15:00,7.647
05-08-2026 12:30:00,7.096
05-08-2026 12:45:00,7.229
05-08-2026 13:00:00,6.987
05-08-2026 13:15:00,6.288
05-08-2026 13:30:00,5.074
05-08-2026 13:45:00,5.917
05-08-2026 14:00:00,5.795
05-08-2026 14:15:00,5.125
05-08-2026 14:30:00,2.359
05-08-2026 14:45:00,3.252
05-08-2026 15:00:00,3.518
05-08-2026 15:15:00,4.075
05-08-2026 15:30:00,2.669
05-08-2026 15:45:00,3.31
05-08-2026 16:00:00,2.536
05-08-2026 16:15:00,2.118
05-08-2026 16:30:00,1.921
05-08-2026 16:45:00,1.1
05-08-2026 17:00:00,1.097
05-08-2026 17:15:00,0.795
05-08-2026 17:30:00,0.832
05-08-2026 17:45:00,0.528
05-08-2026 18:00:00,0.437
05-08-2026 18:15:00,0.238
05-08-2026 18:30:00,0.103
05-08-2026 18:45:00,0.009
05-08-2026 19:00:00,0
05-08-2026 19:15:00,0
05-08-2026 19:30:00,0
05-08-2026 19:45:00,0
05-08-2026 20:00:00,0
05-08-2026 20:15:00,0.002
05-08-2026 20:30:00,""
05-08-2026 20:45:00,""
05-08-2026 21:00:00,""
05-08-2026 21:15:00,""
05-08-2026 21:30:00,""
05-08-2026 21:45:00,""
05-08-2026 22:00:00,""
05-08-2026 22:15:00,""
05-08-2026 22:30:00,""
05-08-2026 22:45:00,""
05-08-2026 23:00:00,""
05-08-2026 23:15:00,""
05-08-2026 23:30:00,""
05-08-2026 23:45:00,""
05-09-2026 00:00:00,""
05-09-2026 00:15:00,""
05-09-2026 00:30:00,""
05-09-2026 00:45:00,""
05-09-2026 01:00:00,""
05-09-2026 01:15:00,""
05-09-2026 01:30:00,""
05-09-2026 01:45:00,""
05-09-2026 02:00:00,""
05-09-2026 02:15:00,""
05-09-2026 02:30:00,""
05-09-2026 02:45:00,""
05-09-2026 03:00:00,""
05-09-2026 03:15:00,""
05-09-2026 03:30:00,""
05-09-2026 03:45:00,""
05-09-2026 04:00:00,""
05-09-2026 04:15:00,""
05-09-2026 04:30:00,""
05-09-2026 04:45:00,""
05-09-2026 05:00:00,""
05-09-2026 05:15:00,""
05-09-2026 05:30:00,""
05-09-2026 05:45:00,""
05-09-2026 06:00:00,""
05-09-2026 06:15:00,""
05-09-2026 06:30:00,0.252
05-09-2026 06:45:00,0.274
05-09-2026 07:00:00,0.398
05-09-2026 07:15:00,0.809
05-09-2026 07:30:00,0.799
05-09-2026 07:45:00,0.981
05-09-2026 08:00:00,1.423
05-09-2026 08:15:00,2.643
05-09-2026 08:30:00,5.11
05-09-2026 08:45:00,4.863
05-09-2026 09:00:00,6.6
05-09-2026 09:15:00,7.423
05-09-2026 09:30:00,7.549
05-09-2026 09:45:00,7.273
05-09-2026 10:00:00,7.422
05-09-2026 10:15:00,7.839
05-09-2026 10:30:00,7.094
05-09-2026 10:45:00,6.734
05-09-2026 11:00:00,6.966
05-09-2026 11:15:00,6.581
05-09-2026 11:30:00,4.945
05-09-2026 11:45:00,3.684
05-09-2026 12:00:00,4.176
05-09-2026 12:15:00,5.77
05-09-2026 12:30:00,5.546
05-09-2026 12:45:00,5.527
05-09-2026 13:00:00,2.174
05-09-2026 13:15:00,2.363
05-09-2026 13:30:00,3.135
05-09-2026 13:45:00,4.644
05-09-2026 14:00:00,5.067
05-09-2026 14:15:00,5.914
05-09-2026 14:30:00,5.581
05-09-2026 14:45:00,5.286
05-09-2026 15:00:00,4.032
05-09-2026 15:15:00,4.134
05-09-2026 15:30:00,3.708
05-09-2026 15:45:00,3.182
05-09-2026 16:00:00,2.63
05-09-2026 16:15:00,2.188
05-09-2026 16:30:00,2.062
05-09-2026 16:45:00,1.509
05-09-2026 17:00:00,1.083
05-09-2026 17:15:00,1.108
05-09-2026 17:30:00,1.177
05-09-2026 17:45:00,0.7
05-09-2026 18:00:00,0.47
05-09-2026 18:15:00,0.375
05-09-2026 18:30:00,0.063
05-09-2026 18:45:00,0.001
05-09-2026 19:00:00,0
05-09-2026 19:15:00,0
05-09-2026 19:30:00,0
05-09-2026 19:45:00,0
05-09-2026 20:00:00,0
05-09-2026 20:15:00,0.002
05-09-2026 20:30:00,""
05-09-2026 20:45:00,""
05-09-2026 21:00:00,""
05-09-2026 21:15:00,""
05-09-2026 21:30:00,""
05-09-2026 21:45:00,""
05-09-2026 22:00:00,""
05-09-2026 22:15:00,""
05-09-2026 22:30:00,""
05-09-2026 22:45:00,""
05-09-2026 23:00:00,""
05-09-2026 23:15:00,""
05-09-2026 23:30:00,""
05-09-2026 23:45:00,""
05-10-2026 00:00:00,""
05-10-2026 00:15:00,""
05-10-2026 00:30:00,""
05-10-2026 00:45:00,""
05-10-2026 01:00:00,""
05-10-2026 01:15:00,""
05-10-2026 01:30:00,""
05-10-2026 01:45:00,""
05-10-2026 02:00:00,""
05-10-2026 02:15:00,""
05-10-2026 02:30:00,""
05-10-2026 02:45:00,""
05-10-2026 03:00:00,""
05-10-2026 03:15:00,""
05-10-2026 03:30:00,""
05-10-2026 03:45:00,""
05-10-2026 04:00:00,""
05-10-2026 04:15:00,""
05-10-2026 04:30:00,""
05-10-2026 04:45:00,""
05-10-2026 05:00:00,""
05-10-2026 05:15:00,""
05-10-2026 05:30:00,""
05-10-2026 05:45:00,""
05-10-2026 06:00:00,""
05-10-2026 06:15:00,""
05-10-2026 06:30:00,0.321
05-10-2026 06:45:00,0.723
05-10-2026 07:00:00,2.459
05-10-2026 07:15:00,3.087
05-10-2026 07:30:00,2.15
05-10-2026 07:45:00,1.799
05-10-2026 08:00:00,4.081
05-10-2026 08:15:00,5.574
05-10-2026 08:30:00,4.407
05-10-2026 08:45:00,2.724
05-10-2026 09:00:00,2.432
05-10-2026 09:15:00,2.314
05-10-2026 09:30:00,4.523
05-10-2026 09:45:00,2.963
05-10-2026 10:00:00,3.533
05-10-2026 10:15:00,4.96
05-10-2026 10:30:00,6.641
05-10-2026 10:45:00,6.759
05-10-2026 11:00:00,6.491
05-10-2026 11:15:00,6.925
05-10-2026 11:30:00,5.46
05-10-2026 11:45:00,4.333
05-10-2026 12:00:00,6.458
05-10-2026 12:15:00,4.115
05-10-2026 12:30:00,2.792
05-10-2026 12:45:00,3.409
05-10-2026 13:00:00,3.69
05-10-2026 13:15:00,2.041
05-10-2026 13:30:00,2.487
05-10-2026 13:45:00,2.481
05-10-2026 14:00:00,1.575
05-10-2026 14:15:00,2.532
05-10-2026 14:30:00,2.709
05-10-2026 14:45:00,3.666
05-10-2026 15:00:00,4.816
05-10-2026 15:15:00,4.386
05-10-2026 15:30:00,2.463
05-10-2026 15:45:00,3.371
05-10-2026 16:00:00,3.401
05-10-2026 16:15:00,2.81
05-10-2026 16:30:00,2.103
05-10-2026 16:45:00,0.744
05-10-2026 17:00:00,0.782
05-10-2026 17:15:00,0.632
05-10-2026 17:30:00,0.36
05-10-2026 17:45:00,0.422
05-10-2026 18:00:00,0.335
05-10-2026 18:15:00,0.219
05-10-2026 18:30:00,0.089
05-10-2026 18:45:00,0.014
05-10-2026 19:00:00,0
05-10-2026 19:15:00,0
05-10-2026 19:30:00,0
05-10-2026 19:45:00,0
05-10-2026 20:00:00,0
05-10-2026 20:15:00,0.001
05-10-2026 20:30:00,""
05-10-2026 20:45:00,""
05-10-2026 21:00:00,""
05-10-2026 21:15:00,""
05-10-2026 21:30:00,""
05-10-2026 21:45:00,""
05-10-2026 22:00:00,""
05-10-2026 22:15:00,""
05-10-2026 22:30:00,""
05-10-2026 22:45:00,""
05-10-2026 23:00:00,""
05-10-2026 23:15:00,""
05-10-2026 23:30:00,""
05-10-2026 23:45:00,""
05-11-2026 00:00:00,""
05-11-2026 00:15:00,""
05-11-2026 00:30:00,""
05-11-2026 00:45:00,""
05-11-2026 01:00:00,""
05-11-2026 01:15:00,""
05-11-2026 01:30:00,""
05-11-2026 01:45:00,""
05-11-2026 02:00:00,""
05-11-2026 02:15:00,""
05-11-2026 02:30:00,""
05-11-2026 02:45:00,""
05-11-2026 03:00:00,""
05-11-2026 03:15:00,""
05-11-2026 03:30:00,""
05-11-2026 03:45:00,""
05-11-2026 04:00:00,""
05-11-2026 04:15:00,""
05-11-2026 04:30:00,""
05-11-2026 04:45:00,""
05-11-2026 05:00:00,""
05-11-2026 05:15:00,""
05-11-2026 05:30:00,""
05-11-2026 05:45:00,""
05-11-2026 06:00:00,""
05-11-2026 06:15:00,""
05-11-2026 06:30:00,0.219
05-11-2026 06:45:00,0.364
05-11-2026 07:00:00,0.475
05-11-2026 07:15:00,0.727
05-11-2026 07:30:00,0.97
05-11-2026 07:45:00,1.02
05-11-2026 08:00:00,1.187
05-11-2026 08:15:00,1.113
05-11-2026 08:30:00,1.85
05-11-2026 08:45:00,2.82
05-11-2026 09:00:00,4.506
05-11-2026 09:15:00,4.797
05-11-2026 09:30:00,5.581
05-11-2026 09:45:00,4.735
05-11-2026 10:00:00,5.244
05-11-2026 10:15:00,3.655
05-11-2026 10:30:00,7.507
05-11-2026 10:45:00,7.373
05-11-2026 11:00:00,3.83
05-11-2026 11:15:00,5.118
05-11-2026 11:30:00,5.497
05-11-2026 11:45:00,5.071
05-11-2026 12:00:00,5.005
05-11-2026 12:15:00,2.694
05-11-2026 12:30:00,2.608
05-11-2026 12:45:00,2.895
05-11-2026 13:00:00,2.231
05-11-2026 13:15:00,2.164
05-11-2026 13:30:00,2.294
05-11-2026 13:45:00,1.922
05-11-2026 14:00:00,3.988
05-11-2026 14:15:00,2.237
05-11-2026 14:30:00,2.427
05-11-2026 14:45:00,2.437
05-11-2026 15:00:00,1.779
05-11-2026 15:15:00,1.598
05-11-2026 15:30:00,0.953
05-11-2026 15:45:00,1.168
05-11-2026 16:00:00,1.415
05-11-2026 16:15:00,1.237
05-11-2026 16:30:00,0.856
05-11-2026 16:45:00,0.591
05-11-2026 17:00:00,0.595
05-11-2026 17:15:00,0.689
05-11-2026 17:30:00,0.58
05-11-2026 17:45:00,0.601
05-11-2026 18:00:00,0.514
05-11-2026 18:15:00,0.247
05-11-2026 18:30:00,0.063
05-11-2026 18:45:00,0.001
05-11-2026 19:00:00,0
05-11-2026 19:15:00,0
05-11-2026 19:30:00,0
05-11-2026 19:45:00,0
05-11-2026 20:00:00,0
05-11-2026 20:15:00,0.001
05-11-2026 20:30:00,""
05-11-2026 20:45:00,""
05-11-2026 21:00:00,""
05-11-2026 21:15:00,""
05-11-2026 21:30:00,""
05-11-2026 21:45:00,""
05-11-2026 22:00:00,""
05-11-2026 22:15:00,""
05-11-2026 22:30:00,""
05-11-2026 22:45:00,""
05-11-2026 23:00:00,""
05-11-2026 23:15:00,""
05-11-2026 23:30:00,""
05-11-2026 23:45:00,""
05-12-2026 00:00:00,""
05-12-2026 00:15:00,""
05-12-2026 00:30:00,""
05-12-2026 00:45:00,""
05-12-2026 01:00:00,""
05-12-2026 01:15:00,""
05-12-2026 01:30:00,""
05-12-2026 01:45:00,""
05-12-2026 02:00:00,""
05-12-2026 02:15:00,""
05-12-2026 02:30:00,""
05-12-2026 02:45:00,""
05-12-2026 03:00:00,""
05-12-2026 03:15:00,""
05-12-2026 03:30:00,""
05-12-2026 03:45:00,""
05-12-2026 04:00:00,""
05-12-2026 04:15:00,""
05-12-2026 04:30:00,""
05-12-2026 04:45:00,""
05-12-2026 05:00:00,""
05-12-2026 05:15:00,""
05-12-2026 05:30:00,""
05-12-2026 05:45:00,""
05-12-2026 06:00:00,""
05-12-2026 06:15:00,""
05-12-2026 06:30:00,0.288
05-12-2026 06:45:00,0.67
05-12-2026 07:00:00,0.906
05-12-2026 07:15:00,2.425
05-12-2026 07:30:00,3.086
05-12-2026 07:45:00,4.841
05-12-2026 08:00:00,5.572
05-12-2026 08:15:00,6.01
05-12-2026 08:30:00,6.431
05-12-2026 08:45:00,6.645
05-12-2026 09:00:00,6.903
05-12-2026 09:15:00,7.022
05-12-2026 09:30:00,7.182
05-12-2026 09:45:00,7.412
05-12-2026 10:00:00,6.678
05-12-2026 10:15:00,6.61
05-12-2026 10:30:00,7.14
05-12-2026 10:45:00,8.041
05-12-2026 11:00:00,7.441
05-12-2026 11:15:00,7.681
05-12-2026 11:30:00,6.174
05-12-2026 11:45:00,4.732
05-12-2026 12:00:00,3.658
05-12-2026 12:15:00,2.614
05-12-2026 12:30:00,4.296
05-12-2026 12:45:00,5.587
05-12-2026 13:00:00,4.974
05-12-2026 13:15:00,4.679
05-12-2026 13:30:00,4.897
05-12-2026 13:45:00,6.026
05-12-2026 14:00:00,7.014
05-12-2026 14:15:00,4.464
05-12-2026 14:30:00,5.662
05-12-2026 14:45:00,4.848
05-12-2026 15:00:00,4.638
05-12-2026 15:15:00,4.701
05-12-2026 15:30:00,3.569
05-12-2026 15:45:00,4.364
05-12-2026 16:00:00,2.25
05-12-2026 16:15:00,2.02
05-12-2026 16:30:00,1.772
05-12-2026 16:45:00,1.857
05-12-2026 17:00:00,1.508
05-12-2026 17:15:00,0.752
05-12-2026 17:30:00,0.657
05-12-2026 17:45:00,0.571
05-12-2026 18:00:00,0.394
05-12-2026 18:15:00,0.31
05-12-2026 18:30:00,0.148
05-12-2026 18:45:00,0.012
05-12-2026 19:00:00,0
05-12-2026 19:15:00,0
05-12-2026 19:30:00,0
05-12-2026 19:45:00,0
05-12-2026 20:00:00,0
05-12-2026 20:15:00,0.001
05-12-2026 20:30:00,""
05-12-2026 20:45:00,""
05-12-2026 21:00:00,""
05-12-2026 21:15:00,""
05-12-2026 21:30:00,""
05-12-2026 21:45:00,""
05-12-2026 22:00:00,""
05-12-2026 22:15:00,""
05-12-2026 22:30:00,""
05-12-2026 22:45:00,""
05-12-2026 23:00:00,""
05-12-2026 23:15:00,""
05-12-2026 23:30:00,""
05-12-2026 23:45:00,""
05-13-2026 00:00:00,""
05-13-2026 00:15:00,""
05-13-2026 00:30:00,""
05-13-2026 00:45:00,""
05-13-2026 01:00:00,""
05-13-2026 01:15:00,""
05-13-2026 01:30:00,""
05-13-2026 01:45:00,""
05-13-2026 02:00:00,""
05-13-2026 02:15:00,""
05-13-2026 02:30:00,""
05-13-2026 02:45:00,""
05-13-2026 03:00:00,""
05-13-2026 03:15:00,""
05-13-2026 03:30:00,""
05-13-2026 03:45:00,""
05-13-2026 04:00:00,""
05-13-2026 04:15:00,""
05-13-2026 04:30:00,""
05-13-2026 04:45:00,""
05-13-2026 05:00:00,""
05-13-2026 05:15:00,""
05-13-2026 05:30:00,""
05-13-2026 05:45:00,""
05-13-2026 06:00:00,""
05-13-2026 06:15:00,""
05-13-2026 06:30:00,0.332
05-13-2026 06:45:00,0.487
05-13-2026 07:00:00,0.961
05-13-2026 07:15:00,0.9
05-13-2026 07:30:00,1.113
05-13-2026 07:45:00,1.989
05-13-2026 08:00:00,3.407
05-13-2026 08:15:00,1.684
05-13-2026 08:30:00,4.595
05-13-2026 08:45:00,6.643
05-13-2026 09:00:00,4.636
05-13-2026 09:15:00,4.011
05-13-2026 09:30:00,4.585
05-13-2026 09:45:00,5.611
05-13-2026 10:00:00,6.422
05-13-2026 10:15:00,6.689
05-13-2026 10:30:00,6.938
05-13-2026 10:45:00,5.453
05-13-2026 11:00:00,6.917
05-13-2026 11:15:00,8.157
05-13-2026 11:30:00,8.155
05-13-2026 11:45:00,8.307
05-13-2026 12:00:00,7.308
05-13-2026 12:15:00,5.319
05-13-2026 12:30:00,7.957
05-13-2026 12:45:00,4.929
05-13-2026 13:00:00,5.282
05-13-2026 13:15:00,7.293
05-13-2026 13:30:00,6.988
05-13-2026 13:45:00,3.596
05-13-2026 14:00:00,3.157
05-13-2026 14:15:00,3.07
05-13-2026 14:30:00,3.809
05-13-2026 14:45:00,1.946
05-13-2026 15:00:00,4.246
05-13-2026 15:15:00,4.823
05-13-2026 15:30:00,3.682
05-13-2026 15:45:00,3.362
05-13-2026 16:00:00,3.517
05-13-2026 16:15:00,1.951
05-13-2026 16:30:00,1.508
05-13-2026 16:45:00,0.742
05-13-2026 17:00:00,0.706
05-13-2026 17:15:00,0.684
05-13-2026 17:30:00,0.54
05-13-2026 17:45:00,0.481
05-13-2026 18:00:00,0.284
05-13-2026 18:15:00,0.141
05-13-2026 18:30:00,0.028
05-13-2026 18:45:00,0
05-13-2026 19:00:00,0
05-13-2026 19:15:00,0
05-13-2026 19:30:00,0
05-13-2026 19:45:00,0
05-13-2026 20:00:00,0
05-13-2026 20:15:00,0.002
05-13-2026 20:30:00,""
05-13-2026 20:45:00,""
05-13-2026 21:00:00,""
05-13-2026 21:15:00,""
05-13-2026 21:30:00,""
05-13-2026 21:45:00,""
05-13-2026 22:00:00,""
05-13-2026 22:15:00,""
05-13-2026 22:30:00,""
05-13-2026 22:45:00,""
05-13-2026 23:00:00,""
05-13-2026 23:15:00,""
05-13-2026 23:30:00,""
05-13-2026 23:45:00,""
05-14-2026 00:00:00,""
05-14-2026 00:15:00,""
05-14-2026 00:30:00,""
05-14-2026 00:45:00,""
05-14-2026 01:00:00,""
05-14-2026 01:15:00,""
05-14-2026 01:30:00,""
05-14-2026 01:45:00,""
05-14-2026 02:00:00,""
05-14-2026 02:15:00,""
05-14-2026 02:30:00,""
05-14-2026 02:45:00,""
05-14-2026 03:00:00,""
05-14-2026 03:15:00,""
05-14-2026 03:30:00,""
05-14-2026 03:45:00,""
05-14-2026 04:00:00,""
05-14-2026 04:15:00,""
05-14-2026 04:30:00,""
05-14-2026 04:45:00,""
05-14-2026 05:00:00,""
05-14-2026 05:15:00,""
05-14-2026 05:30:00,""
05-14-2026 05:45:00,""
05-14-2026 06:00:00,""
05-14-2026 06:15:00,""
05-14-2026 06:30:00,0.43
05-14-2026 06:45:00,0.71
05-14-2026 07:00:00,0.855
05-14-2026 07:15:00,0.871
05-14-2026 07:30:00,1.156
05-14-2026 07:45:00,1.464
05-14-2026 08:00:00,3.35
05-14-2026 08:15:00,1.86
05-14-2026 08:30:00,2.238
05-14-2026 08:45:00,3.783
05-14-2026 09:00:00,1.835
05-14-2026 09:15:00,3.363
05-14-2026 09:30:00,4.815
05-14-2026 09:45:00,4.167
05-14-2026 10:00:00,3.189
05-14-2026 10:15:00,2.492
05-14-2026 10:30:00,7.035
05-14-2026 10:45:00,7.168
05-14-2026 11:00:00,5.066
05-14-2026 11:15:00,5.294
05-14-2026 11:30:00,8.581
05-14-2026 11:45:00,7.482
05-14-2026 12:00:00,7.695
05-14-2026 12:15:00,7.708
05-14-2026 12:30:00,7.619
05-14-2026 12:45:00,7.439
05-14-2026 13:00:00,6.77
05-14-2026 13:15:00,5.666
05-14-2026 13:30:00,7.087
05-14-2026 13:45:00,6.488
05-14-2026 14:00:00,6.319
05-14-2026 14:15:00,6.034
05-14-2026 14:30:00,5.926
05-14-2026 14:45:00,4.603
05-14-2026 15:00:00,5.066
05-14-2026 15:15:00,4.493
05-14-2026 15:30:00,4.035
05-14-2026 15:45:00,3.002
05-14-2026 16:00:00,3.479
05-14-2026 16:15:00,2.018
05-14-2026 16:30:00,1.059
05-14-2026 16:45:00,1.099
05-14-2026 17:00:00,0.955
05-14-2026 17:15:00,1.122
05-14-2026 17:30:00,0.814
05-14-2026 17:45:00,0.324
05-14-2026 18:00:00,0.144
05-14-2026 18:15:00,0.125
05-14-2026 18:30:00,0.015
05-14-2026 18:45:00,-0.012
05-14-2026 19:00:00,0
05-14-2026 19:15:00,0
05-14-2026 19:30:00,0
05-14-2026 19:45:00,0
05-14-2026 20:00:00,0
05-14-2026 20:15:00,0.002
05-14-2026 20:30:00,""
05-14-2026 20:45:00,""
05-14-2026 21:00:00,""
05-14-2026 21:15:00,""
05-14-2026 21:30:00,""
05-14-2026 21:45:00,""
05-14-2026 22:00:00,""
05-14-2026 22:15:00,""
05-14-2026 22:30:00,""
05-14-2026 22:45:00,""
05-14-2026 23:00:00,""
05-14-2026 23:15:00,""
05-14-2026 23:30:00,""
05-14-2026 23:45:00,""
05-15-2026 00:00:00,""
05-15-2026 00:15:00,""
05-15-2026 00:30:00,""
05-15-2026 00:45:00,""
05-15-2026 01:00:00,""
05-15-2026 01:15:00,""
05-15-2026 01:30:00,""
05-15-2026 01:45:00,""
05-15-2026 02:00:00,""
05-15-2026 02:15:00,""
05-15-2026 02:30:00,""
05-15-2026 02:45:00,""
05-15-2026 03:00:00,""
05-15-2026 03:15:00,""
05-15-2026 03:30:00,""
05-15-2026 03:45:00,""
05-15-2026 04:00:00,""
05-15-2026 04:15:00,""
05-15-2026 04:30:00,""
05-15-2026 04:45:00,""
05-15-2026 05:00:00,""
05-15-2026 05:15:00,""
05-15-2026 05:30:00,""
05-15-2026 05:45:00,""
05-15-2026 06:00:00,""
05-15-2026 06:15:00,""
05-15-2026 06:30:00,0.294
05-15-2026 06:45:00,0.78
05-15-2026 07:00:00,2.846
05-15-2026 07:15:00,2.206
05-15-2026 07:30:00,1.475
05-15-2026 07:45:00,4.928
05-15-2026 08:00:00,4.676
05-15-2026 08:15:00,3.491
05-15-2026 08:30:00,3.158
05-15-2026 08:45:00,3.252
05-15-2026 09:00:00,2.615
05-15-2026 09:15:00,2.84
05-15-2026 09:30:00,3.089
05-15-2026 09:45:00,4.745
05-15-2026 10:00:00,5.321
05-15-2026 10:15:00,4.964
05-15-2026 10:30:00,3.229
05-15-2026 10:45:00,5.635
05-15-2026 11:00:00,6.535
05-15-2026 11:15:00,2.853
05-15-2026 11:30:00,2.109
05-15-2026 11:45:00,1.765
05-15-2026 12:00:00,2.03
05-15-2026 12:15:00,5.802
05-15-2026 12:30:00,4.539
05-15-2026 12:45:00,5.056
05-15-2026 13:00:00,1.276
05-15-2026 13:15:00,1.362
05-15-2026 13:30:00,1.591
05-15-2026 13:45:00,0.879
05-15-2026 14:00:00,0.466
05-15-2026 14:15:00,0.356
05-15-2026 14:30:00,0.004
05-15-2026 14:45:00,0.044
05-15-2026 15:00:00,0.017
05-15-2026 15:15:00,0.006
05-15-2026 15:30:00,-0.009
05-15-2026 15:45:00,-0.012
05-15-2026 16:00:00,-0
05-15-2026 16:15:00,-0.002
05-15-2026 16:30:00,-0.004
05-15-2026 16:45:00,0.026
05-15-2026 17:00:00,0.021
05-15-2026 17:15:00,0.028
05-15-2026 17:30:00,0.08
05-15-2026 17:45:00,0.027
05-15-2026 18:00:00,0
05-15-2026 18:15:00,-0.007
05-15-2026 18:30:00,-0.004
05-15-2026 18:45:00,0
05-15-2026 19:00:00,0
05-15-2026 19:15:00,0
05-15-2026 19:30:00,0
05-15-2026 19:45:00,0
05-15-2026 20:00:00,0
05-15-2026 20:15:00,0.002
05-15-2026 20:30:00,""
05-15-2026 20:45:00,""
05-15-2026 21:00:00,""
05-15-2026 21:15:00,""
05-15-2026 21:30:00,""
05-15-2026 21:45:00,""
05-15-2026 22:00:00,""
05-15-2026 22:15:00,""
05-15-2026 22:30:00,""
05-15-2026 22:45:00,""
05-15-2026 23:00:00,""
05-15-2026 23:15:00,""
05-15-2026 23:30:00,""
05-15-2026 23:45:00,""
05-16-2026 00:00:00,""
05-16-2026 00:15:00,""
05-16-2026 00:30:00,""
05-16-2026 00:45:00,""
05-16-2026 01:00:00,""
05-16-2026 01:15:00,""
05-16-2026 01:30:00,""
05-16-2026 01:45:00,""
05-16-2026 02:00:00,""
05-16-2026 02:15:00,""
05-16-2026 02:30:00,""
05-16-2026 02:45:00,""
05-16-2026 03:00:00,""
05-16-2026 03:15:00,""
05-16-2026 03:30:00,""
05-16-2026 03:45:00,""
05-16-2026 04:00:00,""
05-16-2026 04:15:00,""
05-16-2026 04:30:00,""
05-16-2026 04:45:00,""
05-16-2026 05:00:00,""
05-16-2026 05:15:00,""
05-16-2026 05:30:00,""
05-16-2026 05:45:00,""
05-16-2026 06:00:00,""
05-16-2026 06:15:00,""
05-16-2026 06:30:00,0.315
05-16-2026 06:45:00,0.433
05-16-2026 07:00:00,1.026
05-16-2026 07:15:00,2.882
05-16-2026 07:30:00,3.528
05-16-2026 07:45:00,4.131
05-16-2026 08:00:00,4.697
05-16-2026 08:15:00,5.248
05-16-2026 08:30:00,5.709
05-16-2026 08:45:00,6.348
05-16-2026 09:00:00,5.894
05-16-2026 09:15:00,2.55
05-16-2026 09:30:00,3.911
05-16-2026 09:45:00,2.73
05-16-2026 10:00:00,2.376
05-16-2026 10:15:00,4.878
05-16-2026 10:30:00,4.094
05-16-2026 10:45:00,6.339
05-16-2026 11:00:00,6.417
05-16-2026 11:15:00,7.561
05-16-2026 11:30:00,7.586
05-16-2026 11:45:00,6.901
05-16-2026 12:00:00,7.557
05-16-2026 12:15:00,7.242
05-16-2026 12:30:00,7.376
05-16-2026 12:45:00,7.29
05-16-2026 13:00:00,6.376
05-16-2026 13:15:00,5.82
05-16-2026 13:30:00,6.935
05-16-2026 13:45:00,6.377
05-16-2026 14:00:00,6.056
05-16-2026 14:15:00,5.809
05-16-2026 14:30:00,5.358
05-16-2026 14:45:00,5.056
05-16-2026 15:00:00,4.749
05-16-2026 15:15:00,4.271
05-16-2026 15:30:00,3.75
05-16-2026 15:45:00,3.259
05-16-2026 16:00:00,2.692
05-16-2026 16:15:00,2.348
05-16-2026 16:30:00,1.832
05-16-2026 16:45:00,1.393
05-16-2026 17:00:00,0.958
05-16-2026 17:15:00,0.684
05-16-2026 17:30:00,0.539
05-16-2026 17:45:00,0.511
05-16-2026 18:00:00,0.582
05-16-2026 18:15:00,0.315
05-16-2026 18:30:00,0.139
05-16-2026 18:45:00,0.03
05-16-2026 19:00:00,0
05-16-2026 19:15:00,0
05-16-2026 19:30:00,0
05-16-2026 19:45:00,0
05-16-2026 20:00:00,0
05-16-2026 20:15:00,0.001
05-16-2026 20:30:00,""
05-16-2026 20:45:00,""
05-16-2026 21:00:00,""
05-16-2026 21:15:00,""
05-16-2026 21:30:00,""
05-16-2026 21:45:00,""
05-16-2026 22:00:00,""
05-16-2026 22:15:00,""
05-16-2026 22:30:00,""
05-16-2026 22:45:00,""
05-16-2026 23:00:00,""
05-16-2026 23:15:00,""
05-16-2026 23:30:00,""
05-16-2026 23:45:00,""
05-17-2026 00:00:00,""
05-17-2026 00:15:00,""
05-17-2026 00:30:00,""
05-17-2026 00:45:00,""
05-17-2026 01:00:00,""
05-17-2026 01:15:00,""
05-17-2026 01:30:00,""
05-17-2026 01:45:00,""
05-17-2026 02:00:00,""
05-17-2026 02:15:00,""
05-17-2026 02:30:00,""
05-17-2026 02:45:00,""
05-17-2026 03:00:00,""
05-17-2026 03:15:00,""
05-17-2026 03:30:00,""
05-17-2026 03:45:00,""
05-17-2026 04:00:00,""
05-17-2026 04:15:00,""
05-17-2026 04:30:00,""
05-17-2026 04:45:00,""
05-17-2026 05:00:00,""
05-17-2026 05:15:00,""
05-17-2026 05:30:00,""
05-17-2026 05:45:00,""
05-17-2026 06:00:00,""
05-17-2026 06:15:00,0.213
05-17-2026 06:30:00,0.25
05-17-2026 06:45:00,1.292
05-17-2026 07:00:00,3.236
05-17-2026 07:15:00,3.727
05-17-2026 07:30:00,4.275
05-17-2026 07:45:00,4.823
05-17-2026 08:00:00,5.262
05-17-2026 08:15:00,5.674
05-17-2026 08:30:00,5.987
05-17-2026 08:45:00,6.351
05-17-2026 09:00:00,6.515
05-17-2026 09:15:00,6.758
05-17-2026 09:30:00,6.96
05-17-2026 09:45:00,7.152
05-17-2026 10:00:00,7.355
05-17-2026 10:15:00,7.065
05-17-2026 10:30:00,5.603
05-17-2026 10:45:00,2.873
05-17-2026 11:00:00,3.428
05-17-2026 11:15:00,3.396
05-17-2026 11:30:00,2.029
05-17-2026 11:45:00,2.721
05-17-2026 12:00:00,3.19
05-17-2026 12:15:00,4.331
05-17-2026 12:30:00,5.312
05-17-2026 12:45:00,5.61
05-17-2026 13:00:00,6.95
05-17-2026 13:15:00,6.751
05-17-2026 13:30:00,6.532
05-17-2026 13:45:00,6.242
05-17-2026 14:00:00,5.534
05-17-2026 14:15:00,5.893
05-17-2026 14:30:00,5.424
05-17-2026 14:45:00,4.776
05-17-2026 15:00:00,4.576
05-17-2026 15:15:00,4.397
05-17-2026 15:30:00,3.261
05-17-2026 15:45:00,3.445
05-17-2026 16:00:00,3.082
05-17-2026 16:15:00,1.757
05-17-2026 16:30:00,1.905
05-17-2026 16:45:00,1.39
05-17-2026 17:00:00,1.261
05-17-2026 17:15:00,0.902
05-17-2026 17:30:00,0.449
05-17-2026 17:45:00,0.369
05-17-2026 18:00:00,0.413
05-17-2026 18:15:00,0.325
05-17-2026 18:30:00,0.142
05-17-2026 18:45:00,0.092
05-17-2026 19:00:00,0
05-17-2026 19:15:00,0
05-17-2026 19:30:00,0
05-17-2026 19:45:00,0
05-17-2026 20:00:00,0
05-17-2026 20:15:00,0
05-17-2026 20:30:00,""
05-17-2026 20:45:00,""
05-17-2026 21:00:00,""
05-17-2026 21:15:00,""
05-17-2026 21:30:00,""
05-17-2026 21:45:00,""
05-17-2026 22:00:00,""
05-17-2026 22:15:00,""
05-17-2026 22:30:00,""
05-17-2026 22:45:00,""
05-17-2026 23:00:00,""
05-17-2026 23:15:00,""
05-17-2026 23:30:00,""
05-17-2026 23:45:00,""
05-18-2026 00:00:00,""
05-18-2026 00:15:00,""
05-18-2026 00:30:00,""
05-18-2026 00:45:00,""
05-18-2026 01:00:00,""
05-18-2026 01:15:00,""
05-18-2026 01:30:00,""
05-18-2026 01:45:00,""
05-18-2026 02:00:00,""
05-18-2026 02:15:00,""
05-18-2026 02:30:00,""
05-18-2026 02:45:00,""
05-18-2026 03:00:00,""
05-18-2026 03:15:00,""
05-18-2026 03:30:00,""
05-18-2026 03:45:00,""
05-18-2026 04:00:00,""
05-18-2026 04:15:00,""
05-18-2026 04:30:00,""
05-18-2026 04:45:00,""
05-18-2026 05:00:00,""
05-18-2026 05:15:00,""
05-18-2026 05:30:00,""
05-18-2026 05:45:00,""
05-18-2026 06:00:00,""
05-18-2026 06:15:00,0.082
05-18-2026 06:30:00,0.299
05-18-2026 06:45:00,0.476
05-18-2026 07:00:00,0.944
05-18-2026 07:15:00,1.081
05-18-2026 07:30:00,1.078
05-18-2026 07:45:00,1.554
05-18-2026 08:00:00,2.132
05-18-2026 08:15:00,3.456
05-18-2026 08:30:00,4.25
05-18-2026 08:45:00,4.044
05-18-2026 09:00:00,5.776
05-18-2026 09:15:00,4.48
05-18-2026 09:30:00,2.929
05-18-2026 09:45:00,4.482
05-18-2026 10:00:00,5.307
05-18-2026 10:15:00,2.659
05-18-2026 10:30:00,4.391
05-18-2026 10:45:00,5.648
05-18-2026 11:00:00,2.83
05-18-2026 11:15:00,3.036
05-18-2026 11:30:00,3.727
05-18-2026 11:45:00,4.604
05-18-2026 12:00:00,4.178
05-18-2026 12:15:00,5.034
05-18-2026 12:30:00,5.442
05-18-2026 12:45:00,5.761
05-18-2026 13:00:00,4.784
05-18-2026 13:15:00,5.118
05-18-2026 13:30:00,6.728
05-18-2026 13:45:00,6.732
05-18-2026 14:00:00,5.546
05-18-2026 14:15:00,6.173
05-18-2026 14:30:00,5.882
05-18-2026 14:45:00,5.252
05-18-2026 15:00:00,4.861
05-18-2026 15:15:00,4.573
05-18-2026 15:30:00,4.06
05-18-2026 15:45:00,2.767
05-18-2026 16:00:00,2.526
05-18-2026 16:15:00,2.163
05-18-2026 16:30:00,1.877
05-18-2026 16:45:00,1.622
05-18-2026 17:00:00,1.183
05-18-2026 17:15:00,0.829
05-18-2026 17:30:00,0.45
05-18-2026 17:45:00,0.434
05-18-2026 18:00:00,0.388
05-18-2026 18:15:00,0.289
05-18-2026 18:30:00,0.154
05-18-2026 18:45:00,0.015
05-18-2026 19:00:00,0
05-18-2026 19:15:00,0
05-18-2026 19:30:00,0
05-18-2026 19:45:00,0
05-18-2026 20:00:00,0
05-18-2026 20:15:00,0
05-18-2026 20:30:00,""
05-18-2026 20:45:00,""
05-18-2026 21:00:00,""
05-18-2026 21:15:00,""
05-18-2026 21:30:00,""
05-18-2026 21:45:00,""
05-18-2026 22:00:00,""
05-18-2026 22:15:00,""
05-18-2026 22:30:00,""
05-18-2026 22:45:00,""
05-18-2026 23:00:00,""
05-18-2026 23:15:00,""
05-18-2026 23:30:00,""
05-18-2026 23:45:00,""
05-19-2026 00:00:00,""
05-19-2026 00:15:00,""
05-19-2026 00:30:00,""
05-19-2026 00:45:00,""
05-19-2026 01:00:00,""
05-19-2026 01:15:00,""
05-19-2026 01:30:00,""
05-19-2026 01:45:00,""
05-19-2026 02:00:00,""
05-19-2026 02:15:00,""
05-19-2026 02:30:00,""
05-19-2026 02:45:00,""
05-19-2026 03:00:00,""
05-19-2026 03:15:00,""
05-19-2026 03:30:00,""
05-19-2026 03:45:00,""
05-19-2026 04:00:00,""
05-19-2026 04:15:00,""
05-19-2026 04:30:00,""
05-19-2026 04:45:00,""
05-19-2026 05:00:00,""
05-19-2026 05:15:00,""
05-19-2026 05:30:00,""
05-19-2026 05:45:00,""
05-19-2026 06:00:00,""
05-19-2026 06:15:00,0.175
05-19-2026 06:30:00,0.255
05-19-2026 06:45:00,0.496
05-19-2026 07:00:00,0.733
05-19-2026 07:15:00,0.928
05-19-2026 07:30:00,1.488
05-19-2026 07:45:00,2.681
05-19-2026 08:00:00,5.27
05-19-2026 08:15:00,5.611
05-19-2026 08:30:00,4.439
05-19-2026 08:45:00,4.504
05-19-2026 09:00:00,4.697
05-19-2026 09:15:00,4.821
05-19-2026 09:30:00,4.332
05-19-2026 09:45:00,6.021
05-19-2026 10:00:00,6.279
05-19-2026 10:15:00,7.017
05-19-2026 10:30:00,7.614
05-19-2026 10:45:00,7.092
05-19-2026 11:00:00,7.335
05-19-2026 11:15:00,7.485
05-19-2026 11:30:00,7.447
05-19-2026 11:45:00,7.808
05-19-2026 12:00:00,7.652
05-19-2026 12:15:00,7.443
05-19-2026 12:30:00,7.369
05-19-2026 12:45:00,7.375
05-19-2026 13:00:00,6.595
05-19-2026 13:15:00,5.941
05-19-2026 13:30:00,6.781
05-19-2026 13:45:00,6.668
05-19-2026 14:00:00,6.828
05-19-2026 14:15:00,6.16
05-19-2026 14:30:00,6.003
05-19-2026 14:45:00,4.476
05-19-2026 15:00:00,4.432
05-19-2026 15:15:00,3.292
05-19-2026 15:30:00,3.296
05-19-2026 15:45:00,2.73
05-19-2026 16:00:00,2.362
05-19-2026 16:15:00,2.091
05-19-2026 16:30:00,1.82
05-19-2026 16:45:00,1.619
05-19-2026 17:00:00,1.641
05-19-2026 17:15:00,1.164
05-19-2026 17:30:00,0.847
05-19-2026 17:45:00,0.81
05-19-2026 18:00:00,0.602
05-19-2026 18:15:00,0.41
05-19-2026 18:30:00,0.205
05-19-2026 18:45:00,0.038
05-19-2026 19:00:00,0
05-19-2026 19:15:00,0
05-19-2026 19:30:00,0
05-19-2026 19:45:00,0
05-19-2026 20:00:00,0
05-19-2026 20:15:00,0
05-19-2026 20:30:00,""
05-19-2026 20:45:00,""
05-19-2026 21:00:00,""
05-19-2026 21:15:00,""
05-19-2026 21:30:00,""
05-19-2026 21:45:00,""
05-19-2026 22:00:00,""
05-19-2026 22:15:00,""
05-19-2026 22:30:00,""
05-19-2026 22:45:00,""
05-19-2026 23:00:00,""
05-19-2026 23:15:00,""
05-19-2026 23:30:00,""
05-19-2026 23:45:00,""
05-20-2026 00:00:00,""
05-20-2026 00:15:00,""
05-20-2026 00:30:00,""
05-20-2026 00:45:00,""
05-20-2026 01:00:00,""
05-20-2026 01:15:00,""
05-20-2026 01:30:00,""
05-20-2026 01:45:00,""
05-20-2026 02:00:00,""
05-20-2026 02:15:00,""
05-20-2026 02:30:00,""
05-20-2026 02:45:00,""
05-20-2026 03:00:00,""
05-20-2026 03:15:00,""
05-20-2026 03:30:00,""
05-20-2026 03:45:00,""
05-20-2026 04:00:00,""
05-20-2026 04:15:00,""
05-20-2026 04:30:00,""
05-20-2026 04:45:00,""
05-20-2026 05:00:00,""
05-20-2026 05:15:00,""
05-20-2026 05:30:00,""
05-20-2026 05:45:00,""
05-20-2026 06:00:00,""
05-20-2026 06:15:00,0.126
05-20-2026 06:30:00,0.154
05-20-2026 06:45:00,0.916
05-20-2026 07:00:00,0.344
05-20-2026 07:15:00,1.739
05-20-2026 07:30:00,2.034
05-20-2026 07:45:00,3.414
05-20-2026 08:00:00,1.606
05-20-2026 08:15:00,2.088
05-20-2026 08:30:00,1.741
05-20-2026 08:45:00,2.154
05-20-2026 09:00:00,3.519
05-20-2026 09:15:00,4.846
05-20-2026 09:30:00,4.081
05-20-2026 09:45:00,6.306
05-20-2026 10:00:00,5.078
05-20-2026 10:15:00,4.496
05-20-2026 10:30:00,4.344
05-20-2026 10:45:00,5.628
05-20-2026 11:00:00,5.787
05-20-2026 11:15:00,7.319
05-20-2026 11:30:00,5.144
05-20-2026 11:45:00,6.852
05-20-2026 12:00:00,6.008
05-20-2026 12:15:00,3.961
05-20-2026 12:30:00,4.799
05-20-2026 12:45:00,4.888
05-20-2026 13:00:00,4.581
05-20-2026 13:15:00,5.122
05-20-2026 13:30:00,2.477
05-20-2026 13:45:00,2.065
05-20-2026 14:00:00,1.778
05-20-2026 14:15:00,1.727
05-20-2026 14:30:00,1.649
05-20-2026 14:45:00,3.179
05-20-2026 15:00:00,2.115
05-20-2026 15:15:00,1.694
05-20-2026 15:30:00,2.166
05-20-2026 15:45:00,3.277
05-20-2026 16:00:00,3.934
05-20-2026 16:15:00,2.744
05-20-2026 16:30:00,1.034
05-20-2026 16:45:00,0.929
05-20-2026 17:00:00,1.18
05-20-2026 17:15:00,0.915
05-20-2026 17:30:00,0.847
05-20-2026 17:45:00,0.404
05-20-2026 18:00:00,0.357
05-20-2026 18:15:00,0.083
05-20-2026 18:30:00,0.063
05-20-2026 18:45:00,0.005
05-20-2026 19:00:00,0
05-20-2026 19:15:00,0
05-20-2026 19:30:00,0
05-20-2026 19:45:00,0
05-20-2026 20:00:00,0
05-20-2026 20:15:00,0
05-20-2026 20:30:00,""
05-20-2026 20:45:00,""
05-20-2026 21:00:00,""
05-20-2026 21:15:00,""
05-20-2026 21:30:00,""
05-20-2026 21:45:00,""
05-20-2026 22:00:00,""
05-20-2026 22:15:00,""
05-20-2026 22:30:00,""
05-20-2026 22:45:00,""
05-20-2026 23:00:00,""
05-20-2026 23:15:00,""
05-20-2026 23:30:00,""
05-20-2026 23:45:00,""
05-21-2026 00:00:00,""
05-21-2026 00:15:00,""
05-21-2026 00:30:00,""
05-21-2026 00:45:00,""
05-21-2026 01:00:00,""
05-21-2026 01:15:00,""
05-21-2026 01:30:00,""
05-21-2026 01:45:00,""
05-21-2026 02:00:00,""
05-21-2026 02:15:00,""
05-21-2026 02:30:00,""
05-21-2026 02:45:00,""
05-21-2026 03:00:00,""
05-21-2026 03:15:00,""
05-21-2026 03:30:00,""
05-21-2026 03:45:00,""
05-21-2026 04:00:00,""
05-21-2026 04:15:00,""
05-21-2026 04:30:00,""
05-21-2026 04:45:00,""
05-21-2026 05:00:00,""
05-21-2026 05:15:00,""
05-21-2026 05:30:00,""
05-21-2026 05:45:00,""
05-21-2026 06:00:00,""
05-21-2026 06:15:00,0.203
05-21-2026 06:30:00,0.229
05-21-2026 06:45:00,0.359
05-21-2026 07:00:00,0.532
05-21-2026 07:15:00,1.416
05-21-2026 07:30:00,1.326
05-21-2026 07:45:00,0.855
05-21-2026 08:00:00,1.009
05-21-2026 08:15:00,1.696
05-21-2026 08:30:00,1.787
05-21-2026 08:45:00,2.002
05-21-2026 09:00:00,2.335
05-21-2026 09:15:00,2.42
05-21-2026 09:30:00,2.065
05-21-2026 09:45:00,3.932
05-21-2026 10:00:00,5.312
05-21-2026 10:15:00,2.721
05-21-2026 10:30:00,3.477
05-21-2026 10:45:00,2.371
05-21-2026 11:00:00,3.948
05-21-2026 11:15:00,4.272
05-21-2026 11:30:00,4.227
05-21-2026 11:45:00,2.08
05-21-2026 12:00:00,3.895
05-21-2026 12:15:00,4.19
05-21-2026 12:30:00,4.285
05-21-2026 12:45:00,4.26
05-21-2026 13:00:00,2.984
05-21-2026 13:15:00,3.696
05-21-2026 13:30:00,2.734
05-21-2026 13:45:00,3.536
05-21-2026 14:00:00,3.521
05-21-2026 14:15:00,2.482
05-21-2026 14:30:00,1.958
05-21-2026 14:45:00,1.712
05-21-2026 15:00:00,1.468
05-21-2026 15:15:00,0.928
05-21-2026 15:30:00,1.096
05-21-2026 15:45:00,1.074
05-21-2026 16:00:00,1.06
05-21-2026 16:15:00,0.997
05-21-2026 16:30:00,0.77
05-21-2026 16:45:00,0.627
05-21-2026 17:00:00,0.484
05-21-2026 17:15:00,0.418
05-21-2026 17:30:00,0.314
05-21-2026 17:45:00,0.253
05-21-2026 18:00:00,0.216
05-21-2026 18:15:00,0.091
05-21-2026 18:30:00,0.027
05-21-2026 18:45:00,-0.002
05-21-2026 19:00:00,0
05-21-2026 19:15:00,0
05-21-2026 19:30:00,0
05-21-2026 19:45:00,0
05-21-2026 20:00:00,0
05-21-2026 20:15:00,0
05-21-2026 20:30:00,""
05-21-2026 20:45:00,""
05-21-2026 21:00:00,""
05-21-2026 21:15:00,""
05-21-2026 21:30:00,""
05-21-2026 21:45:00,""
05-21-2026 22:00:00,""
05-21-2026 22:15:00,""
05-21-2026 22:30:00,""
05-21-2026 22:45:00,""
05-21-2026 23:00:00,""
05-21-2026 23:15:00,""
05-21-2026 23:30:00,""
05-21-2026 23:45:00,""
05-22-2026 00:00:00,""
05-22-2026 00:15:00,""
05-22-2026 00:30:00,""
05-22-2026 00:45:00,""
05-22-2026 01:00:00,""
05-22-2026 01:15:00,""
05-22-2026 01:30:00,""
05-22-2026 01:45:00,""
05-22-2026 02:00:00,""
05-22-2026 02:15:00,""
05-22-2026 02:30:00,""
05-22-2026 02:45:00,""
05-22-2026 03:00:00,""
05-22-2026 03:15:00,""
05-22-2026 03:30:00,""
05-22-2026 03:45:00,""
05-22-2026 04:00:00,""
05-22-2026 04:15:00,""
05-22-2026 04:30:00,""
05-22-2026 04:45:00,""
05-22-2026 05:00:00,""
05-22-2026 05:15:00,""
05-22-2026 05:30:00,""
05-22-2026 05:45:00,""
05-22-2026 06:00:00,""
05-22-2026 06:15:00,0.204
05-22-2026 06:30:00,0.391
05-22-2026 06:45:00,0.605
05-22-2026 07:00:00,0.836
05-22-2026 07:15:00,1.425
05-22-2026 07:30:00,2.437
05-22-2026 07:45:00,2.238
05-22-2026 08:00:00,1.398
05-22-2026 08:15:00,2.183
05-22-2026 08:30:00,2.25
05-22-2026 08:45:00,3.071
05-22-2026 09:00:00,4.332
05-22-2026 09:15:00,2.898
05-22-2026 09:30:00,2.736
05-22-2026 09:45:00,4.158
05-22-2026 10:00:00,5.644
05-22-2026 10:15:00,4.641
05-22-2026 10:30:00,3.161
05-22-2026 10:45:00,2.533
05-22-2026 11:00:00,3.004
05-22-2026 11:15:00,4.498
05-22-2026 11:30:00,3.503
05-22-2026 11:45:00,3.427
05-22-2026 12:00:00,3.756
05-22-2026 12:15:00,3.776
05-22-2026 12:30:00,3.087
05-22-2026 12:45:00,3.61
05-22-2026 13:00:00,4.582
05-22-2026 13:15:00,4.769
05-22-2026 13:30:00,7.771
05-22-2026 13:45:00,5.016
05-22-2026 14:00:00,2.183
05-22-2026 14:15:00,1.724
05-22-2026 14:30:00,2.389
05-22-2026 14:45:00,2.397
05-22-2026 15:00:00,1.462
05-22-2026 15:15:00,1.502
05-22-2026 15:30:00,1.625
05-22-2026 15:45:00,1.435
05-22-2026 16:00:00,1.238
05-22-2026 16:15:00,1.263
05-22-2026 16:30:00,1.196
05-22-2026 16:45:00,0.758
05-22-2026 17:00:00,0.661
05-22-2026 17:15:00,0.563
05-22-2026 17:30:00,0.458
05-22-2026 17:45:00,0.359
05-22-2026 18:00:00,0.245
05-22-2026 18:15:00,0.096
05-22-2026 18:30:00,0.04
05-22-2026 18:45:00,-0.001
05-22-2026 19:00:00,0
05-22-2026 19:15:00,0
05-22-2026 19:30:00,0
05-22-2026 19:45:00,0
05-22-2026 20:00:00,0
05-22-2026 20:15:00,0
05-22-2026 20:30:00,""
05-22-2026 20:45:00,""
05-22-2026 21:00:00,""
05-22-2026 21:15:00,""
05-22-2026 21:30:00,""
05-22-2026 21:45:00,""
05-22-2026 22:00:00,""
05-22-2026 22:15:00,""
05-22-2026 22:30:00,""
05-22-2026 22:45:00,""
05-22-2026 23:00:00,""
05-22-2026 23:15:00,""
05-22-2026 23:30:00,""
05-22-2026 23:45:00,""
05-23-2026 00:00:00,""
05-23-2026 00:15:00,""
05-23-2026 00:30:00,""
05-23-2026 00:45:00,""
05-23-2026 01:00:00,""
05-23-2026 01:15:00,""
05-23-2026 01:30:00,""
05-23-2026 01:45:00,""
05-23-2026 02:00:00,""
05-23-2026 02:15:00,""
05-23-2026 02:30:00,""
05-23-2026 02:45:00,""
05-23-2026 03:00:00,""
05-23-2026 03:15:00,""
05-23-2026 03:30:00,""
05-23-2026 03:45:00,""
05-23-2026 04:00:00,""
05-23-2026 04:15:00,""
05-23-2026 04:30:00,""
05-23-2026 04:45:00,""
05-23-2026 05:00:00,""
05-23-2026 05:15:00,""
05-23-2026 05:30:00,""
05-23-2026 05:45:00,""
05-23-2026 06:00:00,""
05-23-2026 06:15:00,0.182
05-23-2026 06:30:00,0.245
05-23-2026 06:45:00,0.464
05-23-2026 07:00:00,0.478
05-23-2026 07:15:00,0.702
05-23-2026 07:30:00,0.993
05-23-2026 07:45:00,1.197
05-23-2026 08:00:00,1.494
05-23-2026 08:15:00,1.775
05-23-2026 08:30:00,2.376
05-23-2026 08:45:00,2.162
05-23-2026 09:00:00,2.657
05-23-2026 09:15:00,4.274
05-23-2026 09:30:00,6.179
05-23-2026 09:45:00,4.948
05-23-2026 10:00:00,3.21
05-23-2026 10:15:00,2.685
05-23-2026 10:30:00,4.136
05-23-2026 10:45:00,3.712
05-23-2026 11:00:00,6.905
05-23-2026 11:15:00,5.587
05-23-2026 11:30:00,5.071
05-23-2026 11:45:00,7.002
05-23-2026 12:00:00,8.353
05-23-2026 12:15:00,7.479
05-23-2026 12:30:00,7.908
05-23-2026 12:45:00,7.792
05-23-2026 13:00:00,6.629
05-23-2026 13:15:00,4.355
05-23-2026 13:30:00,4.333
05-23-2026 13:45:00,3.198
05-23-2026 14:00:00,4.203
05-23-2026 14:15:00,2.458
05-23-2026 14:30:00,2.42
05-23-2026 14:45:00,2.699
05-23-2026 15:00:00,3.027
05-23-2026 15:15:00,2.083
05-23-2026 15:30:00,2.443
05-23-2026 15:45:00,2.053
05-23-2026 16:00:00,1.366
05-23-2026 16:15:00,1.323
05-23-2026 16:30:00,1.177
05-23-2026 16:45:00,1.211
05-23-2026 17:00:00,0.987
05-23-2026 17:15:00,0.838
05-23-2026 17:30:00,0.685
05-23-2026 17:45:00,0.516
05-23-2026 18:00:00,0.465
05-23-2026 18:15:00,0.241
05-23-2026 18:30:00,0.1
05-23-2026 18:45:00,0.011
05-23-2026 19:00:00,0
05-23-2026 19:15:00,0
05-23-2026 19:30:00,0
05-23-2026 19:45:00,0
05-23-2026 20:00:00,0
05-23-2026 20:15:00,0
05-23-2026 20:30:00,""
05-23-2026 20:45:00,""
05-23-2026 21:00:00,""
05-23-2026 21:15:00,""
05-23-2026 21:30:00,""
05-23-2026 21:45:00,""
05-23-2026 22:00:00,""
05-23-2026 22:15:00,""
05-23-2026 22:30:00,""
05-23-2026 22:45:00,""
05-23-2026 23:00:00,""
05-23-2026 23:15:00,""
05-23-2026 23:30:00,""
05-23-2026 23:45:00,""
05-24-2026 00:00:00,""
05-24-2026 00:15:00,""
05-24-2026 00:30:00,""
05-24-2026 00:45:00,""
05-24-2026 01:00:00,""
05-24-2026 01:15:00,""
05-24-2026 01:30:00,""
05-24-2026 01:45:00,""
05-24-2026 02:00:00,""
05-24-2026 02:15:00,""
05-24-2026 02:30:00,""
05-24-2026 02:45:00,""
05-24-2026 03:00:00,""
05-24-2026 03:15:00,""
05-24-2026 03:30:00,""
05-24-2026 03:45:00,""
05-24-2026 04:00:00,""
05-24-2026 04:15:00,""
05-24-2026 04:30:00,""
05-24-2026 04:45:00,""
05-24-2026 05:00:00,""
05-24-2026 05:15:00,""
05-24-2026 05:30:00,""
05-24-2026 05:45:00,""
05-24-2026 06:00:00,""
05-24-2026 06:15:00,0.145
05-24-2026 06:30:00,0.228
05-24-2026 06:45:00,0.382
05-24-2026 07:00:00,0.564
05-24-2026 07:15:00,0.851
05-24-2026 07:30:00,0.87
05-24-2026 07:45:00,1.792
05-24-2026 08:00:00,1.138
05-24-2026 08:15:00,1.694
05-24-2026 08:30:00,2.049
05-24-2026 08:45:00,3.278
05-24-2026 09:00:00,2.609
05-24-2026 09:15:00,2.607
05-24-2026 09:30:00,3.101
05-24-2026 09:45:00,3.861
05-24-2026 10:00:00,5.056
05-24-2026 10:15:00,3.629
05-24-2026 10:30:00,4.892
05-24-2026 10:45:00,3.908
05-24-2026 11:00:00,4.947
05-24-2026 11:15:00,3.189
05-24-2026 11:30:00,4.588
05-24-2026 11:45:00,5.141
05-24-2026 12:00:00,4.052
05-24-2026 12:15:00,6.688
05-24-2026 12:30:00,5.184
05-24-2026 12:45:00,3.566
05-24-2026 13:00:00,4.245
05-24-2026 13:15:00,5.453
05-24-2026 13:30:00,6.981
05-24-2026 13:45:00,5.747
05-24-2026 14:00:00,5.239
05-24-2026 14:15:00,3.906
05-24-2026 14:30:00,3.151
05-24-2026 14:45:00,3.066
05-24-2026 15:00:00,3.213
05-24-2026 15:15:00,3.748
05-24-2026 15:30:00,1.851
05-24-2026 15:45:00,1.335
05-24-2026 16:00:00,2.093
05-24-2026 16:15:00,1.253
05-24-2026 16:30:00,0.781
05-24-2026 16:45:00,0.902
05-24-2026 17:00:00,0.711
05-24-2026 17:15:00,0.669
05-24-2026 17:30:00,0.663
05-24-2026 17:45:00,0.72
05-24-2026 18:00:00,0.458
05-24-2026 18:15:00,0.391
05-24-2026 18:30:00,0.236
05-24-2026 18:45:00,0.043
05-24-2026 19:00:00,-0
05-24-2026 19:15:00,0
05-24-2026 19:30:00,0
05-24-2026 19:45:00,0
05-24-2026 20:00:00,0
05-24-2026 20:15:00,0
05-24-2026 20:30:00,""
05-24-2026 20:45:00,""
05-24-2026 21:00:00,""
05-24-2026 21:15:00,""
05-24-2026 21:30:00,""
05-24-2026 21:45:00,""
05-24-2026 22:00:00,""
05-24-2026 22:15:00,""
05-24-2026 22:30:00,""
05-24-2026 22:45:00,""
05-24-2026 23:00:00,""
05-24-2026 23:15:00,""
05-24-2026 23:30:00,""
05-24-2026 23:45:00,""
05-25-2026 00:00:00,""
05-25-2026 00:15:00,""
05-25-2026 00:30:00,""
05-25-2026 00:45:00,""
05-25-2026 01:00:00,""
05-25-2026 01:15:00,""
05-25-2026 01:30:00,""
05-25-2026 01:45:00,""
05-25-2026 02:00:00,""
05-25-2026 02:15:00,""
05-25-2026 02:30:00,""
05-25-2026 02:45:00,""
05-25-2026 03:00:00,""
05-25-2026 03:15:00,""
05-25-2026 03:30:00,""
05-25-2026 03:45:00,""
05-25-2026 04:00:00,""
05-25-2026 04:15:00,""
05-25-2026 04:30:00,""
05-25-2026 04:45:00,""
05-25-2026 05:00:00,""
05-25-2026 05:15:00,""
05-25-2026 05:30:00,""
05-25-2026 05:45:00,""
05-25-2026 06:00:00,""
05-25-2026 06:15:00,0.109
05-25-2026 06:30:00,0.181
05-25-2026 06:45:00,0.32
05-25-2026 07:00:00,0.495
05-25-2026 07:15:00,0.536
05-25-2026 07:30:00,0.597
05-25-2026 07:45:00,1.021
05-25-2026 08:00:00,0.881
05-25-2026 08:15:00,0.978
05-25-2026 08:30:00,1.01
05-25-2026 08:45:00,0.971
05-25-2026 09:00:00,1.395
05-25-2026 09:15:00,2.268
05-25-2026 09:30:00,3.185
05-25-2026 09:45:00,2.607
05-25-2026 10:00:00,5.117
05-25-2026 10:15:00,5.381
05-25-2026 10:30:00,6.211
05-25-2026 10:45:00,3.499
05-25-2026 11:00:00,7.109
05-25-2026 11:15:00,6.144
05-25-2026 11:30:00,6.127
05-25-2026 11:45:00,5.892
05-25-2026 12:00:00,5.855
05-25-2026 12:15:00,8.285
05-25-2026 12:30:00,7.999
05-25-2026 12:45:00,7.276
05-25-2026 13:00:00,7.689
05-25-2026 13:15:00,6.505
05-25-2026 13:30:00,6.956
05-25-2026 13:45:00,6.566
05-25-2026 14:00:00,6.257
05-25-2026 14:15:00,5.832
05-25-2026 14:30:00,5.654
05-25-2026 14:45:00,5.324
05-25-2026 15:00:00,5.053
05-25-2026 15:15:00,4.84
05-25-2026 15:30:00,4.221
05-25-2026 15:45:00,2.991
05-25-2026 16:00:00,2.666
05-25-2026 16:15:00,2.314
05-25-2026 16:30:00,1.688
05-25-2026 16:45:00,1.945
05-25-2026 17:00:00,1.358
05-25-2026 17:15:00,0.696
05-25-2026 17:30:00,0.682
05-25-2026 17:45:00,0.403
05-25-2026 18:00:00,0.618
05-25-2026 18:15:00,0.344
05-25-2026 18:30:00,0.224
05-25-2026 18:45:00,0.021
05-25-2026 19:00:00,-0.009
05-25-2026 19:15:00,0
05-25-2026 19:30:00,0
05-25-2026 19:45:00,0
05-25-2026 20:00:00,0
05-25-2026 20:15:00,0
05-25-2026 20:30:00,""
05-25-2026 20:45:00,""
05-25-2026 21:00:00,""
05-25-2026 21:15:00,""
05-25-2026 21:30:00,""
05-25-2026 21:45:00,""
05-25-2026 22:00:00,""
05-25-2026 22:15:00,""
05-25-2026 22:30:00,""
05-25-2026 22:45:00,""
05-25-2026 23:00:00,""
05-25-2026 23:15:00,""
05-25-2026 23:30:00,""
05-25-2026 23:45:00,""
05-26-2026 00:00:00,""
05-26-2026 00:15:00,""
05-26-2026 00:30:00,""
05-26-2026 00:45:00,""
05-26-2026 01:00:00,""
05-26-2026 01:15:00,""
05-26-2026 01:30:00,""
05-26-2026 01:45:00,""
05-26-2026 02:00:00,""
05-26-2026 02:15:00,""
05-26-2026 02:30:00,""
05-26-2026 02:45:00,""
05-26-2026 03:00:00,""
05-26-2026 03:15:00,""
05-26-2026 03:30:00,""
05-26-2026 03:45:00,""
05-26-2026 04:00:00,""
05-26-2026 04:15:00,""
05-26-2026 04:30:00,""
05-26-2026 04:45:00,""
05-26-2026 05:00:00,""
05-26-2026 05:15:00,""
05-26-2026 05:30:00,""
05-26-2026 05:45:00,""
05-26-2026 06:00:00,""
05-26-2026 06:15:00,0.109
05-26-2026 06:30:00,0.189
05-26-2026 06:45:00,0.287
05-26-2026 07:00:00,0.379
05-26-2026 07:15:00,0.811
05-26-2026 07:30:00,3.355
05-26-2026 07:45:00,1.793
05-26-2026 08:00:00,3.83
05-26-2026 08:15:00,1.788
05-26-2026 08:30:00,4.557
05-26-2026 08:45:00,2.987
05-26-2026 09:00:00,6.466
05-26-2026 09:15:00,6.325
05-26-2026 09:30:00,7.497
05-26-2026 09:45:00,7.746
05-26-2026 10:00:00,5.105
05-26-2026 10:15:00,4.826
05-26-2026 10:30:00,4.907
05-26-2026 10:45:00,4.18
05-26-2026 11:00:00,5
05-26-2026 11:15:00,5.798
05-26-2026 11:30:00,7.217
05-26-2026 11:45:00,5.911
05-26-2026 12:00:00,5.146
05-26-2026 12:15:00,4.97
05-26-2026 12:30:00,6.609
05-26-2026 12:45:00,4.245
05-26-2026 13:00:00,5.082
05-26-2026 13:15:00,4.069
05-26-2026 13:30:00,2.929
05-26-2026 13:45:00,4.402
05-26-2026 14:00:00,6.373
05-26-2026 14:15:00,6.499
05-26-2026 14:30:00,3.562
05-26-2026 14:45:00,2.142
05-26-2026 15:00:00,5.098
05-26-2026 15:15:00,4.662
05-26-2026 15:30:00,3.456
05-26-2026 15:45:00,3.359
05-26-2026 16:00:00,1.903
05-26-2026 16:15:00,1.055
05-26-2026 16:30:00,0.991
05-26-2026 16:45:00,1.36
05-26-2026 17:00:00,1.17
05-26-2026 17:15:00,0.838
05-26-2026 17:30:00,0.549
05-26-2026 17:45:00,0.449
05-26-2026 18:00:00,0.343
05-26-2026 18:15:00,0.382
05-26-2026 18:30:00,0.29
05-26-2026 18:45:00,0.088
05-26-2026 19:00:00,0
05-26-2026 19:15:00,0
05-26-2026 19:30:00,0
05-26-2026 19:45:00,0
05-26-2026 20:00:00,0
05-26-2026 20:15:00,0
05-26-2026 20:30:00,""
05-26-2026 20:45:00,""
05-26-2026 21:00:00,""
05-26-2026 21:15:00,""
05-26-2026 21:30:00,""
05-26-2026 21:45:00,""
05-26-2026 22:00:00,""
05-26-2026 22:15:00,""
05-26-2026 22:30:00,""
05-26-2026 22:45:00,""
05-26-2026 23:00:00,""
05-26-2026 23:15:00,""
05-26-2026 23:30:00,""
05-26-2026 23:45:00,""
05-27-2026 00:00:00,""
05-27-2026 00:15:00,""
05-27-2026 00:30:00,""
05-27-2026 00:45:00,""
05-27-2026 01:00:00,""
05-27-2026 01:15:00,""
05-27-2026 01:30:00,""
05-27-2026 01:45:00,""
05-27-2026 02:00:00,""
05-27-2026 02:15:00,""
05-27-2026 02:30:00,""
05-27-2026 02:45:00,""
05-27-2026 03:00:00,""
05-27-2026 03:15:00,""
05-27-2026 03:30:00,""
05-27-2026 03:45:00,""
05-27-2026 04:00:00,""
05-27-2026 04:15:00,""
05-27-2026 04:30:00,""
05-27-2026 04:45:00,""
05-27-2026 05:00:00,""
05-27-2026 05:15:00,""
05-27-2026 05:30:00,""
05-27-2026 05:45:00,""
05-27-2026 06:00:00,""
05-27-2026 06:15:00,0.151
05-27-2026 06:30:00,0.199
05-27-2026 06:45:00,0.247
05-27-2026 07:00:00,0.238
05-27-2026 07:15:00,1.769
05-27-2026 07:30:00,4.421
05-27-2026 07:45:00,5.237
05-27-2026 08:00:00,5.511
05-27-2026 08:15:00,3.777
05-27-2026 08:30:00,1.591
05-27-2026 08:45:00,2.19
05-27-2026 09:00:00,3.076
05-27-2026 09:15:00,3.449
05-27-2026 09:30:00,3.944
05-27-2026 09:45:00,5.11
05-27-2026 10:00:00,6.022
05-27-2026 10:15:00,7.898
05-27-2026 10:30:00,6.657
05-27-2026 10:45:00,3.885
05-27-2026 11:00:00,4.84
05-27-2026 11:15:00,3.198
05-27-2026 11:30:00,2.218
05-27-2026 11:45:00,1.575
05-27-2026 12:00:00,5.467
05-27-2026 12:15:00,2.948
05-27-2026 12:30:00,2.952
05-27-2026 12:45:00,2.368
05-27-2026 13:00:00,6.263
05-27-2026 13:15:00,3.884
05-27-2026 13:30:00,4.874
05-27-2026 13:45:00,7.167
05-27-2026 14:00:00,4.975
05-27-2026 14:15:00,4.903
05-27-2026 14:30:00,5.126
05-27-2026 14:45:00,5.808
05-27-2026 15:00:00,5.02
05-27-2026 15:15:00,4.726
05-27-2026 15:30:00,4.526
05-27-2026 15:45:00,3.555
05-27-2026 16:00:00,3.387
05-27-2026 16:15:00,2.663
05-27-2026 16:30:00,2.133
05-27-2026 16:45:00,1.626
05-27-2026 17:00:00,1.51
05-27-2026 17:15:00,1.116
05-27-2026 17:30:00,0.803
05-27-2026 17:45:00,0.556
05-27-2026 18:00:00,0.41
05-27-2026 18:15:00,0.32
05-27-2026 18:30:00,0.203
05-27-2026 18:45:00,0.039
05-27-2026 19:00:00,0
05-27-2026 19:15:00,0
05-27-2026 19:30:00,0
05-27-2026 19:45:00,0
05-27-2026 20:00:00,0
05-27-2026 20:15:00,0
05-27-2026 20:30:00,0.003
05-27-2026 20:45:00,""
05-27-2026 21:00:00,""
05-27-2026 21:15:00,""
05-27-2026 21:30:00,""
05-27-2026 21:45:00,""
05-27-2026 22:00:00,""
05-27-2026 22:15:00,""
05-27-2026 22:30:00,""
05-27-2026 22:45:00,""
05-27-2026 23:00:00,""
05-27-2026 23:15:00,""
05-27-2026 23:30:00,""
05-27-2026 23:45:00,""
05-28-2026 00:00:00,""
05-28-2026 00:15:00,""
05-28-2026 00:30:00,""
05-28-2026 00:45:00,""
05-28-2026 01:00:00,""
05-28-2026 01:15:00,""
05-28-2026 01:30:00,""
05-28-2026 01:45:00,""
05-28-2026 02:00:00,""
05-28-2026 02:15:00,""
05-28-2026 02:30:00,""
05-28-2026 02:45:00,""
05-28-2026 03:00:00,""
05-28-2026 03:15:00,""
05-28-2026 03:30:00,""
05-28-2026 03:45:00,""
05-28-2026 04:00:00,""
05-28-2026 04:15:00,""
05-28-2026 04:30:00,""
05-28-2026 04:45:00,""
05-28-2026 05:00:00,""
05-28-2026 05:15:00,""
05-28-2026 05:30:00,""
05-28-2026 05:45:00,""
05-28-2026 06:00:00,""
05-28-2026 06:15:00,0.123
05-28-2026 06:30:00,0.301
05-28-2026 06:45:00,0.631
05-28-2026 07:00:00,1.164
05-28-2026 07:15:00,0.524
05-28-2026 07:30:00,1.484
05-28-2026 07:45:00,2.588
05-28-2026 08:00:00,1.579
05-28-2026 08:15:00,1.72
05-28-2026 08:30:00,2.129
05-28-2026 08:45:00,2.057
05-28-2026 09:00:00,2.497
05-28-2026 09:15:00,2.831
05-28-2026 09:30:00,6.061
05-28-2026 09:45:00,7.963
05-28-2026 10:00:00,4.568
05-28-2026 10:15:00,4.437
05-28-2026 10:30:00,7.575
05-28-2026 10:45:00,7.908
05-28-2026 11:00:00,7.046
05-28-2026 11:15:00,8.275
05-28-2026 11:30:00,8.079
05-28-2026 11:45:00,7.381
05-28-2026 12:00:00,8.044
05-28-2026 12:15:00,6.207
05-28-2026 12:30:00,6.886
05-28-2026 12:45:00,6.408
05-28-2026 13:00:00,5.849
05-28-2026 13:15:00,5.934
05-28-2026 13:30:00,6.01
05-28-2026 13:45:00,6.021
05-28-2026 14:00:00,3.599
05-28-2026 14:15:00,3.009
05-28-2026 14:30:00,4.069
05-28-2026 14:45:00,2.216
05-28-2026 15:00:00,2.764
05-28-2026 15:15:00,4.38
05-28-2026 15:30:00,3.997
05-28-2026 15:45:00,3.226
05-28-2026 16:00:00,3.025
05-28-2026 16:15:00,2.466
05-28-2026 16:30:00,1.305
05-28-2026 16:45:00,1.235
05-28-2026 17:00:00,1.126
05-28-2026 17:15:00,0.732
05-28-2026 17:30:00,0.58
05-28-2026 17:45:00,0.609
05-28-2026 18:00:00,0.386
05-28-2026 18:15:00,0.426
05-28-2026 18:30:00,0.288
05-28-2026 18:45:00,0.032
05-28-2026 19:00:00,-0
05-28-2026 19:15:00,0
05-28-2026 19:30:00,0
05-28-2026 19:45:00,0
05-28-2026 20:00:00,0
05-28-2026 20:15:00,0
05-28-2026 20:30:00,0.002
05-28-2026 20:45:00,""
05-28-2026 21:00:00,""
05-28-2026 21:15:00,""
05-28-2026 21:30:00,""
05-28-2026 21:45:00,""
05-28-2026 22:00:00,""
05-28-2026 22:15:00,""
05-28-2026 22:30:00,""
05-28-2026 22:45:00,""
05-28-2026 23:00:00,""
05-28-2026 23:15:00,""
05-28-2026 23:30:00,""
05-28-2026 23:45:00,""
05-29-2026 00:00:00,""
05-29-2026 00:15:00,""
05-29-2026 00:30:00,""
05-29-2026 00:45:00,""
05-29-2026 01:00:00,""
05-29-2026 01:15:00,""
05-29-2026 01:30:00,""
05-29-2026 01:45:00,""
05-29-2026 02:00:00,""
05-29-2026 02:15:00,""
05-29-2026 02:30:00,""
05-29-2026 02:45:00,""
05-29-2026 03:00:00,""
05-29-2026 03:15:00,""
05-29-2026 03:30:00,""
05-29-2026 03:45:00,""
05-29-2026 04:00:00,""
05-29-2026 04:15:00,""
05-29-2026 04:30:00,""
05-29-2026 04:45:00,""
05-29-2026 05:00:00,""
05-29-2026 05:15:00,""
05-29-2026 05:30:00,""
05-29-2026 05:45:00,""
05-29-2026 06:00:00,""
05-29-2026 06:15:00,0.094
05-29-2026 06:30:00,0.247
05-29-2026 06:45:00,0.289
05-29-2026 07:00:00,0.555
05-29-2026 07:15:00,0.868
05-29-2026 07:30:00,0.873
05-29-2026 07:45:00,0.726
05-29-2026 08:00:00,1.119
05-29-2026 08:15:00,1.739
05-29-2026 08:30:00,1.49
05-29-2026 08:45:00,4.169
05-29-2026 09:00:00,7.368
05-29-2026 09:15:00,5.919
05-29-2026 09:30:00,7.561
05-29-2026 09:45:00,7.697
05-29-2026 10:00:00,8.245
05-29-2026 10:15:00,6.716
05-29-2026 10:30:00,6.117
05-29-2026 10:45:00,6.081
05-29-2026 11:00:00,5.35
05-29-2026 11:15:00,7.681
05-29-2026 11:30:00,3.572
05-29-2026 11:45:00,4.39
05-29-2026 12:00:00,6.434
05-29-2026 12:15:00,7.699
05-29-2026 12:30:00,7.743
05-29-2026 12:45:00,7.015
05-29-2026 13:00:00,7.367
05-29-2026 13:15:00,7.547
05-29-2026 13:30:00,5.292
05-29-2026 13:45:00,5.414
05-29-2026 14:00:00,4.168
05-29-2026 14:15:00,1.771
05-29-2026 14:30:00,2.858
05-29-2026 14:45:00,4.552
05-29-2026 15:00:00,4.512
05-29-2026 15:15:00,3.308
05-29-2026 15:30:00,3.317
05-29-2026 15:45:00,3.71
05-29-2026 16:00:00,2.37
05-29-2026 16:15:00,1.634
05-29-2026 16:30:00,1.306
05-29-2026 16:45:00,0.865
05-29-2026 17:00:00,0.669
05-29-2026 17:15:00,0.845
05-29-2026 17:30:00,0.53
05-29-2026 17:45:00,0.575
05-29-2026 18:00:00,0.748
05-29-2026 18:15:00,0.439
05-29-2026 18:30:00,0.197
05-29-2026 18:45:00,0.034
05-29-2026 19:00:00,-0
05-29-2026 19:15:00,0
05-29-2026 19:30:00,0
05-29-2026 19:45:00,0
05-29-2026 20:00:00,0
05-29-2026 20:15:00,0
05-29-2026 20:30:00,0.002
05-29-2026 20:45:00,""
05-29-2026 21:00:00,""
05-29-2026 21:15:00,""
05-29-2026 21:30:00,""
05-29-2026 21:45:00,""
05-29-2026 22:00:00,""
05-29-2026 22:15:00,""
05-29-2026 22:30:00,""
05-29-2026 22:45:00,""
05-29-2026 23:00:00,""
05-29-2026 23:15:00,""
05-29-2026 23:30:00,""
05-29-2026 23:45:00,""
05-30-2026 00:00:00,""
05-30-2026 00:15:00,""
05-30-2026 00:30:00,""
05-30-2026 00:45:00,""
05-30-2026 01:00:00,""
05-30-2026 01:15:00,""
05-30-2026 01:30:00,""
05-30-2026 01:45:00,""
05-30-2026 02:00:00,""
05-30-2026 02:15:00,""
05-30-2026 02:30:00,""
05-30-2026 02:45:00,""
05-30-2026 03:00:00,""
05-30-2026 03:15:00,""
05-30-2026 03:30:00,""
05-30-2026 03:45:00,""
05-30-2026 04:00:00,""
05-30-2026 04:15:00,""
05-30-2026 04:30:00,""
05-30-2026 04:45:00,""
05-30-2026 05:00:00,""
05-30-2026 05:15:00,""
05-30-2026 05:30:00,""
05-30-2026 05:45:00,""
05-30-2026 06:00:00,""
05-30-2026 06:15:00,0.127
05-30-2026 06:30:00,0.235
05-30-2026 06:45:00,0.238
05-30-2026 07:00:00,0.556
05-30-2026 07:15:00,0.655
05-30-2026 07:30:00,2.421
05-30-2026 07:45:00,5.135
05-30-2026 08:00:00,5.489
05-30-2026 08:15:00,5.469
05-30-2026 08:30:00,2.095
05-30-2026 08:45:00,1.883
05-30-2026 09:00:00,2.822
05-30-2026 09:15:00,4.025
05-30-2026 09:30:00,7.058
05-30-2026 09:45:00,2.981
05-30-2026 10:00:00,2.939
05-30-2026 10:15:00,2.365
05-30-2026 10:30:00,1.265
05-30-2026 10:45:00,1.286
05-30-2026 11:00:00,4.186
05-30-2026 11:15:00,4.589
05-30-2026 11:30:00,1.568
05-30-2026 11:45:00,1.883
05-30-2026 12:00:00,5.668
05-30-2026 12:15:00,3.272
05-30-2026 12:30:00,2.752
05-30-2026 12:45:00,5.748
05-30-2026 13:00:00,5.9
05-30-2026 13:15:00,6.241
05-30-2026 13:30:00,6.294
05-30-2026 13:45:00,5.251
05-30-2026 14:00:00,6.331
05-30-2026 14:15:00,5.991
05-30-2026 14:30:00,5.7
05-30-2026 14:45:00,5.143
05-30-2026 15:00:00,4.373
05-30-2026 15:15:00,3.695
05-30-2026 15:30:00,3.972
05-30-2026 15:45:00,3.498
05-30-2026 16:00:00,3.001
05-30-2026 16:15:00,2.519
05-30-2026 16:30:00,2.032
05-30-2026 16:45:00,1.548
05-30-2026 17:00:00,0.968
05-30-2026 17:15:00,0.693
05-30-2026 17:30:00,0.442
05-30-2026 17:45:00,0.401
05-30-2026 18:00:00,0.356
05-30-2026 18:15:00,0.331
05-30-2026 18:30:00,0.168
05-30-2026 18:45:00,0.021
05-30-2026 19:00:00,0
05-30-2026 19:15:00,0
05-30-2026 19:30:00,0
05-30-2026 19:45:00,0
05-30-2026 20:00:00,0
05-30-2026 20:15:00,0
05-30-2026 20:30:00,0.007
05-30-2026 20:45:00,""
05-30-2026 21:00:00,""
05-30-2026 21:15:00,""
05-30-2026 21:30:00,""
05-30-2026 21:45:00,""
05-30-2026 22:00:00,""
05-30-2026 22:15:00,""
05-30-2026 22:30:00,""
05-30-2026 22:45:00,""
05-30-2026 23:00:00,""
05-30-2026 23:15:00,""
05-30-2026 23:30:00,""
05-30-2026 23:45:00,""
05-31-2026 00:00:00,""
05-31-2026 00:15:00,""
05-31-2026 00:30:00,""
05-31-2026 00:45:00,""
05-31-2026 01:00:00,""
05-31-2026 01:15:00,""
05-31-2026 01:30:00,""
05-31-2026 01:45:00,""
05-31-2026 02:00:00,""
05-31-2026 02:15:00,""
05-31-2026 02:30:00,""
05-31-2026 02:45:00,""
05-31-2026 03:00:00,""
05-31-2026 03:15:00,""
05-31-2026 03:30:00,""
05-31-2026 03:45:00,""
05-31-2026 04:00:00,""
05-31-2026 04:15:00,""
05-31-2026 04:30:00,""
05-31-2026 04:45:00,""
05-31-2026 05:00:00,""
05-31-2026 05:15:00,""
05-31-2026 05:30:00,""
05-31-2026 05:45:00,""
05-31-2026 06:00:00,""
05-31-2026 06:15:00,0.321
05-31-2026 06:30:00,0.34
05-31-2026 06:45:00,0.47
05-31-2026 07:00:00,0.621
05-31-2026 07:15:00,0.939
05-31-2026 07:30:00,1.837
05-31-2026 07:45:00,1.216
05-31-2026 08:00:00,0.956
05-31-2026 08:15:00,4.379
05-31-2026 08:30:00,6.358
05-31-2026 08:45:00,3.984
05-31-2026 09:00:00,1.763
05-31-2026 09:15:00,4.322
05-31-2026 09:30:00,6.976
05-31-2026 09:45:00,7.393
05-31-2026 10:00:00,7.172
05-31-2026 10:15:00,6.781
05-31-2026 10:30:00,3.223
05-31-2026 10:45:00,2.241
05-31-2026 11:00:00,4.179
05-31-2026 11:15:00,7.109
05-31-2026 11:30:00,6.761
05-31-2026 11:45:00,2.432
05-31-2026 12:00:00,4.298
05-31-2026 12:15:00,7.408
05-31-2026 12:30:00,7.387
05-31-2026 12:45:00,7.236
05-31-2026 13:00:00,7.035
05-31-2026 13:15:00,6.883
05-31-2026 13:30:00,6.656
05-31-2026 13:45:00,6.399
05-31-2026 14:00:00,6.169
05-31-2026 14:15:00,5.854
05-31-2026 14:30:00,5.544
05-31-2026 14:45:00,5.227
05-31-2026 15:00:00,4.812
05-31-2026 15:15:00,4.403
05-31-2026 15:30:00,3.99
05-31-2026 15:45:00,3.499
05-31-2026 16:00:00,3.05
05-31-2026 16:15:00,2.6
05-31-2026 16:30:00,2.078
05-31-2026 16:45:00,1.58
05-31-2026 17:00:00,1.159
05-31-2026 17:15:00,0.742
05-31-2026 17:30:00,0.53
05-31-2026 17:45:00,0.461
05-31-2026 18:00:00,0.338
05-31-2026 18:15:00,0.239
05-31-2026 18:30:00,0.142
05-31-2026 18:45:00,0.024
05-31-2026 19:00:00,-0
05-31-2026 19:15:00,0
05-31-2026 19:30:00,0
05-31-2026 19:45:00,0
05-31-2026 20:00:00,0
05-31-2026 20:15:00,0
05-31-2026 20:30:00,0.004
05-31-2026 20:45:00,""
05-31-2026 21:00:00,""
05-31-2026 21:15:00,""
05-31-2026 21:30:00,""
05-31-2026 21:45:00,""
05-31-2026 22:00:00,""
05-31-2026 22:15:00,""
05-31-2026 22:30:00,""
05-31-2026 22:45:00,""
05-31-2026 23:00:00,""
05-31-2026 23:15:00,""
05-31-2026 23:30:00,""
05-31-2026 23:45:00,""
06-01-2026 00:00:00,""
06-01-2026 00:15:00,""
06-01-2026 00:30:00,""
06-01-2026 00:45:00,""
06-01-2026 01:00:00,""
06-01-2026 01:15:00,""
06-01-2026 01:30:00,""
06-01-2026 01:45:00,""
06-01-2026 02:00:00,""
06-01-2026 02:15:00,""
06-01-2026 02:30:00,""
06-01-2026 02:45:00,""
06-01-2026 03:00:00,""
06-01-2026 03:15:00,""
06-01-2026 03:30:00,""
06-01-2026 03:45:00,""
06-01-2026 04:00:00,""
06-01-2026 04:15:00,""
06-01-2026 04:30:00,""
06-01-2026 04:45:00,""
06-01-2026 05:00:00,""
06-01-2026 05:15:00,""
06-01-2026 05:30:00,""
06-01-2026 05:45:00,""
06-01-2026 06:00:00,""
06-01-2026 06:15:00,0.198
06-01-2026 06:30:00,0.257
06-01-2026 06:45:00,0.274
06-01-2026 07:00:00,0.683
06-01-2026 07:15:00,3.364
06-01-2026 07:30:00,4.036
06-01-2026 07:45:00,3.015
06-01-2026 08:00:00,4.807
06-01-2026 08:15:00,2.917
06-01-2026 08:30:00,4.621
06-01-2026 08:45:00,5.754
06-01-2026 09:00:00,4.381
06-01-2026 09:15:00,6.11
06-01-2026 09:30:00,6.447
06-01-2026 09:45:00,4.059
06-01-2026 10:00:00,7.618
06-01-2026 10:15:00,7.741
06-01-2026 10:30:00,8.421
06-01-2026 10:45:00,8.647
06-01-2026 11:00:00,7.884
06-01-2026 11:15:00,4.354
06-01-2026 11:30:00,7.182
06-01-2026 11:45:00,6.85
06-01-2026 12:00:00,2.319
06-01-2026 12:15:00,2.376
06-01-2026 12:30:00,3.683
06-01-2026 12:45:00,4.337
06-01-2026 13:00:00,5.623
06-01-2026 13:15:00,6.999
06-01-2026 13:30:00,6.152
06-01-2026 13:45:00,6.405
06-01-2026 14:00:00,6.206
06-01-2026 14:15:00,5.853
06-01-2026 14:30:00,5.522
06-01-2026 14:45:00,3.052
06-01-2026 15:00:00,3.499
06-01-2026 15:15:00,3.344
06-01-2026 15:30:00,3.18
06-01-2026 15:45:00,3.038
06-01-2026 16:00:00,1.169
06-01-2026 16:15:00,1.755
06-01-2026 16:30:00,2.126
06-01-2026 16:45:00,1.579
06-01-2026 17:00:00,1.343
06-01-2026 17:15:00,1.348
06-01-2026 17:30:00,1.007
06-01-2026 17:45:00,0.805
06-01-2026 18:00:00,0.547
06-01-2026 18:15:00,0.333
06-01-2026 18:30:00,0.107
06-01-2026 18:45:00,-0.001
06-01-2026 19:00:00,0
06-01-2026 19:15:00,0
06-01-2026 19:30:00,0
06-01-2026 19:45:00,0
06-01-2026 20:00:00,0
06-01-2026 20:15:00,0
06-01-2026 20:30:00,0.001
06-01-2026 20:45:00,""
06-01-2026 21:00:00,""
06-01-2026 21:15:00,""
06-01-2026 21:30:00,""
06-01-2026 21:45:00,""
06-01-2026 22:00:00,""
06-01-2026 22:15:00,""
06-01-2026 22:30:00,""
06-01-2026 22:45:00,""
06-01-2026 23:00:00,""
06-01-2026 23:15:00,""
06-01-2026 23:30:00,""
06-01-2026 23:45:00,""
06-02-2026 00:00:00,""
06-02-2026 00:15:00,""
06-02-2026 00:30:00,""
06-02-2026 00:45:00,""
06-02-2026 01:00:00,""
06-02-2026 01:15:00,""
06-02-2026 01:30:00,""
06-02-2026 01:45:00,""
06-02-2026 02:00:00,""
06-02-2026 02:15:00,""
06-02-2026 02:30:00,""
06-02-2026 02:45:00,""
06-02-2026 03:00:00,""
06-02-2026 03:15:00,""
06-02-2026 03:30:00,""
06-02-2026 03:45:00,""
06-02-2026 04:00:00,""
06-02-2026 04:15:00,""
06-02-2026 04:30:00,""
06-02-2026 04:45:00,""
06-02-2026 05:00:00,""
06-02-2026 05:15:00,""
06-02-2026 05:30:00,""
06-02-2026 05:45:00,""
06-02-2026 06:00:00,""
06-02-2026 06:15:00,0.085
06-02-2026 06:30:00,0.31
06-02-2026 06:45:00,0.498
06-02-2026 07:00:00,0.603
06-02-2026 07:15:00,0.601
06-02-2026 07:30:00,0.61
06-02-2026 07:45:00,0.55
06-02-2026 08:00:00,0.496
06-02-2026 08:15:00,0.728
06-02-2026 08:30:00,1.52
06-02-2026 08:45:00,1.73
06-02-2026 09:00:00,1.585
06-02-2026 09:15:00,1.324
06-02-2026 09:30:00,1.64
06-02-2026 09:45:00,1.585
06-02-2026 10:00:00,1.325
06-02-2026 10:15:00,1.49
06-02-2026 10:30:00,1.643
06-02-2026 10:45:00,1.701
06-02-2026 11:00:00,2.472
06-02-2026 11:15:00,2.865
06-02-2026 11:30:00,2.711
06-02-2026 11:45:00,1.801
06-02-2026 12:00:00,1.325
06-02-2026 12:15:00,3.163
06-02-2026 12:30:00,3.202
06-02-2026 12:45:00,2.405
06-02-2026 13:00:00,3.47
06-02-2026 13:15:00,3.477
06-02-2026 13:30:00,4.317
06-02-2026 13:45:00,3.423
06-02-2026 14:00:00,2.39
06-02-2026 14:15:00,2.016
06-02-2026 14:30:00,2.361
06-02-2026 14:45:00,2.442
06-02-2026 15:00:00,2.027
06-02-2026 15:15:00,1.987
06-02-2026 15:30:00,1.707
06-02-2026 15:45:00,2.284
06-02-2026 16:00:00,1.685
06-02-2026 16:15:00,1.078
06-02-2026 16:30:00,0.792
06-02-2026 16:45:00,0.584
06-02-2026 17:00:00,0.43
06-02-2026 17:15:00,0.584
06-02-2026 17:30:00,0.485
06-02-2026 17:45:00,0.533
06-02-2026 18:00:00,0.533
06-02-2026 18:15:00,0.321
06-02-2026 18:30:00,0.163
06-02-2026 18:45:00,0.05
06-02-2026 19:00:00,0
06-02-2026 19:15:00,0
06-02-2026 19:30:00,0
06-02-2026 19:45:00,0
06-02-2026 20:00:00,0
06-02-2026 20:15:00,0
06-02-2026 20:30:00,0.003
06-02-2026 20:45:00,""
06-02-2026 21:00:00,""
06-02-2026 21:15:00,""
06-02-2026 21:30:00,""
06-02-2026 21:45:00,""
06-02-2026 22:00:00,""
06-02-2026 22:15:00,""
06-02-2026 22:30:00,""
06-02-2026 22:45:00,""
06-02-2026 23:00:00,""
06-02-2026 23:15:00,""
06-02-2026 23:30:00,""
06-02-2026 23:45:00,""
06-03-2026 00:00:00,""
06-03-2026 00:15:00,""
06-03-2026 00:30:00,""
06-03-2026 00:45:00,""
06-03-2026 01:00:00,""
06-03-2026 01:15:00,""
06-03-2026 01:30:00,""
06-03-2026 01:45:00,""
06-03-2026 02:00:00,""
06-03-2026 02:15:00,""
06-03-2026 02:30:00,""
06-03-2026 02:45:00,""
06-03-2026 03:00:00,""
06-03-2026 03:15:00,""
06-03-2026 03:30:00,""
06-03-2026 03:45:00,""
06-03-2026 04:00:00,""
06-03-2026 04:15:00,""
06-03-2026 04:30:00,""
06-03-2026 04:45:00,""
06-03-2026 05:00:00,""
06-03-2026 05:15:00,""
06-03-2026 05:30:00,""
06-03-2026 05:45:00,""
06-03-2026 06:00:00,""
06-03-2026 06:15:00,0.18
06-03-2026 06:30:00,0.392
06-03-2026 06:45:00,0.609
06-03-2026 07:00:00,0.979
06-03-2026 07:15:00,1.026
06-03-2026 07:30:00,0.854
06-03-2026 07:45:00,1.027
06-03-2026 08:00:00,3.203
06-03-2026 08:15:00,3.054
06-03-2026 08:30:00,1.646
06-03-2026 08:45:00,2.267
06-03-2026 09:00:00,2.169
06-03-2026 09:15:00,2.103
06-03-2026 09:30:00,2.469
06-03-2026 09:45:00,3.292
06-03-2026 10:00:00,4.242
06-03-2026 10:15:00,3.964
06-03-2026 10:30:00,4.009
06-03-2026 10:45:00,3.611
06-03-2026 11:00:00,6.214
06-03-2026 11:15:00,6.665
06-03-2026 11:30:00,8.147
06-03-2026 11:45:00,6.948
06-03-2026 12:00:00,6.563
06-03-2026 12:15:00,5.779
06-03-2026 12:30:00,8.034
06-03-2026 12:45:00,8.041
06-03-2026 13:00:00,7.304
06-03-2026 13:15:00,6.386
06-03-2026 13:30:00,6.833
06-03-2026 13:45:00,6.538
06-03-2026 14:00:00,6.231
06-03-2026 14:15:00,6.28
06-03-2026 14:30:00,5.624
06-03-2026 14:45:00,3.982
06-03-2026 15:00:00,3.482
06-03-2026 15:15:00,2.997
06-03-2026 15:30:00,3.197
06-03-2026 15:45:00,3.602
06-03-2026 16:00:00,3.24
06-03-2026 16:15:00,2.245
06-03-2026 16:30:00,1.41
06-03-2026 16:45:00,1.341
06-03-2026 17:00:00,1.247
06-03-2026 17:15:00,0.896
06-03-2026 17:30:00,0.547
06-03-2026 17:45:00,0.412
06-03-2026 18:00:00,0.364
06-03-2026 18:15:00,0.318
06-03-2026 18:30:00,0.178
06-03-2026 18:45:00,0.032
06-03-2026 19:00:00,-0
06-03-2026 19:15:00,0
06-03-2026 19:30:00,0
06-03-2026 19:45:00,0
06-03-2026 20:00:00,0
06-03-2026 20:15:00,0
06-03-2026 20:30:00,0.001
06-03-2026 20:45:00,""
06-03-2026 21:00:00,""
06-03-2026 21:15:00,""
06-03-2026 21:30:00,""
06-03-2026 21:45:00,""
06-03-2026 22:00:00,""
06-03-2026 22:15:00,""
06-03-2026 22:30:00,""
06-03-2026 22:45:00,""
06-03-2026 23:00:00,""
06-03-2026 23:15:00,""
06-03-2026 23:30:00,""
06-03-2026 23:45:00,""
06-04-2026 00:00:00,""
06-04-2026 00:15:00,""
06-04-2026 00:30:00,""
06-04-2026 00:45:00,""
06-04-2026 01:00:00,""
06-04-2026 01:15:00,""
06-04-2026 01:30:00,""
06-04-2026 01:45:00,""
06-04-2026 02:00:00,""
06-04-2026 02:15:00,""
06-04-2026 02:30:00,""
06-04-2026 02:45:00,""
06-04-2026 03:00:00,""
06-04-2026 03:15:00,""
06-04-2026 03:30:00,""
06-04-2026 03:45:00,""
06-04-2026 04:00:00,""
06-04-2026 04:15:00,""
06-04-2026 04:30:00,""
06-04-2026 04:45:00,""
06-04-2026 05:00:00,""
06-04-2026 05:15:00,""
06-04-2026 05:30:00,""
06-04-2026 05:45:00,""
06-04-2026 06:00:00,""
06-04-2026 06:15:00,0.047
06-04-2026 06:30:00,0.163
06-04-2026 06:45:00,0.421
06-04-2026 07:00:00,0.938
06-04-2026 07:15:00,1.483
06-04-2026 07:30:00,1.272
06-04-2026 07:45:00,3.664
06-04-2026 08:00:00,6.005
06-04-2026 08:15:00,4.817
06-04-2026 08:30:00,5.055
06-04-2026 08:45:00,3.765
06-04-2026 09:00:00,3.881
06-04-2026 09:15:00,4.006
06-04-2026 09:30:00,2.222
06-04-2026 09:45:00,5.62
06-04-2026 10:00:00,4.062
06-04-2026 10:15:00,6.092
06-04-2026 10:30:00,4.714
06-04-2026 10:45:00,7.377
06-04-2026 11:00:00,5.055
06-04-2026 11:15:00,5.215
06-04-2026 11:30:00,7.777
06-04-2026 11:45:00,8.216
06-04-2026 12:00:00,7.427
06-04-2026 12:15:00,5.446
06-04-2026 12:30:00,4.014
06-04-2026 12:45:00,5.215
06-04-2026 13:00:00,7.144
06-04-2026 13:15:00,7.416
06-04-2026 13:30:00,6.437
06-04-2026 13:45:00,7.315
06-04-2026 14:00:00,5.894
06-04-2026 14:15:00,5.559
06-04-2026 14:30:00,3.888
06-04-2026 14:45:00,3.724
06-04-2026 15:00:00,2.072
06-04-2026 15:15:00,1.191
06-04-2026 15:30:00,3.905
06-04-2026 15:45:00,3.378
06-04-2026 16:00:00,0.958
06-04-2026 16:15:00,0.671
06-04-2026 16:30:00,0.598
06-04-2026 16:45:00,0.763
06-04-2026 17:00:00,0.465
06-04-2026 17:15:00,0.311
06-04-2026 17:30:00,0.505
06-04-2026 17:45:00,0.442
06-04-2026 18:00:00,0.591
06-04-2026 18:15:00,0.279
06-04-2026 18:30:00,0.187
06-04-2026 18:45:00,0.071
06-04-2026 19:00:00,-0.002
06-04-2026 19:15:00,0
06-04-2026 19:30:00,0
06-04-2026 19:45:00,0
06-04-2026 20:00:00,0
06-04-2026 20:15:00,0
06-04-2026 20:30:00,0.003
06-04-2026 20:45:00,""
06-04-2026 21:00:00,""
06-04-2026 21:15:00,""
06-04-2026 21:30:00,""
06-04-2026 21:45:00,""
06-04-2026 22:00:00,""
06-04-2026 22:15:00,""
06-04-2026 22:30:00,""
06-04-2026 22:45:00,""
06-04-2026 23:00:00,""
06-04-2026 23:15:00,""
06-04-2026 23:30:00,""
06-04-2026 23:45:00,""
06-05-2026 00:00:00,""
06-05-2026 00:15:00,""
06-05-2026 00:30:00,""
06-05-2026 00:45:00,""
06-05-2026 01:00:00,""
06-05-2026 01:15:00,""
06-05-2026 01:30:00,""
06-05-2026 01:45:00,""
06-05-2026 02:00:00,""
06-05-2026 02:15:00,""
06-05-2026 02:30:00,""
06-05-2026 02:45:00,""
06-05-2026 03:00:00,""
06-05-2026 03:15:00,""
06-05-2026 03:30:00,""
06-05-2026 03:45:00,""
06-05-2026 04:00:00,""
06-05-2026 04:15:00,""
06-05-2026 04:30:00,""
06-05-2026 04:45:00,""
06-05-2026 05:00:00,""
06-05-2026 05:15:00,""
06-05-2026 05:30:00,""
06-05-2026 05:45:00,""
06-05-2026 06:00:00,""
06-05-2026 06:15:00,0.137
06-05-2026 06:30:00,0.324
06-05-2026 06:45:00,0.482
06-05-2026 07:00:00,0.631
06-05-2026 07:15:00,0.799
06-05-2026 07:30:00,1.105
06-05-2026 07:45:00,1.197
06-05-2026 08:00:00,1.32
06-05-2026 08:15:00,1.406
06-05-2026 08:30:00,1.933
06-05-2026 08:45:00,3.237
06-05-2026 09:00:00,2.949
06-05-2026 09:15:00,2.107
06-05-2026 09:30:00,2.542
06-05-2026 09:45:00,6.386
06-05-2026 10:00:00,3.438
06-05-2026 10:15:00,5.961
06-05-2026 10:30:00,7.838
06-05-2026 10:45:00,7.989
06-05-2026 11:00:00,8.06
06-05-2026 11:15:00,8.212
06-05-2026 11:30:00,7.193
06-05-2026 11:45:00,4.822
06-05-2026 12:00:00,7.181
06-05-2026 12:15:00,6.839
06-05-2026 12:30:00,7.151
06-05-2026 12:45:00,3.895
06-05-2026 13:00:00,5.738
06-05-2026 13:15:00,4.869
06-05-2026 13:30:00,6.764
06-05-2026 13:45:00,6.404
06-05-2026 14:00:00,6.11
06-05-2026 14:15:00,4.703
06-05-2026 14:30:00,2.979
06-05-2026 14:45:00,5.233
06-05-2026 15:00:00,3.354
06-05-2026 15:15:00,5.246
06-05-2026 15:30:00,3.655
06-05-2026 15:45:00,1.798
06-05-2026 16:00:00,1.619
06-05-2026 16:15:00,1.619
06-05-2026 16:30:00,1.518
06-05-2026 16:45:00,1.294
06-05-2026 17:00:00,0.919
06-05-2026 17:15:00,0.749
06-05-2026 17:30:00,0.482
06-05-2026 17:45:00,0.399
06-05-2026 18:00:00,0.325
06-05-2026 18:15:00,0.188
06-05-2026 18:30:00,0.062
06-05-2026 18:45:00,0.009
06-05-2026 19:00:00,0
06-05-2026 19:15:00,0
06-05-2026 19:30:00,0
06-05-2026 19:45:00,0
06-05-2026 20:00:00,0
06-05-2026 20:15:00,0
06-05-2026 20:30:00,0
06-05-2026 20:45:00,""
06-05-2026 21:00:00,""
06-05-2026 21:15:00,""
06-05-2026 21:30:00,""
06-05-2026 21:45:00,""
06-05-2026 22:00:00,""
06-05-2026 22:15:00,""
06-05-2026 22:30:00,""
06-05-2026 22:45:00,""
06-05-2026 23:00:00,""
06-05-2026 23:15:00,""
06-05-2026 23:30:00,""
06-05-2026 23:45:00,""
06-06-2026 00:00:00,""
06-06-2026 00:15:00,""
06-06-2026 00:30:00,""
06-06-2026 00:45:00,""
06-06-2026 01:00:00,""
06-06-2026 01:15:00,""
06-06-2026 01:30:00,""
06-06-2026 01:45:00,""
06-06-2026 02:00:00,""
06-06-2026 02:15:00,""
06-06-2026 02:30:00,""
06-06-2026 02:45:00,""
06-06-2026 03:00:00,""
06-06-2026 03:15:00,""
06-06-2026 03:30:00,""
06-06-2026 03:45:00,""
06-06-2026 04:00:00,""
06-06-2026 04:15:00,""
06-06-2026 04:30:00,""
06-06-2026 04:45:00,""
06-06-2026 05:00:00,""
06-06-2026 05:15:00,""
06-06-2026 05:30:00,""
06-06-2026 05:45:00,""
06-06-2026 06:00:00,""
06-06-2026 06:15:00,0.044
06-06-2026 06:30:00,0.251
06-06-2026 06:45:00,0.329
06-06-2026 07:00:00,0.393
06-06-2026 07:15:00,0.537
06-06-2026 07:30:00,1.056
06-06-2026 07:45:00,0.9
06-06-2026 08:00:00,1.09
06-06-2026 08:15:00,2.838
06-06-2026 08:30:00,3.813
06-06-2026 08:45:00,3.102
06-06-2026 09:00:00,2.418
06-06-2026 09:15:00,4.742
06-06-2026 09:30:00,4.631
06-06-2026 09:45:00,4.707
06-06-2026 10:00:00,5.014
06-06-2026 10:15:00,2.947
06-06-2026 10:30:00,2.966
06-06-2026 10:45:00,3.156
06-06-2026 11:00:00,4.097
06-06-2026 11:15:00,3.083
06-06-2026 11:30:00,4.057
06-06-2026 11:45:00,2.956
06-06-2026 12:00:00,3.376
06-06-2026 12:15:00,3.456
06-06-2026 12:30:00,3.948
06-06-2026 12:45:00,5.407
06-06-2026 13:00:00,3.353
06-06-2026 13:15:00,4.1
06-06-2026 13:30:00,5.533
06-06-2026 13:45:00,4.201
06-06-2026 14:00:00,4.236
06-06-2026 14:15:00,3.744
06-06-2026 14:30:00,3.719
06-06-2026 14:45:00,3.013
06-06-2026 15:00:00,3.868
06-06-2026 15:15:00,1.596
06-06-2026 15:30:00,2.089
06-06-2026 15:45:00,2.218
06-06-2026 16:00:00,2.938
06-06-2026 16:15:00,2.304
06-06-2026 16:30:00,1.747
06-06-2026 16:45:00,1.282
06-06-2026 17:00:00,0.947
06-06-2026 17:15:00,0.878
06-06-2026 17:30:00,0.493
06-06-2026 17:45:00,0.408
06-06-2026 18:00:00,0.375
06-06-2026 18:15:00,0.491
06-06-2026 18:30:00,0.176
06-06-2026 18:45:00,0.027
06-06-2026 19:00:00,0.004
06-06-2026 19:15:00,0
06-06-2026 19:30:00,0
06-06-2026 19:45:00,0
06-06-2026 20:00:00,0
06-06-2026 20:15:00,0
06-06-2026 20:30:00,0
06-06-2026 20:45:00,""
06-06-2026 21:00:00,""
06-06-2026 21:15:00,""
06-06-2026 21:30:00,""
06-06-2026 21:45:00,""
06-06-2026 22:00:00,""
06-06-2026 22:15:00,""
06-06-2026 22:30:00,""
06-06-2026 22:45:00,""
06-06-2026 23:00:00,""
06-06-2026 23:15:00,""
06-06-2026 23:30:00,""
06-06-2026 23:45:00,""
06-07-2026 00:00:00,""
06-07-2026 00:15:00,""
06-07-2026 00:30:00,""
06-07-2026 00:45:00,""
06-07-2026 01:00:00,""
06-07-2026 01:15:00,""
06-07-2026 01:30:00,""
06-07-2026 01:45:00,""
06-07-2026 02:00:00,""
06-07-2026 02:15:00,""
06-07-2026 02:30:00,""
06-07-2026 02:45:00,""
06-07-2026 03:00:00,""
06-07-2026 03:15:00,""
06-07-2026 03:30:00,""
06-07-2026 03:45:00,""
06-07-2026 04:00:00,""
06-07-2026 04:15:00,""
06-07-2026 04:30:00,""
06-07-2026 04:45:00,""
06-07-2026 05:00:00,""
06-07-2026 05:15:00,""
06-07-2026 05:30:00,""
06-07-2026 05:45:00,""
06-07-2026 06:00:00,""
06-07-2026 06:15:00,0.064
06-07-2026 06:30:00,0.305
06-07-2026 06:45:00,0.388
06-07-2026 07:00:00,1.022
06-07-2026 07:15:00,0.841
06-07-2026 07:30:00,1.734
06-07-2026 07:45:00,4.408
06-07-2026 08:00:00,2.457
06-07-2026 08:15:00,3.552
06-07-2026 08:30:00,5.223
06-07-2026 08:45:00,2.766
06-07-2026 09:00:00,3.493
06-07-2026 09:15:00,2.168
06-07-2026 09:30:00,4.236
06-07-2026 09:45:00,3.966
06-07-2026 10:00:00,3.303
06-07-2026 10:15:00,3.017
06-07-2026 10:30:00,4.193
06-07-2026 10:45:00,6.836
06-07-2026 11:00:00,4.014
06-07-2026 11:15:00,5.775
06-07-2026 11:30:00,5.7
06-07-2026 11:45:00,5.875
06-07-2026 12:00:00,7.746
06-07-2026 12:15:00,6.272
06-07-2026 12:30:00,7.155
06-07-2026 12:45:00,7.706
06-07-2026 13:00:00,7.356
06-07-2026 13:15:00,7.461
06-07-2026 13:30:00,7.475
06-07-2026 13:45:00,6.809
06-07-2026 14:00:00,6.439
06-07-2026 14:15:00,6.111
06-07-2026 14:30:00,6
06-07-2026 14:45:00,5.102
06-07-2026 15:00:00,4.938
06-07-2026 15:15:00,4.681
06-07-2026 15:30:00,4.144
06-07-2026 15:45:00,3.735
06-07-2026 16:00:00,3.313
06-07-2026 16:15:00,2.443
06-07-2026 16:30:00,2.433
06-07-2026 16:45:00,1.957
06-07-2026 17:00:00,1.464
06-07-2026 17:15:00,0.803
06-07-2026 17:30:00,0.688
06-07-2026 17:45:00,0.532
06-07-2026 18:00:00,0.476
06-07-2026 18:15:00,0.333
06-07-2026 18:30:00,0.097
06-07-2026 18:45:00,0.016
06-07-2026 19:00:00,-0
06-07-2026 19:15:00,0
06-07-2026 19:30:00,0
06-07-2026 19:45:00,0
06-07-2026 20:00:00,0
06-07-2026 20:15:00,0
06-07-2026 20:30:00,0.001
06-07-2026 20:45:00,""
06-07-2026 21:00:00,""
06-07-2026 21:15:00,""
06-07-2026 21:30:00,""
06-07-2026 21:45:00,""
06-07-2026 22:00:00,""
06-07-2026 22:15:00,""
06-07-2026 22:30:00,""
06-07-2026 22:45:00,""
06-07-2026 23:00:00,""
06-07-2026 23:15:00,""
06-07-2026 23:30:00,""
06-07-2026 23:45:00,""
06-08-2026 00:00:00,""
06-08-2026 00:15:00,""
06-08-2026 00:30:00,""
06-08-2026 00:45:00,""
06-08-2026 01:00:00,""
06-08-2026 01:15:00,""
06-08-2026 01:30:00,""
06-08-2026 01:45:00,""
06-08-2026 02:00:00,""
06-08-2026 02:15:00,""
06-08-2026 02:30:00,""
06-08-2026 02:45:00,""
06-08-2026 03:00:00,""
06-08-2026 03:15:00,""
06-08-2026 03:30:00,""
06-08-2026 03:45:00,""
06-08-2026 04:00:00,""
06-08-2026 04:15:00,""
06-08-2026 04:30:00,""
06-08-2026 04:45:00,""
06-08-2026 05:00:00,""
06-08-2026 05:15:00,""
06-08-2026 05:30:00,""
06-08-2026 05:45:00,""
06-08-2026 06:00:00,""
06-08-2026 06:15:00,0.088
06-08-2026 06:30:00,0.191
06-08-2026 06:45:00,0.478
06-08-2026 07:00:00,0.788
06-08-2026 07:15:00,0.754
06-08-2026 07:30:00,1.063
06-08-2026 07:45:00,1.548
06-08-2026 08:00:00,1.725
06-08-2026 08:15:00,1.606
06-08-2026 08:30:00,2.158
06-08-2026 08:45:00,2.681
06-08-2026 09:00:00,3.065
06-08-2026 09:15:00,3.043
06-08-2026 09:30:00,2.939
06-08-2026 09:45:00,5.606
06-08-2026 10:00:00,4.863
06-08-2026 10:15:00,3.078
06-08-2026 10:30:00,3.213
06-08-2026 10:45:00,5.478
06-08-2026 11:00:00,4.041
06-08-2026 11:15:00,6.596
06-08-2026 11:30:00,7.531
06-08-2026 11:45:00,5.623
06-08-2026 12:00:00,5.917
06-08-2026 12:15:00,4.437
06-08-2026 12:30:00,5.967
06-08-2026 12:45:00,7.409
06-08-2026 13:00:00,6.801
06-08-2026 13:15:00,6.303
06-08-2026 13:30:00,6.058
06-08-2026 13:45:00,4.37
06-08-2026 14:00:00,5.285
06-08-2026 14:15:00,6.144
06-08-2026 14:30:00,5.672
06-08-2026 14:45:00,4.535
06-08-2026 15:00:00,5.118
06-08-2026 15:15:00,4.249
06-08-2026 15:30:00,4.277
06-08-2026 15:45:00,3.974
06-08-2026 16:00:00,3.069
06-08-2026 16:15:00,2.929
06-08-2026 16:30:00,1.596
06-08-2026 16:45:00,1.225
06-08-2026 17:00:00,0.897
06-08-2026 17:15:00,0.811
06-08-2026 17:30:00,0.43
06-08-2026 17:45:00,0.378
06-08-2026 18:00:00,0.232
06-08-2026 18:15:00,0.181
06-08-2026 18:30:00,0.087
06-08-2026 18:45:00,0.021
06-08-2026 19:00:00,-0
06-08-2026 19:15:00,0
06-08-2026 19:30:00,0
06-08-2026 19:45:00,0
06-08-2026 20:00:00,0
06-08-2026 20:15:00,0
06-08-2026 20:30:00,0.001
06-08-2026 20:45:00,""
06-08-2026 21:00:00,""
06-08-2026 21:15:00,""
06-08-2026 21:30:00,""
06-08-2026 21:45:00,""
06-08-2026 22:00:00,""
06-08-2026 22:15:00,""
06-08-2026 22:30:00,""
06-08-2026 22:45:00,""
06-08-2026 23:00:00,""
06-08-2026 23:15:00,""
06-08-2026 23:30:00,""
06-08-2026 23:45:00,""
06-09-2026 00:00:00,""
06-09-2026 00:15:00,""
06-09-2026 00:30:00,""
06-09-2026 00:45:00,""
06-09-2026 01:00:00,""
06-09-2026 01:15:00,""
06-09-2026 01:30:00,""
06-09-2026 01:45:00,""
06-09-2026 02:00:00,""
06-09-2026 02:15:00,""
06-09-2026 02:30:00,""
06-09-2026 02:45:00,""
06-09-2026 03:00:00,""
06-09-2026 03:15:00,""
06-09-2026 03:30:00,""
06-09-2026 03:45:00,""
06-09-2026 04:00:00,""
06-09-2026 04:15:00,""
06-09-2026 04:30:00,""
06-09-2026 04:45:00,""
06-09-2026 05:00:00,""
06-09-2026 05:15:00,""
06-09-2026 05:30:00,""
06-09-2026 05:45:00,""
06-09-2026 06:00:00,""
06-09-2026 06:15:00,0.105
06-09-2026 06:30:00,0.251
06-09-2026 06:45:00,0.255
06-09-2026 07:00:00,0.388
06-09-2026 07:15:00,1.382
06-09-2026 07:30:00,3.353
06-09-2026 07:45:00,1.12
06-09-2026 08:00:00,2.091
06-09-2026 08:15:00,3.988
06-09-2026 08:30:00,5.264
06-09-2026 08:45:00,6.161
06-09-2026 09:00:00,6.915
06-09-2026 09:15:00,5.726
06-09-2026 09:30:00,2.893
06-09-2026 09:45:00,6.656
06-09-2026 10:00:00,7.556
06-09-2026 10:15:00,7.29
06-09-2026 10:30:00,7.368
06-09-2026 10:45:00,7.912
06-09-2026 11:00:00,6.16
06-09-2026 11:15:00,7.595
06-09-2026 11:30:00,7.81
06-09-2026 11:45:00,7.852
06-09-2026 12:00:00,7.137
06-09-2026 12:15:00,7.298
06-09-2026 12:30:00,7.433
06-09-2026 12:45:00,7.283
06-09-2026 13:00:00,7.294
06-09-2026 13:15:00,6.964
06-09-2026 13:30:00,6.716
06-09-2026 13:45:00,6.081
06-09-2026 14:00:00,6.11
06-09-2026 14:15:00,6.065
06-09-2026 14:30:00,5.668
06-09-2026 14:45:00,5.277
06-09-2026 15:00:00,3.585
06-09-2026 15:15:00,4.366
06-09-2026 15:30:00,3.673
06-09-2026 15:45:00,2.857
06-09-2026 16:00:00,3.141
06-09-2026 16:15:00,2.354
06-09-2026 16:30:00,2.24
06-09-2026 16:45:00,1.911
06-09-2026 17:00:00,1.599
06-09-2026 17:15:00,0.967
06-09-2026 17:30:00,0.722
06-09-2026 17:45:00,0.817
06-09-2026 18:00:00,0.665
06-09-2026 18:15:00,0.446
06-09-2026 18:30:00,0.264
06-09-2026 18:45:00,0.11
06-09-2026 19:00:00,0.003
06-09-2026 19:15:00,0
06-09-2026 19:30:00,0
06-09-2026 19:45:00,0
06-09-2026 20:00:00,0
06-09-2026 20:15:00,0
06-09-2026 20:30:00,0.001
06-09-2026 20:45:00,""
06-09-2026 21:00:00,""
06-09-2026 21:15:00,""
06-09-2026 21:30:00,""
06-09-2026 21:45:00,""
06-09-2026 22:00:00,""
06-09-2026 22:15:00,""
06-09-2026 22:30:00,""
06-09-2026 22:45:00,""
06-09-2026 23:00:00,""
06-09-2026 23:15:00,""
06-09-2026 23:30:00,""
06-09-2026 23:45:00,""
06-10-2026 00:00:00,""
06-10-2026 00:15:00,""
06-10-2026 00:30:00,""
06-10-2026 00:45:00,""
06-10-2026 01:00:00,""
06-10-2026 01:15:00,""
06-10-2026 01:30:00,""
06-10-2026 01:45:00,""
06-10-2026 02:00:00,""
06-10-2026 02:15:00,""
06-10-2026 02:30:00,""
06-10-2026 02:45:00,""
06-10-2026 03:00:00,""
06-10-2026 03:15:00,""
06-10-2026 03:30:00,""
06-10-2026 03:45:00,""
06-10-2026 04:00:00,""
06-10-2026 04:15:00,""
06-10-2026 04:30:00,""
06-10-2026 04:45:00,""
06-10-2026 05:00:00,""
06-10-2026 05:15:00,""
06-10-2026 05:30:00,""
06-10-2026 05:45:00,""
06-10-2026 06:00:00,""
06-10-2026 06:15:00,0.084
06-10-2026 06:30:00,0.128
06-10-2026 06:45:00,0.236
06-10-2026 07:00:00,0.716
06-10-2026 07:15:00,1.12
06-10-2026 07:30:00,1.175
06-10-2026 07:45:00,1.161
06-10-2026 08:00:00,2.17
06-10-2026 08:15:00,5.266
06-10-2026 08:30:00,5.62
06-10-2026 08:45:00,5.35
06-10-2026 09:00:00,5.661
06-10-2026 09:15:00,3.751
06-10-2026 09:30:00,3.282
06-10-2026 09:45:00,3.166
06-10-2026 10:00:00,6.516
06-10-2026 10:15:00,7.922
06-10-2026 10:30:00,6.264
06-10-2026 10:45:00,5.125
06-10-2026 11:00:00,3.989
06-10-2026 11:15:00,4.026
06-10-2026 11:30:00,2.734
06-10-2026 11:45:00,6.648
06-10-2026 12:00:00,5.055
06-10-2026 12:15:00,5.225
06-10-2026 12:30:00,6.009
06-10-2026 12:45:00,5.174
06-10-2026 13:00:00,5.233
06-10-2026 13:15:00,5.056
06-10-2026 13:30:00,5.18
06-10-2026 13:45:00,4.332
06-10-2026 14:00:00,5.058
06-10-2026 14:15:00,4.323
06-10-2026 14:30:00,4.769
06-10-2026 14:45:00,4.912
06-10-2026 15:00:00,3.927
06-10-2026 15:15:00,5.243
06-10-2026 15:30:00,3.526
06-10-2026 15:45:00,2.614
06-10-2026 16:00:00,2.313
06-10-2026 16:15:00,2.185
06-10-2026 16:30:00,1.687
06-10-2026 16:45:00,1.423
06-10-2026 17:00:00,1.394
06-10-2026 17:15:00,1.207
06-10-2026 17:30:00,1.145
06-10-2026 17:45:00,0.973
06-10-2026 18:00:00,0.421
06-10-2026 18:15:00,0.332
06-10-2026 18:30:00,0.31
06-10-2026 18:45:00,0.139
06-10-2026 19:00:00,0.003
06-10-2026 19:15:00,0
06-10-2026 19:30:00,0
06-10-2026 19:45:00,0
06-10-2026 20:00:00,0
06-10-2026 20:15:00,0
06-10-2026 20:30:00,0.001
06-10-2026 20:45:00,""
06-10-2026 21:00:00,""
06-10-2026 21:15:00,""
06-10-2026 21:30:00,""
06-10-2026 21:45:00,""
06-10-2026 22:00:00,""
06-10-2026 22:15:00,""
06-10-2026 22:30:00,""
06-10-2026 22:45:00,""
06-10-2026 23:00:00,""
06-10-2026 23:15:00,""
06-10-2026 23:30:00,""
06-10-2026 23:45:00,""
06-11-2026 00:00:00,""
06-11-2026 00:15:00,""
06-11-2026 00:30:00,""
06-11-2026 00:45:00,""
06-11-2026 01:00:00,""
06-11-2026 01:15:00,""
06-11-2026 01:30:00,""
06-11-2026 01:45:00,""
06-11-2026 02:00:00,""
06-11-2026 02:15:00,""
06-11-2026 02:30:00,""
06-11-2026 02:45:00,""
06-11-2026 03:00:00,""
06-11-2026 03:15:00,""
06-11-2026 03:30:00,""
06-11-2026 03:45:00,""
06-11-2026 04:00:00,""
06-11-2026 04:15:00,""
06-11-2026 04:30:00,""
06-11-2026 04:45:00,""
06-11-2026 05:00:00,""
06-11-2026 05:15:00,""
06-11-2026 05:30:00,""
06-11-2026 05:45:00,""
06-11-2026 06:00:00,""
06-11-2026 06:15:00,0.14
06-11-2026 06:30:00,0.199
06-11-2026 06:45:00,0.275
06-11-2026 07:00:00,0.428
06-11-2026 07:15:00,1.524
06-11-2026 07:30:00,3.415
06-11-2026 07:45:00,5.07
06-11-2026 08:00:00,5.422
06-11-2026 08:15:00,5.75
06-11-2026 08:30:00,6.099
06-11-2026 08:45:00,6.421
06-11-2026 09:00:00,6.684
06-11-2026 09:15:00,6.967
06-11-2026 09:30:00,7.135
06-11-2026 09:45:00,7.221
06-11-2026 10:00:00,7.415
06-11-2026 10:15:00,7.464
06-11-2026 10:30:00,7.556
06-11-2026 10:45:00,7.651
06-11-2026 11:00:00,7.682
06-11-2026 11:15:00,7.667
06-11-2026 11:30:00,7.689
06-11-2026 11:45:00,7.715
06-11-2026 12:00:00,7.62
06-11-2026 12:15:00,7.541
06-11-2026 12:30:00,7.389
06-11-2026 12:45:00,7.255
06-11-2026 13:00:00,6.978
06-11-2026 13:15:00,6.844
06-11-2026 13:30:00,6.611
06-11-2026 13:45:00,6.4
06-11-2026 14:00:00,6.089
06-11-2026 14:15:00,5.834
06-11-2026 14:30:00,5.525
06-11-2026 14:45:00,5.171
06-11-2026 15:00:00,4.519
06-11-2026 15:15:00,3.93
06-11-2026 15:30:00,3.999
06-11-2026 15:45:00,3.554
06-11-2026 16:00:00,3.101
06-11-2026 16:15:00,2.616
06-11-2026 16:30:00,2.088
06-11-2026 16:45:00,1.185
06-11-2026 17:00:00,0.99
06-11-2026 17:15:00,0.681
06-11-2026 17:30:00,0.427
06-11-2026 17:45:00,0.311
06-11-2026 18:00:00,0.285
06-11-2026 18:15:00,0.232
06-11-2026 18:30:00,0.165
06-11-2026 18:45:00,0.065
06-11-2026 19:00:00,0.002
06-11-2026 19:15:00,0
06-11-2026 19:30:00,0
06-11-2026 19:45:00,0
06-11-2026 20:00:00,0
06-11-2026 20:15:00,0
06-11-2026 20:30:00,0.001
06-11-2026 20:45:00,""
06-11-2026 21:00:00,""
06-11-2026 21:15:00,""
06-11-2026 21:30:00,""
06-11-2026 21:45:00,""
06-11-2026 22:00:00,""
06-11-2026 22:15:00,""
06-11-2026 22:30:00,""
06-11-2026 22:45:00,""
06-11-2026 23:00:00,""
06-11-2026 23:15:00,""
06-11-2026 23:30:00,""
06-11-2026 23:45:00,""
06-12-2026 00:00:00,""
06-12-2026 00:15:00,""
06-12-2026 00:30:00,""
06-12-2026 00:45:00,""
06-12-2026 01:00:00,""
06-12-2026 01:15:00,""
06-12-2026 01:30:00,""
06-12-2026 01:45:00,""
06-12-2026 02:00:00,""
06-12-2026 02:15:00,""
06-12-2026 02:30:00,""
06-12-2026 02:45:00,""
06-12-2026 03:00:00,""
06-12-2026 03:15:00,""
06-12-2026 03:30:00,""
06-12-2026 03:45:00,""
06-12-2026 04:00:00,""
06-12-2026 04:15:00,""
06-12-2026 04:30:00,""
06-12-2026 04:45:00,""
06-12-2026 05:00:00,""
06-12-2026 05:15:00,""
06-12-2026 05:30:00,""
06-12-2026 05:45:00,""
06-12-2026 06:00:00,""
06-12-2026 06:15:00,0.114
06-12-2026 06:30:00,0.298
06-12-2026 06:45:00,1.622
06-12-2026 07:00:00,3.597
06-12-2026 07:15:00,4.045
06-12-2026 07:30:00,4.55
06-12-2026 07:45:00,5.056
06-12-2026 08:00:00,5.435
06-12-2026 08:15:00,5.802
06-12-2026 08:30:00,6.154
06-12-2026 08:45:00,6.364
06-12-2026 09:00:00,6.606
06-12-2026 09:15:00,6.812
06-12-2026 09:30:00,6.996
06-12-2026 09:45:00,7.138
06-12-2026 10:00:00,7.259
06-12-2026 10:15:00,7.365
06-12-2026 10:30:00,7.497
06-12-2026 10:45:00,7.555
06-12-2026 11:00:00,7.533
06-12-2026 11:15:00,7.587
06-12-2026 11:30:00,7.592
06-12-2026 11:45:00,7.574
06-12-2026 12:00:00,7.468
06-12-2026 12:15:00,7.418
06-12-2026 12:30:00,7.374
06-12-2026 12:45:00,7.197
06-12-2026 13:00:00,7.03
06-12-2026 13:15:00,6.87
06-12-2026 13:30:00,6.665
06-12-2026 13:45:00,6.404
06-12-2026 14:00:00,6.153
06-12-2026 14:15:00,5.891
06-12-2026 14:30:00,5.513
06-12-2026 14:45:00,5.174
06-12-2026 15:00:00,4.788
06-12-2026 15:15:00,4.403
06-12-2026 15:30:00,3.953
06-12-2026 15:45:00,3.573
06-12-2026 16:00:00,3.201
06-12-2026 16:15:00,2.106
06-12-2026 16:30:00,1.654
06-12-2026 16:45:00,1.561
06-12-2026 17:00:00,1.394
06-12-2026 17:15:00,1.071
06-12-2026 17:30:00,0.897
06-12-2026 17:45:00,0.472
06-12-2026 18:00:00,0.38
06-12-2026 18:15:00,0.248
06-12-2026 18:30:00,0.114
06-12-2026 18:45:00,0.034
06-12-2026 19:00:00,-0.001
06-12-2026 19:15:00,0
06-12-2026 19:30:00,0
06-12-2026 19:45:00,0
06-12-2026 20:00:00,0
06-12-2026 20:15:00,0
06-12-2026 20:30:00,0.001
06-12-2026 20:45:00,""
06-12-2026 21:00:00,""
06-12-2026 21:15:00,""
06-12-2026 21:30:00,""
06-12-2026 21:45:00,""
06-12-2026 22:00:00,""
06-12-2026 22:15:00,""
06-12-2026 22:30:00,""
06-12-2026 22:45:00,""
06-12-2026 23:00:00,""
06-12-2026 23:15:00,""
06-12-2026 23:30:00,""
06-12-2026 23:45:00,""
06-13-2026 00:00:00,""
06-13-2026 00:15:00,""
06-13-2026 00:30:00,""
06-13-2026 00:45:00,""
06-13-2026 01:00:00,""
06-13-2026 01:15:00,""
06-13-2026 01:30:00,""
06-13-2026 01:45:00,""
06-13-2026 02:00:00,""
06-13-2026 02:15:00,""
06-13-2026 02:30:00,""
06-13-2026 02:45:00,""
06-13-2026 03:00:00,""
06-13-2026 03:15:00,""
06-13-2026 03:30:00,""
06-13-2026 03:45:00,""
06-13-2026 04:00:00,""
06-13-2026 04:15:00,""
06-13-2026 04:30:00,""
06-13-2026 04:45:00,""
06-13-2026 05:00:00,""
06-13-2026 05:15:00,""
06-13-2026 05:30:00,""
06-13-2026 05:45:00,""
06-13-2026 06:00:00,""
06-13-2026 06:15:00,0.129
06-13-2026 06:30:00,0.877
06-13-2026 06:45:00,2.965
06-13-2026 07:00:00,3.587
06-13-2026 07:15:00,4.069
06-13-2026 07:30:00,4.591
06-13-2026 07:45:00,5.108
06-13-2026 08:00:00,5.513
06-13-2026 08:15:00,5.864
06-13-2026 08:30:00,6.181
06-13-2026 08:45:00,6.434
06-13-2026 09:00:00,6.709
06-13-2026 09:15:00,6.928
06-13-2026 09:30:00,7.091
06-13-2026 09:45:00,7.276
06-13-2026 10:00:00,7.339
06-13-2026 10:15:00,7.493
06-13-2026 10:30:00,7.55
06-13-2026 10:45:00,7.594
06-13-2026 11:00:00,7.679
06-13-2026 11:15:00,7.651
06-13-2026 11:30:00,7.573
06-13-2026 11:45:00,7.569
06-13-2026 12:00:00,7.476
06-13-2026 12:15:00,7.412
06-13-2026 12:30:00,7.359
06-13-2026 12:45:00,7.244
06-13-2026 13:00:00,7.053
06-13-2026 13:15:00,6.894
06-13-2026 13:30:00,6.703
06-13-2026 13:45:00,6.462
06-13-2026 14:00:00,6.215
06-13-2026 14:15:00,5.891
06-13-2026 14:30:00,5.55
06-13-2026 14:45:00,5.236
06-13-2026 15:00:00,4.863
06-13-2026 15:15:00,4.443
06-13-2026 15:30:00,4.039
06-13-2026 15:45:00,3.588
06-13-2026 16:00:00,3.104
06-13-2026 16:15:00,2.631
06-13-2026 16:30:00,2.114
06-13-2026 16:45:00,1.566
06-13-2026 17:00:00,1.087
06-13-2026 17:15:00,0.673
06-13-2026 17:30:00,0.404
06-13-2026 17:45:00,0.303
06-13-2026 18:00:00,0.27
06-13-2026 18:15:00,0.229
06-13-2026 18:30:00,0.175
06-13-2026 18:45:00,0.068
06-13-2026 19:00:00,0.001
06-13-2026 19:15:00,0
06-13-2026 19:30:00,0
06-13-2026 19:45:00,0
06-13-2026 20:00:00,0
06-13-2026 20:15:00,0
06-13-2026 20:30:00,0.001
06-13-2026 20:45:00,""
06-13-2026 21:00:00,""
06-13-2026 21:15:00,""
06-13-2026 21:30:00,""
06-13-2026 21:45:00,""
06-13-2026 22:00:00,""
06-13-2026 22:15:00,""
06-13-2026 22:30:00,""
06-13-2026 22:45:00,""
06-13-2026 23:00:00,""
06-13-2026 23:15:00,""
06-13-2026 23:30:00,""
06-13-2026 23:45:00,""
06-14-2026 00:00:00,""
06-14-2026 00:15:00,""
06-14-2026 00:30:00,""
06-14-2026 00:45:00,""
06-14-2026 01:00:00,""
06-14-2026 01:15:00,""
06-14-2026 01:30:00,""
06-14-2026 01:45:00,""
06-14-2026 02:00:00,""
06-14-2026 02:15:00,""
06-14-2026 02:30:00,""
06-14-2026 02:45:00,""
06-14-2026 03:00:00,""
06-14-2026 03:15:00,""
06-14-2026 03:30:00,""
06-14-2026 03:45:00,""
06-14-2026 04:00:00,""
06-14-2026 04:15:00,""
06-14-2026 04:30:00,""
06-14-2026 04:45:00,""
06-14-2026 05:00:00,""
06-14-2026 05:15:00,""
06-14-2026 05:30:00,""
06-14-2026 05:45:00,""
06-14-2026 06:00:00,""
06-14-2026 06:15:00,0.088
06-14-2026 06:30:00,0.379
06-14-2026 06:45:00,0.74
06-14-2026 07:00:00,0.764
06-14-2026 07:15:00,0.903
06-14-2026 07:30:00,0.9
06-14-2026 07:45:00,0.969
06-14-2026 08:00:00,0.958
06-14-2026 08:15:00,1.249
06-14-2026 08:30:00,1.999
06-14-2026 08:45:00,2.249
06-14-2026 09:00:00,2.167
06-14-2026 09:15:00,2.147
06-14-2026 09:30:00,2.61
06-14-2026 09:45:00,3.049
06-14-2026 10:00:00,1.667
06-14-2026 10:15:00,4.483
06-14-2026 10:30:00,6.371
06-14-2026 10:45:00,2.823
06-14-2026 11:00:00,4.422
06-14-2026 11:15:00,6.362
06-14-2026 11:30:00,8.124
06-14-2026 11:45:00,4.119
06-14-2026 12:00:00,5.681
06-14-2026 12:15:00,6.667
06-14-2026 12:30:00,7.183
06-14-2026 12:45:00,7.871
06-14-2026 13:00:00,7.59
06-14-2026 13:15:00,5.823
06-14-2026 13:30:00,6.582
06-14-2026 13:45:00,5.358
06-14-2026 14:00:00,3.91
06-14-2026 14:15:00,5.663
06-14-2026 14:30:00,5.679
06-14-2026 14:45:00,5.697
06-14-2026 15:00:00,5.004
06-14-2026 15:15:00,3.457
06-14-2026 15:30:00,1.721
06-14-2026 15:45:00,1.912
06-14-2026 16:00:00,2.148
06-14-2026 16:15:00,1.839
06-14-2026 16:30:00,2.152
06-14-2026 16:45:00,1.678
06-14-2026 17:00:00,1.695
06-14-2026 17:15:00,1.1
06-14-2026 17:30:00,0.526
06-14-2026 17:45:00,0.236
06-14-2026 18:00:00,0.188
06-14-2026 18:15:00,0.095
06-14-2026 18:30:00,0.029
06-14-2026 18:45:00,-0.002
06-14-2026 19:00:00,-0
06-14-2026 19:15:00,0
06-14-2026 19:30:00,0
06-14-2026 19:45:00,0
06-14-2026 20:00:00,0
06-14-2026 20:15:00,0
06-14-2026 20:30:00,0.002
06-14-2026 20:45:00,""
06-14-2026 21:00:00,""
06-14-2026 21:15:00,""
06-14-2026 21:30:00,""
06-14-2026 21:45:00,""
06-14-2026 22:00:00,""
06-14-2026 22:15:00,""
06-14-2026 22:30:00,""
06-14-2026 22:45:00,""
06-14-2026 23:00:00,""
06-14-2026 23:15:00,""
06-14-2026 23:30:00,""
06-14-2026 23:45:00,""
06-15-2026 00:00:00,""
06-15-2026 00:15:00,""
06-15-2026 00:30:00,""
06-15-2026 00:45:00,""
06-15-2026 01:00:00,""
06-15-2026 01:15:00,""
06-15-2026 01:30:00,""
06-15-2026 01:45:00,""
06-15-2026 02:00:00,""
06-15-2026 02:15:00,""
06-15-2026 02:30:00,""
06-15-2026 02:45:00,""
06-15-2026 03:00:00,""
06-15-2026 03:15:00,""
06-15-2026 03:30:00,""
06-15-2026 03:45:00,""
06-15-2026 04:00:00,""
06-15-2026 04:15:00,""
06-15-2026 04:30:00,""
06-15-2026 04:45:00,""
06-15-2026 05:00:00,""
06-15-2026 05:15:00,""
06-15-2026 05:30:00,""
06-15-2026 05:45:00,""
06-15-2026 06:00:00,""
06-15-2026 06:15:00,0.338
06-15-2026 06:30:00,0.428
06-15-2026 06:45:00,0.335
06-15-2026 07:00:00,0.642
06-15-2026 07:15:00,0.779
06-15-2026 07:30:00,1.754
06-15-2026 07:45:00,2.303
06-15-2026 08:00:00,1.163
06-15-2026 08:15:00,2.602
06-15-2026 08:30:00,3.748
06-15-2026 08:45:00,5.927
06-15-2026 09:00:00,5.394
06-15-2026 09:15:00,6.764
06-15-2026 09:30:00,7.666
06-15-2026 09:45:00,8.016
06-15-2026 10:00:00,7.224
06-15-2026 10:15:00,5.426
06-15-2026 10:30:00,3.852
06-15-2026 10:45:00,5.031
06-15-2026 11:00:00,6.075
06-15-2026 11:15:00,8.195
06-15-2026 11:30:00,5.963
06-15-2026 11:45:00,6.938
06-15-2026 12:00:00,7.09
06-15-2026 12:15:00,7.726
06-15-2026 12:30:00,5.172
06-15-2026 12:45:00,6.169
06-15-2026 13:00:00,7.434
06-15-2026 13:15:00,7.857
06-15-2026 13:30:00,7.07
06-15-2026 13:45:00,6.605
06-15-2026 14:00:00,6.273
06-15-2026 14:15:00,6.115
06-15-2026 14:30:00,5.843
06-15-2026 14:45:00,5.41
06-15-2026 15:00:00,5.167
06-15-2026 15:15:00,4.906
06-15-2026 15:30:00,1.833
06-15-2026 15:45:00,1.332
06-15-2026 16:00:00,1.689
06-15-2026 16:15:00,2.461
06-15-2026 16:30:00,2.031
06-15-2026 16:45:00,1.77
06-15-2026 17:00:00,1.495
06-15-2026 17:15:00,0.812
06-15-2026 17:30:00,0.547
06-15-2026 17:45:00,0.493
06-15-2026 18:00:00,0.334
06-15-2026 18:15:00,0.174
06-15-2026 18:30:00,0.075
06-15-2026 18:45:00,0.015
06-15-2026 19:00:00,-0.002
06-15-2026 19:15:00,0
06-15-2026 19:30:00,0
06-15-2026 19:45:00,0
06-15-2026 20:00:00,0
06-15-2026 20:15:00,0
06-15-2026 20:30:00,0
06-15-2026 20:45:00,""
06-15-2026 21:00:00,""
06-15-2026 21:15:00,""
06-15-2026 21:30:00,""
06-15-2026 21:45:00,""
06-15-2026 22:00:00,""
06-15-2026 22:15:00,""
06-15-2026 22:30:00,""
06-15-2026 22:45:00,""
06-15-2026 23:00:00,""
06-15-2026 23:15:00,""
06-15-2026 23:30:00,""
06-15-2026 23:45:00,""
06-16-2026 00:00:00,""
06-16-2026 00:15:00,""
06-16-2026 00:30:00,""
06-16-2026 00:45:00,""
06-16-2026 01:00:00,""
06-16-2026 01:15:00,""
06-16-2026 01:30:00,""
06-16-2026 01:45:00,""
06-16-2026 02:00:00,""
06-16-2026 02:15:00,""
06-16-2026 02:30:00,""
06-16-2026 02:45:00,""
06-16-2026 03:00:00,""
06-16-2026 03:15:00,""
06-16-2026 03:30:00,""
06-16-2026 03:45:00,""
06-16-2026 04:00:00,""
06-16-2026 04:15:00,""
06-16-2026 04:30:00,""
06-16-2026 04:45:00,""
06-16-2026 05:00:00,""
06-16-2026 05:15:00,""
06-16-2026 05:30:00,""
06-16-2026 05:45:00,""
06-16-2026 06:00:00,""
06-16-2026 06:15:00,0.063
06-16-2026 06:30:00,0.152
06-16-2026 06:45:00,0.206
06-16-2026 07:00:00,0.296
06-16-2026 07:15:00,0.786
06-16-2026 07:30:00,0.727
06-16-2026 07:45:00,2.649
06-16-2026 08:00:00,1.879
06-16-2026 08:15:00,4.607
06-16-2026 08:30:00,6.486
06-16-2026 08:45:00,5.193
06-16-2026 09:00:00,6.847
06-16-2026 09:15:00,6.847
06-16-2026 09:30:00,7.236
06-16-2026 09:45:00,7.415
06-16-2026 10:00:00,7.594
06-16-2026 10:15:00,7.663
06-16-2026 10:30:00,7.795
06-16-2026 10:45:00,7.963
06-16-2026 11:00:00,7.87
06-16-2026 11:15:00,7.908
06-16-2026 11:30:00,7.909
06-16-2026 11:45:00,7.67
06-16-2026 12:00:00,7.592
06-16-2026 12:15:00,7.485
06-16-2026 12:30:00,7.336
06-16-2026 12:45:00,7.201
06-16-2026 13:00:00,7.065
06-16-2026 13:15:00,6.887
06-16-2026 13:30:00,6.619
06-16-2026 13:45:00,6.454
06-16-2026 14:00:00,6.266
06-16-2026 14:15:00,5.937
06-16-2026 14:30:00,5.622
06-16-2026 14:45:00,5.24
06-16-2026 15:00:00,4.935
06-16-2026 15:15:00,4.572
06-16-2026 15:30:00,4.202
06-16-2026 15:45:00,3.734
06-16-2026 16:00:00,3.084
06-16-2026 16:15:00,2.402
06-16-2026 16:30:00,2.2
06-16-2026 16:45:00,1.731
06-16-2026 17:00:00,1.25
06-16-2026 17:15:00,0.808
06-16-2026 17:30:00,0.534
06-16-2026 17:45:00,0.421
06-16-2026 18:00:00,0.356
06-16-2026 18:15:00,0.276
06-16-2026 18:30:00,0.195
06-16-2026 18:45:00,0.067
06-16-2026 19:00:00,-0.002
06-16-2026 19:15:00,0
06-16-2026 19:30:00,0
06-16-2026 19:45:00,0
06-16-2026 20:00:00,0
06-16-2026 20:15:00,0
06-16-2026 20:30:00,0.002
06-16-2026 20:45:00,""
06-16-2026 21:00:00,""
06-16-2026 21:15:00,""
06-16-2026 21:30:00,""
06-16-2026 21:45:00,""
06-16-2026 22:00:00,""
06-16-2026 22:15:00,""
06-16-2026 22:30:00,""
06-16-2026 22:45:00,""
06-16-2026 23:00:00,""
06-16-2026 23:15:00,""
06-16-2026 23:30:00,""
06-16-2026 23:45:00,""
06-17-2026 00:00:00,""
06-17-2026 00:15:00,""
06-17-2026 00:30:00,""
06-17-2026 00:45:00,""
06-17-2026 01:00:00,""
06-17-2026 01:15:00,""
06-17-2026 01:30:00,""
06-17-2026 01:45:00,""
06-17-2026 02:00:00,""
06-17-2026 02:15:00,""
06-17-2026 02:30:00,""
06-17-2026 02:45:00,""
06-17-2026 03:00:00,""
06-17-2026 03:15:00,""
06-17-2026 03:30:00,""
06-17-2026 03:45:00,""
06-17-2026 04:00:00,""
06-17-2026 04:15:00,""
06-17-2026 04:30:00,""
06-17-2026 04:45:00,""
06-17-2026 05:00:00,""
06-17-2026 05:15:00,""
06-17-2026 05:30:00,""
06-17-2026 05:45:00,""
06-17-2026 06:00:00,""
06-17-2026 06:15:00,0.224
06-17-2026 06:30:00,0.372
06-17-2026 06:45:00,0.373
06-17-2026 07:00:00,0.419
06-17-2026 07:15:00,1.66
06-17-2026 07:30:00,3.997
06-17-2026 07:45:00,4.461
06-17-2026 08:00:00,1.593
06-17-2026 08:15:00,2.25
06-17-2026 08:30:00,5.738
06-17-2026 08:45:00,5.998
06-17-2026 09:00:00,6.306
06-17-2026 09:15:00,6.553
06-17-2026 09:30:00,6.739
06-17-2026 09:45:00,6.935
06-17-2026 10:00:00,7.07
06-17-2026 10:15:00,7.208
06-17-2026 10:30:00,7.305
06-17-2026 10:45:00,7.383
06-17-2026 11:00:00,7.471
06-17-2026 11:15:00,7.511
06-17-2026 11:30:00,7.456
06-17-2026 11:45:00,7.465
06-17-2026 12:00:00,7.417
06-17-2026 12:15:00,7.285
06-17-2026 12:30:00,7.186
06-17-2026 12:45:00,7.111
06-17-2026 13:00:00,6.973
06-17-2026 13:15:00,6.782
06-17-2026 13:30:00,6.544
06-17-2026 13:45:00,6.331
06-17-2026 14:00:00,6.053
06-17-2026 14:15:00,5.77
06-17-2026 14:30:00,5.438
06-17-2026 14:45:00,5.062
06-17-2026 15:00:00,4.749
06-17-2026 15:15:00,4.352
06-17-2026 15:30:00,3.981
06-17-2026 15:45:00,3.531
06-17-2026 16:00:00,3.054
06-17-2026 16:15:00,2.591
06-17-2026 16:30:00,2.152
06-17-2026 16:45:00,1.728
06-17-2026 17:00:00,1.3
06-17-2026 17:15:00,1.016
06-17-2026 17:30:00,0.944
06-17-2026 17:45:00,0.768
06-17-2026 18:00:00,0.654
06-17-2026 18:15:00,0.361
06-17-2026 18:30:00,0.202
06-17-2026 18:45:00,0.075
06-17-2026 19:00:00,0
06-17-2026 19:15:00,0
06-17-2026 19:30:00,0
06-17-2026 19:45:00,0
06-17-2026 20:00:00,0
06-17-2026 20:15:00,0
06-17-2026 20:30:00,0.001
06-17-2026 20:45:00,""
06-17-2026 21:00:00,""
06-17-2026 21:15:00,""
06-17-2026 21:30:00,""
06-17-2026 21:45:00,""
06-17-2026 22:00:00,""
06-17-2026 22:15:00,""
06-17-2026 22:30:00,""
06-17-2026 22:45:00,""
06-17-2026 23:00:00,""
06-17-2026 23:15:00,""
06-17-2026 23:30:00,""
06-17-2026 23:45:00,""
06-18-2026 00:00:00,""
06-18-2026 00:15:00,""
06-18-2026 00:30:00,""
06-18-2026 00:45:00,""
06-18-2026 01:00:00,""
06-18-2026 01:15:00,""
06-18-2026 01:30:00,""
06-18-2026 01:45:00,""
06-18-2026 02:00:00,""
06-18-2026 02:15:00,""
06-18-2026 02:30:00,""
06-18-2026 02:45:00,""
06-18-2026 03:00:00,""
06-18-2026 03:15:00,""
06-18-2026 03:30:00,""
06-18-2026 03:45:00,""
06-18-2026 04:00:00,""
06-18-2026 04:15:00,""
06-18-2026 04:30:00,""
06-18-2026 04:45:00,""
06-18-2026 05:00:00,""
06-18-2026 05:15:00,""
06-18-2026 05:30:00,""
06-18-2026 05:45:00,""
06-18-2026 06:00:00,""
06-18-2026 06:15:00,0.152
06-18-2026 06:30:00,0.388
06-18-2026 06:45:00,1.269
06-18-2026 07:00:00,3.149
06-18-2026 07:15:00,3.596
06-18-2026 07:30:00,4.032
06-18-2026 07:45:00,4.604
06-18-2026 08:00:00,5.022
06-18-2026 08:15:00,5.43
06-18-2026 08:30:00,5.896
06-18-2026 08:45:00,4.63
06-18-2026 09:00:00,4.094
06-18-2026 09:15:00,3.748
06-18-2026 09:30:00,6.164
06-18-2026 09:45:00,7.545
06-18-2026 10:00:00,7.738
06-18-2026 10:15:00,7.637
06-18-2026 10:30:00,7.63
06-18-2026 10:45:00,7.305
06-18-2026 11:00:00,6.436
06-18-2026 11:15:00,4.955
06-18-2026 11:30:00,4.084
06-18-2026 11:45:00,4.735
06-18-2026 12:00:00,5.583
06-18-2026 12:15:00,2.581
06-18-2026 12:30:00,2.469
06-18-2026 12:45:00,3.279
06-18-2026 13:00:00,6.293
06-18-2026 13:15:00,2.944
06-18-2026 13:30:00,6.458
06-18-2026 13:45:00,5.687
06-18-2026 14:00:00,3.493
06-18-2026 14:15:00,5.296
06-18-2026 14:30:00,5.596
06-18-2026 14:45:00,4.795
06-18-2026 15:00:00,1.374
06-18-2026 15:15:00,1.889
06-18-2026 15:30:00,2.759
06-18-2026 15:45:00,1.559
06-18-2026 16:00:00,1.56
06-18-2026 16:15:00,0.994
06-18-2026 16:30:00,0.669
06-18-2026 16:45:00,1.699
06-18-2026 17:00:00,1.862
06-18-2026 17:15:00,0.844
06-18-2026 17:30:00,0.685
06-18-2026 17:45:00,0.632
06-18-2026 18:00:00,0.485
06-18-2026 18:15:00,0.186
06-18-2026 18:30:00,0.097
06-18-2026 18:45:00,0.024
06-18-2026 19:00:00,-0.002
06-18-2026 19:15:00,0
06-18-2026 19:30:00,0
06-18-2026 19:45:00,0
06-18-2026 20:00:00,0
06-18-2026 20:15:00,0
06-18-2026 20:30:00,0.002
06-18-2026 20:45:00,""
06-18-2026 21:00:00,""
06-18-2026 21:15:00,""
06-18-2026 21:30:00,""
06-18-2026 21:45:00,""
06-18-2026 22:00:00,""
06-18-2026 22:15:00,""
06-18-2026 22:30:00,""
06-18-2026 22:45:00,""
06-18-2026 23:00:00,""
06-18-2026 23:15:00,""
06-18-2026 23:30:00,""
06-18-2026 23:45:00,""
06-19-2026 00:00:00,""
06-19-2026 00:15:00,""
06-19-2026 00:30:00,""
06-19-2026 00:45:00,""
06-19-2026 01:00:00,""
06-19-2026 01:15:00,""
06-19-2026 01:30:00,""
06-19-2026 01:45:00,""
06-19-2026 02:00:00,""
06-19-2026 02:15:00,""
06-19-2026 02:30:00,""
06-19-2026 02:45:00,""
06-19-2026 03:00:00,""
06-19-2026 03:15:00,""
06-19-2026 03:30:00,""
06-19-2026 03:45:00,""
06-19-2026 04:00:00,""
06-19-2026 04:15:00,""
06-19-2026 04:30:00,""
06-19-2026 04:45:00,""
06-19-2026 05:00:00,""
06-19-2026 05:15:00,""
06-19-2026 05:30:00,""
06-19-2026 05:45:00,""
06-19-2026 06:00:00,""
06-19-2026 06:15:00,0.197
06-19-2026 06:30:00,0.275
06-19-2026 06:45:00,0.483
06-19-2026 07:00:00,0.655
06-19-2026 07:15:00,0.759
06-19-2026 07:30:00,2.363
06-19-2026 07:45:00,4.66
06-19-2026 08:00:00,4.885
06-19-2026 08:15:00,4.725
06-19-2026 08:30:00,6.094
06-19-2026 08:45:00,6.224
06-19-2026 09:00:00,5.505
06-19-2026 09:15:00,4.917
06-19-2026 09:30:00,4.667
06-19-2026 09:45:00,6.834
06-19-2026 10:00:00,7.222
06-19-2026 10:15:00,6.377
06-19-2026 10:30:00,6.112
06-19-2026 10:45:00,6.074
06-19-2026 11:00:00,3.429
06-19-2026 11:15:00,3.107
06-19-2026 11:30:00,4.894
06-19-2026 11:45:00,2.778
06-19-2026 12:00:00,2.209
06-19-2026 12:15:00,2.695
06-19-2026 12:30:00,2.154
06-19-2026 12:45:00,2.294
06-19-2026 13:00:00,2.041
06-19-2026 13:15:00,2.424
06-19-2026 13:30:00,4.47
06-19-2026 13:45:00,4.211
06-19-2026 14:00:00,6.498
06-19-2026 14:15:00,5.801
06-19-2026 14:30:00,5.466
06-19-2026 14:45:00,5.132
06-19-2026 15:00:00,4.799
06-19-2026 15:15:00,4.387
06-19-2026 15:30:00,4.004
06-19-2026 15:45:00,3.576
06-19-2026 16:00:00,3.134
06-19-2026 16:15:00,2.668
06-19-2026 16:30:00,2.185
06-19-2026 16:45:00,1.746
06-19-2026 17:00:00,1.191
06-19-2026 17:15:00,0.785
06-19-2026 17:30:00,0.535
06-19-2026 17:45:00,0.407
06-19-2026 18:00:00,0.3
06-19-2026 18:15:00,0.224
06-19-2026 18:30:00,0.102
06-19-2026 18:45:00,0.018
06-19-2026 19:00:00,-0.022
06-19-2026 19:15:00,-0.008
06-19-2026 19:30:00,0
06-19-2026 19:45:00,0
06-19-2026 20:00:00,0
06-19-2026 20:15:00,0
06-19-2026 20:30:00,0.001
06-19-2026 20:45:00,""
06-19-2026 21:00:00,""
06-19-2026 21:15:00,""
06-19-2026 21:30:00,""
06-19-2026 21:45:00,""
06-19-2026 22:00:00,""
06-19-2026 22:15:00,""
06-19-2026 22:30:00,""
06-19-2026 22:45:00,""
06-19-2026 23:00:00,""
06-19-2026 23:15:00,""
06-19-2026 23:30:00,""
06-19-2026 23:45:00,""
06-20-2026 00:00:00,""
06-20-2026 00:15:00,""
06-20-2026 00:30:00,""
06-20-2026 00:45:00,""
06-20-2026 01:00:00,""
06-20-2026 01:15:00,""
06-20-2026 01:30:00,""
06-20-2026 01:45:00,""
06-20-2026 02:00:00,""
06-20-2026 02:15:00,""
06-20-2026 02:30:00,""
06-20-2026 02:45:00,""
06-20-2026 03:00:00,""
06-20-2026 03:15:00,""
06-20-2026 03:30:00,""
06-20-2026 03:45:00,""
06-20-2026 04:00:00,""
06-20-2026 04:15:00,""
06-20-2026 04:30:00,""
06-20-2026 04:45:00,""
06-20-2026 05:00:00,""
06-20-2026 05:15:00,""
06-20-2026 05:30:00,""
06-20-2026 05:45:00,""
06-20-2026 06:00:00,""
06-20-2026 06:15:00,0.077
06-20-2026 06:30:00,0.141
06-20-2026 06:45:00,0.672
06-20-2026 07:00:00,2.427
06-20-2026 07:15:00,3.903
06-20-2026 07:30:00,4.355
06-20-2026 07:45:00,4.83
06-20-2026 08:00:00,5.246
06-20-2026 08:15:00,5.565
06-20-2026 08:30:00,5.942
06-20-2026 08:45:00,6.25
06-20-2026 09:00:00,6.495
06-20-2026 09:15:00,6.695
06-20-2026 09:30:00,6.867
06-20-2026 09:45:00,7.012
06-20-2026 10:00:00,7.188
06-20-2026 10:15:00,7.271
06-20-2026 10:30:00,7.401
06-20-2026 10:45:00,7.48
06-20-2026 11:00:00,7.594
06-20-2026 11:15:00,7.566
06-20-2026 11:30:00,7.567
06-20-2026 11:45:00,7.508
06-20-2026 12:00:00,7.496
06-20-2026 12:15:00,7.44
06-20-2026 12:30:00,7.348
06-20-2026 12:45:00,7.218
06-20-2026 13:00:00,7.024
06-20-2026 13:15:00,6.862
06-20-2026 13:30:00,6.685
06-20-2026 13:45:00,6.45
06-20-2026 14:00:00,6.156
06-20-2026 14:15:00,5.893
06-20-2026 14:30:00,5.586
06-20-2026 14:45:00,5.247
06-20-2026 15:00:00,4.876
06-20-2026 15:15:00,4.439
06-20-2026 15:30:00,4.013
06-20-2026 15:45:00,3.573
06-20-2026 16:00:00,3.112
06-20-2026 16:15:00,2.656
06-20-2026 16:30:00,2.158
06-20-2026 16:45:00,1.635
06-20-2026 17:00:00,1.17
06-20-2026 17:15:00,0.768
06-20-2026 17:30:00,0.482
06-20-2026 17:45:00,0.363
06-20-2026 18:00:00,0.311
06-20-2026 18:15:00,0.262
06-20-2026 18:30:00,0.165
06-20-2026 18:45:00,0.058
06-20-2026 19:00:00,0
06-20-2026 19:15:00,0
06-20-2026 19:30:00,0
06-20-2026 19:45:00,0
06-20-2026 20:00:00,0
06-20-2026 20:15:00,0
06-20-2026 20:30:00,0
06-20-2026 20:45:00,""
06-20-2026 21:00:00,""
06-20-2026 21:15:00,""
06-20-2026 21:30:00,""
06-20-2026 21:45:00,""
06-20-2026 22:00:00,""
06-20-2026 22:15:00,""
06-20-2026 22:30:00,""
06-20-2026 22:45:00,""
06-20-2026 23:00:00,""
06-20-2026 23:15:00,""
06-20-2026 23:30:00,""
06-20-2026 23:45:00,""
06-21-2026 00:00:00,""
06-21-2026 00:15:00,""
06-21-2026 00:30:00,""
06-21-2026 00:45:00,""
06-21-2026 01:00:00,""
06-21-2026 01:15:00,""
06-21-2026 01:30:00,""
06-21-2026 01:45:00,""
06-21-2026 02:00:00,""
06-21-2026 02:15:00,""
06-21-2026 02:30:00,""
06-21-2026 02:45:00,""
06-21-2026 03:00:00,""
06-21-2026 03:15:00,""
06-21-2026 03:30:00,""
06-21-2026 03:45:00,""
06-21-2026 04:00:00,""
06-21-2026 04:15:00,""
06-21-2026 04:30:00,""
06-21-2026 04:45:00,""
06-21-2026 05:00:00,""
06-21-2026 05:15:00,""
06-21-2026 05:30:00,""
06-21-2026 05:45:00,""
06-21-2026 06:00:00,""
06-21-2026 06:15:00,0.123
06-21-2026 06:30:00,0.687
06-21-2026 06:45:00,1.768
06-21-2026 07:00:00,3.239
06-21-2026 07:15:00,3.687
06-21-2026 07:30:00,2.991
06-21-2026 07:45:00,4.854
06-21-2026 08:00:00,5.195
06-21-2026 08:15:00,5.579
06-21-2026 08:30:00,5.91
06-21-2026 08:45:00,6.202
06-21-2026 09:00:00,6.15
06-21-2026 09:15:00,6.496
06-21-2026 09:30:00,7.035
06-21-2026 09:45:00,6.95
06-21-2026 10:00:00,7.142
06-21-2026 10:15:00,7.215
06-21-2026 10:30:00,7.333
06-21-2026 10:45:00,7.408
06-21-2026 11:00:00,7.438
06-21-2026 11:15:00,7.545
06-21-2026 11:30:00,7.456
06-21-2026 11:45:00,7.431
06-21-2026 12:00:00,7.381
06-21-2026 12:15:00,7.319
06-21-2026 12:30:00,7.18
06-21-2026 12:45:00,7.036
06-21-2026 13:00:00,6.89
06-21-2026 13:15:00,6.72
06-21-2026 13:30:00,6.534
06-21-2026 13:45:00,6.265
06-21-2026 14:00:00,6.029
06-21-2026 14:15:00,5.723
06-21-2026 14:30:00,5.439
06-21-2026 14:45:00,5.136
06-21-2026 15:00:00,4.802
06-21-2026 15:15:00,4.375
06-21-2026 15:30:00,4.002
06-21-2026 15:45:00,3.597
06-21-2026 16:00:00,3.143
06-21-2026 16:15:00,2.745
06-21-2026 16:30:00,2.352
06-21-2026 16:45:00,1.854
06-21-2026 17:00:00,1.418
06-21-2026 17:15:00,0.968
06-21-2026 17:30:00,0.646
06-21-2026 17:45:00,0.561
06-21-2026 18:00:00,0.517
06-21-2026 18:15:00,0.371
06-21-2026 18:30:00,0.231
06-21-2026 18:45:00,0.149
06-21-2026 19:00:00,0.013
06-21-2026 19:15:00,0
06-21-2026 19:30:00,0
06-21-2026 19:45:00,0
06-21-2026 20:00:00,0
06-21-2026 20:15:00,0
06-21-2026 20:30:00,0
06-21-2026 20:45:00,""
06-21-2026 21:00:00,""
06-21-2026 21:15:00,""
06-21-2026 21:30:00,""
06-21-2026 21:45:00,""
06-21-2026 22:00:00,""
06-21-2026 22:15:00,""
06-21-2026 22:30:00,""
06-21-2026 22:45:00,""
06-21-2026 23:00:00,""
06-21-2026 23:15:00,""
06-21-2026 23:30:00,""
06-21-2026 23:45:00,""
06-22-2026 00:00:00,""
06-22-2026 00:15:00,""
06-22-2026 00:30:00,""
06-22-2026 00:45:00,""
06-22-2026 01:00:00,""
06-22-2026 01:15:00,""
06-22-2026 01:30:00,""
06-22-2026 01:45:00,""
06-22-2026 02:00:00,""
06-22-2026 02:15:00,""
06-22-2026 02:30:00,""
06-22-2026 02:45:00,""
06-22-2026 03:00:00,""
06-22-2026 03:15:00,""
06-22-2026 03:30:00,""
06-22-2026 03:45:00,""
06-22-2026 04:00:00,""
06-22-2026 04:15:00,""
06-22-2026 04:30:00,""
06-22-2026 04:45:00,""
06-22-2026 05:00:00,""
06-22-2026 05:15:00,""
06-22-2026 05:30:00,""
06-22-2026 05:45:00,""
06-22-2026 06:00:00,""
06-22-2026 06:15:00,""
06-22-2026 06:30:00,0.167
06-22-2026 06:45:00,0.393
06-22-2026 07:00:00,0.586
06-22-2026 07:15:00,1.604
06-22-2026 07:30:00,1.213
06-22-2026 07:45:00,2.03
06-22-2026 08:00:00,5.584
06-22-2026 08:15:00,4.186
06-22-2026 08:30:00,5.615
06-22-2026 08:45:00,6.472
06-22-2026 09:00:00,2.585
06-22-2026 09:15:00,2.149
06-22-2026 09:30:00,2.908
06-22-2026 09:45:00,2.304
06-22-2026 10:00:00,2.681
06-22-2026 10:15:00,3.231
06-22-2026 10:30:00,4.257
06-22-2026 10:45:00,2.873
06-22-2026 11:00:00,7.294
06-22-2026 11:15:00,8.382
06-22-2026 11:30:00,7.853
06-22-2026 11:45:00,7.775
06-22-2026 12:00:00,8.028
06-22-2026 12:15:00,5.279
06-22-2026 12:30:00,6.84
06-22-2026 12:45:00,6.396
06-22-2026 13:00:00,4.579
06-22-2026 13:15:00,6.338
06-22-2026 13:30:00,7.063
06-22-2026 13:45:00,5.669
06-22-2026 14:00:00,4.654
06-22-2026 14:15:00,5.193
06-22-2026 14:30:00,5.077
06-22-2026 14:45:00,4.113
06-22-2026 15:00:00,4.648
06-22-2026 15:15:00,2.371
06-22-2026 15:30:00,1.851
06-22-2026 15:45:00,1.709
06-22-2026 16:00:00,1.887
06-22-2026 16:15:00,1.22
06-22-2026 16:30:00,1.186
06-22-2026 16:45:00,0.97
06-22-2026 17:00:00,1.412
06-22-2026 17:15:00,1.231
06-22-2026 17:30:00,0.795
06-22-2026 17:45:00,0.604
06-22-2026 18:00:00,0.713
06-22-2026 18:15:00,0.567
06-22-2026 18:30:00,0.342
06-22-2026 18:45:00,0.163
06-22-2026 19:00:00,0.019
06-22-2026 19:15:00,0
06-22-2026 19:30:00,0
06-22-2026 19:45:00,0
06-22-2026 20:00:00,0
06-22-2026 20:15:00,0
06-22-2026 20:30:00,0
06-22-2026 20:45:00,""
06-22-2026 21:00:00,""
06-22-2026 21:15:00,""
06-22-2026 21:30:00,""
06-22-2026 21:45:00,""
06-22-2026 22:00:00,""
06-22-2026 22:15:00,""
06-22-2026 22:30:00,""
06-22-2026 22:45:00,""
06-22-2026 23:00:00,""
06-22-2026 23:15:00,""
06-22-2026 23:30:00,""
06-22-2026 23:45:00,""
06-23-2026 00:00:00,""
06-23-2026 00:15:00,""
06-23-2026 00:30:00,""
06-23-2026 00:45:00,""
06-23-2026 01:00:00,""
06-23-2026 01:15:00,""
06-23-2026 01:30:00,""
06-23-2026 01:45:00,""
06-23-2026 02:00:00,""
06-23-2026 02:15:00,""
06-23-2026 02:30:00,""
06-23-2026 02:45:00,""
06-23-2026 03:00:00,""
06-23-2026 03:15:00,""
06-23-2026 03:30:00,""
06-23-2026 03:45:00,""
06-23-2026 04:00:00,""
06-23-2026 04:15:00,""
06-23-2026 04:30:00,""
06-23-2026 04:45:00,""
06-23-2026 05:00:00,""
06-23-2026 05:15:00,""
06-23-2026 05:30:00,""
06-23-2026 05:45:00,""
06-23-2026 06:00:00,""
06-23-2026 06:15:00,""
06-23-2026 06:30:00,0.154
06-23-2026 06:45:00,0.397
06-23-2026 07:00:00,0.495
06-23-2026 07:15:00,1.112
06-23-2026 07:30:00,0.767
06-23-2026 07:45:00,1.124
06-23-2026 08:00:00,0.971
06-23-2026 08:15:00,1.415
06-23-2026 08:30:00,1.413
06-23-2026 08:45:00,4.641
06-23-2026 09:00:00,6.9
06-23-2026 09:15:00,5.497
06-23-2026 09:30:00,5.281
06-23-2026 09:45:00,5.136
06-23-2026 10:00:00,7.93
06-23-2026 10:15:00,6.529
06-23-2026 10:30:00,6.634
06-23-2026 10:45:00,4.37
06-23-2026 11:00:00,3.468
06-23-2026 11:15:00,3.1
06-23-2026 11:30:00,4.641
06-23-2026 11:45:00,5.288
06-23-2026 12:00:00,5.392
06-23-2026 12:15:00,4.811
06-23-2026 12:30:00,4.846
06-23-2026 12:45:00,4.825
06-23-2026 13:00:00,4.019
06-23-2026 13:15:00,4.184
06-23-2026 13:30:00,3.42
06-23-2026 13:45:00,4.201
06-23-2026 14:00:00,5.368
06-23-2026 14:15:00,5.936
06-23-2026 14:30:00,2.681
06-23-2026 14:45:00,2.915
06-23-2026 15:00:00,4.861
06-23-2026 15:15:00,2.827
06-23-2026 15:30:00,3.136
06-23-2026 15:45:00,1.612
06-23-2026 16:00:00,1.727
06-23-2026 16:15:00,1.37
06-23-2026 16:30:00,1.09
06-23-2026 16:45:00,0.432
06-23-2026 17:00:00,0.468
06-23-2026 17:15:00,0.445
06-23-2026 17:30:00,0.497
06-23-2026 17:45:00,0.455
06-23-2026 18:00:00,0.334
06-23-2026 18:15:00,0.252
06-23-2026 18:30:00,0.114
06-23-2026 18:45:00,0.062
06-23-2026 19:00:00,0.005
06-23-2026 19:15:00,0
06-23-2026 19:30:00,0
06-23-2026 19:45:00,0
06-23-2026 20:00:00,0
06-23-2026 20:15:00,0
06-23-2026 20:30:00,0
06-23-2026 20:45:00,""
06-23-2026 21:00:00,""
06-23-2026 21:15:00,""
06-23-2026 21:30:00,""
06-23-2026 21:45:00,""
06-23-2026 22:00:00,""
06-23-2026 22:15:00,""
06-23-2026 22:30:00,""
06-23-2026 22:45:00,""
06-23-2026 23:00:00,""
06-23-2026 23:15:00,""
06-23-2026 23:30:00,""
06-23-2026 23:45:00,""
06-24-2026 00:00:00,""
06-24-2026 00:15:00,""
06-24-2026 00:30:00,""
06-24-2026 00:45:00,""
06-24-2026 01:00:00,""
06-24-2026 01:15:00,""
06-24-2026 01:30:00,""
06-24-2026 01:45:00,""
06-24-2026 02:00:00,""
06-24-2026 02:15:00,""
06-24-2026 02:30:00,""
06-24-2026 02:45:00,""
06-24-2026 03:00:00,""
06-24-2026 03:15:00,""
06-24-2026 03:30:00,""
06-24-2026 03:45:00,""
06-24-2026 04:00:00,""
06-24-2026 04:15:00,""
06-24-2026 04:30:00,""
06-24-2026 04:45:00,""
06-24-2026 05:00:00,""
06-24-2026 05:15:00,""
06-24-2026 05:30:00,""
06-24-2026 05:45:00,""
06-24-2026 06:00:00,""
06-24-2026 06:15:00,""
06-24-2026 06:30:00,0.188
06-24-2026 06:45:00,0.375
06-24-2026 07:00:00,0.521
06-24-2026 07:15:00,0.907
06-24-2026 07:30:00,1.071
06-24-2026 07:45:00,1.034
06-24-2026 08:00:00,1.542
06-24-2026 08:15:00,1.739
06-24-2026 08:30:00,1.756
06-24-2026 08:45:00,3.31
06-24-2026 09:00:00,2.589
06-24-2026 09:15:00,1.888
06-24-2026 09:30:00,2.087
06-24-2026 09:45:00,2.721
06-24-2026 10:00:00,3.427
06-24-2026 10:15:00,4.474
06-24-2026 10:30:00,3.341
06-24-2026 10:45:00,3.641
06-24-2026 11:00:00,3.729
06-24-2026 11:15:00,4.26
06-24-2026 11:30:00,5.104
06-24-2026 11:45:00,3.982
06-24-2026 12:00:00,4.227
06-24-2026 12:15:00,7.777
06-24-2026 12:30:00,4.918
06-24-2026 12:45:00,6.368
06-24-2026 13:00:00,4.586
06-24-2026 13:15:00,6.463
06-24-2026 13:30:00,3.717
06-24-2026 13:45:00,3.52
06-24-2026 14:00:00,4.563
06-24-2026 14:15:00,2.56
06-24-2026 14:30:00,3.137
06-24-2026 14:45:00,3.532
06-24-2026 15:00:00,3.391
06-24-2026 15:15:00,1.929
06-24-2026 15:30:00,1.798
06-24-2026 15:45:00,1.312
06-24-2026 16:00:00,1.014
06-24-2026 16:15:00,2.195
06-24-2026 16:30:00,1.039
06-24-2026 16:45:00,0.679
06-24-2026 17:00:00,0.284
06-24-2026 17:15:00,0.549
06-24-2026 17:30:00,0.63
06-24-2026 17:45:00,0.335
06-24-2026 18:00:00,0.23
06-24-2026 18:15:00,0.201
06-24-2026 18:30:00,0.241
06-24-2026 18:45:00,0.071
06-24-2026 19:00:00,0.006
06-24-2026 19:15:00,0
06-24-2026 19:30:00,0
06-24-2026 19:45:00,0
06-24-2026 20:00:00,0
06-24-2026 20:15:00,0
06-24-2026 20:30:00,0
06-24-2026 20:45:00,""
06-24-2026 21:00:00,""
06-24-2026 21:15:00,""
06-24-2026 21:30:00,""
06-24-2026 21:45:00,""
06-24-2026 22:00:00,""
06-24-2026 22:15:00,""
06-24-2026 22:30:00,""
06-24-2026 22:45:00,""
06-24-2026 23:00:00,""
06-24-2026 23:15:00,""
06-24-2026 23:30:00,""
06-24-2026 23:45:00,""
06-25-2026 00:00:00,""
06-25-2026 00:15:00,""
06-25-2026 00:30:00,""
06-25-2026 00:45:00,""
06-25-2026 01:00:00,""
06-25-2026 01:15:00,""
06-25-2026 01:30:00,""
06-25-2026 01:45:00,""
06-25-2026 02:00:00,""
06-25-2026 02:15:00,""
06-25-2026 02:30:00,""
06-25-2026 02:45:00,""
06-25-2026 03:00:00,""
06-25-2026 03:15:00,""
06-25-2026 03:30:00,""
06-25-2026 03:45:00,""
06-25-2026 04:00:00,""
06-25-2026 04:15:00,""
06-25-2026 04:30:00,""
06-25-2026 04:45:00,""
06-25-2026 05:00:00,""
06-25-2026 05:15:00,""
06-25-2026 05:30:00,""
06-25-2026 05:45:00,""
06-25-2026 06:00:00,""
06-25-2026 06:15:00,""
06-25-2026 06:30:00,0.151
06-25-2026 06:45:00,0.427
06-25-2026 07:00:00,0.638
06-25-2026 07:15:00,0.696
06-25-2026 07:30:00,2.24
06-25-2026 07:45:00,3.332
06-25-2026 08:00:00,3.84
06-25-2026 08:15:00,1.54
06-25-2026 08:30:00,5.652
06-25-2026 08:45:00,6.712
06-25-2026 09:00:00,4.033
06-25-2026 09:15:00,5.154
06-25-2026 09:30:00,7.256
06-25-2026 09:45:00,4.228
06-25-2026 10:00:00,6.179
06-25-2026 10:15:00,7.453
06-25-2026 10:30:00,7.067
06-25-2026 10:45:00,8.074
06-25-2026 11:00:00,7.961
06-25-2026 11:15:00,7.096
06-25-2026 11:30:00,7.503
06-25-2026 11:45:00,7.949
06-25-2026 12:00:00,6.403
06-25-2026 12:15:00,5.812
06-25-2026 12:30:00,4.519
06-25-2026 12:45:00,4.179
06-25-2026 13:00:00,7.163
06-25-2026 13:15:00,6.609
06-25-2026 13:30:00,3.707
06-25-2026 13:45:00,4.71
06-25-2026 14:00:00,6.757
06-25-2026 14:15:00,5.591
06-25-2026 14:30:00,5.433
06-25-2026 14:45:00,5.421
06-25-2026 15:00:00,5.253
06-25-2026 15:15:00,4.906
06-25-2026 15:30:00,3.931
06-25-2026 15:45:00,4.057
06-25-2026 16:00:00,3.591
06-25-2026 16:15:00,3.008
06-25-2026 16:30:00,2.505
06-25-2026 16:45:00,1.799
06-25-2026 17:00:00,1.532
06-25-2026 17:15:00,1
06-25-2026 17:30:00,0.56
06-25-2026 17:45:00,0.442
06-25-2026 18:00:00,0.34
06-25-2026 18:15:00,0.329
06-25-2026 18:30:00,0.211
06-25-2026 18:45:00,0.067
06-25-2026 19:00:00,-0
06-25-2026 19:15:00,0
06-25-2026 19:30:00,0
06-25-2026 19:45:00,0
06-25-2026 20:00:00,0
06-25-2026 20:15:00,0
06-25-2026 20:30:00,0
06-25-2026 20:45:00,""
06-25-2026 21:00:00,""
06-25-2026 21:15:00,""
06-25-2026 21:30:00,""
06-25-2026 21:45:00,""
06-25-2026 22:00:00,""
06-25-2026 22:15:00,""
06-25-2026 22:30:00,""
06-25-2026 22:45:00,""
06-25-2026 23:00:00,""
06-25-2026 23:15:00,""
06-25-2026 23:30:00,""
06-25-2026 23:45:00,""
06-26-2026 00:00:00,""
06-26-2026 00:15:00,""
06-26-2026 00:30:00,""
06-26-2026 00:45:00,""
06-26-2026 01:00:00,""
06-26-2026 01:15:00,""
06-26-2026 01:30:00,""
06-26-2026 01:45:00,""
06-26-2026 02:00:00,""
06-26-2026 02:15:00,""
06-26-2026 02:30:00,""
06-26-2026 02:45:00,""
06-26-2026 03:00:00,""
06-26-2026 03:15:00,""
06-26-2026 03:30:00,""
06-26-2026 03:45:00,""
06-26-2026 04:00:00,""
06-26-2026 04:15:00,""
06-26-2026 04:30:00,""
06-26-2026 04:45:00,""
06-26-2026 05:00:00,""
06-26-2026 05:15:00,""
06-26-2026 05:30:00,""
06-26-2026 05:45:00,""
06-26-2026 06:00:00,""
06-26-2026 06:15:00,""
06-26-2026 06:30:00,0.248
06-26-2026 06:45:00,0.34
06-26-2026 07:00:00,0.771
06-26-2026 07:15:00,2.198
06-26-2026 07:30:00,0.735
06-26-2026 07:45:00,1.552
06-26-2026 08:00:00,3.469
06-26-2026 08:15:00,1.958
06-26-2026 08:30:00,2.856
06-26-2026 08:45:00,2.042
06-26-2026 09:00:00,2.836
06-26-2026 09:15:00,4.013
06-26-2026 09:30:00,4.454
06-26-2026 09:45:00,4.544
06-26-2026 10:00:00,3.396
06-26-2026 10:15:00,3.49
06-26-2026 10:30:00,4.739
06-26-2026 10:45:00,""
06-26-2026 11:00:00,""
06-26-2026 11:15:00,""
06-26-2026 11:30:00,""
06-26-2026 11:45:00,""
06-26-2026 12:00:00,""
06-26-2026 12:15:00,""
06-26-2026 12:30:00,""
06-26-2026 12:45:00,""
06-26-2026 13:00:00,0
06-26-2026 13:15:00,""
06-26-2026 13:30:00,0.575
06-26-2026 13:45:00,4.574
06-26-2026 14:00:00,3.668
06-26-2026 14:15:00,4.785
06-26-2026 14:30:00,2.466
06-26-2026 14:45:00,2.929
06-26-2026 15:00:00,4.34
06-26-2026 15:15:00,3.007
06-26-2026 15:30:00,2.017
06-26-2026 15:45:00,2.833
06-26-2026 16:00:00,2.337
06-26-2026 16:15:00,2.274
06-26-2026 16:30:00,1.64
06-26-2026 16:45:00,1.173
06-26-2026 17:00:00,0.519
06-26-2026 17:15:00,1.025
06-26-2026 17:30:00,0.863
06-26-2026 17:45:00,0.431
06-26-2026 18:00:00,0.224
06-26-2026 18:15:00,0.302
06-26-2026 18:30:00,0.163
06-26-2026 18:45:00,0.044
06-26-2026 19:00:00,-0.012
06-26-2026 19:15:00,-0.002
06-26-2026 19:30:00,0
06-26-2026 19:45:00,0
06-26-2026 20:00:00,0
06-26-2026 20:15:00,0
06-26-2026 20:30:00,0.002
06-26-2026 20:45:00,""
06-26-2026 21:00:00,""
06-26-2026 21:15:00,""
06-26-2026 21:30:00,""
06-26-2026 21:45:00,""
06-26-2026 22:00:00,""
06-26-2026 22:15:00,""
06-26-2026 22:30:00,""
06-26-2026 22:45:00,""
06-26-2026 23:00:00,""
06-26-2026 23:15:00,""
06-26-2026 23:30:00,""
06-26-2026 23:45:00,""
06-27-2026 00:00:00,""
06-27-2026 00:15:00,""
06-27-2026 00:30:00,""
06-27-2026 00:45:00,""
06-27-2026 01:00:00,""
06-27-2026 01:15:00,""
06-27-2026 01:30:00,""
06-27-2026 01:45:00,""
06-27-2026 02:00:00,""
06-27-2026 02:15:00,""
06-27-2026 02:30:00,""
06-27-2026 02:45:00,""
06-27-2026 03:00:00,""
06-27-2026 03:15:00,""
06-27-2026 03:30:00,""
06-27-2026 03:45:00,""
06-27-2026 04:00:00,""
06-27-2026 04:15:00,""
06-27-2026 04:30:00,""
06-27-2026 04:45:00,""
06-27-2026 05:00:00,""
06-27-2026 05:15:00,""
06-27-2026 05:30:00,""
06-27-2026 05:45:00,""
06-27-2026 06:00:00,""
06-27-2026 06:15:00,0.354
06-27-2026 06:30:00,0.373
06-27-2026 06:45:00,0.492
06-27-2026 07:00:00,0.513
06-27-2026 07:15:00,0.593
06-27-2026 07:30:00,0.819
06-27-2026 07:45:00,1.152
06-27-2026 08:00:00,1.467
06-27-2026 08:15:00,1.157
06-27-2026 08:30:00,1.659
06-27-2026 08:45:00,2.007
06-27-2026 09:00:00,5.101
06-27-2026 09:15:00,5.561
06-27-2026 09:30:00,5.412
06-27-2026 09:45:00,6.499
06-27-2026 10:00:00,7.932
06-27-2026 10:15:00,7.308
06-27-2026 10:30:00,7.128
06-27-2026 10:45:00,5.912
06-27-2026 11:00:00,3.693
06-27-2026 11:15:00,4.584
06-27-2026 11:30:00,6.429
06-27-2026 11:45:00,3.229
06-27-2026 12:00:00,3.736
06-27-2026 12:15:00,5.35
06-27-2026 12:30:00,2.321
06-27-2026 12:45:00,3.632
06-27-2026 13:00:00,7.193
06-27-2026 13:15:00,5.466
06-27-2026 13:30:00,5.343
06-27-2026 13:45:00,3.896
06-27-2026 14:00:00,3.457
06-27-2026 14:15:00,4.068
06-27-2026 14:30:00,5.581
06-27-2026 14:45:00,4.457
06-27-2026 15:00:00,5.272
06-27-2026 15:15:00,4.934
06-27-2026 15:30:00,3.692
06-27-2026 15:45:00,2.885
06-27-2026 16:00:00,2.802
06-27-2026 16:15:00,1.757
06-27-2026 16:30:00,1.655
06-27-2026 16:45:00,1.318
06-27-2026 17:00:00,1.083
06-27-2026 17:15:00,0.95
06-27-2026 17:30:00,0.802
06-27-2026 17:45:00,0.582
06-27-2026 18:00:00,0.589
06-27-2026 18:15:00,0.457
06-27-2026 18:30:00,0.183
06-27-2026 18:45:00,0.035
06-27-2026 19:00:00,-0.002
06-27-2026 19:15:00,0
06-27-2026 19:30:00,0
06-27-2026 19:45:00,0
06-27-2026 20:00:00,0
06-27-2026 20:15:00,0
06-27-2026 20:30:00,0.001
06-27-2026 20:45:00,""
06-27-2026 21:00:00,""
06-27-2026 21:15:00,""
06-27-2026 21:30:00,""
06-27-2026 21:45:00,""
06-27-2026 22:00:00,""
06-27-2026 22:15:00,""
06-27-2026 22:30:00,""
06-27-2026 22:45:00,""
06-27-2026 23:00:00,""
06-27-2026 23:15:00,""
06-27-2026 23:30:00,""
06-27-2026 23:45:00,""
06-28-2026 00:00:00,""
06-28-2026 00:15:00,""
06-28-2026 00:30:00,""
06-28-2026 00:45:00,""
06-28-2026 01:00:00,""
06-28-2026 01:15:00,""
06-28-2026 01:30:00,""
06-28-2026 01:45:00,""
06-28-2026 02:00:00,""
06-28-2026 02:15:00,""
06-28-2026 02:30:00,""
06-28-2026 02:45:00,""
06-28-2026 03:00:00,""
06-28-2026 03:15:00,""
06-28-2026 03:30:00,""
06-28-2026 03:45:00,""
06-28-2026 04:00:00,""
06-28-2026 04:15:00,""
06-28-2026 04:30:00,""
06-28-2026 04:45:00,""
06-28-2026 05:00:00,""
06-28-2026 05:15:00,""
06-28-2026 05:30:00,""
06-28-2026 05:45:00,""
06-28-2026 06:00:00,""
06-28-2026 06:15:00,0.142
06-28-2026 06:30:00,0.162
06-28-2026 06:45:00,0.34
06-28-2026 07:00:00,0.629
06-28-2026 07:15:00,0.854
06-28-2026 07:30:00,0.91
06-28-2026 07:45:00,1.837
06-28-2026 08:00:00,3.361
06-28-2026 08:15:00,4.073
06-28-2026 08:30:00,3.205
06-28-2026 08:45:00,2.993
06-28-2026 09:00:00,6.974
06-28-2026 09:15:00,6.296
06-28-2026 09:30:00,7.145
06-28-2026 09:45:00,7.291
06-28-2026 10:00:00,7.447
06-28-2026 10:15:00,7.834
06-28-2026 10:30:00,7.808
06-28-2026 10:45:00,7.878
06-28-2026 11:00:00,6.656
06-28-2026 11:15:00,6.178
06-28-2026 11:30:00,6.096
06-28-2026 11:45:00,8.412
06-28-2026 12:00:00,8.308
06-28-2026 12:15:00,5.71
06-28-2026 12:30:00,6.121
06-28-2026 12:45:00,7.303
06-28-2026 13:00:00,7.757
06-28-2026 13:15:00,7.207
06-28-2026 13:30:00,6.873
06-28-2026 13:45:00,6.744
06-28-2026 14:00:00,6.678
06-28-2026 14:15:00,5.184
06-28-2026 14:30:00,4.277
06-28-2026 14:45:00,5.518
06-28-2026 15:00:00,5.403
06-28-2026 15:15:00,4.8
06-28-2026 15:30:00,4.428
06-28-2026 15:45:00,1.787
06-28-2026 16:00:00,2.438
06-28-2026 16:15:00,2.009
06-28-2026 16:30:00,1.51
06-28-2026 16:45:00,1.313
06-28-2026 17:00:00,1.123
06-28-2026 17:15:00,0.977
06-28-2026 17:30:00,0.845
06-28-2026 17:45:00,0.594
06-28-2026 18:00:00,0.574
06-28-2026 18:15:00,0.397
06-28-2026 18:30:00,0.246
06-28-2026 18:45:00,0.068
06-28-2026 19:00:00,0.003
06-28-2026 19:15:00,0
06-28-2026 19:30:00,0
06-28-2026 19:45:00,0
06-28-2026 20:00:00,0
06-28-2026 20:15:00,0
06-28-2026 20:30:00,0
06-28-2026 20:45:00,""
06-28-2026 21:00:00,""
06-28-2026 21:15:00,""
06-28-2026 21:30:00,""
06-28-2026 21:45:00,""
06-28-2026 22:00:00,""
06-28-2026 22:15:00,""
06-28-2026 22:30:00,""
06-28-2026 22:45:00,""
06-28-2026 23:00:00,""
06-28-2026 23:15:00,""
06-28-2026 23:30:00,""
06-28-2026 23:45:00,""
06-29-2026 00:00:00,""
06-29-2026 00:15:00,""
06-29-2026 00:30:00,""
06-29-2026 00:45:00,""
06-29-2026 01:00:00,""
06-29-2026 01:15:00,""
06-29-2026 01:30:00,""
06-29-2026 01:45:00,""
06-29-2026 02:00:00,""
06-29-2026 02:15:00,""
06-29-2026 02:30:00,""
06-29-2026 02:45:00,""
06-29-2026 03:00:00,""
06-29-2026 03:15:00,""
06-29-2026 03:30:00,""
06-29-2026 03:45:00,""
06-29-2026 04:00:00,""
06-29-2026 04:15:00,""
06-29-2026 04:30:00,""
06-29-2026 04:45:00,""
06-29-2026 05:00:00,""
06-29-2026 05:15:00,""
06-29-2026 05:30:00,""
06-29-2026 05:45:00,""
06-29-2026 06:00:00,""
06-29-2026 06:15:00,0.018
06-29-2026 06:30:00,0.085
06-29-2026 06:45:00,0.276
06-29-2026 07:00:00,0.534
06-29-2026 07:15:00,0.575
06-29-2026 07:30:00,1.78
06-29-2026 07:45:00,2.914
06-29-2026 08:00:00,2.737
06-29-2026 08:15:00,2.999
06-29-2026 08:30:00,5.343
06-29-2026 08:45:00,6.168
06-29-2026 09:00:00,5.885
06-29-2026 09:15:00,4.654
06-29-2026 09:30:00,4.749
06-29-2026 09:45:00,5.181
06-29-2026 10:00:00,5.945
06-29-2026 10:15:00,7.658
06-29-2026 10:30:00,7.616
06-29-2026 10:45:00,7.734
06-29-2026 11:00:00,8.065
06-29-2026 11:15:00,7.931
06-29-2026 11:30:00,7.781
06-29-2026 11:45:00,7.687
06-29-2026 12:00:00,7.607
06-29-2026 12:15:00,7.529
06-29-2026 12:30:00,7.284
06-29-2026 12:45:00,7.555
06-29-2026 13:00:00,6.097
06-29-2026 13:15:00,4.991
06-29-2026 13:30:00,6.929
06-29-2026 13:45:00,4.956
06-29-2026 14:00:00,3.862
06-29-2026 14:15:00,4.208
06-29-2026 14:30:00,4.136
06-29-2026 14:45:00,4.345
06-29-2026 15:00:00,4.658
06-29-2026 15:15:00,4.386
06-29-2026 15:30:00,3.445
06-29-2026 15:45:00,4.122
06-29-2026 16:00:00,3.301
06-29-2026 16:15:00,2.786
06-29-2026 16:30:00,1.91
06-29-2026 16:45:00,1.98
06-29-2026 17:00:00,1.182
06-29-2026 17:15:00,1.052
06-29-2026 17:30:00,0.642
06-29-2026 17:45:00,0.562
06-29-2026 18:00:00,0.484
06-29-2026 18:15:00,0.468
06-29-2026 18:30:00,0.266
06-29-2026 18:45:00,0.152
06-29-2026 19:00:00,0.024
06-29-2026 19:15:00,-0.022
06-29-2026 19:30:00,0
06-29-2026 19:45:00,0
06-29-2026 20:00:00,0
06-29-2026 20:15:00,0
06-29-2026 20:30:00,0.001
06-29-2026 20:45:00,""
06-29-2026 21:00:00,""
06-29-2026 21:15:00,""
06-29-2026 21:30:00,""
06-29-2026 21:45:00,""
06-29-2026 22:00:00,""
06-29-2026 22:15:00,""
06-29-2026 22:30:00,""
06-29-2026 22:45:00,""
06-29-2026 23:00:00,""
06-29-2026 23:15:00,""
06-29-2026 23:30:00,""
06-29-2026 23:45:00,""
06-30-2026 00:00:00,""
06-30-2026 00:15:00,""
06-30-2026 00:30:00,""
06-30-2026 00:45:00,""
06-30-2026 01:00:00,""
06-30-2026 01:15:00,""
06-30-2026 01:30:00,""
06-30-2026 01:45:00,""
06-30-2026 02:00:00,""
06-30-2026 02:15:00,""
06-30-2026 02:30:00,""
06-30-2026 02:45:00,""
06-30-2026 03:00:00,""
06-30-2026 03:15:00,""
06-30-2026 03:30:00,""
06-30-2026 03:45:00,""
06-30-2026 04:00:00,""
06-30-2026 04:15:00,""
06-30-2026 04:30:00,""
06-30-2026 04:45:00,""
06-30-2026 05:00:00,""
06-30-2026 05:15:00,""
06-30-2026 05:30:00,""
06-30-2026 05:45:00,""
06-30-2026 06:00:00,""
06-30-2026 06:15:00,""
06-30-2026 06:30:00,0.274
06-30-2026 06:45:00,0.906
06-30-2026 07:00:00,2.89
06-30-2026 07:15:00,2.955
06-30-2026 07:30:00,2.676
06-30-2026 07:45:00,4.274
06-30-2026 08:00:00,3.292
06-30-2026 08:15:00,5.046
06-30-2026 08:30:00,4.752
06-30-2026 08:45:00,5.457
06-30-2026 09:00:00,4.183
06-30-2026 09:15:00,3.919
06-30-2026 09:30:00,7.032
06-30-2026 09:45:00,5.101
06-30-2026 10:00:00,4.567
06-30-2026 10:15:00,7.585
06-30-2026 10:30:00,5.744
06-30-2026 10:45:00,4.159
06-30-2026 11:00:00,5.068
06-30-2026 11:15:00,3.698
06-30-2026 11:30:00,6.617
06-30-2026 11:45:00,6.45
06-30-2026 12:00:00,4.247
06-30-2026 12:15:00,3.943
06-30-2026 12:30:00,5.353
06-30-2026 12:45:00,6.914
06-30-2026 13:00:00,6.625
06-30-2026 13:15:00,7.669
06-30-2026 13:30:00,6.264
06-30-2026 13:45:00,6.504
06-30-2026 14:00:00,6.207
06-30-2026 14:15:00,5.77
06-30-2026 14:30:00,5.813
06-30-2026 14:45:00,5.457
06-30-2026 15:00:00,5.173
06-30-2026 15:15:00,3.264
06-30-2026 15:30:00,4.125
06-30-2026 15:45:00,3.643
06-30-2026 16:00:00,2.722
06-30-2026 16:15:00,1.997
06-30-2026 16:30:00,1.956
06-30-2026 16:45:00,1.818
06-30-2026 17:00:00,1.168
06-30-2026 17:15:00,0.734
06-30-2026 17:30:00,0.471
06-30-2026 17:45:00,0.345
06-30-2026 18:00:00,0.284
06-30-2026 18:15:00,0.238
06-30-2026 18:30:00,0.192
06-30-2026 18:45:00,0.101
06-30-2026 19:00:00,0.01
06-30-2026 19:15:00,0
06-30-2026 19:30:00,0
06-30-2026 19:45:00,0
06-30-2026 20:00:00,0
06-30-2026 20:15:00,0
06-30-2026 20:30:00,0.001
06-30-2026 20:45:00,""
06-30-2026 21:00:00,""
06-30-2026 21:15:00,""
06-30-2026 21:30:00,""
06-30-2026 21:45:00,""
06-30-2026 22:00:00,""
06-30-2026 22:15:00,""
06-30-2026 22:30:00,""
06-30-2026 22:45:00,""
06-30-2026 23:00:00,""
06-30-2026 23:15:00,""
06-30-2026 23:30:00,""
06-30-2026 23:45:00,""
07-01-2026 00:00:00,""
07-01-2026 00:15:00,""
07-01-2026 00:30:00,""
07-01-2026 00:45:00,""
07-01-2026 01:00:00,""
07-01-2026 01:15:00,""
07-01-2026 01:30:00,""
07-01-2026 01:45:00,""
07-01-2026 02:00:00,""
07-01-2026 02:15:00,""
07-01-2026 02:30:00,""
07-01-2026 02:45:00,""
07-01-2026 03:00:00,""
07-01-2026 03:15:00,""
07-01-2026 03:30:00,""
07-01-2026 03:45:00,""
07-01-2026 04:00:00,""
07-01-2026 04:15:00,""
07-01-2026 04:30:00,""
07-01-2026 04:45:00,""
07-01-2026 05:00:00,""
07-01-2026 05:15:00,""
07-01-2026 05:30:00,""
07-01-2026 05:45:00,""
07-01-2026 06:00:00,""
07-01-2026 06:15:00,""
07-01-2026 06:30:00,0.179
07-01-2026 06:45:00,0.249
07-01-2026 07:00:00,0.466
07-01-2026 07:15:00,0.836
07-01-2026 07:30:00,1.204
07-01-2026 07:45:00,0.642
07-01-2026 08:00:00,0.684
07-01-2026 08:15:00,1.653
07-01-2026 08:30:00,4.267
07-01-2026 08:45:00,4.95
07-01-2026 09:00:00,5.415
07-01-2026 09:15:00,7.712
07-01-2026 09:30:00,5.976
07-01-2026 09:45:00,6.58
07-01-2026 10:00:00,6.688
07-01-2026 10:15:00,6.459
07-01-2026 10:30:00,5.605
07-01-2026 10:45:00,4.768
07-01-2026 11:00:00,4.655
07-01-2026 11:15:00,7.555
07-01-2026 11:30:00,7.647
07-01-2026 11:45:00,7.725
07-01-2026 12:00:00,7.942
07-01-2026 12:15:00,6.759
07-01-2026 12:30:00,7.493
07-01-2026 12:45:00,7.393
07-01-2026 13:00:00,7.417
07-01-2026 13:15:00,7.196
07-01-2026 13:30:00,6.183
07-01-2026 13:45:00,6.18
07-01-2026 14:00:00,4.382
07-01-2026 14:15:00,3.419
07-01-2026 14:30:00,6.406
07-01-2026 14:45:00,4.892
07-01-2026 15:00:00,5.481
07-01-2026 15:15:00,3.777
07-01-2026 15:30:00,3.483
07-01-2026 15:45:00,3.001
07-01-2026 16:00:00,1.268
07-01-2026 16:15:00,2.554
07-01-2026 16:30:00,2.302
07-01-2026 16:45:00,1.173
07-01-2026 17:00:00,0.896
07-01-2026 17:15:00,0.901
07-01-2026 17:30:00,0.637
07-01-2026 17:45:00,0.48
07-01-2026 18:00:00,0.441
07-01-2026 18:15:00,0.395
07-01-2026 18:30:00,0.269
07-01-2026 18:45:00,0.151
07-01-2026 19:00:00,0.011
07-01-2026 19:15:00,0
07-01-2026 19:30:00,0
07-01-2026 19:45:00,0
07-01-2026 20:00:00,0
07-01-2026 20:15:00,0
07-01-2026 20:30:00,0
07-01-2026 20:45:00,""
07-01-2026 21:00:00,""
07-01-2026 21:15:00,""
07-01-2026 21:30:00,""
07-01-2026 21:45:00,""
07-01-2026 22:00:00,""
07-01-2026 22:15:00,""
07-01-2026 22:30:00,""
07-01-2026 22:45:00,""
07-01-2026 23:00:00,""
07-01-2026 23:15:00,""
07-01-2026 23:30:00,""
07-01-2026 23:45:00,""
07-02-2026 00:00:00,""
07-02-2026 00:15:00,""
07-02-2026 00:30:00,""
07-02-2026 00:45:00,""
07-02-2026 01:00:00,""
07-02-2026 01:15:00,""
07-02-2026 01:30:00,""
07-02-2026 01:45:00,""
07-02-2026 02:00:00,""
07-02-2026 02:15:00,""
07-02-2026 02:30:00,""
07-02-2026 02:45:00,""
07-02-2026 03:00:00,""
07-02-2026 03:15:00,""
07-02-2026 03:30:00,""
07-02-2026 03:45:00,""
07-02-2026 04:00:00,""
07-02-2026 04:15:00,""
07-02-2026 04:30:00,""
07-02-2026 04:45:00,""
07-02-2026 05:00:00,""
07-02-2026 05:15:00,""
07-02-2026 05:30:00,""
07-02-2026 05:45:00,""
07-02-2026 06:00:00,""
07-02-2026 06:15:00,""
07-02-2026 06:30:00,0.123
07-02-2026 06:45:00,0.274
07-02-2026 07:00:00,0.307
07-02-2026 07:15:00,0.416
07-02-2026 07:30:00,0.536
07-02-2026 07:45:00,1.061
07-02-2026 08:00:00,0.933
07-02-2026 08:15:00,0.761
07-02-2026 08:30:00,0.962
07-02-2026 08:45:00,1.183
07-02-2026 09:00:00,1.482
07-02-2026 09:15:00,2.608
07-02-2026 09:30:00,4.357
07-02-2026 09:45:00,6.398
07-02-2026 10:00:00,6.79
07-02-2026 10:15:00,6.379
07-02-2026 10:30:00,5.472
07-02-2026 10:45:00,4.073
07-02-2026 11:00:00,4.669
07-02-2026 11:15:00,7.936
07-02-2026 11:30:00,7.452
07-02-2026 11:45:00,6.187
07-02-2026 12:00:00,7.529
07-02-2026 12:15:00,5.3
07-02-2026 12:30:00,7.174
07-02-2026 12:45:00,5.555
07-02-2026 13:00:00,3.838
07-02-2026 13:15:00,3.717
07-02-2026 13:30:00,2.4
07-02-2026 13:45:00,2.595
07-02-2026 14:00:00,4.398
07-02-2026 14:15:00,4.192
07-02-2026 14:30:00,3.584
07-02-2026 14:45:00,3.535
07-02-2026 15:00:00,2.341
07-02-2026 15:15:00,2.945
07-02-2026 15:30:00,1.623
07-02-2026 15:45:00,0.996
07-02-2026 16:00:00,2.455
07-02-2026 16:15:00,3.401
07-02-2026 16:30:00,1.448
07-02-2026 16:45:00,0.974
07-02-2026 17:00:00,1.317
07-02-2026 17:15:00,1.077
07-02-2026 17:30:00,0.93
07-02-2026 17:45:00,0.623
07-02-2026 18:00:00,0.351
07-02-2026 18:15:00,0.211
07-02-2026 18:30:00,0.081
07-02-2026 18:45:00,-0.004
07-02-2026 19:00:00,-0.002
07-02-2026 19:15:00,0
07-02-2026 19:30:00,0
07-02-2026 19:45:00,0
07-02-2026 20:00:00,0
07-02-2026 20:15:00,0
07-02-2026 20:30:00,0
07-02-2026 20:45:00,""
07-02-2026 21:00:00,""
07-02-2026 21:15:00,""
07-02-2026 21:30:00,""
07-02-2026 21:45:00,""
07-02-2026 22:00:00,""
07-02-2026 22:15:00,""
07-02-2026 22:30:00,""
07-02-2026 22:45:00,""
07-02-2026 23:00:00,""
07-02-2026 23:15:00,""
07-02-2026 23:30:00,""
07-02-2026 23:45:00,""
07-03-2026 00:00:00,""
07-03-2026 00:15:00,""
07-03-2026 00:30:00,""
07-03-2026 00:45:00,""
07-03-2026 01:00:00,""
07-03-2026 01:15:00,""
07-03-2026 01:30:00,""
07-03-2026 01:45:00,""
07-03-2026 02:00:00,""
07-03-2026 02:15:00,""
07-03-2026 02:30:00,""
07-03-2026 02:45:00,""
07-03-2026 03:00:00,""
07-03-2026 03:15:00,""
07-03-2026 03:30:00,""
07-03-2026 03:45:00,""
07-03-2026 04:00:00,""
07-03-2026 04:15:00,""
07-03-2026 04:30:00,""
07-03-2026 04:45:00,""
07-03-2026 05:00:00,""
07-03-2026 05:15:00,""
07-03-2026 05:30:00,""
07-03-2026 05:45:00,""
07-03-2026 06:00:00,""
07-03-2026 06:15:00,""
07-03-2026 06:30:00,0.151
07-03-2026 06:45:00,0.356
07-03-2026 07:00:00,0.458
07-03-2026 07:15:00,1.713
07-03-2026 07:30:00,4.425
07-03-2026 07:45:00,5.015
07-03-2026 08:00:00,3.596
07-03-2026 08:15:00,5.274
07-03-2026 08:30:00,6.166
07-03-2026 08:45:00,6.454
07-03-2026 09:00:00,6.689
07-03-2026 09:15:00,6.902
07-03-2026 09:30:00,7.117
07-03-2026 09:45:00,7.338
07-03-2026 10:00:00,7.284
07-03-2026 10:15:00,7.561
07-03-2026 10:30:00,7.635
07-03-2026 10:45:00,7.736
07-03-2026 11:00:00,7.31
07-03-2026 11:15:00,5.885
07-03-2026 11:30:00,4.934
07-03-2026 11:45:00,5.827
07-03-2026 12:00:00,6.947
07-03-2026 12:15:00,7.79
07-03-2026 12:30:00,7.655
07-03-2026 12:45:00,6.061
07-03-2026 13:00:00,4.546
07-03-2026 13:15:00,6.45
07-03-2026 13:30:00,5.684
07-03-2026 13:45:00,6.403
07-03-2026 14:00:00,5.924
07-03-2026 14:15:00,4.681
07-03-2026 14:30:00,4.757
07-03-2026 14:45:00,1.423
07-03-2026 15:00:00,3.294
07-03-2026 15:15:00,3.81
07-03-2026 15:30:00,3.875
07-03-2026 15:45:00,3.242
07-03-2026 16:00:00,3.277
07-03-2026 16:15:00,3.08
07-03-2026 16:30:00,1.662
07-03-2026 16:45:00,1.189
07-03-2026 17:00:00,0.923
07-03-2026 17:15:00,0.931
07-03-2026 17:30:00,0.869
07-03-2026 17:45:00,0.491
07-03-2026 18:00:00,0.509
07-03-2026 18:15:00,0.361
07-03-2026 18:30:00,0.302
07-03-2026 18:45:00,0.051
07-03-2026 19:00:00,-0.003
07-03-2026 19:15:00,0
07-03-2026 19:30:00,0
07-03-2026 19:45:00,0
07-03-2026 20:00:00,0
07-03-2026 20:15:00,0
07-03-2026 20:30:00,0
07-03-2026 20:45:00,""
07-03-2026 21:00:00,""
07-03-2026 21:15:00,""
07-03-2026 21:30:00,""
07-03-2026 21:45:00,""
07-03-2026 22:00:00,""
07-03-2026 22:15:00,""
07-03-2026 22:30:00,""
07-03-2026 22:45:00,""
07-03-2026 23:00:00,""
07-03-2026 23:15:00,""
07-03-2026 23:30:00,""
07-03-2026 23:45:00,""
07-04-2026 00:00:00,""
07-04-2026 00:15:00,""
07-04-2026 00:30:00,""
07-04-2026 00:45:00,""
07-04-2026 01:00:00,""
07-04-2026 01:15:00,""
07-04-2026 01:30:00,""
07-04-2026 01:45:00,""
07-04-2026 02:00:00,""
07-04-2026 02:15:00,""
07-04-2026 02:30:00,""
07-04-2026 02:45:00,""
07-04-2026 03:00:00,""
07-04-2026 03:15:00,""
07-04-2026 03:30:00,""
07-04-2026 03:45:00,""
07-04-2026 04:00:00,""
07-04-2026 04:15:00,""
07-04-2026 04:30:00,""
07-04-2026 04:45:00,""
07-04-2026 05:00:00,""
07-04-2026 05:15:00,""
07-04-2026 05:30:00,""
07-04-2026 05:45:00,""
07-04-2026 06:00:00,""
07-04-2026 06:15:00,""
07-04-2026 06:30:00,0.435
07-04-2026 06:45:00,0.662
07-04-2026 07:00:00,0.85
07-04-2026 07:15:00,1.714
07-04-2026 07:30:00,1.182
07-04-2026 07:45:00,1.566
07-04-2026 08:00:00,2.961
07-04-2026 08:15:00,3.664
07-04-2026 08:30:00,4.436
07-04-2026 08:45:00,2.856
07-04-2026 09:00:00,2.607
07-04-2026 09:15:00,2.536
07-04-2026 09:30:00,2.441
07-04-2026 09:45:00,5.836
07-04-2026 10:00:00,6.969
07-04-2026 10:15:00,4.448
07-04-2026 10:30:00,4.58
07-04-2026 10:45:00,3.809
07-04-2026 11:00:00,4.017
07-04-2026 11:15:00,2.993
07-04-2026 11:30:00,4.029
07-04-2026 11:45:00,4.879
07-04-2026 12:00:00,5.115
07-04-2026 12:15:00,4.013
07-04-2026 12:30:00,6.919
07-04-2026 12:45:00,7.63
07-04-2026 13:00:00,7.392
07-04-2026 13:15:00,6.752
07-04-2026 13:30:00,5.496
07-04-2026 13:45:00,6.806
07-04-2026 14:00:00,6.68
07-04-2026 14:15:00,5.067
07-04-2026 14:30:00,5.854
07-04-2026 14:45:00,4.58
07-04-2026 15:00:00,4.391
07-04-2026 15:15:00,4.911
07-04-2026 15:30:00,4.337
07-04-2026 15:45:00,3.991
07-04-2026 16:00:00,3.631
07-04-2026 16:15:00,3.101
07-04-2026 16:30:00,2.69
07-04-2026 16:45:00,2.145
07-04-2026 17:00:00,1.535
07-04-2026 17:15:00,1.141
07-04-2026 17:30:00,1.148
07-04-2026 17:45:00,0.834
07-04-2026 18:00:00,0.705
07-04-2026 18:15:00,0.651
07-04-2026 18:30:00,0.401
07-04-2026 18:45:00,0.17
07-04-2026 19:00:00,0.093
07-04-2026 19:15:00,0
07-04-2026 19:30:00,0
07-04-2026 19:45:00,0
07-04-2026 20:00:00,0
07-04-2026 20:15:00,0
07-04-2026 20:30:00,0
07-04-2026 20:45:00,""
07-04-2026 21:00:00,""
07-04-2026 21:15:00,""
07-04-2026 21:30:00,""
07-04-2026 21:45:00,""
07-04-2026 22:00:00,""
07-04-2026 22:15:00,""
07-04-2026 22:30:00,""
07-04-2026 22:45:00,""
07-04-2026 23:00:00,""
07-04-2026 23:15:00,""
07-04-2026 23:30:00,""
07-04-2026 23:45:00,""
07-05-2026 00:00:00,""
07-05-2026 00:15:00,""
07-05-2026 00:30:00,""
07-05-2026 00:45:00,""
07-05-2026 01:00:00,""
07-05-2026 01:15:00,""
07-05-2026 01:30:00,""
07-05-2026 01:45:00,""
07-05-2026 02:00:00,""
07-05-2026 02:15:00,""
07-05-2026 02:30:00,""
07-05-2026 02:45:00,""
07-05-2026 03:00:00,""
07-05-2026 03:15:00,""
07-05-2026 03:30:00,""
07-05-2026 03:45:00,""
07-05-2026 04:00:00,""
07-05-2026 04:15:00,""
07-05-2026 04:30:00,""
07-05-2026 04:45:00,""
07-05-2026 05:00:00,""
07-05-2026 05:15:00,""
07-05-2026 05:30:00,""
07-05-2026 05:45:00,""
07-05-2026 06:00:00,""
07-05-2026 06:15:00,""
07-05-2026 06:30:00,0.206
07-05-2026 06:45:00,0.346
07-05-2026 07:00:00,0.595
07-05-2026 07:15:00,0.635
07-05-2026 07:30:00,0.935
07-05-2026 07:45:00,1.559
07-05-2026 08:00:00,2.856
07-05-2026 08:15:00,1.533
07-05-2026 08:30:00,1.8
07-05-2026 08:45:00,2.759
07-05-2026 09:00:00,3.002
07-05-2026 09:15:00,3.222
07-05-2026 09:30:00,5.982
07-05-2026 09:45:00,5.746
07-05-2026 10:00:00,4.149
07-05-2026 10:15:00,4.389
07-05-2026 10:30:00,4.826
07-05-2026 10:45:00,5.354
07-05-2026 11:00:00,5.619
07-05-2026 11:15:00,6.071
07-05-2026 11:30:00,4.013
07-05-2026 11:45:00,6.642
07-05-2026 12:00:00,6.128
07-05-2026 12:15:00,7.756
07-05-2026 12:30:00,3.22
07-05-2026 12:45:00,6.243
07-05-2026 13:00:00,3.979
07-05-2026 13:15:00,7.014
07-05-2026 13:30:00,4.698
07-05-2026 13:45:00,5.535
07-05-2026 14:00:00,5.778
07-05-2026 14:15:00,5.138
07-05-2026 14:30:00,3.469
07-05-2026 14:45:00,2.917
07-05-2026 15:00:00,4.864
07-05-2026 15:15:00,3.375
07-05-2026 15:30:00,2.696
07-05-2026 15:45:00,2.454
07-05-2026 16:00:00,2.991
07-05-2026 16:15:00,2.655
07-05-2026 16:30:00,2.941
07-05-2026 16:45:00,2.521
07-05-2026 17:00:00,2.044
07-05-2026 17:15:00,1.375
07-05-2026 17:30:00,1.139
07-05-2026 17:45:00,0.899
07-05-2026 18:00:00,0.822
07-05-2026 18:15:00,0.559
07-05-2026 18:30:00,0.372
07-05-2026 18:45:00,0.163
07-05-2026 19:00:00,0.017
07-05-2026 19:15:00,0
07-05-2026 19:30:00,0
07-05-2026 19:45:00,0
07-05-2026 20:00:00,0
07-05-2026 20:15:00,0
07-05-2026 20:30:00,0
07-05-2026 20:45:00,""
07-05-2026 21:00:00,""
07-05-2026 21:15:00,""
07-05-2026 21:30:00,""
07-05-2026 21:45:00,""
07-05-2026 22:00:00,""
07-05-2026 22:15:00,""
07-05-2026 22:30:00,""
07-05-2026 22:45:00,""
07-05-2026 23:00:00,""
07-05-2026 23:15:00,""
07-05-2026 23:30:00,""
07-05-2026 23:45:00,""
07-06-2026 00:00:00,""
07-06-2026 00:15:00,""
07-06-2026 00:30:00,""
07-06-2026 00:45:00,""
07-06-2026 01:00:00,""
07-06-2026 01:15:00,""
07-06-2026 01:30:00,""
07-06-2026 01:45:00,""
07-06-2026 02:00:00,""
07-06-2026 02:15:00,""
07-06-2026 02:30:00,""
07-06-2026 02:45:00,""
07-06-2026 03:00:00,""
07-06-2026 03:15:00,""
07-06-2026 03:30:00,""
07-06-2026 03:45:00,""
07-06-2026 04:00:00,""
07-06-2026 04:15:00,""
07-06-2026 04:30:00,""
07-06-2026 04:45:00,""
07-06-2026 05:00:00,""
07-06-2026 05:15:00,""
07-06-2026 05:30:00,""
07-06-2026 05:45:00,""
07-06-2026 06:00:00,""
07-06-2026 06:15:00,""
07-06-2026 06:30:00,0.174
07-06-2026 06:45:00,0.416
07-06-2026 07:00:00,0.58
07-06-2026 07:15:00,0.823
07-06-2026 07:30:00,1.005
07-06-2026 07:45:00,0.95
07-06-2026 08:00:00,1.385
07-06-2026 08:15:00,1.365
07-06-2026 08:30:00,1.978
07-06-2026 08:45:00,3.2
07-06-2026 09:00:00,2.824
07-06-2026 09:15:00,3.594
07-06-2026 09:30:00,2.247
07-06-2026 09:45:00,2.742
07-06-2026 10:00:00,4.688
07-06-2026 10:15:00,2.602
07-06-2026 10:30:00,2.743
07-06-2026 10:45:00,2.569
07-06-2026 11:00:00,2.619
07-06-2026 11:15:00,2.667
07-06-2026 11:30:00,3.971
07-06-2026 11:45:00,3.846
07-06-2026 12:00:00,3.763
07-06-2026 12:15:00,2.786
07-06-2026 12:30:00,3.188
07-06-2026 12:45:00,4.899
07-06-2026 13:00:00,7.003
07-06-2026 13:15:00,4.421
07-06-2026 13:30:00,5.431
07-06-2026 13:45:00,4.55
07-06-2026 14:00:00,4.219
07-06-2026 14:15:00,4.063
07-06-2026 14:30:00,4.528
07-06-2026 14:45:00,5.01
07-06-2026 15:00:00,3.895
07-06-2026 15:15:00,4.227
07-06-2026 15:30:00,3.4
07-06-2026 15:45:00,1.721
07-06-2026 16:00:00,2.024
07-06-2026 16:15:00,1.459
07-06-2026 16:30:00,1.409
07-06-2026 16:45:00,1.128
07-06-2026 17:00:00,1.03
07-06-2026 17:15:00,0.726
07-06-2026 17:30:00,0.913
07-06-2026 17:45:00,0.648
07-06-2026 18:00:00,0.538
07-06-2026 18:15:00,0.466
07-06-2026 18:30:00,0.266
07-06-2026 18:45:00,0.058
07-06-2026 19:00:00,0.004
07-06-2026 19:15:00,0
07-06-2026 19:30:00,0
07-06-2026 19:45:00,0
07-06-2026 20:00:00,0
07-06-2026 20:15:00,0
07-06-2026 20:30:00,0
07-06-2026 20:45:00,""
07-06-2026 21:00:00,""
07-06-2026 21:15:00,""
07-06-2026 21:30:00,""
07-06-2026 21:45:00,""
07-06-2026 22:00:00,""
07-06-2026 22:15:00,""
07-06-2026 22:30:00,""
07-06-2026 22:45:00,""
07-06-2026 23:00:00,""
07-06-2026 23:15:00,""
07-06-2026 23:30:00,""
07-06-2026 23:45:00,""
07-07-2026 00:00:00,""
07-07-2026 00:15:00,""
07-07-2026 00:30:00,""
07-07-2026 00:45:00,""
07-07-2026 01:00:00,""
07-07-2026 01:15:00,""
07-07-2026 01:30:00,""
07-07-2026 01:45:00,""
07-07-2026 02:00:00,""
07-07-2026 02:15:00,""
07-07-2026 02:30:00,""
07-07-2026 02:45:00,""
07-07-2026 03:00:00,""
07-07-2026 03:15:00,""
07-07-2026 03:30:00,""
07-07-2026 03:45:00,""
07-07-2026 04:00:00,""
07-07-2026 04:15:00,""
07-07-2026 04:30:00,""
07-07-2026 04:45:00,""
07-07-2026 05:00:00,""
07-07-2026 05:15:00,""
07-07-2026 05:30:00,""
07-07-2026 05:45:00,""
07-07-2026 06:00:00,""
07-07-2026 06:15:00,""
07-07-2026 06:30:00,0.361
07-07-2026 06:45:00,0.487
07-07-2026 07:00:00,0.658
07-07-2026 07:15:00,0.753
07-07-2026 07:30:00,0.674
07-07-2026 07:45:00,1.223
07-07-2026 08:00:00,1.948
07-07-2026 08:15:00,2.914
07-07-2026 08:30:00,1.531
07-07-2026 08:45:00,4.833
07-07-2026 09:00:00,4.09
07-07-2026 09:15:00,1.709
07-07-2026 09:30:00,2.182
07-07-2026 09:45:00,4.701
07-07-2026 10:00:00,2.444
07-07-2026 10:15:00,6.875
07-07-2026 10:30:00,4.179
07-07-2026 10:45:00,4.147
07-07-2026 11:00:00,7.125
07-07-2026 11:15:00,6.063
07-07-2026 11:30:00,8.407
07-07-2026 11:45:00,7.139
07-07-2026 12:00:00,8.09
07-07-2026 12:15:00,8.051
07-07-2026 12:30:00,7
07-07-2026 12:45:00,7.181
07-07-2026 13:00:00,6.932
07-07-2026 13:15:00,7.282
07-07-2026 13:30:00,7.302
07-07-2026 13:45:00,5.7
07-07-2026 14:00:00,6.482
07-07-2026 14:15:00,6.517
07-07-2026 14:30:00,6.145
07-07-2026 14:45:00,6.057
07-07-2026 15:00:00,3.589
07-07-2026 15:15:00,4.657
07-07-2026 15:30:00,4.359
07-07-2026 15:45:00,2.534
07-07-2026 16:00:00,1.703
07-07-2026 16:15:00,2.035
07-07-2026 16:30:00,1.951
07-07-2026 16:45:00,1.781
07-07-2026 17:00:00,1.537
07-07-2026 17:15:00,1.124
07-07-2026 17:30:00,1.256
07-07-2026 17:45:00,0.425
07-07-2026 18:00:00,0.405
07-07-2026 18:15:00,0.436
07-07-2026 18:30:00,0.331
07-07-2026 18:45:00,0.173
07-07-2026 19:00:00,0.004
07-07-2026 19:15:00,0
07-07-2026 19:30:00,0
07-07-2026 19:45:00,0
07-07-2026 20:00:00,0
07-07-2026 20:15:00,0
07-07-2026 20:30:00,0.001
07-07-2026 20:45:00,""
07-07-2026 21:00:00,""
07-07-2026 21:15:00,""
07-07-2026 21:30:00,""
07-07-2026 21:45:00,""
07-07-2026 22:00:00,""
07-07-2026 22:15:00,""
07-07-2026 22:30:00,""
07-07-2026 22:45:00,""
07-07-2026 23:00:00,""
07-07-2026 23:15:00,""
07-07-2026 23:30:00,""
07-07-2026 23:45:00,""
07-08-2026 00:00:00,""
07-08-2026 00:15:00,""
07-08-2026 00:30:00,""
07-08-2026 00:45:00,""
07-08-2026 01:00:00,""
07-08-2026 01:15:00,""
07-08-2026 01:30:00,""
07-08-2026 01:45:00,""
07-08-2026 02:00:00,""
07-08-2026 02:15:00,""
07-08-2026 02:30:00,""
07-08-2026 02:45:00,""
07-08-2026 03:00:00,""
07-08-2026 03:15:00,""
07-08-2026 03:30:00,""
07-08-2026 03:45:00,""
07-08-2026 04:00:00,""
07-08-2026 04:15:00,""
07-08-2026 04:30:00,""
07-08-2026 04:45:00,""
07-08-2026 05:00:00,""
07-08-2026 05:15:00,""
07-08-2026 05:30:00,""
07-08-2026 05:45:00,""
07-08-2026 06:00:00,""
07-08-2026 06:15:00,""
07-08-2026 06:30:00,0.186
07-08-2026 06:45:00,0.365
07-08-2026 07:00:00,0.455
07-08-2026 07:15:00,0.642
07-08-2026 07:30:00,2.575
07-08-2026 07:45:00,3.304
07-08-2026 08:00:00,2.237
07-08-2026 08:15:00,1.126
07-08-2026 08:30:00,1.928
07-08-2026 08:45:00,2.237
07-08-2026 09:00:00,3.362
07-08-2026 09:15:00,4.009
07-08-2026 09:30:00,4.723
07-08-2026 09:45:00,3.682
07-08-2026 10:00:00,8.112
07-08-2026 10:15:00,6.957
07-08-2026 10:30:00,7.93
07-08-2026 10:45:00,6.926
07-08-2026 11:00:00,3.506
07-08-2026 11:15:00,3.833
07-08-2026 11:30:00,8.008
07-08-2026 11:45:00,6.67
07-08-2026 12:00:00,6.351
07-08-2026 12:15:00,7.959
07-08-2026 12:30:00,7.844
07-08-2026 12:45:00,7.545
07-08-2026 13:00:00,7.315
07-08-2026 13:15:00,7.284
07-08-2026 13:30:00,5.467
07-08-2026 13:45:00,5.658
07-08-2026 14:00:00,5.578
07-08-2026 14:15:00,6.704
07-08-2026 14:30:00,6.177
07-08-2026 14:45:00,5.879
07-08-2026 15:00:00,2.928
07-08-2026 15:15:00,3.879
07-08-2026 15:30:00,4.142
07-08-2026 15:45:00,3.953
07-08-2026 16:00:00,2.778
07-08-2026 16:15:00,3.167
07-08-2026 16:30:00,2.89
07-08-2026 16:45:00,1.854
07-08-2026 17:00:00,1.244
07-08-2026 17:15:00,0.904
07-08-2026 17:30:00,0.523
07-08-2026 17:45:00,0.538
07-08-2026 18:00:00,0.577
07-08-2026 18:15:00,0.451
07-08-2026 18:30:00,0.386
07-08-2026 18:45:00,0.006
07-08-2026 19:00:00,0
07-08-2026 19:15:00,0
07-08-2026 19:30:00,0
07-08-2026 19:45:00,0
07-08-2026 20:00:00,0
07-08-2026 20:15:00,0
07-08-2026 20:30:00,0
07-08-2026 20:45:00,""
07-08-2026 21:00:00,""
07-08-2026 21:15:00,""
07-08-2026 21:30:00,""
07-08-2026 21:45:00,""
07-08-2026 22:00:00,""
07-08-2026 22:15:00,""
07-08-2026 22:30:00,""
07-08-2026 22:45:00,""
07-08-2026 23:00:00,""
07-08-2026 23:15:00,""
07-08-2026 23:30:00,""
07-08-2026 23:45:00,""
07-09-2026 00:00:00,""
07-09-2026 00:15:00,""
07-09-2026 00:30:00,""
07-09-2026 00:45:00,""
07-09-2026 01:00:00,""
07-09-2026 01:15:00,""
07-09-2026 01:30:00,""
07-09-2026 01:45:00,""
07-09-2026 02:00:00,""
07-09-2026 02:15:00,""
07-09-2026 02:30:00,""
07-09-2026 02:45:00,""
07-09-2026 03:00:00,""
07-09-2026 03:15:00,""
07-09-2026 03:30:00,""
07-09-2026 03:45:00,""
07-09-2026 04:00:00,""
07-09-2026 04:15:00,""
07-09-2026 04:30:00,""
07-09-2026 04:45:00,""
07-09-2026 05:00:00,""
07-09-2026 05:15:00,""
07-09-2026 05:30:00,""
07-09-2026 05:45:00,""
07-09-2026 06:00:00,""
07-09-2026 06:15:00,""
07-09-2026 06:30:00,0.094
07-09-2026 06:45:00,0.274
07-09-2026 07:00:00,0.658
07-09-2026 07:15:00,0.727
07-09-2026 07:30:00,0.674
07-09-2026 07:45:00,1.106
07-09-2026 08:00:00,3.392
07-09-2026 08:15:00,1.465
07-09-2026 08:30:00,1.794
07-09-2026 08:45:00,4.487
07-09-2026 09:00:00,6.059
07-09-2026 09:15:00,4.611
07-09-2026 09:30:00,3.385
07-09-2026 09:45:00,7.674
07-09-2026 10:00:00,7.058
07-09-2026 10:15:00,7.505
07-09-2026 10:30:00,7.42
07-09-2026 10:45:00,5.48
07-09-2026 11:00:00,6.233
07-09-2026 11:15:00,5.306
07-09-2026 11:30:00,6.146
07-09-2026 11:45:00,7.397
07-09-2026 12:00:00,7.197
07-09-2026 12:15:00,6.792
07-09-2026 12:30:00,5.711
07-09-2026 12:45:00,7.182
07-09-2026 13:00:00,7.202
07-09-2026 13:15:00,7.537
07-09-2026 13:30:00,4.826
07-09-2026 13:45:00,6.614
07-09-2026 14:00:00,5.696
07-09-2026 14:15:00,4.456
07-09-2026 14:30:00,4.176
07-09-2026 14:45:00,3.164
07-09-2026 15:00:00,4.36
07-09-2026 15:15:00,2.88
07-09-2026 15:30:00,2.822
07-09-2026 15:45:00,2.408
07-09-2026 16:00:00,2.485
07-09-2026 16:15:00,1.542
07-09-2026 16:30:00,1.131
07-09-2026 16:45:00,1.213
07-09-2026 17:00:00,1.036
07-09-2026 17:15:00,0.839
07-09-2026 17:30:00,0.679
07-09-2026 17:45:00,0.328
07-09-2026 18:00:00,0.233
07-09-2026 18:15:00,0.156
07-09-2026 18:30:00,0.042
07-09-2026 18:45:00,-0.015
07-09-2026 19:00:00,-0.009
07-09-2026 19:15:00,0
07-09-2026 19:30:00,0
07-09-2026 19:45:00,0
07-09-2026 20:00:00,0
07-09-2026 20:15:00,0
07-09-2026 20:30:00,0.002
07-09-2026 20:45:00,""
07-09-2026 21:00:00,""
07-09-2026 21:15:00,""
07-09-2026 21:30:00,""
07-09-2026 21:45:00,""
07-09-2026 22:00:00,""
07-09-2026 22:15:00,""
07-09-2026 22:30:00,""
07-09-2026 22:45:00,""
07-09-2026 23:00:00,""
07-09-2026 23:15:00,""
07-09-2026 23:30:00,""
07-09-2026 23:45:00,""
07-10-2026 00:00:00,""
07-10-2026 00:15:00,""
07-10-2026 00:30:00,""
07-10-2026 00:45:00,""
07-10-2026 01:00:00,""
07-10-2026 01:15:00,""
07-10-2026 01:30:00,""
07-10-2026 01:45:00,""
07-10-2026 02:00:00,""
07-10-2026 02:15:00,""
07-10-2026 02:30:00,""
07-10-2026 02:45:00,""
07-10-2026 03:00:00,""
07-10-2026 03:15:00,""
07-10-2026 03:30:00,""
07-10-2026 03:45:00,""
07-10-2026 04:00:00,""
07-10-2026 04:15:00,""
07-10-2026 04:30:00,""
07-10-2026 04:45:00,""
07-10-2026 05:00:00,""
07-10-2026 05:15:00,""
07-10-2026 05:30:00,""
07-10-2026 05:45:00,""
07-10-2026 06:00:00,""
07-10-2026 06:15:00,""
07-10-2026 06:30:00,0.524
07-10-2026 06:45:00,0.701
07-10-2026 07:00:00,1.309
07-10-2026 07:15:00,2.37
07-10-2026 07:30:00,2.579
07-10-2026 07:45:00,2.072
07-10-2026 08:00:00,4.183
07-10-2026 08:15:00,4.398
07-10-2026 08:30:00,5.363
07-10-2026 08:45:00,6.693
07-10-2026 09:00:00,6.168
07-10-2026 09:15:00,5.218
07-10-2026 09:30:00,5.694
07-10-2026 09:45:00,4.835
07-10-2026 10:00:00,5.568
07-10-2026 10:15:00,2.759
07-10-2026 10:30:00,3.502
07-10-2026 10:45:00,5.089
07-10-2026 11:00:00,4.7
07-10-2026 11:15:00,5.183
07-10-2026 11:30:00,7.501
07-10-2026 11:45:00,6.642
07-10-2026 12:00:00,5.101
07-10-2026 12:15:00,7.076
07-10-2026 12:30:00,4.329
07-10-2026 12:45:00,3.393
07-10-2026 13:00:00,4.506
07-10-2026 13:15:00,4.431
07-10-2026 13:30:00,5.544
07-10-2026 13:45:00,6.118
07-10-2026 14:00:00,5.957
07-10-2026 14:15:00,5.071
07-10-2026 14:30:00,4.673
07-10-2026 14:45:00,4.831
07-10-2026 15:00:00,4.443
07-10-2026 15:15:00,4.482
07-10-2026 15:30:00,4.186
07-10-2026 15:45:00,3.769
07-10-2026 16:00:00,3.288
07-10-2026 16:15:00,2.731
07-10-2026 16:30:00,2.454
07-10-2026 16:45:00,2.151
07-10-2026 17:00:00,1.945
07-10-2026 17:15:00,1.33
07-10-2026 17:30:00,1.241
07-10-2026 17:45:00,0.976
07-10-2026 18:00:00,0.456
07-10-2026 18:15:00,0.155
07-10-2026 18:30:00,0.34
07-10-2026 18:45:00,0.297
07-10-2026 19:00:00,0.069
07-10-2026 19:15:00,-0.011
07-10-2026 19:30:00,0
07-10-2026 19:45:00,0
07-10-2026 20:00:00,0
07-10-2026 20:15:00,0
07-10-2026 20:30:00,0.001
07-10-2026 20:45:00,""
07-10-2026 21:00:00,""
07-10-2026 21:15:00,""
07-10-2026 21:30:00,""
07-10-2026 21:45:00,""
07-10-2026 22:00:00,""
07-10-2026 22:15:00,""
07-10-2026 22:30:00,""
07-10-2026 22:45:00,""
07-10-2026 23:00:00,""
07-10-2026 23:15:00,""
07-10-2026 23:30:00,""
07-10-2026 23:45:00,""
07-11-2026 00:00:00,""
07-11-2026 00:15:00,""
07-11-2026 00:30:00,""
07-11-2026 00:45:00,""
07-11-2026 01:00:00,""
07-11-2026 01:15:00,""
07-11-2026 01:30:00,""
07-11-2026 01:45:00,""
07-11-2026 02:00:00,""
07-11-2026 02:15:00,""
07-11-2026 02:30:00,""
07-11-2026 02:45:00,""
07-11-2026 03:00:00,""
07-11-2026 03:15:00,""
07-11-2026 03:30:00,""
07-11-2026 03:45:00,""
07-11-2026 04:00:00,""
07-11-2026 04:15:00,""
07-11-2026 04:30:00,""
07-11-2026 04:45:00,""
07-11-2026 05:00:00,""
07-11-2026 05:15:00,""
07-11-2026 05:30:00,""
07-11-2026 05:45:00,""
07-11-2026 06:00:00,""
07-11-2026 06:15:00,""
07-11-2026 06:30:00,0.139
07-11-2026 06:45:00,0.275
07-11-2026 07:00:00,0.617
07-11-2026 07:15:00,0.851
07-11-2026 07:30:00,1.023
07-11-2026 07:45:00,1.02
07-11-2026 08:00:00,1.191
07-11-2026 08:15:00,1.628
07-11-2026 08:30:00,1.931
07-11-2026 08:45:00,3.497
07-11-2026 09:00:00,3.926
07-11-2026 09:15:00,3.252
07-11-2026 09:30:00,4.513
07-11-2026 09:45:00,7.036
07-11-2026 10:00:00,3.566
07-11-2026 10:15:00,4.036
07-11-2026 10:30:00,5.34
07-11-2026 10:45:00,6.547
07-11-2026 11:00:00,4.885
07-11-2026 11:15:00,5.726
07-11-2026 11:30:00,4.642
07-11-2026 11:45:00,4.451
07-11-2026 12:00:00,6.57
07-11-2026 12:15:00,6.224
07-11-2026 12:30:00,5.499
07-11-2026 12:45:00,7.042
07-11-2026 13:00:00,7.529
07-11-2026 13:15:00,5.506
07-11-2026 13:30:00,5.035
07-11-2026 13:45:00,4.704
07-11-2026 14:00:00,4.007
07-11-2026 14:15:00,4.176
07-11-2026 14:30:00,4.548
07-11-2026 14:45:00,3.897
07-11-2026 15:00:00,3.83
07-11-2026 15:15:00,3.099
07-11-2026 15:30:00,2.452
07-11-2026 15:45:00,2.789
07-11-2026 16:00:00,1.909
07-11-2026 16:15:00,1.638
07-11-2026 16:30:00,1.235
07-11-2026 16:45:00,0.968
07-11-2026 17:00:00,1.379
07-11-2026 17:15:00,1.242
07-11-2026 17:30:00,0.726
07-11-2026 17:45:00,0.511
07-11-2026 18:00:00,0.427
07-11-2026 18:15:00,0.502
07-11-2026 18:30:00,0.233
07-11-2026 18:45:00,0.052
07-11-2026 19:00:00,-0.011
07-11-2026 19:15:00,0
07-11-2026 19:30:00,0
07-11-2026 19:45:00,0
07-11-2026 20:00:00,0
07-11-2026 20:15:00,0
07-11-2026 20:30:00,0.001
07-11-2026 20:45:00,""
07-11-2026 21:00:00,""
07-11-2026 21:15:00,""
07-11-2026 21:30:00,""
07-11-2026 21:45:00,""
07-11-2026 22:00:00,""
07-11-2026 22:15:00,""
07-11-2026 22:30:00,""
07-11-2026 22:45:00,""
07-11-2026 23:00:00,""
07-11-2026 23:15:00,""
07-11-2026 23:30:00,""
07-11-2026 23:45:00,""
07-12-2026 00:00:00,""
07-12-2026 00:15:00,""
07-12-2026 00:30:00,""
07-12-2026 00:45:00,""
07-12-2026 01:00:00,""
07-12-2026 01:15:00,""
07-12-2026 01:30:00,""
07-12-2026 01:45:00,""
07-12-2026 02:00:00,""
07-12-2026 02:15:00,""
07-12-2026 02:30:00,""
07-12-2026 02:45:00,""
07-12-2026 03:00:00,""
07-12-2026 03:15:00,""
07-12-2026 03:30:00,""
07-12-2026 03:45:00,""
07-12-2026 04:00:00,""
07-12-2026 04:15:00,""
07-12-2026 04:30:00,""
07-12-2026 04:45:00,""
07-12-2026 05:00:00,""
07-12-2026 05:15:00,""
07-12-2026 05:30:00,""
07-12-2026 05:45:00,""
07-12-2026 06:00:00,""
07-12-2026 06:15:00,""
07-12-2026 06:30:00,0.125
07-12-2026 06:45:00,0.259
07-12-2026 07:00:00,0.674
07-12-2026 07:15:00,2.153
07-12-2026 07:30:00,2.342
07-12-2026 07:45:00,4.071
07-12-2026 08:00:00,3.23
07-12-2026 08:15:00,5.573
07-12-2026 08:30:00,3.705
07-12-2026 08:45:00,6.006
07-12-2026 09:00:00,6.551
07-12-2026 09:15:00,6.208
07-12-2026 09:30:00,6.925
07-12-2026 09:45:00,7.059
07-12-2026 10:00:00,5.142
07-12-2026 10:15:00,3.231
07-12-2026 10:30:00,5.74
07-12-2026 10:45:00,5.309
07-12-2026 11:00:00,3.977
07-12-2026 11:15:00,4.06
07-12-2026 11:30:00,4.026
07-12-2026 11:45:00,5.898
07-12-2026 12:00:00,5.726
07-12-2026 12:15:00,6.605
07-12-2026 12:30:00,7.531
07-12-2026 12:45:00,7.646
07-12-2026 13:00:00,7.504
07-12-2026 13:15:00,7.058
07-12-2026 13:30:00,6.955
07-12-2026 13:45:00,5.97
07-12-2026 14:00:00,4.689
07-12-2026 14:15:00,5.148
07-12-2026 14:30:00,3.9
07-12-2026 14:45:00,4.493
07-12-2026 15:00:00,3.272
07-12-2026 15:15:00,4.226
07-12-2026 15:30:00,4.412
07-12-2026 15:45:00,2.529
07-12-2026 16:00:00,3.39
07-12-2026 16:15:00,2.586
07-12-2026 16:30:00,1.226
07-12-2026 16:45:00,1.232
07-12-2026 17:00:00,0.863
07-12-2026 17:15:00,0.922
07-12-2026 17:30:00,0.643
07-12-2026 17:45:00,0.414
07-12-2026 18:00:00,0.308
07-12-2026 18:15:00,0.201
07-12-2026 18:30:00,0.093
07-12-2026 18:45:00,0.017
07-12-2026 19:00:00,-0.006
07-12-2026 19:15:00,0
07-12-2026 19:30:00,0
07-12-2026 19:45:00,0
07-12-2026 20:00:00,0
07-12-2026 20:15:00,0
07-12-2026 20:30:00,0.001
07-12-2026 20:45:00,""
07-12-2026 21:00:00,""
07-12-2026 21:15:00,""
07-12-2026 21:30:00,""
07-12-2026 21:45:00,""
07-12-2026 22:00:00,""
07-12-2026 22:15:00,""
07-12-2026 22:30:00,""
07-12-2026 22:45:00,""
07-12-2026 23:00:00,""
07-12-2026 23:15:00,""
07-12-2026 23:30:00,""
07-12-2026 23:45:00,""
07-13-2026 00:00:00,""
07-13-2026 00:15:00,""
07-13-2026 00:30:00,""
07-13-2026 00:45:00,""
07-13-2026 01:00:00,""
07-13-2026 01:15:00,""
07-13-2026 01:30:00,""
07-13-2026 01:45:00,""
07-13-2026 02:00:00,""
07-13-2026 02:15:00,""
07-13-2026 02:30:00,""
07-13-2026 02:45:00,""
07-13-2026 03:00:00,""
07-13-2026 03:15:00,""
07-13-2026 03:30:00,""
07-13-2026 03:45:00,""
07-13-2026 04:00:00,""
07-13-2026 04:15:00,""
07-13-2026 04:30:00,""
07-13-2026 04:45:00,""
07-13-2026 05:00:00,""
07-13-2026 05:15:00,""
07-13-2026 05:30:00,""
07-13-2026 05:45:00,""
07-13-2026 06:00:00,""
07-13-2026 06:15:00,""
07-13-2026 06:30:00,0.166
07-13-2026 06:45:00,0.197
07-13-2026 07:00:00,0.29
07-13-2026 07:15:00,1.306
07-13-2026 07:30:00,1.516
07-13-2026 07:45:00,1.416
07-13-2026 08:00:00,1.354
07-13-2026 08:15:00,1.701
07-13-2026 08:30:00,4.216
07-13-2026 08:45:00,5.486
07-13-2026 09:00:00,5.724
07-13-2026 09:15:00,5.609
07-13-2026 09:30:00,4.754
07-13-2026 09:45:00,5.789
07-13-2026 10:00:00,6.416
07-13-2026 10:15:00,4.588
07-13-2026 10:30:00,5.613
07-13-2026 10:45:00,6.311
07-13-2026 11:00:00,7.75
07-13-2026 11:15:00,7.423
07-13-2026 11:30:00,8.066
07-13-2026 11:45:00,6.338
07-13-2026 12:00:00,6.485
07-13-2026 12:15:00,7.373
07-13-2026 12:30:00,7.785
07-13-2026 12:45:00,7.575
07-13-2026 13:00:00,6.585
07-13-2026 13:15:00,6.3
07-13-2026 13:30:00,6.253
07-13-2026 13:45:00,6.791
07-13-2026 14:00:00,6.313
07-13-2026 14:15:00,5.836
07-13-2026 14:30:00,5.837
07-13-2026 14:45:00,5.579
07-13-2026 15:00:00,5.301
07-13-2026 15:15:00,4.911
07-13-2026 15:30:00,3.848
07-13-2026 15:45:00,3.457
07-13-2026 16:00:00,3.499
07-13-2026 16:15:00,2.739
07-13-2026 16:30:00,2.291
07-13-2026 16:45:00,1.673
07-13-2026 17:00:00,1.352
07-13-2026 17:15:00,0.949
07-13-2026 17:30:00,0.699
07-13-2026 17:45:00,0.693
07-13-2026 18:00:00,0.487
07-13-2026 18:15:00,0.329
07-13-2026 18:30:00,0.174
07-13-2026 18:45:00,0.096
07-13-2026 19:00:00,0.007
07-13-2026 19:15:00,-0.013
07-13-2026 19:30:00,0
07-13-2026 19:45:00,0
07-13-2026 20:00:00,0
07-13-2026 20:15:00,0
07-13-2026 20:30:00,0.001
07-13-2026 20:45:00,""
07-13-2026 21:00:00,""
07-13-2026 21:15:00,""
07-13-2026 21:30:00,""
07-13-2026 21:45:00,""
07-13-2026 22:00:00,""
07-13-2026 22:15:00,""
07-13-2026 22:30:00,""
07-13-2026 22:45:00,""
07-13-2026 23:00:00,""
07-13-2026 23:15:00,""
07-13-2026 23:30:00,""
07-13-2026 23:45:00,""
07-14-2026 00:00:00,""
07-14-2026 00:15:00,""
07-14-2026 00:30:00,""
07-14-2026 00:45:00,""
07-14-2026 01:00:00,""
07-14-2026 01:15:00,""
07-14-2026 01:30:00,""
07-14-2026 01:45:00,""
07-14-2026 02:00:00,""
07-14-2026 02:15:00,""
07-14-2026 02:30:00,""
07-14-2026 02:45:00,""
07-14-2026 03:00:00,""
07-14-2026 03:15:00,""
07-14-2026 03:30:00,""
07-14-2026 03:45:00,""
07-14-2026 04:00:00,""
07-14-2026 04:15:00,""
07-14-2026 04:30:00,""
07-14-2026 04:45:00,""
07-14-2026 05:00:00,""
07-14-2026 05:15:00,""
07-14-2026 05:30:00,""
07-14-2026 05:45:00,""
07-14-2026 06:00:00,""
07-14-2026 06:15:00,""
07-14-2026 06:30:00,0.216
07-14-2026 06:45:00,0.358
07-14-2026 07:00:00,0.452
07-14-2026 07:15:00,0.88
07-14-2026 07:30:00,0.834
07-14-2026 07:45:00,1.191
07-14-2026 08:00:00,2.317
07-14-2026 08:15:00,2.388
07-14-2026 08:30:00,2.568
07-14-2026 08:45:00,2.259
07-14-2026 09:00:00,1.48
07-14-2026 09:15:00,2.445
07-14-2026 09:30:00,2.079
07-14-2026 09:45:00,2.922
07-14-2026 10:00:00,3.258
07-14-2026 10:15:00,5.936
07-14-2026 10:30:00,8.071
07-14-2026 10:45:00,7.772
07-14-2026 11:00:00,8.105
07-14-2026 11:15:00,7.892
07-14-2026 11:30:00,7.902
07-14-2026 11:45:00,6.598
07-14-2026 12:00:00,7.186
07-14-2026 12:15:00,7.482
07-14-2026 12:30:00,7.753
07-14-2026 12:45:00,7.842
07-14-2026 13:00:00,6.972
07-14-2026 13:15:00,4.383
07-14-2026 13:30:00,7.091
07-14-2026 13:45:00,6.498
07-14-2026 14:00:00,6.23
07-14-2026 14:15:00,5.897
07-14-2026 14:30:00,5.724
07-14-2026 14:45:00,5.4
07-14-2026 15:00:00,5.163
07-14-2026 15:15:00,4.951
07-14-2026 15:30:00,4.483
07-14-2026 15:45:00,4.34
07-14-2026 16:00:00,3.296
07-14-2026 16:15:00,2.664
07-14-2026 16:30:00,2.141
07-14-2026 16:45:00,1.727
07-14-2026 17:00:00,1.899
07-14-2026 17:15:00,1.322
07-14-2026 17:30:00,0.744
07-14-2026 17:45:00,0.555
07-14-2026 18:00:00,0.722
07-14-2026 18:15:00,0.664
07-14-2026 18:30:00,0.259
07-14-2026 18:45:00,0.061
07-14-2026 19:00:00,0.001
07-14-2026 19:15:00,0
07-14-2026 19:30:00,0
07-14-2026 19:45:00,0
07-14-2026 20:00:00,0
07-14-2026 20:15:00,0
07-14-2026 20:30:00,0.002
07-14-2026 20:45:00,""
07-14-2026 21:00:00,""
07-14-2026 21:15:00,""
07-14-2026 21:30:00,""
07-14-2026 21:45:00,""
07-14-2026 22:00:00,""
07-14-2026 22:15:00,""
07-14-2026 22:30:00,""
07-14-2026 22:45:00,""
07-14-2026 23:00:00,""
07-14-2026 23:15:00,""
07-14-2026 23:30:00,""
07-14-2026 23:45:00,""
07-15-2026 00:00:00,""
07-15-2026 00:15:00,""
07-15-2026 00:30:00,""
07-15-2026 00:45:00,""
07-15-2026 01:00:00,""
07-15-2026 01:15:00,""
07-15-2026 01:30:00,""
07-15-2026 01:45:00,""
07-15-2026 02:00:00,""
07-15-2026 02:15:00,""
07-15-2026 02:30:00,""
07-15-2026 02:45:00,""
07-15-2026 03:00:00,""
07-15-2026 03:15:00,""
07-15-2026 03:30:00,""
07-15-2026 03:45:00,""
07-15-2026 04:00:00,""
07-15-2026 04:15:00,""
07-15-2026 04:30:00,""
07-15-2026 04:45:00,""
07-15-2026 05:00:00,""
07-15-2026 05:15:00,""
07-15-2026 05:30:00,""
07-15-2026 05:45:00,""
07-15-2026 06:00:00,""
07-15-2026 06:15:00,""
07-15-2026 06:30:00,0.386
07-15-2026 06:45:00,0.358
07-15-2026 07:00:00,2.19
07-15-2026 07:15:00,3.804
07-15-2026 07:30:00,4.236
07-15-2026 07:45:00,4.734
07-15-2026 08:00:00,4.895
07-15-2026 08:15:00,3.682
07-15-2026 08:30:00,5.322
07-15-2026 08:45:00,5.496
07-15-2026 09:00:00,6.678
07-15-2026 09:15:00,5.5
07-15-2026 09:30:00,3.355
07-15-2026 09:45:00,3.554
07-15-2026 10:00:00,5.239
07-15-2026 10:15:00,7.743
07-15-2026 10:30:00,7.796
07-15-2026 10:45:00,7.493
07-15-2026 11:00:00,6.042
07-15-2026 11:15:00,8.207
07-15-2026 11:30:00,7.773
07-15-2026 11:45:00,8.08
07-15-2026 12:00:00,7.947
07-15-2026 12:15:00,7.919
07-15-2026 12:30:00,7.871
07-15-2026 12:45:00,6.677
07-15-2026 13:00:00,5.204
07-15-2026 13:15:00,7.453
07-15-2026 13:30:00,4.032
07-15-2026 13:45:00,2.184
07-15-2026 14:00:00,1.314
07-15-2026 14:15:00,1.241
07-15-2026 14:30:00,2.161
07-15-2026 14:45:00,3.257
07-15-2026 15:00:00,2.704
07-15-2026 15:15:00,4.508
07-15-2026 15:30:00,4.188
07-15-2026 15:45:00,3.696
07-15-2026 16:00:00,3.22
07-15-2026 16:15:00,2.685
07-15-2026 16:30:00,2.228
07-15-2026 16:45:00,1.725
07-15-2026 17:00:00,1.202
07-15-2026 17:15:00,0.743
07-15-2026 17:30:00,0.46
07-15-2026 17:45:00,0.327
07-15-2026 18:00:00,0.297
07-15-2026 18:15:00,0.261
07-15-2026 18:30:00,0.188
07-15-2026 18:45:00,0.082
07-15-2026 19:00:00,0.003
07-15-2026 19:15:00,-0.002
07-15-2026 19:30:00,0
07-15-2026 19:45:00,0
07-15-2026 20:00:00,0
07-15-2026 20:15:00,0
07-15-2026 20:30:00,0.002
07-15-2026 20:45:00,""
07-15-2026 21:00:00,""
07-15-2026 21:15:00,""
07-15-2026 21:30:00,""
07-15-2026 21:45:00,""
07-15-2026 22:00:00,""
07-15-2026 22:15:00,""
07-15-2026 22:30:00,""
07-15-2026 22:45:00,""
07-15-2026 23:00:00,""
07-15-2026 23:15:00,""
07-15-2026 23:30:00,""
07-15-2026 23:45:00,""
07-16-2026 00:00:00,""
07-16-2026 00:15:00,""
07-16-2026 00:30:00,""
07-16-2026 00:45:00,""
07-16-2026 01:00:00,""
07-16-2026 01:15:00,""
07-16-2026 01:30:00,""
07-16-2026 01:45:00,""
07-16-2026 02:00:00,""
07-16-2026 02:15:00,""
07-16-2026 02:30:00,""
07-16-2026 02:45:00,""
07-16-2026 03:00:00,""
07-16-2026 03:15:00,""
07-16-2026 03:30:00,""
07-16-2026 03:45:00,""
07-16-2026 04:00:00,""
07-16-2026 04:15:00,""
07-16-2026 04:30:00,""
07-16-2026 04:45:00,""
07-16-2026 05:00:00,""
07-16-2026 05:15:00,""
07-16-2026 05:30:00,""
07-16-2026 05:45:00,""
07-16-2026 06:00:00,""
07-16-2026 06:15:00,""
07-16-2026 06:30:00,0.302
07-16-2026 06:45:00,0.286
07-16-2026 07:00:00,0.356
07-16-2026 07:15:00,0.421
07-16-2026 07:30:00,1.969
07-16-2026 07:45:00,3.348
07-16-2026 08:00:00,3.94
07-16-2026 08:15:00,5.74
07-16-2026 08:30:00,5.067
07-16-2026 08:45:00,6.41
07-16-2026 09:00:00,6.615
07-16-2026 09:15:00,6.844
07-16-2026 09:30:00,5.873
07-16-2026 09:45:00,6.193
07-16-2026 10:00:00,5.225
07-16-2026 10:15:00,5.503
07-16-2026 10:30:00,7.661
07-16-2026 10:45:00,7.671
07-16-2026 11:00:00,7.722
07-16-2026 11:15:00,7.661
07-16-2026 11:30:00,7.097
07-16-2026 11:45:00,7.632
07-16-2026 12:00:00,6.452
07-16-2026 12:15:00,4.564
07-16-2026 12:30:00,6.221
07-16-2026 12:45:00,6.755
07-16-2026 13:00:00,6.773
07-16-2026 13:15:00,5.929
07-16-2026 13:30:00,6.822
07-16-2026 13:45:00,6.537
07-16-2026 14:00:00,6.4
07-16-2026 14:15:00,6.362
07-16-2026 14:30:00,3.5
07-16-2026 14:45:00,3.575
07-16-2026 15:00:00,3.598
07-16-2026 15:15:00,5.095
07-16-2026 15:30:00,3.395
07-16-2026 15:45:00,2.817
07-16-2026 16:00:00,3.29
07-16-2026 16:15:00,2.862
07-16-2026 16:30:00,3.101
07-16-2026 16:45:00,2.066
07-16-2026 17:00:00,1.745
07-16-2026 17:15:00,1.021
07-16-2026 17:30:00,0.619
07-16-2026 17:45:00,0.494
07-16-2026 18:00:00,0.401
07-16-2026 18:15:00,0.247
07-16-2026 18:30:00,0.205
07-16-2026 18:45:00,0.064
07-16-2026 19:00:00,-0.016
07-16-2026 19:15:00,0
07-16-2026 19:30:00,0
07-16-2026 19:45:00,0
07-16-2026 20:00:00,0
07-16-2026 20:15:00,0
07-16-2026 20:30:00,0.001
07-16-2026 20:45:00,""
07-16-2026 21:00:00,""
07-16-2026 21:15:00,""
07-16-2026 21:30:00,""
07-16-2026 21:45:00,""
07-16-2026 22:00:00,""
07-16-2026 22:15:00,""
07-16-2026 22:30:00,""
07-16-2026 22:45:00,""
07-16-2026 23:00:00,""
07-16-2026 23:15:00,""
07-16-2026 23:30:00,""
07-16-2026 23:45:00,""
07-17-2026 00:00:00,""
07-17-2026 00:15:00,""
07-17-2026 00:30:00,""
07-17-2026 00:45:00,""
07-17-2026 01:00:00,""
07-17-2026 01:15:00,""
07-17-2026 01:30:00,""
07-17-2026 01:45:00,""
07-17-2026 02:00:00,""
07-17-2026 02:15:00,""
07-17-2026 02:30:00,""
07-17-2026 02:45:00,""
07-17-2026 03:00:00,""
07-17-2026 03:15:00,""
07-17-2026 03:30:00,""
07-17-2026 03:45:00,""
07-17-2026 04:00:00,""
07-17-2026 04:15:00,""
07-17-2026 04:30:00,""
07-17-2026 04:45:00,""
07-17-2026 05:00:00,""
07-17-2026 05:15:00,""
07-17-2026 05:30:00,""
07-17-2026 05:45:00,""
07-17-2026 06:00:00,""
07-17-2026 06:15:00,""
07-17-2026 06:30:00,0.237
07-17-2026 06:45:00,0.481
07-17-2026 07:00:00,0.627
07-17-2026 07:15:00,1.308
07-17-2026 07:30:00,1.829
07-17-2026 07:45:00,2.252
07-17-2026 08:00:00,3.011
07-17-2026 08:15:00,3.75
07-17-2026 08:30:00,2.47
07-17-2026 08:45:00,4.727
07-17-2026 09:00:00,3.004
07-17-2026 09:15:00,7.602
07-17-2026 09:30:00,4.641
07-17-2026 09:45:00,2.741
07-17-2026 10:00:00,3.234
07-17-2026 10:15:00,5.412
07-17-2026 10:30:00,6.438
07-17-2026 10:45:00,7.537
07-17-2026 11:00:00,6.651
07-17-2026 11:15:00,7.774
07-17-2026 11:30:00,7.669
07-17-2026 11:45:00,7.898
07-17-2026 12:00:00,7.054
07-17-2026 12:15:00,7.686
07-17-2026 12:30:00,7.095
07-17-2026 12:45:00,7.315
07-17-2026 13:00:00,5.68
07-17-2026 13:15:00,7.066
07-17-2026 13:30:00,6.987
07-17-2026 13:45:00,5.664
07-17-2026 14:00:00,6.859
07-17-2026 14:15:00,5.133
07-17-2026 14:30:00,3.391
07-17-2026 14:45:00,2.362
07-17-2026 15:00:00,2.593
07-17-2026 15:15:00,4.454
07-17-2026 15:30:00,4.258
07-17-2026 15:45:00,3.79
07-17-2026 16:00:00,3.299
07-17-2026 16:15:00,2.912
07-17-2026 16:30:00,2.487
07-17-2026 16:45:00,1.858
07-17-2026 17:00:00,1.25
07-17-2026 17:15:00,0.888
07-17-2026 17:30:00,0.61
07-17-2026 17:45:00,0.498
07-17-2026 18:00:00,0.46
07-17-2026 18:15:00,0.32
07-17-2026 18:30:00,0.211
07-17-2026 18:45:00,0.036
07-17-2026 19:00:00,0
07-17-2026 19:15:00,0
07-17-2026 19:30:00,0
07-17-2026 19:45:00,0
07-17-2026 20:00:00,0
07-17-2026 20:15:00,0
07-17-2026 20:30:00,0.001
07-17-2026 20:45:00,""
07-17-2026 21:00:00,""
07-17-2026 21:15:00,""
07-17-2026 21:30:00,""
07-17-2026 21:45:00,""
07-17-2026 22:00:00,""
07-17-2026 22:15:00,""
07-17-2026 22:30:00,""
07-17-2026 22:45:00,""
07-17-2026 23:00:00,""
07-17-2026 23:15:00,""
07-17-2026 23:30:00,""
07-17-2026 23:45:00,""
07-18-2026 00:00:00,""
07-18-2026 00:15:00,""
07-18-2026 00:30:00,""
07-18-2026 00:45:00,""
07-18-2026 01:00:00,""
07-18-2026 01:15:00,""
07-18-2026 01:30:00,""
07-18-2026 01:45:00,""
07-18-2026 02:00:00,""
07-18-2026 02:15:00,""
07-18-2026 02:30:00,""
07-18-2026 02:45:00,""
07-18-2026 03:00:00,""
07-18-2026 03:15:00,""
07-18-2026 03:30:00,""
07-18-2026 03:45:00,""
07-18-2026 04:00:00,""
07-18-2026 04:15:00,""
07-18-2026 04:30:00,""
07-18-2026 04:45:00,""
07-18-2026 05:00:00,""
07-18-2026 05:15:00,""
07-18-2026 05:30:00,""
07-18-2026 05:45:00,""
07-18-2026 06:00:00,""
07-18-2026 06:15:00,""
07-18-2026 06:30:00,0.127
07-18-2026 06:45:00,0.238
07-18-2026 07:00:00,0.696
07-18-2026 07:15:00,0.622
07-18-2026 07:30:00,1.399
07-18-2026 07:45:00,1.361
07-18-2026 08:00:00,2.28
07-18-2026 08:15:00,1.355
07-18-2026 08:30:00,2.905
07-18-2026 08:45:00,2.937
07-18-2026 09:00:00,4.087
07-18-2026 09:15:00,1.973
07-18-2026 09:30:00,2.146
07-18-2026 09:45:00,2.746
07-18-2026 10:00:00,3.321
07-18-2026 10:15:00,4.531
07-18-2026 10:30:00,4.362
07-18-2026 10:45:00,4.407
07-18-2026 11:00:00,3.295
07-18-2026 11:15:00,3.124
07-18-2026 11:30:00,4.165
07-18-2026 11:45:00,2.778
07-18-2026 12:00:00,2.705
07-18-2026 12:15:00,2.667
07-18-2026 12:30:00,5.939
07-18-2026 12:45:00,6.731
07-18-2026 13:00:00,6.404
07-18-2026 13:15:00,4.98
07-18-2026 13:30:00,7.033
07-18-2026 13:45:00,6.818
07-18-2026 14:00:00,6.732
07-18-2026 14:15:00,6.041
07-18-2026 14:30:00,5.939
07-18-2026 14:45:00,5.486
07-18-2026 15:00:00,4.991
07-18-2026 15:15:00,4.402
07-18-2026 15:30:00,3.995
07-18-2026 15:45:00,3.574
07-18-2026 16:00:00,3.094
07-18-2026 16:15:00,2.805
07-18-2026 16:30:00,2.148
07-18-2026 16:45:00,1.166
07-18-2026 17:00:00,0.999
07-18-2026 17:15:00,0.566
07-18-2026 17:30:00,0.676
07-18-2026 17:45:00,0.443
07-18-2026 18:00:00,0.379
07-18-2026 18:15:00,0.412
07-18-2026 18:30:00,0.191
07-18-2026 18:45:00,0.052
07-18-2026 19:00:00,0
07-18-2026 19:15:00,0
07-18-2026 19:30:00,0
07-18-2026 19:45:00,0
07-18-2026 20:00:00,0
07-18-2026 20:15:00,0
07-18-2026 20:30:00,0.002
07-18-2026 20:45:00,""
07-18-2026 21:00:00,""
07-18-2026 21:15:00,""
07-18-2026 21:30:00,""
07-18-2026 21:45:00,""
07-18-2026 22:00:00,""
07-18-2026 22:15:00,""
07-18-2026 22:30:00,""
07-18-2026 22:45:00,""
07-18-2026 23:00:00,""
07-18-2026 23:15:00,""
07-18-2026 23:30:00,""
07-18-2026 23:45:00,""
07-19-2026 00:00:00,""
07-19-2026 00:15:00,""
07-19-2026 00:30:00,""
07-19-2026 00:45:00,""
07-19-2026 01:00:00,""
07-19-2026 01:15:00,""
07-19-2026 01:30:00,""
07-19-2026 01:45:00,""
07-19-2026 02:00:00,""
07-19-2026 02:15:00,""
07-19-2026 02:30:00,""
07-19-2026 02:45:00,""
07-19-2026 03:00:00,""
07-19-2026 03:15:00,""
07-19-2026 03:30:00,""
07-19-2026 03:45:00,""
07-19-2026 04:00:00,""
07-19-2026 04:15:00,""
07-19-2026 04:30:00,""
07-19-2026 04:45:00,""
07-19-2026 05:00:00,""
07-19-2026 05:15:00,""
07-19-2026 05:30:00,""
07-19-2026 05:45:00,""
07-19-2026 06:00:00,""
07-19-2026 06:15:00,""
07-19-2026 06:30:00,0.326
07-19-2026 06:45:00,1.246
07-19-2026 07:00:00,1.944
07-19-2026 07:15:00,4.131
07-19-2026 07:30:00,2.053
07-19-2026 07:45:00,1.311
07-19-2026 08:00:00,1.213
07-19-2026 08:15:00,1.289
07-19-2026 08:30:00,1.692
07-19-2026 08:45:00,3.913
07-19-2026 09:00:00,4.948
07-19-2026 09:15:00,5.188
07-19-2026 09:30:00,5.362
07-19-2026 09:45:00,2.754
07-19-2026 10:00:00,4.907
07-19-2026 10:15:00,5.587
07-19-2026 10:30:00,7.416
07-19-2026 10:45:00,5.009
07-19-2026 11:00:00,4.974
07-19-2026 11:15:00,5.787
07-19-2026 11:30:00,5.638
07-19-2026 11:45:00,6.988
07-19-2026 12:00:00,5.412
07-19-2026 12:15:00,3.892
07-19-2026 12:30:00,4.971
07-19-2026 12:45:00,6.396
07-19-2026 13:00:00,5.717
07-19-2026 13:15:00,5.073
07-19-2026 13:30:00,4.307
07-19-2026 13:45:00,2.633
07-19-2026 14:00:00,2.683
07-19-2026 14:15:00,2.354
07-19-2026 14:30:00,2.275
07-19-2026 14:45:00,1.774
07-19-2026 15:00:00,1.96
07-19-2026 15:15:00,1.731
07-19-2026 15:30:00,2.079
07-19-2026 15:45:00,1.977
07-19-2026 16:00:00,1.677
07-19-2026 16:15:00,2.004
07-19-2026 16:30:00,1.63
07-19-2026 16:45:00,2.243
07-19-2026 17:00:00,1.244
07-19-2026 17:15:00,0.859
07-19-2026 17:30:00,0.523
07-19-2026 17:45:00,0.481
07-19-2026 18:00:00,0.601
07-19-2026 18:15:00,0.486
07-19-2026 18:30:00,0.269
07-19-2026 18:45:00,0.114
07-19-2026 19:00:00,0.006
07-19-2026 19:15:00,0
07-19-2026 19:30:00,0
07-19-2026 19:45:00,0
07-19-2026 20:00:00,0
07-19-2026 20:15:00,0
07-19-2026 20:30:00,0.001
07-19-2026 20:45:00,""
07-19-2026 21:00:00,""
07-19-2026 21:15:00,""
07-19-2026 21:30:00,""
07-19-2026 21:45:00,""
07-19-2026 22:00:00,""
07-19-2026 22:15:00,""
07-19-2026 22:30:00,""
07-19-2026 22:45:00,""
07-19-2026 23:00:00,""
07-19-2026 23:15:00,""
07-19-2026 23:30:00,""
07-19-2026 23:45:00,""
07-20-2026 00:00:00,""
07-20-2026 00:15:00,""
07-20-2026 00:30:00,""
07-20-2026 00:45:00,""
07-20-2026 01:00:00,""
07-20-2026 01:15:00,""
07-20-2026 01:30:00,""
07-20-2026 01:45:00,""
07-20-2026 02:00:00,""
07-20-2026 02:15:00,""
07-20-2026 02:30:00,""
07-20-2026 02:45:00,""
07-20-2026 03:00:00,""
07-20-2026 03:15:00,""
07-20-2026 03:30:00,""
07-20-2026 03:45:00,""
07-20-2026 04:00:00,""
07-20-2026 04:15:00,""
07-20-2026 04:30:00,""
07-20-2026 04:45:00,""
07-20-2026 05:00:00,""
07-20-2026 05:15:00,""
07-20-2026 05:30:00,""
07-20-2026 05:45:00,""
07-20-2026 06:00:00,""
07-20-2026 06:15:00,""
07-20-2026 06:30:00,0.205
07-20-2026 06:45:00,0.261
07-20-2026 07:00:00,1.586
07-20-2026 07:15:00,1.392
07-20-2026 07:30:00,1.079
07-20-2026 07:45:00,3.423
07-20-2026 08:00:00,4.418
07-20-2026 08:15:00,4.851
07-20-2026 08:30:00,1.52
07-20-2026 08:45:00,2.107
07-20-2026 09:00:00,1.901
07-20-2026 09:15:00,3.449
07-20-2026 09:30:00,4.248
07-20-2026 09:45:00,4.393
07-20-2026 10:00:00,7.214
07-20-2026 10:15:00,7.176
07-20-2026 10:30:00,5.666
07-20-2026 10:45:00,6.799
07-20-2026 11:00:00,4.916
07-20-2026 11:15:00,5.638
07-20-2026 11:30:00,6.537
07-20-2026 11:45:00,6.753
07-20-2026 12:00:00,4.289
07-20-2026 12:15:00,6.347
07-20-2026 12:30:00,7.515
07-20-2026 12:45:00,6.216
07-20-2026 13:00:00,6.546
07-20-2026 13:15:00,4.535
07-20-2026 13:30:00,4.408
07-20-2026 13:45:00,3.51
07-20-2026 14:00:00,2.622
07-20-2026 14:15:00,2.992
07-20-2026 14:30:00,2.151
07-20-2026 14:45:00,2.29
07-20-2026 15:00:00,2.133
07-20-2026 15:15:00,2.312
07-20-2026 15:30:00,2.69
07-20-2026 15:45:00,3.559
07-20-2026 16:00:00,2.874
07-20-2026 16:15:00,2.282
07-20-2026 16:30:00,2.189
07-20-2026 16:45:00,1.505
07-20-2026 17:00:00,1.32
07-20-2026 17:15:00,0.841
07-20-2026 17:30:00,0.553
07-20-2026 17:45:00,0.456
07-20-2026 18:00:00,0.497
07-20-2026 18:15:00,0.509
07-20-2026 18:30:00,0.246
07-20-2026 18:45:00,0.092
07-20-2026 19:00:00,0.024
07-20-2026 19:15:00,0
07-20-2026 19:30:00,0
07-20-2026 19:45:00,0
07-20-2026 20:00:00,0
07-20-2026 20:15:00,0
07-20-2026 20:30:00,0
07-20-2026 20:45:00,""
07-20-2026 21:00:00,""
07-20-2026 21:15:00,""
07-20-2026 21:30:00,""
07-20-2026 21:45:00,""
07-20-2026 22:00:00,""
07-20-2026 22:15:00,""
07-20-2026 22:30:00,""
07-20-2026 22:45:00,""
07-20-2026 23:00:00,""
07-20-2026 23:15:00,""
07-20-2026 23:30:00,""
07-20-2026 23:45:00,""
07-21-2026 00:00:00,""
07-21-2026 00:15:00,""
07-21-2026 00:30:00,""
07-21-2026 00:45:00,""
07-21-2026 01:00:00,""
07-21-2026 01:15:00,""
07-21-2026 01:30:00,""
07-21-2026 01:45:00,""
07-21-2026 02:00:00,""
07-21-2026 02:15:00,""
07-21-2026 02:30:00,""
07-21-2026 02:45:00,""
07-21-2026 03:00:00,""
07-21-2026 03:15:00,""
07-21-2026 03:30:00,""
07-21-2026 03:45:00,""
07-21-2026 04:00:00,""
07-21-2026 04:15:00,""
07-21-2026 04:30:00,""
07-21-2026 04:45:00,""
07-21-2026 05:00:00,""
07-21-2026 05:15:00,""
07-21-2026 05:30:00,""
07-21-2026 05:45:00,""
07-21-2026 06:00:00,""
07-21-2026 06:15:00,""
07-21-2026 06:30:00,0.114
07-21-2026 06:45:00,0.254
07-21-2026 07:00:00,1.556
07-21-2026 07:15:00,1.445
07-21-2026 07:30:00,4.139
07-21-2026 07:45:00,4.683
07-21-2026 08:00:00,4.55
07-21-2026 08:15:00,3.863
07-21-2026 08:30:00,5.404
07-21-2026 08:45:00,6.389
07-21-2026 09:00:00,6.739
07-21-2026 09:15:00,5.794
07-21-2026 09:30:00,7.253
07-21-2026 09:45:00,7.464
07-21-2026 10:00:00,7.683
07-21-2026 10:15:00,7.914
07-21-2026 10:30:00,7.827
07-21-2026 10:45:00,6.188
07-21-2026 11:00:00,7.553
07-21-2026 11:15:00,7.682
07-21-2026 11:30:00,7.399
07-21-2026 11:45:00,7.7
07-21-2026 12:00:00,7.818
07-21-2026 12:15:00,4.392
07-21-2026 12:30:00,6.221
07-21-2026 12:45:00,7.301
07-21-2026 13:00:00,6.578
07-21-2026 13:15:00,5.704
07-21-2026 13:30:00,6.808
07-21-2026 13:45:00,6.689
07-21-2026 14:00:00,6.338
07-21-2026 14:15:00,6.171
07-21-2026 14:30:00,6.04
07-21-2026 14:45:00,5.49
07-21-2026 15:00:00,4.323
07-21-2026 15:15:00,4.064
07-21-2026 15:30:00,4.357
07-21-2026 15:45:00,3.391
07-21-2026 16:00:00,1.862
07-21-2026 16:15:00,1.427
07-21-2026 16:30:00,1.09
07-21-2026 16:45:00,1.4
07-21-2026 17:00:00,1.115
07-21-2026 17:15:00,0.869
07-21-2026 17:30:00,0.656
07-21-2026 17:45:00,0.684
07-21-2026 18:00:00,0.65
07-21-2026 18:15:00,0.433
07-21-2026 18:30:00,0.246
07-21-2026 18:45:00,0.082
07-21-2026 19:00:00,0.002
07-21-2026 19:15:00,0
07-21-2026 19:30:00,0
07-21-2026 19:45:00,0
07-21-2026 20:00:00,0
07-21-2026 20:15:00,0
07-21-2026 20:30:00,0.001
07-21-2026 20:45:00,""
07-21-2026 21:00:00,""
07-21-2026 21:15:00,""
07-21-2026 21:30:00,""
07-21-2026 21:45:00,""
07-21-2026 22:00:00,""
07-21-2026 22:15:00,""
07-21-2026 22:30:00,""
07-21-2026 22:45:00,""
07-21-2026 23:00:00,""
07-21-2026 23:15:00,""
07-21-2026 23:30:00,""
07-21-2026 23:45:00,""
07-22-2026 00:00:00,""
07-22-2026 00:15:00,""
07-22-2026 00:30:00,""
07-22-2026 00:45:00,""
07-22-2026 01:00:00,""
07-22-2026 01:15:00,""
07-22-2026 01:30:00,""
07-22-2026 01:45:00,""
07-22-2026 02:00:00,""
07-22-2026 02:15:00,""
07-22-2026 02:30:00,""
07-22-2026 02:45:00,""
07-22-2026 03:00:00,""
07-22-2026 03:15:00,""
07-22-2026 03:30:00,""
07-22-2026 03:45:00,""
07-22-2026 04:00:00,""
07-22-2026 04:15:00,""
07-22-2026 04:30:00,""
07-22-2026 04:45:00,""
07-22-2026 05:00:00,""
07-22-2026 05:15:00,""
07-22-2026 05:30:00,""
07-22-2026 05:45:00,""
07-22-2026 06:00:00,""
07-22-2026 06:15:00,""
07-22-2026 06:30:00,0.112
07-22-2026 06:45:00,0.444
07-22-2026 07:00:00,0.684
07-22-2026 07:15:00,0.811
07-22-2026 07:30:00,0.69
07-22-2026 07:45:00,0.988
07-22-2026 08:00:00,1.386
07-22-2026 08:15:00,2.328
07-22-2026 08:30:00,2.429
07-22-2026 08:45:00,3.259
07-22-2026 09:00:00,2.003
07-22-2026 09:15:00,4.196
07-22-2026 09:30:00,5.261
07-22-2026 09:45:00,""
07-22-2026 10:00:00,3.101
07-22-2026 10:15:00,8.339
07-22-2026 10:30:00,5.572
07-22-2026 10:45:00,3.426
07-22-2026 11:00:00,2.38
07-22-2026 11:15:00,2.834
07-22-2026 11:30:00,3.303
07-22-2026 11:45:00,2.948
07-22-2026 12:00:00,2.9
07-22-2026 12:15:00,3.21
07-22-2026 12:30:00,3.857
07-22-2026 12:45:00,6.843
07-22-2026 13:00:00,7.636
07-22-2026 13:15:00,7.305
07-22-2026 13:30:00,7.067
07-22-2026 13:45:00,6.717
07-22-2026 14:00:00,6.568
07-22-2026 14:15:00,6.268
07-22-2026 14:30:00,6.144
07-22-2026 14:45:00,5.991
07-22-2026 15:00:00,5.131
07-22-2026 15:15:00,5.001
07-22-2026 15:30:00,4.21
07-22-2026 15:45:00,2.964
07-22-2026 16:00:00,2.102
07-22-2026 16:15:00,2.211
07-22-2026 16:30:00,2.647
07-22-2026 16:45:00,1.486
07-22-2026 17:00:00,1.561
07-22-2026 17:15:00,1.132
07-22-2026 17:30:00,1.016
07-22-2026 17:45:00,0.825
07-22-2026 18:00:00,0.607
07-22-2026 18:15:00,0.518
07-22-2026 18:30:00,0.386
07-22-2026 18:45:00,0.156
07-22-2026 19:00:00,0.003
07-22-2026 19:15:00,0
07-22-2026 19:30:00,0
07-22-2026 19:45:00,0
07-22-2026 20:00:00,0
07-22-2026 20:15:00,0
07-22-2026 20:30:00,0
07-22-2026 20:45:00,""
07-22-2026 21:00:00,""
07-22-2026 21:15:00,""
07-22-2026 21:30:00,""
07-22-2026 21:45:00,""
07-22-2026 22:00:00,""
07-22-2026 22:15:00,""
07-22-2026 22:30:00,""
07-22-2026 22:45:00,""
07-22-2026 23:00:00,""
07-22-2026 23:15:00,""
07-22-2026 23:30:00,""
07-22-2026 23:45:00,""
07-23-2026 00:00:00,""
07-23-2026 00:15:00,""
07-23-2026 00:30:00,""
07-23-2026 00:45:00,""
07-23-2026 01:00:00,""
07-23-2026 01:15:00,""
07-23-2026 01:30:00,""
07-23-2026 01:45:00,""
07-23-2026 02:00:00,""
07-23-2026 02:15:00,""
07-23-2026 02:30:00,""
07-23-2026 02:45:00,""
07-23-2026 03:00:00,""
07-23-2026 03:15:00,""
07-23-2026 03:30:00,""
07-23-2026 03:45:00,""
07-23-2026 04:00:00,""
07-23-2026 04:15:00,""
07-23-2026 04:30:00,""
07-23-2026 04:45:00,""
07-23-2026 05:00:00,""
07-23-2026 05:15:00,""
07-23-2026 05:30:00,""
07-23-2026 05:45:00,""
07-23-2026 06:00:00,""
07-23-2026 06:15:00,""
07-23-2026 06:30:00,0.195
07-23-2026 06:45:00,0.571
07-23-2026 07:00:00,1.879
07-23-2026 07:15:00,0.913
07-23-2026 07:30:00,2.321
07-23-2026 07:45:00,5.312
07-23-2026 08:00:00,5.042
07-23-2026 08:15:00,4.033
07-23-2026 08:30:00,4.414
07-23-2026 08:45:00,3.032
07-23-2026 09:00:00,6.227
07-23-2026 09:15:00,7.065
07-23-2026 09:30:00,7.453
07-23-2026 09:45:00,6.192
07-23-2026 10:00:00,6.254
07-23-2026 10:15:00,7.705
07-23-2026 10:30:00,6.913
07-23-2026 10:45:00,6.564
07-23-2026 11:00:00,7.044
07-23-2026 11:15:00,7.781
07-23-2026 11:30:00,8.25
07-23-2026 11:45:00,7.089
07-23-2026 12:00:00,6.271
07-23-2026 12:15:00,7.376
07-23-2026 12:30:00,7.608
07-23-2026 12:45:00,6.397
07-23-2026 13:00:00,5.824
07-23-2026 13:15:00,5.895
07-23-2026 13:30:00,5.295
07-23-2026 13:45:00,4.993
07-23-2026 14:00:00,4.747
07-23-2026 14:15:00,4.808
07-23-2026 14:30:00,4.489
07-23-2026 14:45:00,5.436
07-23-2026 15:00:00,3.567
07-23-2026 15:15:00,2.154
07-23-2026 15:30:00,2.305
07-23-2026 15:45:00,0.981
07-23-2026 16:00:00,2.658
07-23-2026 16:15:00,1.927
07-23-2026 16:30:00,1.835
07-23-2026 16:45:00,1.588
07-23-2026 17:00:00,1.273
07-23-2026 17:15:00,1.031
07-23-2026 17:30:00,0.974
07-23-2026 17:45:00,0.6
07-23-2026 18:00:00,0.397
07-23-2026 18:15:00,0.256
07-23-2026 18:30:00,0.136
07-23-2026 18:45:00,0.008
07-23-2026 19:00:00,-0.002
07-23-2026 19:15:00,0
07-23-2026 19:30:00,0
07-23-2026 19:45:00,0
07-23-2026 20:00:00,0
07-23-2026 20:15:00,0
07-23-2026 20:30:00,0.002
07-23-2026 20:45:00,""
07-23-2026 21:00:00,""
07-23-2026 21:15:00,""
07-23-2026 21:30:00,""
07-23-2026 21:45:00,""
07-23-2026 22:00:00,""
07-23-2026 22:15:00,""
07-23-2026 22:30:00,""
07-23-2026 22:45:00,""
07-23-2026 23:00:00,""
07-23-2026 23:15:00,""
07-23-2026 23:30:00,""
07-23-2026 23:45:00,""
07-24-2026 00:00:00,""
07-24-2026 00:15:00,""
07-24-2026 00:30:00,""
07-24-2026 00:45:00,""
07-24-2026 01:00:00,""
07-24-2026 01:15:00,""
07-24-2026 01:30:00,""
07-24-2026 01:45:00,""
07-24-2026 02:00:00,""
07-24-2026 02:15:00,""
07-24-2026 02:30:00,""
07-24-2026 02:45:00,""
07-24-2026 03:00:00,""
07-24-2026 03:15:00,""
07-24-2026 03:30:00,""
07-24-2026 03:45:00,""
07-24-2026 04:00:00,""
07-24-2026 04:15:00,""
07-24-2026 04:30:00,""
07-24-2026 04:45:00,""
07-24-2026 05:00:00,""
07-24-2026 05:15:00,""
07-24-2026 05:30:00,""
07-24-2026 05:45:00,""
07-24-2026 06:00:00,""
07-24-2026 06:15:00,""
07-24-2026 06:30:00,0.202
07-24-2026 06:45:00,0.221
07-24-2026 07:00:00,0.458
07-24-2026 07:15:00,0.64
07-24-2026 07:30:00,0.915
07-24-2026 07:45:00,0.863
07-24-2026 08:00:00,1.005
07-24-2026 08:15:00,1.485
07-24-2026 08:30:00,1.887
07-24-2026 08:45:00,2.493
07-24-2026 09:00:00,3.092
07-24-2026 09:15:00,4.912
07-24-2026 09:30:00,2.307
07-24-2026 09:45:00,2.993
07-24-2026 10:00:00,2.921
07-24-2026 10:15:00,2.368
07-24-2026 10:30:00,2.332
07-24-2026 10:45:00,2.662
07-24-2026 11:00:00,2.706
07-24-2026 11:15:00,3.686
07-24-2026 11:30:00,2.972
07-24-2026 11:45:00,4.618
07-24-2026 12:00:00,3.337
07-24-2026 12:15:00,6.287
07-24-2026 12:30:00,5.028
07-24-2026 12:45:00,4.761
07-24-2026 13:00:00,3.786
07-24-2026 13:15:00,3.388
07-24-2026 13:30:00,2.665
07-24-2026 13:45:00,2.479
07-24-2026 14:00:00,2.459
07-24-2026 14:15:00,2.285
07-24-2026 14:30:00,2.63
07-24-2026 14:45:00,3.931
07-24-2026 15:00:00,1.926
07-24-2026 15:15:00,1.965
07-24-2026 15:30:00,3.722
07-24-2026 15:45:00,4.079
07-24-2026 16:00:00,2.034
07-24-2026 16:15:00,2.016
07-24-2026 16:30:00,1.347
07-24-2026 16:45:00,1.036
07-24-2026 17:00:00,1.096
07-24-2026 17:15:00,0.83
07-24-2026 17:30:00,0.761
07-24-2026 17:45:00,0.627
07-24-2026 18:00:00,0.451
07-24-2026 18:15:00,0.393
07-24-2026 18:30:00,0.199
07-24-2026 18:45:00,0.021
07-24-2026 19:00:00,0
07-24-2026 19:15:00,0
07-24-2026 19:30:00,0
07-24-2026 19:45:00,0
07-24-2026 20:00:00,0
07-24-2026 20:15:00,0
07-24-2026 20:30:00,0.001
07-24-2026 20:45:00,""
07-24-2026 21:00:00,""
07-24-2026 21:15:00,""
07-24-2026 21:30:00,""
07-24-2026 21:45:00,""
07-24-2026 22:00:00,""
07-24-2026 22:15:00,""
07-24-2026 22:30:00,""
07-24-2026 22:45:00,""
07-24-2026 23:00:00,""
07-24-2026 23:15:00,""
07-24-2026 23:30:00,""
07-24-2026 23:45:00,""
07-25-2026 00:00:00,""
07-25-2026 00:15:00,""
07-25-2026 00:30:00,""
07-25-2026 00:45:00,""
07-25-2026 01:00:00,""
07-25-2026 01:15:00,""
07-25-2026 01:30:00,""
07-25-2026 01:45:00,""
07-25-2026 02:00:00,""
07-25-2026 02:15:00,""
07-25-2026 02:30:00,""
07-25-2026 02:45:00,""
07-25-2026 03:00:00,""
07-25-2026 03:15:00,""
07-25-2026 03:30:00,""
07-25-2026 03:45:00,""
07-25-2026 04:00:00,""
07-25-2026 04:15:00,""
07-25-2026 04:30:00,""
07-25-2026 04:45:00,""
07-25-2026 05:00:00,""
07-25-2026 05:15:00,""
07-25-2026 05:30:00,""
07-25-2026 05:45:00,""
07-25-2026 06:00:00,""
07-25-2026 06:15:00,""
07-25-2026 06:30:00,0.1
07-25-2026 06:45:00,0.179
07-25-2026 07:00:00,1.887
07-25-2026 07:15:00,2.718
07-25-2026 07:30:00,4.278
07-25-2026 07:45:00,4.787
07-25-2026 08:00:00,4.89
07-25-2026 08:15:00,2.905
07-25-2026 08:30:00,1.958
07-25-2026 08:45:00,1.923
07-25-2026 09:00:00,5.08
07-25-2026 09:15:00,5.138
07-25-2026 09:30:00,4.121
07-25-2026 09:45:00,4.597
07-25-2026 10:00:00,5.337
07-25-2026 10:15:00,8.484
07-25-2026 10:30:00,5.714
07-25-2026 10:45:00,8.058
07-25-2026 11:00:00,4.988
07-25-2026 11:15:00,7.228
07-25-2026 11:30:00,7.297
07-25-2026 11:45:00,8.392
07-25-2026 12:00:00,8.079
07-25-2026 12:15:00,5.041
07-25-2026 12:30:00,6.692
07-25-2026 12:45:00,5.557
07-25-2026 13:00:00,4.914
07-25-2026 13:15:00,7.133
07-25-2026 13:30:00,7.661
07-25-2026 13:45:00,7.418
07-25-2026 14:00:00,6.101
07-25-2026 14:15:00,5.225
07-25-2026 14:30:00,6.113
07-25-2026 14:45:00,5.726
07-25-2026 15:00:00,4.983
07-25-2026 15:15:00,3.817
07-25-2026 15:30:00,3.866
07-25-2026 15:45:00,3.707
07-25-2026 16:00:00,3.34
07-25-2026 16:15:00,2.804
07-25-2026 16:30:00,2.224
07-25-2026 16:45:00,1.77
07-25-2026 17:00:00,1.433
07-25-2026 17:15:00,0.924
07-25-2026 17:30:00,0.776
07-25-2026 17:45:00,0.53
07-25-2026 18:00:00,0.541
07-25-2026 18:15:00,0.559
07-25-2026 18:30:00,0.741
07-25-2026 18:45:00,0.342
07-25-2026 19:00:00,0.023
07-25-2026 19:15:00,0
07-25-2026 19:30:00,0
07-25-2026 19:45:00,0
07-25-2026 20:00:00,0
07-25-2026 20:15:00,0
07-25-2026 20:30:00,0.003
07-25-2026 20:45:00,""
07-25-2026 21:00:00,""
07-25-2026 21:15:00,""
07-25-2026 21:30:00,""
07-25-2026 21:45:00,""
07-25-2026 22:00:00,""
07-25-2026 22:15:00,""
07-25-2026 22:30:00,""
07-25-2026 22:45:00,""
07-25-2026 23:00:00,""
07-25-2026 23:15:00,""
07-25-2026 23:30:00,""
07-25-2026 23:45:00,""
07-26-2026 00:00:00,""
07-26-2026 00:15:00,""
07-26-2026 00:30:00,""
07-26-2026 00:45:00,""
07-26-2026 01:00:00,""
07-26-2026 01:15:00,""
07-26-2026 01:30:00,""
07-26-2026 01:45:00,""
07-26-2026 02:00:00,""
07-26-2026 02:15:00,""
07-26-2026 02:30:00,""
07-26-2026 02:45:00,""
07-26-2026 03:00:00,""
07-26-2026 03:15:00,""
07-26-2026 03:30:00,""
07-26-2026 03:45:00,""
07-26-2026 04:00:00,""
07-26-2026 04:15:00,""
07-26-2026 04:30:00,""
07-26-2026 04:45:00,""
07-26-2026 05:00:00,""
07-26-2026 05:15:00,""
07-26-2026 05:30:00,""
07-26-2026 05:45:00,""
07-26-2026 06:00:00,""
07-26-2026 06:15:00,""
07-26-2026 06:30:00,0.276
07-26-2026 06:45:00,0.237
07-26-2026 07:00:00,0.276
07-26-2026 07:15:00,0.488
07-26-2026 07:30:00,0.754
07-26-2026 07:45:00,1.16
07-26-2026 08:00:00,1.171
07-26-2026 08:15:00,1.691
07-26-2026 08:30:00,2.105
07-26-2026 08:45:00,2.058
07-26-2026 09:00:00,3.435
07-26-2026 09:15:00,7.092
07-26-2026 09:30:00,4.105
07-26-2026 09:45:00,7.657
07-26-2026 10:00:00,4.238
07-26-2026 10:15:00,5.53
07-26-2026 10:30:00,6.304
07-26-2026 10:45:00,7.635
07-26-2026 11:00:00,7.993
07-26-2026 11:15:00,7.967
07-26-2026 11:30:00,7.986
07-26-2026 11:45:00,7.418
07-26-2026 12:00:00,6.524
07-26-2026 12:15:00,7.809
07-26-2026 12:30:00,6.693
07-26-2026 12:45:00,5.228
07-26-2026 13:00:00,4.432
07-26-2026 13:15:00,3.699
07-26-2026 13:30:00,5.628
07-26-2026 13:45:00,5.449
07-26-2026 14:00:00,5.133
07-26-2026 14:15:00,5.75
07-26-2026 14:30:00,3.832
07-26-2026 14:45:00,3.505
07-26-2026 15:00:00,4.406
07-26-2026 15:15:00,3.143
07-26-2026 15:30:00,3.798
07-26-2026 15:45:00,3.911
07-26-2026 16:00:00,2.423
07-26-2026 16:15:00,2.354
07-26-2026 16:30:00,2.154
07-26-2026 16:45:00,1.712
07-26-2026 17:00:00,1.266
07-26-2026 17:15:00,1.017
07-26-2026 17:30:00,0.744
07-26-2026 17:45:00,0.477
07-26-2026 18:00:00,0.25
07-26-2026 18:15:00,0.186
07-26-2026 18:30:00,0.092
07-26-2026 18:45:00,0.003
07-26-2026 19:00:00,-0
07-26-2026 19:15:00,0
07-26-2026 19:30:00,0
07-26-2026 19:45:00,0
07-26-2026 20:00:00,0
07-26-2026 20:15:00,0
07-26-2026 20:30:00,0.001
07-26-2026 20:45:00,""
07-26-2026 21:00:00,""
07-26-2026 21:15:00,""
07-26-2026 21:30:00,""
07-26-2026 21:45:00,""
07-26-2026 22:00:00,""
07-26-2026 22:15:00,""
07-26-2026 22:30:00,""
07-26-2026 22:45:00,""
07-26-2026 23:00:00,""
07-26-2026 23:15:00,""
07-26-2026 23:30:00,""
07-26-2026 23:45:00,""
07-27-2026 00:00:00,""
07-27-2026 00:15:00,""
07-27-2026 00:30:00,""
07-27-2026 00:45:00,""
07-27-2026 01:00:00,""
07-27-2026 01:15:00,""
07-27-2026 01:30:00,""
07-27-2026 01:45:00,""
07-27-2026 02:00:00,""
07-27-2026 02:15:00,""
07-27-2026 02:30:00,""
07-27-2026 02:45:00,""
07-27-2026 03:00:00,""
07-27-2026 03:15:00,""
07-27-2026 03:30:00,""
07-27-2026 03:45:00,""
07-27-2026 04:00:00,""
07-27-2026 04:15:00,""
07-27-2026 04:30:00,""
07-27-2026 04:45:00,""
07-27-2026 05:00:00,""
07-27-2026 05:15:00,""
07-27-2026 05:30:00,""
07-27-2026 05:45:00,""
07-27-2026 06:00:00,""
07-27-2026 06:15:00,""
07-27-2026 06:30:00,0.122
07-27-2026 06:45:00,0.324
07-27-2026 07:00:00,0.587
07-27-2026 07:15:00,0.759
07-27-2026 07:30:00,1.51
07-27-2026 07:45:00,1.774
07-27-2026 08:00:00,1.573
07-27-2026 08:15:00,2.234
07-27-2026 08:30:00,3.37
07-27-2026 08:45:00,4.044
07-27-2026 09:00:00,6.006
07-27-2026 09:15:00,5.062
07-27-2026 09:30:00,7.034
07-27-2026 09:45:00,5.566
07-27-2026 10:00:00,7.73
07-27-2026 10:15:00,7.89
07-27-2026 10:30:00,8.096
07-27-2026 10:45:00,5.063
07-27-2026 11:00:00,7.637
07-27-2026 11:15:00,5.011
07-27-2026 11:30:00,5.489
07-27-2026 11:45:00,5.375
07-27-2026 12:00:00,5.753
07-27-2026 12:15:00,2.899
07-27-2026 12:30:00,4.62
07-27-2026 12:45:00,6.753
07-27-2026 13:00:00,6.351
07-27-2026 13:15:00,6.324
07-27-2026 13:30:00,6.389
07-27-2026 13:45:00,6.537
07-27-2026 14:00:00,6.55
07-27-2026 14:15:00,5.245
07-27-2026 14:30:00,5.936
07-27-2026 14:45:00,2.347
07-27-2026 15:00:00,3.026
07-27-2026 15:15:00,4.012
07-27-2026 15:30:00,3.403
07-27-2026 15:45:00,1.686
07-27-2026 16:00:00,1.447
07-27-2026 16:15:00,1.761
07-27-2026 16:30:00,1.58
07-27-2026 16:45:00,1.217
07-27-2026 17:00:00,0.923
07-27-2026 17:15:00,0.921
07-27-2026 17:30:00,0.577
07-27-2026 17:45:00,0.417
07-27-2026 18:00:00,0.211
07-27-2026 18:15:00,0.155
07-27-2026 18:30:00,0.154
07-27-2026 18:45:00,0.053
07-27-2026 19:00:00,0
07-27-2026 19:15:00,0
07-27-2026 19:30:00,0
07-27-2026 19:45:00,0
07-27-2026 20:00:00,0
07-27-2026 20:15:00,0
07-27-2026 20:30:00,0.002
07-27-2026 20:45:00,""
07-27-2026 21:00:00,""
07-27-2026 21:15:00,""
07-27-2026 21:30:00,""
07-27-2026 21:45:00,""
07-27-2026 22:00:00,""
07-27-2026 22:15:00,""
07-27-2026 22:30:00,""
07-27-2026 22:45:00,""
07-27-2026 23:00:00,""
07-27-2026 23:15:00,""
07-27-2026 23:30:00,""
07-27-2026 23:45:00,""
07-28-2026 00:00:00,""
07-28-2026 00:15:00,""
07-28-2026 00:30:00,""
07-28-2026 00:45:00,""
07-28-2026 01:00:00,""
07-28-2026 01:15:00,""
07-28-2026 01:30:00,""
07-28-2026 01:45:00,""
07-28-2026 02:00:00,""
07-28-2026 02:15:00,""
07-28-2026 02:30:00,""
07-28-2026 02:45:00,""
07-28-2026 03:00:00,""
07-28-2026 03:15:00,""
07-28-2026 03:30:00,""
07-28-2026 03:45:00,""
07-28-2026 04:00:00,""
07-28-2026 04:15:00,""
07-28-2026 04:30:00,""
07-28-2026 04:45:00,""
07-28-2026 05:00:00,""
07-28-2026 05:15:00,""
07-28-2026 05:30:00,""
07-28-2026 05:45:00,""
07-28-2026 06:00:00,""
07-28-2026 06:15:00,""
07-28-2026 06:30:00,0.207
07-28-2026 06:45:00,0.291
07-28-2026 07:00:00,0.394
07-28-2026 07:15:00,0.801
07-28-2026 07:30:00,0.835
07-28-2026 07:45:00,0.728
07-28-2026 08:00:00,1.496
07-28-2026 08:15:00,2.859
07-28-2026 08:30:00,2.08
07-28-2026 08:45:00,1.312
07-28-2026 09:00:00,2.876
07-28-2026 09:15:00,2.238
07-28-2026 09:30:00,4.157
07-28-2026 09:45:00,5.825
07-28-2026 10:00:00,4.048
07-28-2026 10:15:00,4.912
07-28-2026 10:30:00,3.162
07-28-2026 10:45:00,2.77
07-28-2026 11:00:00,4.58
07-28-2026 11:15:00,3.879
07-28-2026 11:30:00,3.62
07-28-2026 11:45:00,4.264
07-28-2026 12:00:00,4.735
07-28-2026 12:15:00,7.455
07-28-2026 12:30:00,7.225
07-28-2026 12:45:00,6.473
07-28-2026 13:00:00,7.464
07-28-2026 13:15:00,7.293
07-28-2026 13:30:00,6.712
07-28-2026 13:45:00,7.027
07-28-2026 14:00:00,5.463
07-28-2026 14:15:00,6.074
07-28-2026 14:30:00,5.803
07-28-2026 14:45:00,5.312
07-28-2026 15:00:00,4.982
07-28-2026 15:15:00,4.639
07-28-2026 15:30:00,4.253
07-28-2026 15:45:00,4.163
07-28-2026 16:00:00,3.674
07-28-2026 16:15:00,2.962
07-28-2026 16:30:00,1.467
07-28-2026 16:45:00,1.727
07-28-2026 17:00:00,1.368
07-28-2026 17:15:00,1.115
07-28-2026 17:30:00,0.89
07-28-2026 17:45:00,0.787
07-28-2026 18:00:00,0.38
07-28-2026 18:15:00,0.332
07-28-2026 18:30:00,0.096
07-28-2026 18:45:00,0.068
07-28-2026 19:00:00,-0.001
07-28-2026 19:15:00,0
07-28-2026 19:30:00,0
07-28-2026 19:45:00,0
07-28-2026 20:00:00,0
07-28-2026 20:15:00,0
07-28-2026 20:30:00,0.002
07-28-2026 20:45:00,""
07-28-2026 21:00:00,""
07-28-2026 21:15:00,""
07-28-2026 21:30:00,""
07-28-2026 21:45:00,""
07-28-2026 22:00:00,""
07-28-2026 22:15:00,""
07-28-2026 22:30:00,""
07-28-2026 22:45:00,""
07-28-2026 23:00:00,""
07-28-2026 23:15:00,""
07-28-2026 23:30:00,""
07-28-2026 23:45:00,""
07-29-2026 00:00:00,""
07-29-2026 00:15:00,""
07-29-2026 00:30:00,""
07-29-2026 00:45:00,""
07-29-2026 01:00:00,""
07-29-2026 01:15:00,""
07-29-2026 01:30:00,""
07-29-2026 01:45:00,""
07-29-2026 02:00:00,""
07-29-2026 02:15:00,""
07-29-2026 02:30:00,""
07-29-2026 02:45:00,""
07-29-2026 03:00:00,""
07-29-2026 03:15:00,""
07-29-2026 03:30:00,""
07-29-2026 03:45:00,""
07-29-2026 04:00:00,""
07-29-2026 04:15:00,""
07-29-2026 04:30:00,""
07-29-2026 04:45:00,""
07-29-2026 05:00:00,""
07-29-2026 05:15:00,""
07-29-2026 05:30:00,""
07-29-2026 05:45:00,""
07-29-2026 06:00:00,""
07-29-2026 06:15:00,""
07-29-2026 06:30:00,0.163
07-29-2026 06:45:00,0.302
07-29-2026 07:00:00,0.473
07-29-2026 07:15:00,0.723
07-29-2026 07:30:00,0.694
07-29-2026 07:45:00,1.476
07-29-2026 08:00:00,1.493
07-29-2026 08:15:00,0.924
07-29-2026 08:30:00,1.353
07-29-2026 08:45:00,1.623
07-29-2026 09:00:00,2.457
07-29-2026 09:15:00,4.818
07-29-2026 09:30:00,7.278
07-29-2026 09:45:00,7.934
07-29-2026 10:00:00,7.652
07-29-2026 10:15:00,6.532
07-29-2026 10:30:00,5.755
07-29-2026 10:45:00,6.841
07-29-2026 11:00:00,7.523
07-29-2026 11:15:00,7.549
07-29-2026 11:30:00,7.509
07-29-2026 11:45:00,7.473
07-29-2026 12:00:00,7.356
07-29-2026 12:15:00,7.376
07-29-2026 12:30:00,7.11
07-29-2026 12:45:00,3.204
07-29-2026 13:00:00,3.04
07-29-2026 13:15:00,5.669
07-29-2026 13:30:00,6.248
07-29-2026 13:45:00,7.601
07-29-2026 14:00:00,6.796
07-29-2026 14:15:00,2.626
07-29-2026 14:30:00,1.855
07-29-2026 14:45:00,1.221
07-29-2026 15:00:00,0.984
07-29-2026 15:15:00,1.498
07-29-2026 15:30:00,3.317
07-29-2026 15:45:00,1.567
07-29-2026 16:00:00,1.673
07-29-2026 16:15:00,1.112
07-29-2026 16:30:00,1.639
07-29-2026 16:45:00,0.761
07-29-2026 17:00:00,0.541
07-29-2026 17:15:00,0.285
07-29-2026 17:30:00,0.223
07-29-2026 17:45:00,0.24
07-29-2026 18:00:00,0.131
07-29-2026 18:15:00,0.095
07-29-2026 18:30:00,0.103
07-29-2026 18:45:00,0.034
07-29-2026 19:00:00,-0
07-29-2026 19:15:00,0
07-29-2026 19:30:00,0
07-29-2026 19:45:00,0
07-29-2026 20:00:00,0
07-29-2026 20:15:00,0
07-29-2026 20:30:00,0.002
07-29-2026 20:45:00,""
07-29-2026 21:00:00,""
07-29-2026 21:15:00,""
07-29-2026 21:30:00,""
07-29-2026 21:45:00,""
07-29-2026 22:00:00,""
07-29-2026 22:15:00,""
07-29-2026 22:30:00,""
07-29-2026 22:45:00,""
07-29-2026 23:00:00,""
07-29-2026 23:15:00,""
07-29-2026 23:30:00,""
07-29-2026 23:45:00,""
07-30-2026 00:00:00,""
07-30-2026 00:15:00,""
07-30-2026 00:30:00,""
07-30-2026 00:45:00,""
07-30-2026 01:00:00,""
07-30-2026 01:15:00,""
07-30-2026 01:30:00,""
07-30-2026 01:45:00,""
07-30-2026 02:00:00,""
07-30-2026 02:15:00,""
07-30-2026 02:30:00,""
07-30-2026 02:45:00,""
07-30-2026 03:00:00,""
07-30-2026 03:15:00,""
07-30-2026 03:30:00,""
07-30-2026 03:45:00,""
07-30-2026 04:00:00,""
07-30-2026 04:15:00,""
07-30-2026 04:30:00,""
07-30-2026 04:45:00,""
07-30-2026 05:00:00,""
07-30-2026 05:15:00,""
07-30-2026 05:30:00,""
07-30-2026 05:45:00,""
07-30-2026 06:00:00,""
07-30-2026 06:15:00,""
07-30-2026 06:30:00,0.214
07-30-2026 06:45:00,0.222
07-30-2026 07:00:00,0.512
07-30-2026 07:15:00,1.117
07-30-2026 07:30:00,1.356
07-30-2026 07:45:00,2.52
07-30-2026 08:00:00,1.792
07-30-2026 08:15:00,3.393
07-30-2026 08:30:00,3.713
07-30-2026 08:45:00,3.576
07-30-2026 09:00:00,2.693
07-30-2026 09:15:00,2.389
07-30-2026 09:30:00,6.233
07-30-2026 09:45:00,7.023
07-30-2026 10:00:00,7.194
07-30-2026 10:15:00,6.96
07-30-2026 10:30:00,6.736
07-30-2026 10:45:00,7.246
07-30-2026 11:00:00,7.727
07-30-2026 11:15:00,6.996
07-30-2026 11:30:00,7.603
07-30-2026 11:45:00,7.276
07-30-2026 12:00:00,6.626
07-30-2026 12:15:00,6.33
07-30-2026 12:30:00,7.329
07-30-2026 12:45:00,6.755
07-30-2026 13:00:00,7.389
07-30-2026 13:15:00,5.044
07-30-2026 13:30:00,6.693
07-30-2026 13:45:00,6.736
07-30-2026 14:00:00,5.981
07-30-2026 14:15:00,5.405
07-30-2026 14:30:00,4.061
07-30-2026 14:45:00,3.535
07-30-2026 15:00:00,3.178
07-30-2026 15:15:00,2.474
07-30-2026 15:30:00,4.323
07-30-2026 15:45:00,3.727
07-30-2026 16:00:00,3.227
07-30-2026 16:15:00,2.929
07-30-2026 16:30:00,2.221
07-30-2026 16:45:00,1.877
07-30-2026 17:00:00,1.505
07-30-2026 17:15:00,1.441
07-30-2026 17:30:00,0.964
07-30-2026 17:45:00,0.484
07-30-2026 18:00:00,0.398
07-30-2026 18:15:00,0.195
07-30-2026 18:30:00,0.081
07-30-2026 18:45:00,0.009
07-30-2026 19:00:00,-0
07-30-2026 19:15:00,0
07-30-2026 19:30:00,0
07-30-2026 19:45:00,0
07-30-2026 20:00:00,0
07-30-2026 20:15:00,0
07-30-2026 20:30:00,0.001
07-30-2026 20:45:00,""
07-30-2026 21:00:00,""
07-30-2026 21:15:00,""
07-30-2026 21:30:00,""
07-30-2026 21:45:00,""
07-30-2026 22:00:00,""
07-30-2026 22:15:00,""
07-30-2026 22:30:00,""
07-30-2026 22:45:00,""
07-30-2026 23:00:00,""
07-30-2026 23:15:00,""
07-30-2026 23:30:00,""
07-30-2026 23:45:00,""
07-31-2026 00:00:00,""
07-31-2026 00:15:00,""
07-31-2026 00:30:00,""
07-31-2026 00:45:00,""
07-31-2026 01:00:00,""
07-31-2026 01:15:00,""
07-31-2026 01:30:00,""
07-31-2026 01:45:00,""
07-31-2026 02:00:00,""
07-31-2026 02:15:00,""
07-31-2026 02:30:00,""
07-31-2026 02:45:00,""
07-31-2026 03:00:00,""
07-31-2026 03:15:00,""
07-31-2026 03:30:00,""
07-31-2026 03:45:00,""
07-31-2026 04:00:00,""
07-31-2026 04:15:00,""
07-31-2026 04:30:00,""
07-31-2026 04:45:00,""
07-31-2026 05:00:00,""
07-31-2026 05:15:00,""
07-31-2026 05:30:00,""
07-31-2026 05:45:00,""
07-31-2026 06:00:00,""
07-31-2026 06:15:00,""
07-31-2026 06:30:00,0.133
07-31-2026 06:45:00,0.211
07-31-2026 07:00:00,0.475
07-31-2026 07:15:00,1.25
07-31-2026 07:30:00,1.1
07-31-2026 07:45:00,1.435
07-31-2026 08:00:00,3.5
07-31-2026 08:15:00,2.007
07-31-2026 08:30:00,2.51
07-31-2026 08:45:00,2.442
07-31-2026 09:00:00,3.379
07-31-2026 09:15:00,2.717
07-31-2026 09:30:00,2.499
07-31-2026 09:45:00,3.984
07-31-2026 10:00:00,7.23
07-31-2026 10:15:00,5.027
07-31-2026 10:30:00,4.274
07-31-2026 10:45:00,4.475
07-31-2026 11:00:00,3.255
07-31-2026 11:15:00,5.809
07-31-2026 11:30:00,6.547
07-31-2026 11:45:00,4.776
07-31-2026 12:00:00,3.689
07-31-2026 12:15:00,3.888
07-31-2026 12:30:00,7.522
07-31-2026 12:45:00,8.338
07-31-2026 13:00:00,8.362
07-31-2026 13:15:00,6.968
07-31-2026 13:30:00,5.973
07-31-2026 13:45:00,5.028
07-31-2026 14:00:00,6.238
07-31-2026 14:15:00,4.592
07-31-2026 14:30:00,5.209
07-31-2026 14:45:00,2.486
07-31-2026 15:00:00,2.633
07-31-2026 15:15:00,2.773
07-31-2026 15:30:00,3.044
07-31-2026 15:45:00,3.203
07-31-2026 16:00:00,1.982
07-31-2026 16:15:00,1.154
07-31-2026 16:30:00,1.175
07-31-2026 16:45:00,1.467
07-31-2026 17:00:00,1.158
07-31-2026 17:15:00,1.023
07-31-2026 17:30:00,0.988
07-31-2026 17:45:00,0.596
07-31-2026 18:00:00,0.377
07-31-2026 18:15:00,0.265
07-31-2026 18:30:00,0.111
07-31-2026 18:45:00,0.004
07-31-2026 19:00:00,0
07-31-2026 19:15:00,0
07-31-2026 19:30:00,0
07-31-2026 19:45:00,0
07-31-2026 20:00:00,0
07-31-2026 20:15:00,0
07-31-2026 20:30:00,0.002
07-31-2026 20:45:00,""
07-31-2026 21:00:00,""
07-31-2026 21:15:00,""
07-31-2026 21:30:00,""
07-31-2026 21:45:00,""
07-31-2026 22:00:00,""
07-31-2026 22:15:00,""
07-31-2026 22:30:00,""
07-31-2026 22:45:00,""
07-31-2026 23:00:00,""
07-31-2026 23:15:00,""
07-31-2026 23:30:00,""
07-31-2026 23:45:00,""
08-01-2026 00:00:00,""
08-01-2026 00:15:00,""
08-01-2026 00:30:00,""
08-01-2026 00:45:00,""
08-01-2026 01:00:00,""
08-01-2026 01:15:00,""
08-01-2026 01:30:00,""
08-01-2026 01:45:00,""
08-01-2026 02:00:00,""
08-01-2026 02:15:00,""
08-01-2026 02:30:00,""
08-01-2026 02:45:00,""
08-01-2026 03:00:00,""
08-01-2026 03:15:00,""
08-01-2026 03:30:00,""
08-01-2026 03:45:00,""
08-01-2026 04:00:00,""
08-01-2026 04:15:00,""
08-01-2026 04:30:00,""
08-01-2026 04:45:00,""
08-01-2026 05:00:00,""
08-01-2026 05:15:00,""
08-01-2026 05:30:00,""
08-01-2026 05:45:00,""
08-01-2026 06:00:00,""
08-01-2026 06:15:00,""
08-01-2026 06:30:00,0.19
08-01-2026 06:45:00,0.356
08-01-2026 07:00:00,0.653
08-01-2026 07:15:00,1.054
08-01-2026 07:30:00,1.496
08-01-2026 07:45:00,1.814
08-01-2026 08:00:00,2.165
08-01-2026 08:15:00,1.77
08-01-2026 08:30:00,1.756
08-01-2026 08:45:00,1.961
08-01-2026 09:00:00,2.359
08-01-2026 09:15:00,2.398
08-01-2026 09:30:00,2.928
08-01-2026 09:45:00,2.36
08-01-2026 10:00:00,3.736
08-01-2026 10:15:00,3.302
08-01-2026 10:30:00,3.35
08-01-2026 10:45:00,2.946
08-01-2026 11:00:00,2.931
08-01-2026 11:15:00,3.912
08-01-2026 11:30:00,3.397
08-01-2026 11:45:00,4.456
08-01-2026 12:00:00,3.503
08-01-2026 12:15:00,7.611
08-01-2026 12:30:00,4.192
08-01-2026 12:45:00,5.117
08-01-2026 13:00:00,4.106
08-01-2026 13:15:00,4.154
08-01-2026 13:30:00,3.574
08-01-2026 13:45:00,4.781
08-01-2026 14:00:00,3.218
08-01-2026 14:15:00,2.114
08-01-2026 14:30:00,3.047
08-01-2026 14:45:00,1.985
08-01-2026 15:00:00,1.944
08-01-2026 15:15:00,2.613
08-01-2026 15:30:00,2.326
08-01-2026 15:45:00,2.498
08-01-2026 16:00:00,2.495
08-01-2026 16:15:00,2.059
08-01-2026 16:30:00,1.804
08-01-2026 16:45:00,1.388
08-01-2026 17:00:00,0.969
08-01-2026 17:15:00,0.536
08-01-2026 17:30:00,0.417
08-01-2026 17:45:00,0.674
08-01-2026 18:00:00,0.81
08-01-2026 18:15:00,0.752
08-01-2026 18:30:00,0.367
08-01-2026 18:45:00,0.05
08-01-2026 19:00:00,-0.011
08-01-2026 19:15:00,0
08-01-2026 19:30:00,0
08-01-2026 19:45:00,0
08-01-2026 20:00:00,0
08-01-2026 20:15:00,0
08-01-2026 20:30:00,0.003
08-01-2026 20:45:00,""
08-01-2026 21:00:00,""
08-01-2026 21:15:00,""
08-01-2026 21:30:00,""
08-01-2026 21:45:00,""
08-01-2026 22:00:00,""
08-01-2026 22:15:00,""
08-01-2026 22:30:00,""
08-01-2026 22:45:00,""
08-01-2026 23:00:00,""
08-01-2026 23:15:00,""
08-01-2026 23:30:00,""
08-01-2026 23:45:00,""
08-02-2026 00:00:00,""
08-02-2026 00:15:00,""
08-02-2026 00:30:00,""
08-02-2026 00:45:00,""
08-02-2026 01:00:00,""
08-02-2026 01:15:00,""
08-02-2026 01:30:00,""
08-02-2026 01:45:00,""
08-02-2026 02:00:00,""
08-02-2026 02:15:00,""
08-02-2026 02:30:00,""
08-02-2026 02:45:00,""
08-02-2026 03:00:00,""
08-02-2026 03:15:00,""
08-02-2026 03:30:00,""
08-02-2026 03:45:00,""
08-02-2026 04:00:00,""
08-02-2026 04:15:00,""
08-02-2026 04:30:00,""
08-02-2026 04:45:00,""
08-02-2026 05:00:00,""
08-02-2026 05:15:00,""
08-02-2026 05:30:00,""
08-02-2026 05:45:00,""
08-02-2026 06:00:00,""
08-02-2026 06:15:00,""
08-02-2026 06:30:00,0.246
08-02-2026 06:45:00,0.436
08-02-2026 07:00:00,0.579
08-02-2026 07:15:00,0.708
08-02-2026 07:30:00,0.79
08-02-2026 07:45:00,1.227
08-02-2026 08:00:00,2.317
08-02-2026 08:15:00,4.068
08-02-2026 08:30:00,2.862
08-02-2026 08:45:00,2.88
08-02-2026 09:00:00,2.544
08-02-2026 09:15:00,2.054
08-02-2026 09:30:00,2.282
08-02-2026 09:45:00,1.984
08-02-2026 10:00:00,2.524
08-02-2026 10:15:00,2.875
08-02-2026 10:30:00,3.292
08-02-2026 10:45:00,2.208
08-02-2026 11:00:00,3.489
08-02-2026 11:15:00,4.186
08-02-2026 11:30:00,3.202
08-02-2026 11:45:00,3.186
08-02-2026 12:00:00,6.222
08-02-2026 12:15:00,3.32
08-02-2026 12:30:00,3.854
08-02-2026 12:45:00,4.899
08-02-2026 13:00:00,2.982
08-02-2026 13:15:00,4.934
08-02-2026 13:30:00,2.608
08-02-2026 13:45:00,2.439
08-02-2026 14:00:00,3.058
08-02-2026 14:15:00,4.673
08-02-2026 14:30:00,6.404
08-02-2026 14:45:00,5.13
08-02-2026 15:00:00,4.307
08-02-2026 15:15:00,5.28
08-02-2026 15:30:00,3.917
08-02-2026 15:45:00,1.36
08-02-2026 16:00:00,2.889
08-02-2026 16:15:00,2.84
08-02-2026 16:30:00,2.178
08-02-2026 16:45:00,1.923
08-02-2026 17:00:00,1.238
08-02-2026 17:15:00,0.931
08-02-2026 17:30:00,0.521
08-02-2026 17:45:00,0.47
08-02-2026 18:00:00,0.386
08-02-2026 18:15:00,0.289
08-02-2026 18:30:00,0.202
08-02-2026 18:45:00,0.069
08-02-2026 19:00:00,0
08-02-2026 19:15:00,0
08-02-2026 19:30:00,0
08-02-2026 19:45:00,0
08-02-2026 20:00:00,0
08-02-2026 20:15:00,0
08-02-2026 20:30:00,0
08-02-2026 20:45:00,""
08-02-2026 21:00:00,""
08-02-2026 21:15:00,""
08-02-2026 21:30:00,""
08-02-2026 21:45:00,""
08-02-2026 22:00:00,""
08-02-2026 22:15:00,""
08-02-2026 22:30:00,""
08-02-2026 22:45:00,""
08-02-2026 23:00:00,""
08-02-2026 23:15:00,""
08-02-2026 23:30:00,""
08-02-2026 23:45:00,""
08-03-2026 00:00:00,""
08-03-2026 00:15:00,""
08-03-2026 00:30:00,""
08-03-2026 00:45:00,""
08-03-2026 01:00:00,""
08-03-2026 01:15:00,""
08-03-2026 01:30:00,""
08-03-2026 01:45:00,""
08-03-2026 02:00:00,""
08-03-2026 02:15:00,""
08-03-2026 02:30:00,""
08-03-2026 02:45:00,""
08-03-2026 03:00:00,""
08-03-2026 03:15:00,""
08-03-2026 03:30:00,""
08-03-2026 03:45:00,""
08-03-2026 04:00:00,""
08-03-2026 04:15:00,""
08-03-2026 04:30:00,""
08-03-2026 04:45:00,""
08-03-2026 05:00:00,""
08-03-2026 05:15:00,""
08-03-2026 05:30:00,""
08-03-2026 05:45:00,""
08-03-2026 06:00:00,""
08-03-2026 06:15:00,""
08-03-2026 06:30:00,0.047
08-03-2026 06:45:00,0.12
08-03-2026 07:00:00,0.45
08-03-2026 07:15:00,1.066
08-03-2026 07:30:00,1.394
08-03-2026 07:45:00,1.556
08-03-2026 08:00:00,5.346
08-03-2026 08:15:00,4.503
08-03-2026 08:30:00,6.107
08-03-2026 08:45:00,3.736
08-03-2026 09:00:00,4.09
08-03-2026 09:15:00,7.071
08-03-2026 09:30:00,7.089
08-03-2026 09:45:00,7.366
08-03-2026 10:00:00,7.699
08-03-2026 10:15:00,7.625
08-03-2026 10:30:00,5.482
08-03-2026 10:45:00,5.168
08-03-2026 11:00:00,7.762
08-03-2026 11:15:00,7.437
08-03-2026 11:30:00,6.407
08-03-2026 11:45:00,7.417
08-03-2026 12:00:00,7.782
08-03-2026 12:15:00,7.959
08-03-2026 12:30:00,7.093
08-03-2026 12:45:00,7.315
08-03-2026 13:00:00,7.074
08-03-2026 13:15:00,6.94
08-03-2026 13:30:00,6.601
08-03-2026 13:45:00,6.456
08-03-2026 14:00:00,6.171
08-03-2026 14:15:00,5.791
08-03-2026 14:30:00,5.501
08-03-2026 14:45:00,5.195
08-03-2026 15:00:00,4.829
08-03-2026 15:15:00,4.39
08-03-2026 15:30:00,3.984
08-03-2026 15:45:00,3.596
08-03-2026 16:00:00,3.223
08-03-2026 16:15:00,3.131
08-03-2026 16:30:00,2.894
08-03-2026 16:45:00,1.976
08-03-2026 17:00:00,1.858
08-03-2026 17:15:00,1.567
08-03-2026 17:30:00,1.197
08-03-2026 17:45:00,0.705
08-03-2026 18:00:00,0.721
08-03-2026 18:15:00,0.563
08-03-2026 18:30:00,0.173
08-03-2026 18:45:00,0.044
08-03-2026 19:00:00,0
08-03-2026 19:15:00,0
08-03-2026 19:30:00,0
08-03-2026 19:45:00,0
08-03-2026 20:00:00,0
08-03-2026 20:15:00,0
08-03-2026 20:30:00,0.006
08-03-2026 20:45:00,""
08-03-2026 21:00:00,""
08-03-2026 21:15:00,""
08-03-2026 21:30:00,""
08-03-2026 21:45:00,""
08-03-2026 22:00:00,""
08-03-2026 22:15:00,""
08-03-2026 22:30:00,""
08-03-2026 22:45:00,""
08-03-2026 23:00:00,""
08-03-2026 23:15:00,""
08-03-2026 23:30:00,""
08-03-2026 23:45:00,""
08-04-2026 00:00:00,""
08-04-2026 00:15:00,""
08-04-2026 00:30:00,""
08-04-2026 00:45:00,""
08-04-2026 01:00:00,""
08-04-2026 01:15:00,""
08-04-2026 01:30:00,""
08-04-2026 01:45:00,""
08-04-2026 02:00:00,""
08-04-2026 02:15:00,""
08-04-2026 02:30:00,""
08-04-2026 02:45:00,""
08-04-2026 03:00:00,""
08-04-2026 03:15:00,""
08-04-2026 03:30:00,""
08-04-2026 03:45:00,""
08-04-2026 04:00:00,""
08-04-2026 04:15:00,""
08-04-2026 04:30:00,""
08-04-2026 04:45:00,""
08-04-2026 05:00:00,""
08-04-2026 05:15:00,""
08-04-2026 05:30:00,""
08-04-2026 05:45:00,""
08-04-2026 06:00:00,""
08-04-2026 06:15:00,""
08-04-2026 06:30:00,0.279
08-04-2026 06:45:00,0.381
08-04-2026 07:00:00,0.473
08-04-2026 07:15:00,0.983
08-04-2026 07:30:00,1.667
08-04-2026 07:45:00,3.033
08-04-2026 08:00:00,2.499
08-04-2026 08:15:00,3.786
08-04-2026 08:30:00,4.548
08-04-2026 08:45:00,3.762
08-04-2026 09:00:00,4.086
08-04-2026 09:15:00,3.561
08-04-2026 09:30:00,2.334
08-04-2026 09:45:00,2.894
08-04-2026 10:00:00,6.205
08-04-2026 10:15:00,5.745
08-04-2026 10:30:00,6.504
08-04-2026 10:45:00,6.755
08-04-2026 11:00:00,5.858
08-04-2026 11:15:00,7.094
08-04-2026 11:30:00,7.096
08-04-2026 11:45:00,5.589
08-04-2026 12:00:00,4.773
08-04-2026 12:15:00,5.999
08-04-2026 12:30:00,6.464
08-04-2026 12:45:00,6.984
08-04-2026 13:00:00,6.889
08-04-2026 13:15:00,6.545
08-04-2026 13:30:00,5.798
08-04-2026 13:45:00,5.804
08-04-2026 14:00:00,6.138
08-04-2026 14:15:00,5.207
08-04-2026 14:30:00,3.386
08-04-2026 14:45:00,3.721
08-04-2026 15:00:00,2.543
08-04-2026 15:15:00,2.469
08-04-2026 15:30:00,4.112
08-04-2026 15:45:00,2.932
08-04-2026 16:00:00,3.16
08-04-2026 16:15:00,2.274
08-04-2026 16:30:00,2.481
08-04-2026 16:45:00,1.878
08-04-2026 17:00:00,0.764
08-04-2026 17:15:00,0.731
08-04-2026 17:30:00,0.876
08-04-2026 17:45:00,0.619
08-04-2026 18:00:00,0.598
08-04-2026 18:15:00,0.495
08-04-2026 18:30:00,0.215
08-04-2026 18:45:00,0.034
08-04-2026 19:00:00,0
08-04-2026 19:15:00,0
08-04-2026 19:30:00,0
08-04-2026 19:45:00,0
08-04-2026 20:00:00,0
08-04-2026 20:15:00,0
08-04-2026 20:30:00,0.008
08-04-2026 20:45:00,""
08-04-2026 21:00:00,""
08-04-2026 21:15:00,""
08-04-2026 21:30:00,""
08-04-2026 21:45:00,""
08-04-2026 22:00:00,""
08-04-2026 22:15:00,""
08-04-2026 22:30:00,""
08-04-2026 22:45:00,""
08-04-2026 23:00:00,""
08-04-2026 23:15:00,""
08-04-2026 23:30:00,""
08-04-2026 23:45:00,""
08-05-2026 00:00:00,""
08-05-2026 00:15:00,""
08-05-2026 00:30:00,""
08-05-2026 00:45:00,""
08-05-2026 01:00:00,""
08-05-2026 01:15:00,""
08-05-2026 01:30:00,""
08-05-2026 01:45:00,""
08-05-2026 02:00:00,""
08-05-2026 02:15:00,""
08-05-2026 02:30:00,""
08-05-2026 02:45:00,""
08-05-2026 03:00:00,""
08-05-2026 03:15:00,""
08-05-2026 03:30:00,""
08-05-2026 03:45:00,""
08-05-2026 04:00:00,""
08-05-2026 04:15:00,""
08-05-2026 04:30:00,""
08-05-2026 04:45:00,""
08-05-2026 05:00:00,""
08-05-2026 05:15:00,""
08-05-2026 05:30:00,""
08-05-2026 05:45:00,""
08-05-2026 06:00:00,""
08-05-2026 06:15:00,""
08-05-2026 06:30:00,""
08-05-2026 06:45:00,0.511
08-05-2026 07:00:00,0.76
08-05-2026 07:15:00,2.14
08-05-2026 07:30:00,3.777
08-05-2026 07:45:00,3.362
08-05-2026 08:00:00,3.807
08-05-2026 08:15:00,4.636
08-05-2026 08:30:00,4.921
08-05-2026 08:45:00,4.358
08-05-2026 09:00:00,3.792
08-05-2026 09:15:00,4.435
08-05-2026 09:30:00,5.638
08-05-2026 09:45:00,5.373
08-05-2026 10:00:00,4.498
08-05-2026 10:15:00,4.613
08-05-2026 10:30:00,4.818
08-05-2026 10:45:00,5.386
08-05-2026 11:00:00,5.526
08-05-2026 11:15:00,5.89
08-05-2026 11:30:00,6.104
08-05-2026 11:45:00,6.962
08-05-2026 12:00:00,7.115
08-05-2026 12:15:00,7.27
08-05-2026 12:30:00,6.747
08-05-2026 12:45:00,5.761
08-05-2026 13:00:00,6.676
08-05-2026 13:15:00,6.997
08-05-2026 13:30:00,6.539
08-05-2026 13:45:00,5.844
08-05-2026 14:00:00,5.623
08-05-2026 14:15:00,4.172
08-05-2026 14:30:00,3.645
08-05-2026 14:45:00,3.823
08-05-2026 15:00:00,3.108
08-05-2026 15:15:00,3.399
08-05-2026 15:30:00,2.772
08-05-2026 15:45:00,2.885
08-05-2026 16:00:00,2.41
08-05-2026 16:15:00,2.289
08-05-2026 16:30:00,1.875
08-05-2026 16:45:00,1.457
08-05-2026 17:00:00,1.49
08-05-2026 17:15:00,1.247
08-05-2026 17:30:00,1.025
08-05-2026 17:45:00,0.724
08-05-2026 18:00:00,0.498
08-05-2026 18:15:00,0.364
08-05-2026 18:30:00,0.124
08-05-2026 18:45:00,-0.009
08-05-2026 19:00:00,-0.009
08-05-2026 19:15:00,0
08-05-2026 19:30:00,0
08-05-2026 19:45:00,0
08-05-2026 20:00:00,0
08-05-2026 20:15:00,0
08-05-2026 20:30:00,0.005
08-05-2026 20:45:00,""
08-05-2026 21:00:00,""
08-05-2026 21:15:00,""
08-05-2026 21:30:00,""
08-05-2026 21:45:00,""
08-05-2026 22:00:00,""
08-05-2026 22:15:00,""
08-05-2026 22:30:00,""
08-05-2026 22:45:00,""
08-05-2026 23:00:00,""
08-05-2026 23:15:00,""
08-05-2026 23:30:00,""
08-05-2026 23:45:00,""
08-06-2026 00:00:00,""
08-06-2026 00:15:00,""
08-06-2026 00:30:00,""
08-06-2026 00:45:00,""
08-06-2026 01:00:00,""
08-06-2026 01:15:00,""
08-06-2026 01:30:00,""
08-06-2026 01:45:00,""
08-06-2026 02:00:00,""
08-06-2026 02:15:00,""
08-06-2026 02:30:00,""
08-06-2026 02:45:00,""
08-06-2026 03:00:00,""
08-06-2026 03:15:00,""
08-06-2026 03:30:00,""
08-06-2026 03:45:00,""
08-06-2026 04:00:00,""
08-06-2026 04:15:00,""
08-06-2026 04:30:00,""
08-06-2026 04:45:00,""
08-06-2026 05:00:00,""
08-06-2026 05:15:00,""
08-06-2026 05:30:00,""
08-06-2026 05:45:00,""
08-06-2026 06:00:00,""
08-06-2026 06:15:00,""
08-06-2026 06:30:00,""
08-06-2026 06:45:00,0.25
08-06-2026 07:00:00,0.382
08-06-2026 07:15:00,1.465
08-06-2026 07:30:00,2.67
08-06-2026 07:45:00,4.037
08-06-2026 08:00:00,3.917
08-06-2026 08:15:00,3.938
08-06-2026 08:30:00,2.248
08-06-2026 08:45:00,1.24
08-06-2026 09:00:00,0.988
08-06-2026 09:15:00,""
08-06-2026 09:30:00,""
08-06-2026 09:45:00,""
08-06-2026 10:00:00,""
08-06-2026 10:15:00,""
08-06-2026 10:30:00,""
08-06-2026 10:45:00,""
08-06-2026 11:00:00,""
08-06-2026 11:15:00,""
08-06-2026 11:30:00,""
08-06-2026 11:45:00,""
08-06-2026 12:00:00,""
08-06-2026 12:15:00,""
08-06-2026 12:30:00,""
08-06-2026 12:45:00,""
08-06-2026 13:00:00,""
08-06-2026 13:15:00,""
08-06-2026 13:30:00,""
08-06-2026 13:45:00,""
08-06-2026 14:00:00,""
08-06-2026 14:15:00,""
08-06-2026 14:30:00,""
08-06-2026 14:45:00,""
08-06-2026 15:00:00,""
08-06-2026 15:15:00,""
08-06-2026 15:30:00,""
08-06-2026 15:45:00,""
08-06-2026 16:00:00,""
08-06-2026 16:15:00,""
08-06-2026 16:30:00,""
08-06-2026 16:45:00,""
08-06-2026 17:00:00,""
08-06-2026 17:15:00,""
08-06-2026 17:30:00,""
08-06-2026 17:45:00,""
08-06-2026 18:00:00,""
08-06-2026 18:15:00,""
08-06-2026 18:30:00,""
08-06-2026 18:45:00,""
08-06-2026 19:00:00,""
08-06-2026 19:15:00,""
08-06-2026 19:30:00,""
08-06-2026 19:45:00,""
08-06-2026 20:00:00,""
08-06-2026 20:15:00,""
08-06-2026 20:30:00,""
08-06-2026 20:45:00,""
08-06-2026 21:00:00,""
08-06-2026 21:15:00,""
08-06-2026 21:30:00,""
08-06-2026 21:45:00,""
08-06-2026 22:00:00,""
08-06-2026 22:15:00,""
08-06-2026 22:30:00,""
08-06-2026 22:45:00,""
08-06-2026 23:00:00,""
08-06-2026 23:15:00,""
08-06-2026 23:30:00,""
08-06-2026 23:45:00,""