"Site Time","PV Inverter active power Kilowatts"
03-24-2026 00:00:00,-0.771
03-24-2026 00:15:00,-0.771
03-24-2026 00:30:00,-0.771
03-24-2026 00:45:00,-0.771
03-24-2026 01:00:00,-0.771
03-24-2026 01:15:00,-0.771
03-24-2026 01:30:00,-0.771
03-24-2026 01:45:00,-0.771
03-24-2026 02:00:00,-0.771
03-24-2026 02:15:00,-0.771
03-24-2026 02:30:00,-0.771
03-24-2026 02:45:00,-0.771
03-24-2026 03:00:00,-0.771
03-24-2026 03:15:00,-0.771
03-24-2026 03:30:00,-0.771
03-24-2026 03:45:00,-0.771
03-24-2026 04:00:00,-0.771
03-24-2026 04:15:00,-0.771
03-24-2026 04:30:00,-0.771
03-24-2026 04:45:00,-0.771
03-24-2026 05:00:00,-0.771
03-24-2026 05:15:00,-0.771
03-24-2026 05:30:00,-0.771
03-24-2026 05:45:00,-0.771
03-24-2026 06:00:00,-0.771
03-24-2026 06:15:00,-0.771
03-24-2026 06:30:00,-0.596
03-24-2026 06:45:00,0.507
03-24-2026 07:00:00,0.985
03-24-2026 07:15:00,1.548
03-24-2026 07:30:00,2.522
03-24-2026 07:45:00,4.769
03-24-2026 08:00:00,7.793
03-24-2026 08:15:00,10.502
03-24-2026 08:30:00,12.628
03-24-2026 08:45:00,14.347
03-24-2026 09:00:00,15.989
03-24-2026 09:15:00,17.995
03-24-2026 09:30:00,19.47
03-24-2026 09:45:00,21.273
03-24-2026 10:00:00,23.266
03-24-2026 10:15:00,24.547
03-24-2026 10:30:00,26.012
03-24-2026 10:45:00,28.137
03-24-2026 11:00:00,29.904
03-24-2026 11:15:00,31.371
03-24-2026 11:30:00,32.358
03-24-2026 11:45:00,34.229
03-24-2026 12:00:00,34.067
03-24-2026 12:15:00,33.817
03-24-2026 12:30:00,34.258
03-24-2026 12:45:00,33.964
03-24-2026 13:00:00,33.691
03-24-2026 13:15:00,33.497
03-24-2026 13:30:00,33.01
03-24-2026 13:45:00,32.378
03-24-2026 14:00:00,31.525
03-24-2026 14:15:00,30.767
03-24-2026 14:30:00,29.569
03-24-2026 14:45:00,28.329
03-24-2026 15:00:00,27.314
03-24-2026 15:15:00,25.821
03-24-2026 15:30:00,24.182
03-24-2026 15:45:00,21.737
03-24-2026 16:00:00,18.921
03-24-2026 16:15:00,16.312
03-24-2026 16:30:00,14.397
03-24-2026 16:45:00,12.391
03-24-2026 17:00:00,9.801
03-24-2026 17:15:00,7.544
03-24-2026 17:30:00,5.349
03-24-2026 17:45:00,3.408
03-24-2026 18:00:00,1.899
03-24-2026 18:15:00,-0.411
03-24-2026 18:30:00,-0.52
03-24-2026 18:45:00,-0.35
03-24-2026 19:00:00,-0.771
03-24-2026 19:15:00,-0.771
03-24-2026 19:30:00,-0.771
03-24-2026 19:45:00,-0.771
03-24-2026 20:00:00,-0.771
03-24-2026 20:15:00,-0.771
03-24-2026 20:30:00,-0.771
03-24-2026 20:45:00,-0.771
03-24-2026 21:00:00,-0.771
03-24-2026 21:15:00,-0.771
03-24-2026 21:30:00,-0.771
03-24-2026 21:45:00,-0.771
03-24-2026 22:00:00,-0.771
03-24-2026 22:15:00,-0.771
03-24-2026 22:30:00,-0.771
03-24-2026 22:45:00,-0.771
03-24-2026 23:00:00,-0.771
03-24-2026 23:15:00,-0.771
03-24-2026 23:30:00,-0.771
03-24-2026 23:45:00,-0.771
03-25-2026 00:00:00,-0.771
03-25-2026 00:15:00,-0.771
03-25-2026 00:30:00,-0.771
03-25-2026 00:45:00,-0.771
03-25-2026 01:00:00,-0.771
03-25-2026 01:15:00,-0.771
03-25-2026 01:30:00,-0.771
03-25-2026 01:45:00,-0.771
03-25-2026 02:00:00,-0.771
03-25-2026 02:15:00,-0.771
03-25-2026 02:30:00,-0.771
03-25-2026 02:45:00,-0.771
03-25-2026 03:00:00,-0.771
03-25-2026 03:15:00,-0.771
03-25-2026 03:30:00,-0.771
03-25-2026 03:45:00,-0.771
03-25-2026 04:00:00,-0.771
03-25-2026 04:15:00,-0.771
03-25-2026 04:30:00,-0.771
03-25-2026 04:45:00,-0.771
03-25-2026 05:00:00,-0.771
03-25-2026 05:15:00,-0.771
03-25-2026 05:30:00,-0.771
03-25-2026 05:45:00,-0.771
03-25-2026 06:00:00,-0.771
03-25-2026 06:15:00,-0.771
03-25-2026 06:30:00,-0.548
03-25-2026 06:45:00,-0.771
03-25-2026 07:00:00,0.701
03-25-2026 07:15:00,2.723
03-25-2026 07:30:00,4.519
03-25-2026 07:45:00,6.591
03-25-2026 08:00:00,9.123
03-25-2026 08:15:00,10.875
03-25-2026 08:30:00,9.598
03-25-2026 08:45:00,14.161
03-25-2026 09:00:00,17.186
03-25-2026 09:15:00,18.73
03-25-2026 09:30:00,19.864
03-25-2026 09:45:00,21.453
03-25-2026 10:00:00,22.804
03-25-2026 10:15:00,24.468
03-25-2026 10:30:00,25.68
03-25-2026 10:45:00,26.215
03-25-2026 11:00:00,30.113
03-25-2026 11:15:00,31.325
03-25-2026 11:30:00,32.091
03-25-2026 11:45:00,33.125
03-25-2026 12:00:00,33.333
03-25-2026 12:15:00,33.656
03-25-2026 12:30:00,33.889
03-25-2026 12:45:00,33.677
03-25-2026 13:00:00,33.337
03-25-2026 13:15:00,32.793
03-25-2026 13:30:00,32.405
03-25-2026 13:45:00,32.022
03-25-2026 14:00:00,31.091
03-25-2026 14:15:00,30.505
03-25-2026 14:30:00,29.465
03-25-2026 14:45:00,28.363
03-25-2026 15:00:00,27.169
03-25-2026 15:15:00,25.629
03-25-2026 15:30:00,24
03-25-2026 15:45:00,21.776
03-25-2026 16:00:00,18.808
03-25-2026 16:15:00,16.273
03-25-2026 16:30:00,14.553
03-25-2026 16:45:00,12.474
03-25-2026 17:00:00,9.947
03-25-2026 17:15:00,7.678
03-25-2026 17:30:00,5.77
03-25-2026 17:45:00,3.936
03-25-2026 18:00:00,2.149
03-25-2026 18:15:00,0.869
03-25-2026 18:30:00,-0.738
03-25-2026 18:45:00,-0.771
03-25-2026 19:00:00,-0.771
03-25-2026 19:15:00,-0.771
03-25-2026 19:30:00,-0.771
03-25-2026 19:45:00,-0.771
03-25-2026 20:00:00,-0.771
03-25-2026 20:15:00,-0.771
03-25-2026 20:30:00,-0.771
03-25-2026 20:45:00,-0.771
03-25-2026 21:00:00,-0.771
03-25-2026 21:15:00,-0.771
03-25-2026 21:30:00,-0.771
03-25-2026 21:45:00,-0.771
03-25-2026 22:00:00,-0.771
03-25-2026 22:15:00,-0.771
03-25-2026 22:30:00,-0.771
03-25-2026 22:45:00,-0.771
03-25-2026 23:00:00,-0.771
03-25-2026 23:15:00,-0.771
03-25-2026 23:30:00,-0.771
03-25-2026 23:45:00,-0.771
03-26-2026 00:00:00,-0.771
03-26-2026 00:15:00,-0.771
03-26-2026 00:30:00,-0.771
03-26-2026 00:45:00,-0.771
03-26-2026 01:00:00,-0.771
03-26-2026 01:15:00,-0.771
03-26-2026 01:30:00,-0.771
03-26-2026 01:45:00,-0.771
03-26-2026 02:00:00,-0.771
03-26-2026 02:15:00,-0.771
03-26-2026 02:30:00,-0.771
03-26-2026 02:45:00,-0.771
03-26-2026 03:00:00,-0.771
03-26-2026 03:15:00,-0.771
03-26-2026 03:30:00,-0.771
03-26-2026 03:45:00,-0.771
03-26-2026 04:00:00,-0.771
03-26-2026 04:15:00,-0.771
03-26-2026 04:30:00,-0.771
03-26-2026 04:45:00,-0.771
03-26-2026 05:00:00,-0.771
03-26-2026 05:15:00,-0.771
03-26-2026 05:30:00,-0.771
03-26-2026 05:45:00,-0.771
03-26-2026 06:00:00,-0.771
03-26-2026 06:15:00,-0.771
03-26-2026 06:30:00,-0.771
03-26-2026 06:45:00,-0.771
03-26-2026 07:00:00,-0.012
03-26-2026 07:15:00,1.655
03-26-2026 07:30:00,2.756
03-26-2026 07:45:00,5.242
03-26-2026 08:00:00,7.951
03-26-2026 08:15:00,10.495
03-26-2026 08:30:00,12.637
03-26-2026 08:45:00,14.655
03-26-2026 09:00:00,16.277
03-26-2026 09:15:00,17.997
03-26-2026 09:30:00,19.573
03-26-2026 09:45:00,21.365
03-26-2026 10:00:00,22.906
03-26-2026 10:15:00,24.53
03-26-2026 10:30:00,26.128
03-26-2026 10:45:00,28.02
03-26-2026 11:00:00,29.976
03-26-2026 11:15:00,30.895
03-26-2026 11:30:00,32.08
03-26-2026 11:45:00,33.323
03-26-2026 12:00:00,34.41
03-26-2026 12:15:00,34.608
03-26-2026 12:30:00,34.66
03-26-2026 12:45:00,34.347
03-26-2026 13:00:00,34.335
03-26-2026 13:15:00,33.535
03-26-2026 13:30:00,33.289
03-26-2026 13:45:00,34.298
03-26-2026 14:00:00,33.071
03-26-2026 14:15:00,34.574
03-26-2026 14:30:00,25.267
03-26-2026 14:45:00,22.716
03-26-2026 15:00:00,26.794
03-26-2026 15:15:00,26.202
03-26-2026 15:30:00,21.775
03-26-2026 15:45:00,21.449
03-26-2026 16:00:00,19.795
03-26-2026 16:15:00,13.601
03-26-2026 16:30:00,14.964
03-26-2026 16:45:00,14.503
03-26-2026 17:00:00,12.682
03-26-2026 17:15:00,9.746
03-26-2026 17:30:00,5.275
03-26-2026 17:45:00,3.824
03-26-2026 18:00:00,2.43
03-26-2026 18:15:00,1.244
03-26-2026 18:30:00,0.438
03-26-2026 18:45:00,-0.002
03-26-2026 19:00:00,-0.771
03-26-2026 19:15:00,-0.771
03-26-2026 19:30:00,-0.771
03-26-2026 19:45:00,-0.771
03-26-2026 20:00:00,-0.771
03-26-2026 20:15:00,-0.771
03-26-2026 20:30:00,-0.771
03-26-2026 20:45:00,-0.771
03-26-2026 21:00:00,-0.771
03-26-2026 21:15:00,-0.771
03-26-2026 21:30:00,-0.771
03-26-2026 21:45:00,-0.771
03-26-2026 22:00:00,-0.771
03-26-2026 22:15:00,-0.771
03-26-2026 22:30:00,-0.771
03-26-2026 22:45:00,-0.771
03-26-2026 23:00:00,-0.771
03-26-2026 23:15:00,-0.771
03-26-2026 23:30:00,-0.771
03-26-2026 23:45:00,-0.771
03-27-2026 00:00:00,-0.771
03-27-2026 00:15:00,-0.771
03-27-2026 00:30:00,-0.771
03-27-2026 00:45:00,-0.771
03-27-2026 01:00:00,-0.771
03-27-2026 01:15:00,-0.771
03-27-2026 01:30:00,-0.771
03-27-2026 01:45:00,-0.771
03-27-2026 02:00:00,-0.771
03-27-2026 02:15:00,-0.771
03-27-2026 02:30:00,-0.771
03-27-2026 02:45:00,-0.771
03-27-2026 03:00:00,-0.771
03-27-2026 03:15:00,-0.771
03-27-2026 03:30:00,-0.771
03-27-2026 03:45:00,-0.771
03-27-2026 04:00:00,-0.771
03-27-2026 04:15:00,-0.771
03-27-2026 04:30:00,-0.771
03-27-2026 04:45:00,-0.771
03-27-2026 05:00:00,-0.771
03-27-2026 05:15:00,-0.771
03-27-2026 05:30:00,-0.771
03-27-2026 05:45:00,-0.771
03-27-2026 06:00:00,-0.771
03-27-2026 06:15:00,-0.771
03-27-2026 06:30:00,-0.771
03-27-2026 06:45:00,0.13
03-27-2026 07:00:00,0.951
03-27-2026 07:15:00,3.132
03-27-2026 07:30:00,3.053
03-27-2026 07:45:00,4.525
03-27-2026 08:00:00,2.942
03-27-2026 08:15:00,3.918
03-27-2026 08:30:00,3.882
03-27-2026 08:45:00,4.454
03-27-2026 09:00:00,9.405
03-27-2026 09:15:00,17.732
03-27-2026 09:30:00,20.319
03-27-2026 09:45:00,21.824
03-27-2026 10:00:00,22.898
03-27-2026 10:15:00,24.711
03-27-2026 10:30:00,26.556
03-27-2026 10:45:00,28.282
03-27-2026 11:00:00,30.209
03-27-2026 11:15:00,31.404
03-27-2026 11:30:00,32.113
03-27-2026 11:45:00,33.207
03-27-2026 12:00:00,33.523
03-27-2026 12:15:00,33.86
03-27-2026 12:30:00,34.02
03-27-2026 12:45:00,33.878
03-27-2026 13:00:00,33.579
03-27-2026 13:15:00,33.05
03-27-2026 13:30:00,32.705
03-27-2026 13:45:00,32.202
03-27-2026 14:00:00,31.407
03-27-2026 14:15:00,30.743
03-27-2026 14:30:00,29.709
03-27-2026 14:45:00,28.66
03-27-2026 15:00:00,27.209
03-27-2026 15:15:00,25.872
03-27-2026 15:30:00,24.234
03-27-2026 15:45:00,21.571
03-27-2026 16:00:00,15.94
03-27-2026 16:15:00,13.175
03-27-2026 16:30:00,11.8
03-27-2026 16:45:00,11.867
03-27-2026 17:00:00,11.17
03-27-2026 17:15:00,4.906
03-27-2026 17:30:00,5.188
03-27-2026 17:45:00,2.422
03-27-2026 18:00:00,1.935
03-27-2026 18:15:00,-0.306
03-27-2026 18:30:00,0.326
03-27-2026 18:45:00,-0.109
03-27-2026 19:00:00,-0.771
03-27-2026 19:15:00,-0.771
03-27-2026 19:30:00,-0.771
03-27-2026 19:45:00,-0.771
03-27-2026 20:00:00,-0.771
03-27-2026 20:15:00,-0.771
03-27-2026 20:30:00,-0.771
03-27-2026 20:45:00,-0.771
03-27-2026 21:00:00,-0.771
03-27-2026 21:15:00,-0.771
03-27-2026 21:30:00,-0.771
03-27-2026 21:45:00,-0.771
03-27-2026 22:00:00,-0.771
03-27-2026 22:15:00,-0.771
03-27-2026 22:30:00,-0.771
03-27-2026 22:45:00,-0.771
03-27-2026 23:00:00,-0.771
03-27-2026 23:15:00,-0.771
03-27-2026 23:30:00,-0.771
03-27-2026 23:45:00,-0.771
03-28-2026 00:00:00,-0.771
03-28-2026 00:15:00,-0.771
03-28-2026 00:30:00,-0.771
03-28-2026 00:45:00,-0.771
03-28-2026 01:00:00,-0.771
03-28-2026 01:15:00,-0.771
03-28-2026 01:30:00,-0.771
03-28-2026 01:45:00,-0.771
03-28-2026 02:00:00,-0.771
03-28-2026 02:15:00,-0.771
03-28-2026 02:30:00,-0.771
03-28-2026 02:45:00,-0.771
03-28-2026 03:00:00,-0.771
03-28-2026 03:15:00,-0.771
03-28-2026 03:30:00,-0.771
03-28-2026 03:45:00,-0.771
03-28-2026 04:00:00,-0.771
03-28-2026 04:15:00,-0.771
03-28-2026 04:30:00,-0.771
03-28-2026 04:45:00,-0.771
03-28-2026 05:00:00,-0.771
03-28-2026 05:15:00,-0.771
03-28-2026 05:30:00,-0.771
03-28-2026 05:45:00,-0.771
03-28-2026 06:00:00,-0.771
03-28-2026 06:15:00,-0.752
03-28-2026 06:30:00,-0.069
03-28-2026 06:45:00,-0.164
03-28-2026 07:00:00,1.415
03-28-2026 07:15:00,1.698
03-28-2026 07:30:00,2.043
03-28-2026 07:45:00,3.327
03-28-2026 08:00:00,6.979
03-28-2026 08:15:00,8.44
03-28-2026 08:30:00,13.836
03-28-2026 08:45:00,13.172
03-28-2026 09:00:00,16.968
03-28-2026 09:15:00,18.592
03-28-2026 09:30:00,19.269
03-28-2026 09:45:00,21.598
03-28-2026 10:00:00,24.402
03-28-2026 10:15:00,23.839
03-28-2026 10:30:00,27.39
03-28-2026 10:45:00,29.809
03-28-2026 11:00:00,27.565
03-28-2026 11:15:00,32.781
03-28-2026 11:30:00,32.992
03-28-2026 11:45:00,34.77
03-28-2026 12:00:00,31.458
03-28-2026 12:15:00,22.362
03-28-2026 12:30:00,30.397
03-28-2026 12:45:00,32.724
03-28-2026 13:00:00,32.463
03-28-2026 13:15:00,29.882
03-28-2026 13:30:00,32.079
03-28-2026 13:45:00,28.093
03-28-2026 14:00:00,32.175
03-28-2026 14:15:00,22.937
03-28-2026 14:30:00,26.175
03-28-2026 14:45:00,28.91
03-28-2026 15:00:00,28.256
03-28-2026 15:15:00,25.136
03-28-2026 15:30:00,25.725
03-28-2026 15:45:00,23.146
03-28-2026 16:00:00,19.912
03-28-2026 16:15:00,14.211
03-28-2026 16:30:00,12.125
03-28-2026 16:45:00,6.602
03-28-2026 17:00:00,5.698
03-28-2026 17:15:00,5.248
03-28-2026 17:30:00,4.022
03-28-2026 17:45:00,4.901
03-28-2026 18:00:00,3.575
03-28-2026 18:15:00,0.978
03-28-2026 18:30:00,-0.45
03-28-2026 18:45:00,-0.2
03-28-2026 19:00:00,-0.771
03-28-2026 19:15:00,-0.771
03-28-2026 19:30:00,-0.771
03-28-2026 19:45:00,-0.771
03-28-2026 20:00:00,-0.771
03-28-2026 20:15:00,-0.771
03-28-2026 20:30:00,-0.771
03-28-2026 20:45:00,-0.771
03-28-2026 21:00:00,-0.771
03-28-2026 21:15:00,-0.771
03-28-2026 21:30:00,-0.771
03-28-2026 21:45:00,-0.771
03-28-2026 22:00:00,-0.771
03-28-2026 22:15:00,-0.771
03-28-2026 22:30:00,-0.771
03-28-2026 22:45:00,-0.771
03-28-2026 23:00:00,-0.771
03-28-2026 23:15:00,-0.771
03-28-2026 23:30:00,-0.771
03-28-2026 23:45:00,-0.771
03-29-2026 00:00:00,-0.771
03-29-2026 00:15:00,-0.771
03-29-2026 00:30:00,-0.771
03-29-2026 00:45:00,-0.771
03-29-2026 01:00:00,-0.771
03-29-2026 01:15:00,-0.771
03-29-2026 01:30:00,-0.771
03-29-2026 01:45:00,-0.771
03-29-2026 02:00:00,-0.771
03-29-2026 02:15:00,-0.771
03-29-2026 02:30:00,-0.771
03-29-2026 02:45:00,-0.771
03-29-2026 03:00:00,-0.771
03-29-2026 03:15:00,-0.771
03-29-2026 03:30:00,-0.771
03-29-2026 03:45:00,-0.771
03-29-2026 04:00:00,-0.771
03-29-2026 04:15:00,-0.771
03-29-2026 04:30:00,-0.771
03-29-2026 04:45:00,-0.771
03-29-2026 05:00:00,-0.771
03-29-2026 05:15:00,-0.771
03-29-2026 05:30:00,-0.771
03-29-2026 05:45:00,-0.771
03-29-2026 06:00:00,-0.771
03-29-2026 06:15:00,-0.771
03-29-2026 06:30:00,-0.547
03-29-2026 06:45:00,-0.771
03-29-2026 07:00:00,-0.394
03-29-2026 07:15:00,1.645
03-29-2026 07:30:00,3.163
03-29-2026 07:45:00,6.009
03-29-2026 08:00:00,8.297
03-29-2026 08:15:00,10.64
03-29-2026 08:30:00,13.332
03-29-2026 08:45:00,15.105
03-29-2026 09:00:00,16.788
03-29-2026 09:15:00,18.718
03-29-2026 09:30:00,20.572
03-29-2026 09:45:00,22.243
03-29-2026 10:00:00,23.726
03-29-2026 10:15:00,25.883
03-29-2026 10:30:00,27.835
03-29-2026 10:45:00,30.26
03-29-2026 11:00:00,29.652
03-29-2026 11:15:00,27.032
03-29-2026 11:30:00,27.05
03-29-2026 11:45:00,30.825
03-29-2026 12:00:00,35.34
03-29-2026 12:15:00,36.845
03-29-2026 12:30:00,33.841
03-29-2026 12:45:00,33.562
03-29-2026 13:00:00,34.455
03-29-2026 13:15:00,34.539
03-29-2026 13:30:00,34.397
03-29-2026 13:45:00,31.31
03-29-2026 14:00:00,32.431
03-29-2026 14:15:00,31.551
03-29-2026 14:30:00,30.937
03-29-2026 14:45:00,29.685
03-29-2026 15:00:00,28.749
03-29-2026 15:15:00,28.803
03-29-2026 15:30:00,20.339
03-29-2026 15:45:00,24.135
03-29-2026 16:00:00,18.146
03-29-2026 16:15:00,11.732
03-29-2026 16:30:00,13.381
03-29-2026 16:45:00,8.816
03-29-2026 17:00:00,6.986
03-29-2026 17:15:00,5.156
03-29-2026 17:30:00,4.289
03-29-2026 17:45:00,4.125
03-29-2026 18:00:00,2.76
03-29-2026 18:15:00,0.747
03-29-2026 18:30:00,0.107
03-29-2026 18:45:00,-0.771
03-29-2026 19:00:00,-0.771
03-29-2026 19:15:00,-0.771
03-29-2026 19:30:00,-0.771
03-29-2026 19:45:00,-0.771
03-29-2026 20:00:00,-0.771
03-29-2026 20:15:00,-0.771
03-29-2026 20:30:00,-0.771
03-29-2026 20:45:00,-0.771
03-29-2026 21:00:00,-0.771
03-29-2026 21:15:00,-0.771
03-29-2026 21:30:00,-0.771
03-29-2026 21:45:00,-0.771
03-29-2026 22:00:00,-0.771
03-29-2026 22:15:00,-0.771
03-29-2026 22:30:00,-0.771
03-29-2026 22:45:00,-0.771
03-29-2026 23:00:00,-0.771
03-29-2026 23:15:00,-0.771
03-29-2026 23:30:00,-0.771
03-29-2026 23:45:00,-0.771
03-30-2026 00:00:00,-0.771
03-30-2026 00:15:00,-0.771
03-30-2026 00:30:00,-0.771
03-30-2026 00:45:00,-0.771
03-30-2026 01:00:00,-0.771
03-30-2026 01:15:00,-0.771
03-30-2026 01:30:00,-0.771
03-30-2026 01:45:00,-0.771
03-30-2026 02:00:00,-0.771
03-30-2026 02:15:00,-0.771
03-30-2026 02:30:00,-0.771
03-30-2026 02:45:00,-0.771
03-30-2026 03:00:00,-0.771
03-30-2026 03:15:00,-0.771
03-30-2026 03:30:00,-0.771
03-30-2026 03:45:00,-0.771
03-30-2026 04:00:00,-0.771
03-30-2026 04:15:00,-0.771
03-30-2026 04:30:00,-0.771
03-30-2026 04:45:00,-0.771
03-30-2026 05:00:00,-0.771
03-30-2026 05:15:00,-0.771
03-30-2026 05:30:00,-0.771
03-30-2026 05:45:00,-0.771
03-30-2026 06:00:00,-0.771
03-30-2026 06:15:00,-0.771
03-30-2026 06:30:00,-0.771
03-30-2026 06:45:00,-0.495
03-30-2026 07:00:00,2.057
03-30-2026 07:15:00,2.976
03-30-2026 07:30:00,2.597
03-30-2026 07:45:00,3.485
03-30-2026 08:00:00,5.764
03-30-2026 08:15:00,4.832
03-30-2026 08:30:00,5.812
03-30-2026 08:45:00,10.213
03-30-2026 09:00:00,6.945
03-30-2026 09:15:00,8.227
03-30-2026 09:30:00,14.574
03-30-2026 09:45:00,8.937
03-30-2026 10:00:00,14.262
03-30-2026 10:15:00,21.781
03-30-2026 10:30:00,30.874
03-30-2026 10:45:00,27.427
03-30-2026 11:00:00,24.044
03-30-2026 11:15:00,32.062
03-30-2026 11:30:00,31.724
03-30-2026 11:45:00,33.454
03-30-2026 12:00:00,29.34
03-30-2026 12:15:00,31.009
03-30-2026 12:30:00,22.657
03-30-2026 12:45:00,27.55
03-30-2026 13:00:00,28.841
03-30-2026 13:15:00,28.284
03-30-2026 13:30:00,29.908
03-30-2026 13:45:00,22.065
03-30-2026 14:00:00,16.55
03-30-2026 14:15:00,23.644
03-30-2026 14:30:00,32.092
03-30-2026 14:45:00,26.991
03-30-2026 15:00:00,25.169
03-30-2026 15:15:00,26.254
03-30-2026 15:30:00,24.307
03-30-2026 15:45:00,21.54
03-30-2026 16:00:00,21.785
03-30-2026 16:15:00,18.632
03-30-2026 16:30:00,16.408
03-30-2026 16:45:00,10.119
03-30-2026 17:00:00,11.551
03-30-2026 17:15:00,7.541
03-30-2026 17:30:00,5.867
03-30-2026 17:45:00,4.288
03-30-2026 18:00:00,2.139
03-30-2026 18:15:00,0.974
03-30-2026 18:30:00,0.222
03-30-2026 18:45:00,-0.765
03-30-2026 19:00:00,-0.771
03-30-2026 19:15:00,-0.771
03-30-2026 19:30:00,-0.771
03-30-2026 19:45:00,-0.771
03-30-2026 20:00:00,-0.771
03-30-2026 20:15:00,-0.771
03-30-2026 20:30:00,-0.771
03-30-2026 20:45:00,-0.771
03-30-2026 21:00:00,-0.771
03-30-2026 21:15:00,-0.771
03-30-2026 21:30:00,-0.771
03-30-2026 21:45:00,-0.771
03-30-2026 22:00:00,-0.771
03-30-2026 22:15:00,-0.771
03-30-2026 22:30:00,-0.771
03-30-2026 22:45:00,-0.771
03-30-2026 23:00:00,-0.771
03-30-2026 23:15:00,-0.771
03-30-2026 23:30:00,-0.771
03-30-2026 23:45:00,-0.771
03-31-2026 00:00:00,-0.771
03-31-2026 00:15:00,-0.771
03-31-2026 00:30:00,-0.771
03-31-2026 00:45:00,-0.771
03-31-2026 01:00:00,-0.771
03-31-2026 01:15:00,-0.771
03-31-2026 01:30:00,-0.771
03-31-2026 01:45:00,-0.771
03-31-2026 02:00:00,-0.771
03-31-2026 02:15:00,-0.771
03-31-2026 02:30:00,-0.771
03-31-2026 02:45:00,-0.771
03-31-2026 03:00:00,-0.771
03-31-2026 03:15:00,-0.771
03-31-2026 03:30:00,-0.771
03-31-2026 03:45:00,-0.771
03-31-2026 04:00:00,-0.771
03-31-2026 04:15:00,-0.771
03-31-2026 04:30:00,-0.771
03-31-2026 04:45:00,-0.771
03-31-2026 05:00:00,-0.771
03-31-2026 05:15:00,-0.771
03-31-2026 05:30:00,-0.771
03-31-2026 05:45:00,-0.771
03-31-2026 06:00:00,-0.771
03-31-2026 06:15:00,-0.771
03-31-2026 06:30:00,-0.771
03-31-2026 06:45:00,0.35
03-31-2026 07:00:00,1.398
03-31-2026 07:15:00,3.457
03-31-2026 07:30:00,3.212
03-31-2026 07:45:00,3.413
03-31-2026 08:00:00,4.116
03-31-2026 08:15:00,4.437
03-31-2026 08:30:00,5.158
03-31-2026 08:45:00,7.703
03-31-2026 09:00:00,9.202
03-31-2026 09:15:00,19.264
03-31-2026 09:30:00,15.215
03-31-2026 09:45:00,23.56
03-31-2026 10:00:00,22.602
03-31-2026 10:15:00,26.581
03-31-2026 10:30:00,28.3
03-31-2026 10:45:00,30.118
03-31-2026 11:00:00,27.754
03-31-2026 11:15:00,32.552
03-31-2026 11:30:00,31.822
03-31-2026 11:45:00,35.242
03-31-2026 12:00:00,32.06
03-31-2026 12:15:00,31.846
03-31-2026 12:30:00,31.506
03-31-2026 12:45:00,37.592
03-31-2026 13:00:00,35.59
03-31-2026 13:15:00,34.778
03-31-2026 13:30:00,35.423
03-31-2026 13:45:00,35.687
03-31-2026 14:00:00,33.495
03-31-2026 14:15:00,30.986
03-31-2026 14:30:00,30.56
03-31-2026 14:45:00,29.439
03-31-2026 15:00:00,28.892
03-31-2026 15:15:00,27.25
03-31-2026 15:30:00,25.534
03-31-2026 15:45:00,19.403
03-31-2026 16:00:00,18.215
03-31-2026 16:15:00,15.614
03-31-2026 16:30:00,11.746
03-31-2026 16:45:00,11.34
03-31-2026 17:00:00,6.911
03-31-2026 17:15:00,8.258
03-31-2026 17:30:00,7.957
03-31-2026 17:45:00,5.772
03-31-2026 18:00:00,3.484
03-31-2026 18:15:00,1.234
03-31-2026 18:30:00,0.251
03-31-2026 18:45:00,-0.335
03-31-2026 19:00:00,-0.771
03-31-2026 19:15:00,-0.771
03-31-2026 19:30:00,-0.771
03-31-2026 19:45:00,-0.771
03-31-2026 20:00:00,-0.771
03-31-2026 20:15:00,-0.771
03-31-2026 20:30:00,-0.771
03-31-2026 20:45:00,-0.771
03-31-2026 21:00:00,-0.771
03-31-2026 21:15:00,-0.771
03-31-2026 21:30:00,-0.771
03-31-2026 21:45:00,-0.771
03-31-2026 22:00:00,-0.771
03-31-2026 22:15:00,-0.771
03-31-2026 22:30:00,-0.771
03-31-2026 22:45:00,-0.771
03-31-2026 23:00:00,-0.771
03-31-2026 23:15:00,-0.771
03-31-2026 23:30:00,-0.771
03-31-2026 23:45:00,-0.771
04-01-2026 00:00:00,-0.771
04-01-2026 00:15:00,-0.771
04-01-2026 00:30:00,-0.771
04-01-2026 00:45:00,-0.771
04-01-2026 01:00:00,-0.771
04-01-2026 01:15:00,-0.771
04-01-2026 01:30:00,-0.771
04-01-2026 01:45:00,-0.771
04-01-2026 02:00:00,-0.771
04-01-2026 02:15:00,-0.771
04-01-2026 02:30:00,-0.771
04-01-2026 02:45:00,-0.771
04-01-2026 03:00:00,-0.771
04-01-2026 03:15:00,-0.771
04-01-2026 03:30:00,-0.771
04-01-2026 03:45:00,-0.771
04-01-2026 04:00:00,-0.771
04-01-2026 04:15:00,-0.771
04-01-2026 04:30:00,-0.771
04-01-2026 04:45:00,-0.771
04-01-2026 05:00:00,-0.771
04-01-2026 05:15:00,-0.771
04-01-2026 05:30:00,-0.771
04-01-2026 05:45:00,-0.771
04-01-2026 06:00:00,-0.771
04-01-2026 06:15:00,-0.565
04-01-2026 06:30:00,-0.255
04-01-2026 06:45:00,-0.771
04-01-2026 07:00:00,1.094
04-01-2026 07:15:00,2.13
04-01-2026 07:30:00,3.833
04-01-2026 07:45:00,7.011
04-01-2026 08:00:00,7.396
04-01-2026 08:15:00,5.477
04-01-2026 08:30:00,8.851
04-01-2026 08:45:00,13.694
04-01-2026 09:00:00,16.422
04-01-2026 09:15:00,21.399
04-01-2026 09:30:00,22.455
04-01-2026 09:45:00,23.362
04-01-2026 10:00:00,24.348
04-01-2026 10:15:00,26.239
04-01-2026 10:30:00,27.481
04-01-2026 10:45:00,28.252
04-01-2026 11:00:00,29.631
04-01-2026 11:15:00,31.026
04-01-2026 11:30:00,32.081
04-01-2026 11:45:00,33.171
04-01-2026 12:00:00,34.167
04-01-2026 12:15:00,33.9
04-01-2026 12:30:00,30.592
04-01-2026 12:45:00,32.125
04-01-2026 13:00:00,33.469
04-01-2026 13:15:00,35.292
04-01-2026 13:30:00,35.288
04-01-2026 13:45:00,26.753
04-01-2026 14:00:00,30.552
04-01-2026 14:15:00,24.322
04-01-2026 14:30:00,25.416
04-01-2026 14:45:00,30.841
04-01-2026 15:00:00,28.583
04-01-2026 15:15:00,28.285
04-01-2026 15:30:00,28.111
04-01-2026 15:45:00,17.924
04-01-2026 16:00:00,16.195
04-01-2026 16:15:00,17.238
04-01-2026 16:30:00,16.439
04-01-2026 16:45:00,9.161
04-01-2026 17:00:00,13.371
04-01-2026 17:15:00,9.679
04-01-2026 17:30:00,7.483
04-01-2026 17:45:00,4.368
04-01-2026 18:00:00,3.495
04-01-2026 18:15:00,1.888
04-01-2026 18:30:00,-0.505
04-01-2026 18:45:00,-0.771
04-01-2026 19:00:00,-0.771
04-01-2026 19:15:00,-0.771
04-01-2026 19:30:00,-0.771
04-01-2026 19:45:00,-0.771
04-01-2026 20:00:00,-0.771
04-01-2026 20:15:00,-0.771
04-01-2026 20:30:00,-0.771
04-01-2026 20:45:00,-0.771
04-01-2026 21:00:00,-0.771
04-01-2026 21:15:00,-0.771
04-01-2026 21:30:00,-0.771
04-01-2026 21:45:00,-0.771
04-01-2026 22:00:00,-0.771
04-01-2026 22:15:00,-0.771
04-01-2026 22:30:00,-0.771
04-01-2026 22:45:00,-0.771
04-01-2026 23:00:00,-0.771
04-01-2026 23:15:00,-0.771
04-01-2026 23:30:00,-0.771
04-01-2026 23:45:00,-0.771
04-02-2026 00:00:00,-0.771
04-02-2026 00:15:00,-0.771
04-02-2026 00:30:00,-0.771
04-02-2026 00:45:00,-0.771
04-02-2026 01:00:00,-0.771
04-02-2026 01:15:00,-0.771
04-02-2026 01:30:00,-0.771
04-02-2026 01:45:00,-0.771
04-02-2026 02:00:00,-0.771
04-02-2026 02:15:00,-0.771
04-02-2026 02:30:00,-0.771
04-02-2026 02:45:00,-0.771
04-02-2026 03:00:00,-0.771
04-02-2026 03:15:00,-0.771
04-02-2026 03:30:00,-0.771
04-02-2026 03:45:00,-0.771
04-02-2026 04:00:00,-0.771
04-02-2026 04:15:00,-0.771
04-02-2026 04:30:00,-0.771
04-02-2026 04:45:00,-0.771
04-02-2026 05:00:00,-0.771
04-02-2026 05:15:00,-0.771
04-02-2026 05:30:00,-0.771
04-02-2026 05:45:00,-0.771
04-02-2026 06:00:00,-0.771
04-02-2026 06:15:00,-0.771
04-02-2026 06:30:00,-0.048
04-02-2026 06:45:00,-0.327
04-02-2026 07:00:00,1.929
04-02-2026 07:15:00,3.59
04-02-2026 07:30:00,3.3
04-02-2026 07:45:00,4.009
04-02-2026 08:00:00,3.996
04-02-2026 08:15:00,6.783
04-02-2026 08:30:00,7.53
04-02-2026 08:45:00,12.049
04-02-2026 09:00:00,9.934
04-02-2026 09:15:00,9.972
04-02-2026 09:30:00,9.618
04-02-2026 09:45:00,10.908
04-02-2026 10:00:00,12.33
04-02-2026 10:15:00,10.089
04-02-2026 10:30:00,20.151
04-02-2026 10:45:00,19.296
04-02-2026 11:00:00,23.928
04-02-2026 11:15:00,23.468
04-02-2026 11:30:00,16.478
04-02-2026 11:45:00,22.004
04-02-2026 12:00:00,22.539
04-02-2026 12:15:00,19.296
04-02-2026 12:30:00,18.763
04-02-2026 12:45:00,20.401
04-02-2026 13:00:00,21.676
04-02-2026 13:15:00,17.724
04-02-2026 13:30:00,18.445
04-02-2026 13:45:00,17.992
04-02-2026 14:00:00,25.178
04-02-2026 14:15:00,29.653
04-02-2026 14:30:00,17.915
04-02-2026 14:45:00,18.964
04-02-2026 15:00:00,15.839
04-02-2026 15:15:00,18.733
04-02-2026 15:30:00,14.332
04-02-2026 15:45:00,10.69
04-02-2026 16:00:00,9.092
04-02-2026 16:15:00,9.499
04-02-2026 16:30:00,8.82
04-02-2026 16:45:00,5.958
04-02-2026 17:00:00,4.821
04-02-2026 17:15:00,3.756
04-02-2026 17:30:00,2.869
04-02-2026 17:45:00,2.075
04-02-2026 18:00:00,1.296
04-02-2026 18:15:00,0.065
04-02-2026 18:30:00,-0.771
04-02-2026 18:45:00,-0.771
04-02-2026 19:00:00,-0.771
04-02-2026 19:15:00,-0.771
04-02-2026 19:30:00,-0.771
04-02-2026 19:45:00,-0.771
04-02-2026 20:00:00,-0.771
04-02-2026 20:15:00,-0.771
04-02-2026 20:30:00,-0.771
04-02-2026 20:45:00,-0.771
04-02-2026 21:00:00,-0.771
04-02-2026 21:15:00,-0.771
04-02-2026 21:30:00,-0.771
04-02-2026 21:45:00,-0.771
04-02-2026 22:00:00,-0.771
04-02-2026 22:15:00,-0.771
04-02-2026 22:30:00,-0.771
04-02-2026 22:45:00,-0.771
04-02-2026 23:00:00,-0.771
04-02-2026 23:15:00,-0.771
04-02-2026 23:30:00,-0.771
04-02-2026 23:45:00,-0.771
04-03-2026 00:00:00,-0.771
04-03-2026 00:15:00,-0.771
04-03-2026 00:30:00,-0.771
04-03-2026 00:45:00,-0.771
04-03-2026 01:00:00,-0.771
04-03-2026 01:15:00,-0.771
04-03-2026 01:30:00,-0.771
04-03-2026 01:45:00,-0.771
04-03-2026 02:00:00,-0.771
04-03-2026 02:15:00,-0.771
04-03-2026 02:30:00,-0.771
04-03-2026 02:45:00,-0.771
04-03-2026 03:00:00,-0.771
04-03-2026 03:15:00,-0.771
04-03-2026 03:30:00,-0.771
04-03-2026 03:45:00,-0.771
04-03-2026 04:00:00,-0.771
04-03-2026 04:15:00,-0.771
04-03-2026 04:30:00,-0.771
04-03-2026 04:45:00,-0.771
04-03-2026 05:00:00,-0.771
04-03-2026 05:15:00,-0.771
04-03-2026 05:30:00,-0.771
04-03-2026 05:45:00,-0.771
04-03-2026 06:00:00,-0.771
04-03-2026 06:15:00,-0.771
04-03-2026 06:30:00,-0.771
04-03-2026 06:45:00,-0.762
04-03-2026 07:00:00,0.882
04-03-2026 07:15:00,2.251
04-03-2026 07:30:00,1.768
04-03-2026 07:45:00,3.561
04-03-2026 08:00:00,3.748
04-03-2026 08:15:00,3.707
04-03-2026 08:30:00,4.739
04-03-2026 08:45:00,7.003
04-03-2026 09:00:00,11.408
04-03-2026 09:15:00,14.948
04-03-2026 09:30:00,10.829
04-03-2026 09:45:00,18.372
04-03-2026 10:00:00,28.141
04-03-2026 10:15:00,25.555
04-03-2026 10:30:00,25.831
04-03-2026 10:45:00,29.754
04-03-2026 11:00:00,32.675
04-03-2026 11:15:00,32.171
04-03-2026 11:30:00,31.922
04-03-2026 11:45:00,33.128
04-03-2026 12:00:00,32.944
04-03-2026 12:15:00,33.738
04-03-2026 12:30:00,33.614
04-03-2026 12:45:00,33.312
04-03-2026 13:00:00,33.063
04-03-2026 13:15:00,32.912
04-03-2026 13:30:00,32.713
04-03-2026 13:45:00,31.854
04-03-2026 14:00:00,31.17
04-03-2026 14:15:00,30.484
04-03-2026 14:30:00,29.677
04-03-2026 14:45:00,28.443
04-03-2026 15:00:00,27.15
04-03-2026 15:15:00,25.802
04-03-2026 15:30:00,24.494
04-03-2026 15:45:00,21.775
04-03-2026 16:00:00,19.715
04-03-2026 16:15:00,17.145
04-03-2026 16:30:00,13.937
04-03-2026 16:45:00,7.715
04-03-2026 17:00:00,8.7
04-03-2026 17:15:00,7.587
04-03-2026 17:30:00,6.9
04-03-2026 17:45:00,4.277
04-03-2026 18:00:00,2.901
04-03-2026 18:15:00,1.185
04-03-2026 18:30:00,-0.771
04-03-2026 18:45:00,-0.435
04-03-2026 19:00:00,-0.756
04-03-2026 19:15:00,-0.771
04-03-2026 19:30:00,-0.771
04-03-2026 19:45:00,-0.771
04-03-2026 20:00:00,-0.771
04-03-2026 20:15:00,-0.771
04-03-2026 20:30:00,-0.771
04-03-2026 20:45:00,-0.771
04-03-2026 21:00:00,-0.771
04-03-2026 21:15:00,-0.771
04-03-2026 21:30:00,-0.771
04-03-2026 21:45:00,-0.771
04-03-2026 22:00:00,-0.771
04-03-2026 22:15:00,-0.771
04-03-2026 22:30:00,-0.771
04-03-2026 22:45:00,-0.771
04-03-2026 23:00:00,-0.771
04-03-2026 23:15:00,-0.771
04-03-2026 23:30:00,-0.771
04-03-2026 23:45:00,-0.771
04-04-2026 00:00:00,-0.771
04-04-2026 00:15:00,-0.771
04-04-2026 00:30:00,-0.771
04-04-2026 00:45:00,-0.771
04-04-2026 01:00:00,-0.771
04-04-2026 01:15:00,-0.771
04-04-2026 01:30:00,-0.771
04-04-2026 01:45:00,-0.771
04-04-2026 02:00:00,-0.771
04-04-2026 02:15:00,-0.771
04-04-2026 02:30:00,-0.771
04-04-2026 02:45:00,-0.771
04-04-2026 03:00:00,-0.771
04-04-2026 03:15:00,-0.771
04-04-2026 03:30:00,-0.771
04-04-2026 03:45:00,-0.771
04-04-2026 04:00:00,-0.771
04-04-2026 04:15:00,-0.771
04-04-2026 04:30:00,-0.771
04-04-2026 04:45:00,-0.771
04-04-2026 05:00:00,-0.771
04-04-2026 05:15:00,-0.771
04-04-2026 05:30:00,-0.771
04-04-2026 05:45:00,-0.771
04-04-2026 06:00:00,-0.771
04-04-2026 06:15:00,-0.595
04-04-2026 06:30:00,0.314
04-04-2026 06:45:00,0.202
04-04-2026 07:00:00,-0.305
04-04-2026 07:15:00,1.497
04-04-2026 07:30:00,4.022
04-04-2026 07:45:00,7.358
04-04-2026 08:00:00,9.124
04-04-2026 08:15:00,11.215
04-04-2026 08:30:00,13.933
04-04-2026 08:45:00,15.995
04-04-2026 09:00:00,16.888
04-04-2026 09:15:00,19.759
04-04-2026 09:30:00,20.561
04-04-2026 09:45:00,22.896
04-04-2026 10:00:00,22.796
04-04-2026 10:15:00,25.22
04-04-2026 10:30:00,21.471
04-04-2026 10:45:00,28.192
04-04-2026 11:00:00,33.751
04-04-2026 11:15:00,24.158
04-04-2026 11:30:00,23.511
04-04-2026 11:45:00,28.642
04-04-2026 12:00:00,35.822
04-04-2026 12:15:00,35.297
04-04-2026 12:30:00,34.942
04-04-2026 12:45:00,33.434
04-04-2026 13:00:00,33.579
04-04-2026 13:15:00,22.871
04-04-2026 13:30:00,33.602
04-04-2026 13:45:00,24.465
04-04-2026 14:00:00,21.382
04-04-2026 14:15:00,25.923
04-04-2026 14:30:00,30.239
04-04-2026 14:45:00,28.93
04-04-2026 15:00:00,29.189
04-04-2026 15:15:00,22.14
04-04-2026 15:30:00,19.336
04-04-2026 15:45:00,16.058
04-04-2026 16:00:00,21.702
04-04-2026 16:15:00,18.741
04-04-2026 16:30:00,8.456
04-04-2026 16:45:00,13.643
04-04-2026 17:00:00,12.317
04-04-2026 17:15:00,10.175
04-04-2026 17:30:00,6.414
04-04-2026 17:45:00,4.361
04-04-2026 18:00:00,2.197
04-04-2026 18:15:00,0.058
04-04-2026 18:30:00,-0.771
04-04-2026 18:45:00,-0.771
04-04-2026 19:00:00,-0.771
04-04-2026 19:15:00,-0.771
04-04-2026 19:30:00,-0.771
04-04-2026 19:45:00,-0.771
04-04-2026 20:00:00,-0.771
04-04-2026 20:15:00,-0.771
04-04-2026 20:30:00,-0.771
04-04-2026 20:45:00,-0.771
04-04-2026 21:00:00,-0.771
04-04-2026 21:15:00,-0.771
04-04-2026 21:30:00,-0.771
04-04-2026 21:45:00,-0.771
04-04-2026 22:00:00,-0.771
04-04-2026 22:15:00,-0.771
04-04-2026 22:30:00,-0.771
04-04-2026 22:45:00,-0.771
04-04-2026 23:00:00,-0.771
04-04-2026 23:15:00,-0.771
04-04-2026 23:30:00,-0.771
04-04-2026 23:45:00,-0.771
04-05-2026 00:00:00,-0.771
04-05-2026 00:15:00,-0.771
04-05-2026 00:30:00,-0.771
04-05-2026 00:45:00,-0.771
04-05-2026 01:00:00,-0.771
04-05-2026 01:15:00,-0.771
04-05-2026 01:30:00,-0.771
04-05-2026 01:45:00,-0.771
04-05-2026 02:00:00,-0.771
04-05-2026 02:15:00,-0.771
04-05-2026 02:30:00,-0.771
04-05-2026 02:45:00,-0.771
04-05-2026 03:00:00,-0.771
04-05-2026 03:15:00,-0.771
04-05-2026 03:30:00,-0.771
04-05-2026 03:45:00,-0.771
04-05-2026 04:00:00,-0.771
04-05-2026 04:15:00,-0.771
04-05-2026 04:30:00,-0.771
04-05-2026 04:45:00,-0.771
04-05-2026 05:00:00,-0.771
04-05-2026 05:15:00,-0.771
04-05-2026 05:30:00,-0.771
04-05-2026 05:45:00,-0.771
04-05-2026 06:00:00,-0.771
04-05-2026 06:15:00,-0.771
04-05-2026 06:30:00,-0.114
04-05-2026 06:45:00,0.626
04-05-2026 07:00:00,1.05
04-05-2026 07:15:00,1.675
04-05-2026 07:30:00,3.165
04-05-2026 07:45:00,4.473
04-05-2026 08:00:00,5.261
04-05-2026 08:15:00,4.782
04-05-2026 08:30:00,8.646
04-05-2026 08:45:00,13.362
04-05-2026 09:00:00,13.586
04-05-2026 09:15:00,19.773
04-05-2026 09:30:00,23.512
04-05-2026 09:45:00,21.425
04-05-2026 10:00:00,22.572
04-05-2026 10:15:00,26.583
04-05-2026 10:30:00,28.341
04-05-2026 10:45:00,33.07
04-05-2026 11:00:00,29.338
04-05-2026 11:15:00,27.982
04-05-2026 11:30:00,36.222
04-05-2026 11:45:00,30.354
04-05-2026 12:00:00,32.387
04-05-2026 12:15:00,31.996
04-05-2026 12:30:00,34.821
04-05-2026 12:45:00,33.102
04-05-2026 13:00:00,34.703
04-05-2026 13:15:00,35.38
04-05-2026 13:30:00,38.344
04-05-2026 13:45:00,34.106
04-05-2026 14:00:00,27.673
04-05-2026 14:15:00,26.843
04-05-2026 14:30:00,32.383
04-05-2026 14:45:00,28.201
04-05-2026 15:00:00,24.824
04-05-2026 15:15:00,18.177
04-05-2026 15:30:00,12.909
04-05-2026 15:45:00,20.946
04-05-2026 16:00:00,17.484
04-05-2026 16:15:00,14.896
04-05-2026 16:30:00,13.823
04-05-2026 16:45:00,10.186
04-05-2026 17:00:00,7.477
04-05-2026 17:15:00,5.384
04-05-2026 17:30:00,4.601
04-05-2026 17:45:00,3.349
04-05-2026 18:00:00,1.587
04-05-2026 18:15:00,0.498
04-05-2026 18:30:00,-0.55
04-05-2026 18:45:00,-0.771
04-05-2026 19:00:00,-0.771
04-05-2026 19:15:00,-0.771
04-05-2026 19:30:00,-0.771
04-05-2026 19:45:00,-0.771
04-05-2026 20:00:00,-0.771
04-05-2026 20:15:00,-0.771
04-05-2026 20:30:00,-0.771
04-05-2026 20:45:00,-0.771
04-05-2026 21:00:00,-0.771
04-05-2026 21:15:00,-0.771
04-05-2026 21:30:00,-0.771
04-05-2026 21:45:00,-0.771
04-05-2026 22:00:00,-0.771
04-05-2026 22:15:00,-0.771
04-05-2026 22:30:00,-0.771
04-05-2026 22:45:00,-0.771
04-05-2026 23:00:00,-0.771
04-05-2026 23:15:00,-0.771
04-05-2026 23:30:00,-0.771
04-05-2026 23:45:00,-0.771
04-06-2026 00:00:00,-0.771
04-06-2026 00:15:00,-0.771
04-06-2026 00:30:00,-0.771
04-06-2026 00:45:00,-0.771
04-06-2026 01:00:00,-0.771
04-06-2026 01:15:00,-0.771
04-06-2026 01:30:00,-0.771
04-06-2026 01:45:00,-0.771
04-06-2026 02:00:00,-0.771
04-06-2026 02:15:00,-0.771
04-06-2026 02:30:00,-0.771
04-06-2026 02:45:00,-0.771
04-06-2026 03:00:00,-0.771
04-06-2026 03:15:00,-0.771
04-06-2026 03:30:00,-0.771
04-06-2026 03:45:00,-0.771
04-06-2026 04:00:00,-0.771
04-06-2026 04:15:00,-0.771
04-06-2026 04:30:00,-0.771
04-06-2026 04:45:00,-0.771
04-06-2026 05:00:00,-0.771
04-06-2026 05:15:00,-0.771
04-06-2026 05:30:00,-0.771
04-06-2026 05:45:00,-0.771
04-06-2026 06:00:00,-0.771
04-06-2026 06:15:00,-0.771
04-06-2026 06:30:00,0.192
04-06-2026 06:45:00,1.62
04-06-2026 07:00:00,2.291
04-06-2026 07:15:00,3.032
04-06-2026 07:30:00,4
04-06-2026 07:45:00,5.381
04-06-2026 08:00:00,7.007
04-06-2026 08:15:00,6.43
04-06-2026 08:30:00,6.02
04-06-2026 08:45:00,6.879
04-06-2026 09:00:00,10.76
04-06-2026 09:15:00,17.576
04-06-2026 09:30:00,18.089
04-06-2026 09:45:00,22.238
04-06-2026 10:00:00,20.831
04-06-2026 10:15:00,24.775
04-06-2026 10:30:00,24.182
04-06-2026 10:45:00,18.428
04-06-2026 11:00:00,25.749
04-06-2026 11:15:00,22.112
04-06-2026 11:30:00,23.049
04-06-2026 11:45:00,22.847
04-06-2026 12:00:00,23.352
04-06-2026 12:15:00,25.226
04-06-2026 12:30:00,30.948
04-06-2026 12:45:00,30.747
04-06-2026 13:00:00,25.751
04-06-2026 13:15:00,28.77
04-06-2026 13:30:00,29.691
04-06-2026 13:45:00,29.765
04-06-2026 14:00:00,30.111
04-06-2026 14:15:00,28.846
04-06-2026 14:30:00,29.746
04-06-2026 14:45:00,22.915
04-06-2026 15:00:00,25.071
04-06-2026 15:15:00,23.741
04-06-2026 15:30:00,19.581
04-06-2026 15:45:00,18.345
04-06-2026 16:00:00,17.107
04-06-2026 16:15:00,15.523
04-06-2026 16:30:00,9.309
04-06-2026 16:45:00,6.623
04-06-2026 17:00:00,3.927
04-06-2026 17:15:00,4.998
04-06-2026 17:30:00,6.267
04-06-2026 17:45:00,3.789
04-06-2026 18:00:00,2.688
04-06-2026 18:15:00,1.414
04-06-2026 18:30:00,0.39
04-06-2026 18:45:00,0.109
04-06-2026 19:00:00,-0.751
04-06-2026 19:15:00,-0.771
04-06-2026 19:30:00,-0.771
04-06-2026 19:45:00,-0.771
04-06-2026 20:00:00,-0.771
04-06-2026 20:15:00,-0.771
04-06-2026 20:30:00,-0.771
04-06-2026 20:45:00,-0.771
04-06-2026 21:00:00,-0.771
04-06-2026 21:15:00,-0.771
04-06-2026 21:30:00,-0.771
04-06-2026 21:45:00,-0.771
04-06-2026 22:00:00,-0.771
04-06-2026 22:15:00,-0.771
04-06-2026 22:30:00,-0.771
04-06-2026 22:45:00,-0.771
04-06-2026 23:00:00,-0.771
04-06-2026 23:15:00,-0.771
04-06-2026 23:30:00,-0.771
04-06-2026 23:45:00,-0.771
04-07-2026 00:00:00,-0.771
04-07-2026 00:15:00,-0.771
04-07-2026 00:30:00,-0.771
04-07-2026 00:45:00,-0.771
04-07-2026 01:00:00,-0.771
04-07-2026 01:15:00,-0.771
04-07-2026 01:30:00,-0.771
04-07-2026 01:45:00,-0.771
04-07-2026 02:00:00,-0.771
04-07-2026 02:15:00,-0.771
04-07-2026 02:30:00,-0.771
04-07-2026 02:45:00,-0.771
04-07-2026 03:00:00,-0.771
04-07-2026 03:15:00,-0.771
04-07-2026 03:30:00,-0.771
04-07-2026 03:45:00,-0.771
04-07-2026 04:00:00,-0.771
04-07-2026 04:15:00,-0.771
04-07-2026 04:30:00,-0.771
04-07-2026 04:45:00,-0.771
04-07-2026 05:00:00,-0.771
04-07-2026 05:15:00,-0.771
04-07-2026 05:30:00,-0.771
04-07-2026 05:45:00,-0.771
04-07-2026 06:00:00,-0.771
04-07-2026 06:15:00,-0.771
04-07-2026 06:30:00,0.159
04-07-2026 06:45:00,0.714
04-07-2026 07:00:00,0.842
04-07-2026 07:15:00,2.46
04-07-2026 07:30:00,4.544
04-07-2026 07:45:00,7.745
04-07-2026 08:00:00,8.11
04-07-2026 08:15:00,9.873
04-07-2026 08:30:00,14.323
04-07-2026 08:45:00,13.422
04-07-2026 09:00:00,12.338
04-07-2026 09:15:00,10.714
04-07-2026 09:30:00,13.348
04-07-2026 09:45:00,15.172
04-07-2026 10:00:00,15.118
04-07-2026 10:15:00,19.833
04-07-2026 10:30:00,19.13
04-07-2026 10:45:00,27.506
04-07-2026 11:00:00,26.925
04-07-2026 11:15:00,17.823
04-07-2026 11:30:00,25.428
04-07-2026 11:45:00,17.904
04-07-2026 12:00:00,9.198
04-07-2026 12:15:00,6.692
04-07-2026 12:30:00,3.436
04-07-2026 12:45:00,2.836
04-07-2026 13:00:00,7.892
04-07-2026 13:15:00,4.221
04-07-2026 13:30:00,8.188
04-07-2026 13:45:00,5.427
04-07-2026 14:00:00,3.027
04-07-2026 14:15:00,5.278
04-07-2026 14:30:00,3.844
04-07-2026 14:45:00,2.083
04-07-2026 15:00:00,2.854
04-07-2026 15:15:00,3.277
04-07-2026 15:30:00,3.925
04-07-2026 15:45:00,3.916
04-07-2026 16:00:00,4.393
04-07-2026 16:15:00,2.886
04-07-2026 16:30:00,3.799
04-07-2026 16:45:00,2.925
04-07-2026 17:00:00,2.584
04-07-2026 17:15:00,2.777
04-07-2026 17:30:00,2.209
04-07-2026 17:45:00,3.174
04-07-2026 18:00:00,1.651
04-07-2026 18:15:00,0.739
04-07-2026 18:30:00,0.415
04-07-2026 18:45:00,-0.07
04-07-2026 19:00:00,-0.771
04-07-2026 19:15:00,-0.771
04-07-2026 19:30:00,-0.771
04-07-2026 19:45:00,-0.771
04-07-2026 20:00:00,-0.771
04-07-2026 20:15:00,-0.771
04-07-2026 20:30:00,-0.771
04-07-2026 20:45:00,-0.771
04-07-2026 21:00:00,-0.771
04-07-2026 21:15:00,-0.771
04-07-2026 21:30:00,-0.771
04-07-2026 21:45:00,-0.771
04-07-2026 22:00:00,-0.771
04-07-2026 22:15:00,-0.771
04-07-2026 22:30:00,-0.771
04-07-2026 22:45:00,-0.771
04-07-2026 23:00:00,-0.771
04-07-2026 23:15:00,-0.771
04-07-2026 23:30:00,-0.771
04-07-2026 23:45:00,-0.771
04-08-2026 00:00:00,-0.771
04-08-2026 00:15:00,-0.771
04-08-2026 00:30:00,-0.771
04-08-2026 00:45:00,-0.771
04-08-2026 01:00:00,-0.771
04-08-2026 01:15:00,-0.771
04-08-2026 01:30:00,-0.771
04-08-2026 01:45:00,-0.771
04-08-2026 02:00:00,-0.771
04-08-2026 02:15:00,-0.771
04-08-2026 02:30:00,-0.771
04-08-2026 02:45:00,-0.771
04-08-2026 03:00:00,-0.771
04-08-2026 03:15:00,-0.771
04-08-2026 03:30:00,-0.771
04-08-2026 03:45:00,-0.771
04-08-2026 04:00:00,-0.771
04-08-2026 04:15:00,-0.771
04-08-2026 04:30:00,-0.771
04-08-2026 04:45:00,-0.771
04-08-2026 05:00:00,-0.771
04-08-2026 05:15:00,-0.771
04-08-2026 05:30:00,-0.771
04-08-2026 05:45:00,-0.771
04-08-2026 06:00:00,-0.771
04-08-2026 06:15:00,-0.356
04-08-2026 06:30:00,-0.422
04-08-2026 06:45:00,-0.123
04-08-2026 07:00:00,1.877
04-08-2026 07:15:00,2.473
04-08-2026 07:30:00,3.117
04-08-2026 07:45:00,5.81
04-08-2026 08:00:00,5.016
04-08-2026 08:15:00,8.897
04-08-2026 08:30:00,7.795
04-08-2026 08:45:00,7.919
04-08-2026 09:00:00,9.944
04-08-2026 09:15:00,10.975
04-08-2026 09:30:00,11.105
04-08-2026 09:45:00,15.541
04-08-2026 10:00:00,14.282
04-08-2026 10:15:00,10.736
04-08-2026 10:30:00,11.624
04-08-2026 10:45:00,12.514
04-08-2026 11:00:00,10.889
04-08-2026 11:15:00,8.687
04-08-2026 11:30:00,5.935
04-08-2026 11:45:00,4.651
04-08-2026 12:00:00,5.685
04-08-2026 12:15:00,10.38
04-08-2026 12:30:00,7.801
04-08-2026 12:45:00,8.058
04-08-2026 13:00:00,4.371
04-08-2026 13:15:00,3.483
04-08-2026 13:30:00,3.355
04-08-2026 13:45:00,3.123
04-08-2026 14:00:00,2.436
04-08-2026 14:15:00,3.014
04-08-2026 14:30:00,5.344
04-08-2026 14:45:00,4.9
04-08-2026 15:00:00,2.659
04-08-2026 15:15:00,5.67
04-08-2026 15:30:00,7.198
04-08-2026 15:45:00,7.95
04-08-2026 16:00:00,5.855
04-08-2026 16:15:00,5.189
04-08-2026 16:30:00,3.262
04-08-2026 16:45:00,2.121
04-08-2026 17:00:00,2.166
04-08-2026 17:15:00,1.598
04-08-2026 17:30:00,1.113
04-08-2026 17:45:00,0.559
04-08-2026 18:00:00,-0.579
04-08-2026 18:15:00,-0.771
04-08-2026 18:30:00,-0.652
04-08-2026 18:45:00,-0.769
04-08-2026 19:00:00,-0.771
04-08-2026 19:15:00,-0.771
04-08-2026 19:30:00,-0.771
04-08-2026 19:45:00,-0.771
04-08-2026 20:00:00,-0.771
04-08-2026 20:15:00,-0.771
04-08-2026 20:30:00,-0.771
04-08-2026 20:45:00,-0.771
04-08-2026 21:00:00,-0.771
04-08-2026 21:15:00,-0.771
04-08-2026 21:30:00,-0.771
04-08-2026 21:45:00,-0.771
04-08-2026 22:00:00,-0.771
04-08-2026 22:15:00,-0.771
04-08-2026 22:30:00,-0.771
04-08-2026 22:45:00,-0.771
04-08-2026 23:00:00,-0.771
04-08-2026 23:15:00,-0.771
04-08-2026 23:30:00,-0.771
04-08-2026 23:45:00,-0.771
04-09-2026 00:00:00,-0.771
04-09-2026 00:15:00,-0.771
04-09-2026 00:30:00,-0.771
04-09-2026 00:45:00,-0.771
04-09-2026 01:00:00,-0.771
04-09-2026 01:15:00,-0.771
04-09-2026 01:30:00,-0.771
04-09-2026 01:45:00,-0.771
04-09-2026 02:00:00,-0.771
04-09-2026 02:15:00,-0.771
04-09-2026 02:30:00,-0.771
04-09-2026 02:45:00,-0.771
04-09-2026 03:00:00,-0.771
04-09-2026 03:15:00,-0.771
04-09-2026 03:30:00,-0.771
04-09-2026 03:45:00,-0.771
04-09-2026 04:00:00,-0.771
04-09-2026 04:15:00,-0.771
04-09-2026 04:30:00,-0.771
04-09-2026 04:45:00,-0.771
04-09-2026 05:00:00,-0.771
04-09-2026 05:15:00,-0.771
04-09-2026 05:30:00,-0.771
04-09-2026 05:45:00,-0.771
04-09-2026 06:00:00,-0.771
04-09-2026 06:15:00,-0.771
04-09-2026 06:30:00,-0.771
04-09-2026 06:45:00,-0.771
04-09-2026 07:00:00,0.067
04-09-2026 07:15:00,1.248
04-09-2026 07:30:00,1.467
04-09-2026 07:45:00,1.576
04-09-2026 08:00:00,1.146
04-09-2026 08:15:00,0.005
04-09-2026 08:30:00,1.591
04-09-2026 08:45:00,2.037
04-09-2026 09:00:00,2.504
04-09-2026 09:15:00,3.611
04-09-2026 09:30:00,5.793
04-09-2026 09:45:00,5.147
04-09-2026 10:00:00,5.352
04-09-2026 10:15:00,6.466
04-09-2026 10:30:00,5.338
04-09-2026 10:45:00,8.517
04-09-2026 11:00:00,9.752
04-09-2026 11:15:00,6.555
04-09-2026 11:30:00,4.595
04-09-2026 11:45:00,7.994
04-09-2026 12:00:00,8.736
04-09-2026 12:15:00,6.545
04-09-2026 12:30:00,6.442
04-09-2026 12:45:00,9.484
04-09-2026 13:00:00,7.5
04-09-2026 13:15:00,6.602
04-09-2026 13:30:00,6.869
04-09-2026 13:45:00,8.732
04-09-2026 14:00:00,8.667
04-09-2026 14:15:00,9.293
04-09-2026 14:30:00,6.73
04-09-2026 14:45:00,5.991
04-09-2026 15:00:00,4.332
04-09-2026 15:15:00,3.672
04-09-2026 15:30:00,3.324
04-09-2026 15:45:00,2.738
04-09-2026 16:00:00,2.35
04-09-2026 16:15:00,1.875
04-09-2026 16:30:00,1.59
04-09-2026 16:45:00,-0.416
04-09-2026 17:00:00,0.544
04-09-2026 17:15:00,1.851
04-09-2026 17:30:00,2.077
04-09-2026 17:45:00,1.785
04-09-2026 18:00:00,1.003
04-09-2026 18:15:00,-0.771
04-09-2026 18:30:00,-0.624
04-09-2026 18:45:00,-0.747
04-09-2026 19:00:00,-0.771
04-09-2026 19:15:00,-0.771
04-09-2026 19:30:00,-0.771
04-09-2026 19:45:00,-0.771
04-09-2026 20:00:00,-0.771
04-09-2026 20:15:00,-0.771
04-09-2026 20:30:00,-0.771
04-09-2026 20:45:00,-0.771
04-09-2026 21:00:00,-0.771
04-09-2026 21:15:00,-0.771
04-09-2026 21:30:00,-0.771
04-09-2026 21:45:00,-0.771
04-09-2026 22:00:00,-0.771
04-09-2026 22:15:00,-0.771
04-09-2026 22:30:00,-0.771
04-09-2026 22:45:00,-0.771
04-09-2026 23:00:00,-0.771
04-09-2026 23:15:00,-0.771
04-09-2026 23:30:00,-0.771
04-09-2026 23:45:00,-0.771
04-10-2026 00:00:00,-0.771
04-10-2026 00:15:00,-0.771
04-10-2026 00:30:00,-0.771
04-10-2026 00:45:00,-0.771
04-10-2026 01:00:00,-0.771
04-10-2026 01:15:00,-0.771
04-10-2026 01:30:00,-0.771
04-10-2026 01:45:00,-0.771
04-10-2026 02:00:00,-0.771
04-10-2026 02:15:00,-0.771
04-10-2026 02:30:00,-0.771
04-10-2026 02:45:00,-0.771
04-10-2026 03:00:00,-0.771
04-10-2026 03:15:00,-0.771
04-10-2026 03:30:00,-0.771
04-10-2026 03:45:00,-0.771
04-10-2026 04:00:00,-0.771
04-10-2026 04:15:00,-0.771
04-10-2026 04:30:00,-0.771
04-10-2026 04:45:00,-0.771
04-10-2026 05:00:00,-0.771
04-10-2026 05:15:00,-0.771
04-10-2026 05:30:00,-0.771
04-10-2026 05:45:00,-0.771
04-10-2026 06:00:00,-0.771
04-10-2026 06:15:00,-0.771
04-10-2026 06:30:00,-0.665
04-10-2026 06:45:00,0.247
04-10-2026 07:00:00,-0.61
04-10-2026 07:15:00,-0.728
04-10-2026 07:30:00,0.453
04-10-2026 07:45:00,1.103
04-10-2026 08:00:00,1.292
04-10-2026 08:15:00,1.044
04-10-2026 08:30:00,0.631
04-10-2026 08:45:00,2.749
04-10-2026 09:00:00,2.411
04-10-2026 09:15:00,2.335
04-10-2026 09:30:00,2.312
04-10-2026 09:45:00,2.165
04-10-2026 10:00:00,2.396
04-10-2026 10:15:00,1.791
04-10-2026 10:30:00,3.643
04-10-2026 10:45:00,3.165
04-10-2026 11:00:00,1.624
04-10-2026 11:15:00,2.255
04-10-2026 11:30:00,2.171
04-10-2026 11:45:00,3.347
04-10-2026 12:00:00,6.782
04-10-2026 12:15:00,4.091
04-10-2026 12:30:00,3.035
04-10-2026 12:45:00,3.205
04-10-2026 13:00:00,0.493
04-10-2026 13:15:00,-0.441
04-10-2026 13:30:00,1.264
04-10-2026 13:45:00,4.718
04-10-2026 14:00:00,4.662
04-10-2026 14:15:00,3.975
04-10-2026 14:30:00,3.86
04-10-2026 14:45:00,4.086
04-10-2026 15:00:00,2.606
04-10-2026 15:15:00,4.052
04-10-2026 15:30:00,2.885
04-10-2026 15:45:00,1.12
04-10-2026 16:00:00,2.227
04-10-2026 16:15:00,3.344
04-10-2026 16:30:00,6.292
04-10-2026 16:45:00,7.191
04-10-2026 17:00:00,3.676
04-10-2026 17:15:00,3.328
04-10-2026 17:30:00,2.353
04-10-2026 17:45:00,1.932
04-10-2026 18:00:00,2.827
04-10-2026 18:15:00,1.63
04-10-2026 18:30:00,0.366
04-10-2026 18:45:00,-0.771
04-10-2026 19:00:00,-0.771
04-10-2026 19:15:00,-0.771
04-10-2026 19:30:00,-0.771
04-10-2026 19:45:00,-0.771
04-10-2026 20:00:00,-0.771
04-10-2026 20:15:00,-0.771
04-10-2026 20:30:00,-0.771
04-10-2026 20:45:00,-0.771
04-10-2026 21:00:00,-0.771
04-10-2026 21:15:00,-0.771
04-10-2026 21:30:00,-0.771
04-10-2026 21:45:00,-0.771
04-10-2026 22:00:00,-0.771
04-10-2026 22:15:00,-0.771
04-10-2026 22:30:00,-0.771
04-10-2026 22:45:00,-0.771
04-10-2026 23:00:00,-0.771
04-10-2026 23:15:00,-0.771
04-10-2026 23:30:00,-0.771
04-10-2026 23:45:00,-0.771
04-11-2026 00:00:00,-0.771
04-11-2026 00:15:00,-0.771
04-11-2026 00:30:00,-0.771
04-11-2026 00:45:00,-0.771
04-11-2026 01:00:00,-0.771
04-11-2026 01:15:00,-0.771
04-11-2026 01:30:00,-0.771
04-11-2026 01:45:00,-0.771
04-11-2026 02:00:00,-0.771
04-11-2026 02:15:00,-0.771
04-11-2026 02:30:00,-0.771
04-11-2026 02:45:00,-0.771
04-11-2026 03:00:00,-0.771
04-11-2026 03:15:00,-0.771
04-11-2026 03:30:00,-0.771
04-11-2026 03:45:00,-0.771
04-11-2026 04:00:00,-0.771
04-11-2026 04:15:00,-0.771
04-11-2026 04:30:00,-0.771
04-11-2026 04:45:00,-0.771
04-11-2026 05:00:00,-0.771
04-11-2026 05:15:00,-0.771
04-11-2026 05:30:00,-0.771
04-11-2026 05:45:00,-0.771
04-11-2026 06:00:00,-0.771
04-11-2026 06:15:00,-0.389
04-11-2026 06:30:00,-0.009
04-11-2026 06:45:00,1.555
04-11-2026 07:00:00,1.799
04-11-2026 07:15:00,3.616
04-11-2026 07:30:00,6.842
04-11-2026 07:45:00,7.59
04-11-2026 08:00:00,8.146
04-11-2026 08:15:00,9.174
04-11-2026 08:30:00,11.438
04-11-2026 08:45:00,9.971
04-11-2026 09:00:00,13.72
04-11-2026 09:15:00,11.849
04-11-2026 09:30:00,15.159
04-11-2026 09:45:00,21.983
04-11-2026 10:00:00,18.026
04-11-2026 10:15:00,16.367
04-11-2026 10:30:00,24.562
04-11-2026 10:45:00,25.426
04-11-2026 11:00:00,24.698
04-11-2026 11:15:00,27.86
04-11-2026 11:30:00,27.526
04-11-2026 11:45:00,26.483
04-11-2026 12:00:00,20.398
04-11-2026 12:15:00,19.109
04-11-2026 12:30:00,21.214
04-11-2026 12:45:00,21.85
04-11-2026 13:00:00,18.891
04-11-2026 13:15:00,23.254
04-11-2026 13:30:00,21.266
04-11-2026 13:45:00,30.197
04-11-2026 14:00:00,30.231
04-11-2026 14:15:00,26.899
04-11-2026 14:30:00,23.045
04-11-2026 14:45:00,22.947
04-11-2026 15:00:00,16.468
04-11-2026 15:15:00,17.982
04-11-2026 15:30:00,15.532
04-11-2026 15:45:00,12.741
04-11-2026 16:00:00,11.733
04-11-2026 16:15:00,12.047
04-11-2026 16:30:00,6.102
04-11-2026 16:45:00,6.772
04-11-2026 17:00:00,6.403
04-11-2026 17:15:00,5.734
04-11-2026 17:30:00,5.939
04-11-2026 17:45:00,3.937
04-11-2026 18:00:00,1.892
04-11-2026 18:15:00,1.021
04-11-2026 18:30:00,-0.691
04-11-2026 18:45:00,-0.771
04-11-2026 19:00:00,-0.771
04-11-2026 19:15:00,-0.771
04-11-2026 19:30:00,-0.771
04-11-2026 19:45:00,-0.771
04-11-2026 20:00:00,-0.771
04-11-2026 20:15:00,-0.771
04-11-2026 20:30:00,-0.771
04-11-2026 20:45:00,-0.771
04-11-2026 21:00:00,-0.771
04-11-2026 21:15:00,-0.771
04-11-2026 21:30:00,-0.771
04-11-2026 21:45:00,-0.771
04-11-2026 22:00:00,-0.771
04-11-2026 22:15:00,-0.771
04-11-2026 22:30:00,-0.771
04-11-2026 22:45:00,-0.771
04-11-2026 23:00:00,-0.771
04-11-2026 23:15:00,-0.771
04-11-2026 23:30:00,-0.771
04-11-2026 23:45:00,-0.771
04-12-2026 00:00:00,-0.771
04-12-2026 00:15:00,-0.771
04-12-2026 00:30:00,-0.771
04-12-2026 00:45:00,-0.771
04-12-2026 01:00:00,-0.771
04-12-2026 01:15:00,-0.771
04-12-2026 01:30:00,-0.771
04-12-2026 01:45:00,-0.771
04-12-2026 02:00:00,-0.771
04-12-2026 02:15:00,-0.771
04-12-2026 02:30:00,-0.771
04-12-2026 02:45:00,-0.771
04-12-2026 03:00:00,-0.771
04-12-2026 03:15:00,-0.771
04-12-2026 03:30:00,-0.771
04-12-2026 03:45:00,-0.771
04-12-2026 04:00:00,-0.771
04-12-2026 04:15:00,-0.771
04-12-2026 04:30:00,-0.771
04-12-2026 04:45:00,-0.771
04-12-2026 05:00:00,-0.771
04-12-2026 05:15:00,-0.771
04-12-2026 05:30:00,-0.771
04-12-2026 05:45:00,-0.771
04-12-2026 06:00:00,-0.771
04-12-2026 06:15:00,-0.543
04-12-2026 06:30:00,0.314
04-12-2026 06:45:00,0.431
04-12-2026 07:00:00,-0.392
04-12-2026 07:15:00,1.923
04-12-2026 07:30:00,2.263
04-12-2026 07:45:00,3.317
04-12-2026 08:00:00,3.737
04-12-2026 08:15:00,4.108
04-12-2026 08:30:00,5.444
04-12-2026 08:45:00,7.718
04-12-2026 09:00:00,10.494
04-12-2026 09:15:00,10.109
04-12-2026 09:30:00,10.61
04-12-2026 09:45:00,11.224
04-12-2026 10:00:00,14.824
04-12-2026 10:15:00,16.484
04-12-2026 10:30:00,16.131
04-12-2026 10:45:00,17.67
04-12-2026 11:00:00,19.48
04-12-2026 11:15:00,19.259
04-12-2026 11:30:00,20.897
04-12-2026 11:45:00,18.745
04-12-2026 12:00:00,19.851
04-12-2026 12:15:00,25.569
04-12-2026 12:30:00,21.66
04-12-2026 12:45:00,17.409
04-12-2026 13:00:00,10.879
04-12-2026 13:15:00,11.8
04-12-2026 13:30:00,11.41
04-12-2026 13:45:00,9.105
04-12-2026 14:00:00,9.34
04-12-2026 14:15:00,9.641
04-12-2026 14:30:00,11.385
04-12-2026 14:45:00,11.271
04-12-2026 15:00:00,8.657
04-12-2026 15:15:00,7.696
04-12-2026 15:30:00,5.575
04-12-2026 15:45:00,3.812
04-12-2026 16:00:00,3.729
04-12-2026 16:15:00,3.663
04-12-2026 16:30:00,2.084
04-12-2026 16:45:00,0.769
04-12-2026 17:00:00,0.075
04-12-2026 17:15:00,0.97
04-12-2026 17:30:00,0.347
04-12-2026 17:45:00,-0.694
04-12-2026 18:00:00,0.175
04-12-2026 18:15:00,0.167
04-12-2026 18:30:00,-0.558
04-12-2026 18:45:00,-0.771
04-12-2026 19:00:00,-0.771
04-12-2026 19:15:00,-0.771
04-12-2026 19:30:00,-0.771
04-12-2026 19:45:00,-0.771
04-12-2026 20:00:00,-0.771
04-12-2026 20:15:00,-0.771
04-12-2026 20:30:00,-0.771
04-12-2026 20:45:00,-0.771
04-12-2026 21:00:00,-0.771
04-12-2026 21:15:00,-0.771
04-12-2026 21:30:00,-0.771
04-12-2026 21:45:00,-0.771
04-12-2026 22:00:00,-0.771
04-12-2026 22:15:00,-0.771
04-12-2026 22:30:00,-0.771
04-12-2026 22:45:00,-0.771
04-12-2026 23:00:00,-0.771
04-12-2026 23:15:00,-0.771
04-12-2026 23:30:00,-0.771
04-12-2026 23:45:00,-0.771
04-13-2026 00:00:00,-0.771
04-13-2026 00:15:00,-0.771
04-13-2026 00:30:00,-0.771
04-13-2026 00:45:00,-0.771
04-13-2026 01:00:00,-0.771
04-13-2026 01:15:00,-0.771
04-13-2026 01:30:00,-0.771
04-13-2026 01:45:00,-0.771
04-13-2026 02:00:00,-0.771
04-13-2026 02:15:00,-0.771
04-13-2026 02:30:00,-0.771
04-13-2026 02:45:00,-0.771
04-13-2026 03:00:00,-0.771
04-13-2026 03:15:00,-0.771
04-13-2026 03:30:00,-0.771
04-13-2026 03:45:00,-0.771
04-13-2026 04:00:00,-0.771
04-13-2026 04:15:00,-0.771
04-13-2026 04:30:00,-0.771
04-13-2026 04:45:00,-0.771
04-13-2026 05:00:00,-0.771
04-13-2026 05:15:00,-0.771
04-13-2026 05:30:00,-0.771
04-13-2026 05:45:00,-0.771
04-13-2026 06:00:00,-0.771
04-13-2026 06:15:00,-0.108
04-13-2026 06:30:00,0.408
04-13-2026 06:45:00,0.524
04-13-2026 07:00:00,0.013
04-13-2026 07:15:00,-0.298
04-13-2026 07:30:00,3.399
04-13-2026 07:45:00,5.024
04-13-2026 08:00:00,6.31
04-13-2026 08:15:00,7.895
04-13-2026 08:30:00,9.769
04-13-2026 08:45:00,9.727
04-13-2026 09:00:00,9.232
04-13-2026 09:15:00,10.427
04-13-2026 09:30:00,10.843
04-13-2026 09:45:00,10.731
04-13-2026 10:00:00,8.555
04-13-2026 10:15:00,8.822
04-13-2026 10:30:00,9.029
04-13-2026 10:45:00,10.487
04-13-2026 11:00:00,9.999
04-13-2026 11:15:00,10.65
04-13-2026 11:30:00,8.933
04-13-2026 11:45:00,8.479
04-13-2026 12:00:00,6.398
04-13-2026 12:15:00,7.082
04-13-2026 12:30:00,8.719
04-13-2026 12:45:00,12.655
04-13-2026 13:00:00,18.712
04-13-2026 13:15:00,20.134
04-13-2026 13:30:00,17.599
04-13-2026 13:45:00,11.741
04-13-2026 14:00:00,11.935
04-13-2026 14:15:00,19.596
04-13-2026 14:30:00,10.874
04-13-2026 14:45:00,16.953
04-13-2026 15:00:00,15.855
04-13-2026 15:15:00,15.757
04-13-2026 15:30:00,12.285
04-13-2026 15:45:00,10.236
04-13-2026 16:00:00,12.018
04-13-2026 16:15:00,10.227
04-13-2026 16:30:00,10.566
04-13-2026 16:45:00,9.252
04-13-2026 17:00:00,6.158
04-13-2026 17:15:00,4.194
04-13-2026 17:30:00,3.114
04-13-2026 17:45:00,2.782
04-13-2026 18:00:00,1.597
04-13-2026 18:15:00,0.697
04-13-2026 18:30:00,0.234
04-13-2026 18:45:00,-0.553
04-13-2026 19:00:00,-0.771
04-13-2026 19:15:00,-0.771
04-13-2026 19:30:00,-0.771
04-13-2026 19:45:00,-0.771
04-13-2026 20:00:00,-0.771
04-13-2026 20:15:00,-0.771
04-13-2026 20:30:00,-0.771
04-13-2026 20:45:00,-0.771
04-13-2026 21:00:00,-0.771
04-13-2026 21:15:00,-0.771
04-13-2026 21:30:00,-0.771
04-13-2026 21:45:00,-0.771
04-13-2026 22:00:00,-0.771
04-13-2026 22:15:00,-0.771
04-13-2026 22:30:00,-0.771
04-13-2026 22:45:00,-0.771
04-13-2026 23:00:00,-0.771
04-13-2026 23:15:00,-0.771
04-13-2026 23:30:00,-0.771
04-13-2026 23:45:00,-0.771
04-14-2026 00:00:00,-0.771
04-14-2026 00:15:00,-0.771
04-14-2026 00:30:00,-0.771
04-14-2026 00:45:00,-0.771
04-14-2026 01:00:00,-0.771
04-14-2026 01:15:00,-0.771
04-14-2026 01:30:00,-0.771
04-14-2026 01:45:00,-0.771
04-14-2026 02:00:00,-0.771
04-14-2026 02:15:00,-0.771
04-14-2026 02:30:00,-0.771
04-14-2026 02:45:00,-0.771
04-14-2026 03:00:00,-0.771
04-14-2026 03:15:00,-0.771
04-14-2026 03:30:00,-0.771
04-14-2026 03:45:00,-0.771
04-14-2026 04:00:00,-0.771
04-14-2026 04:15:00,-0.771
04-14-2026 04:30:00,-0.771
04-14-2026 04:45:00,-0.771
04-14-2026 05:00:00,-0.771
04-14-2026 05:15:00,-0.771
04-14-2026 05:30:00,-0.771
04-14-2026 05:45:00,-0.771
04-14-2026 06:00:00,-0.771
04-14-2026 06:15:00,-0.771
04-14-2026 06:30:00,-0.77
04-14-2026 06:45:00,1.384
04-14-2026 07:00:00,2.427
04-14-2026 07:15:00,3.777
04-14-2026 07:30:00,6.17
04-14-2026 07:45:00,8.277
04-14-2026 08:00:00,7.203
04-14-2026 08:15:00,9.533
04-14-2026 08:30:00,10.97
04-14-2026 08:45:00,11.853
04-14-2026 09:00:00,13.608
04-14-2026 09:15:00,12.104
04-14-2026 09:30:00,10.918
04-14-2026 09:45:00,15.736
04-14-2026 10:00:00,14.8
04-14-2026 10:15:00,20.174
04-14-2026 10:30:00,16.452
04-14-2026 10:45:00,20.311
04-14-2026 11:00:00,25.889
04-14-2026 11:15:00,11.131
04-14-2026 11:30:00,11.51
04-14-2026 11:45:00,19.369
04-14-2026 12:00:00,19.991
04-14-2026 12:15:00,20.955
04-14-2026 12:30:00,24.327
04-14-2026 12:45:00,26.227
04-14-2026 13:00:00,15.949
04-14-2026 13:15:00,7.715
04-14-2026 13:30:00,9.674
04-14-2026 13:45:00,9.105
04-14-2026 14:00:00,8.866
04-14-2026 14:15:00,11.716
04-14-2026 14:30:00,9.174
04-14-2026 14:45:00,6.499
04-14-2026 15:00:00,5.156
04-14-2026 15:15:00,4.912
04-14-2026 15:30:00,4.036
04-14-2026 15:45:00,5.145
04-14-2026 16:00:00,3.064
04-14-2026 16:15:00,1.226
04-14-2026 16:30:00,0.889
04-14-2026 16:45:00,1.279
04-14-2026 17:00:00,3.312
04-14-2026 17:15:00,3.205
04-14-2026 17:30:00,2.454
04-14-2026 17:45:00,1.592
04-14-2026 18:00:00,0.647
04-14-2026 18:15:00,-0.769
04-14-2026 18:30:00,0.003
04-14-2026 18:45:00,-0.288
04-14-2026 19:00:00,-0.771
04-14-2026 19:15:00,-0.771
04-14-2026 19:30:00,-0.771
04-14-2026 19:45:00,-0.771
04-14-2026 20:00:00,-0.771
04-14-2026 20:15:00,-0.771
04-14-2026 20:30:00,-0.771
04-14-2026 20:45:00,-0.771
04-14-2026 21:00:00,-0.771
04-14-2026 21:15:00,-0.771
04-14-2026 21:30:00,-0.771
04-14-2026 21:45:00,-0.771
04-14-2026 22:00:00,-0.771
04-14-2026 22:15:00,-0.771
04-14-2026 22:30:00,-0.771
04-14-2026 22:45:00,-0.771
04-14-2026 23:00:00,-0.771
04-14-2026 23:15:00,-0.771
04-14-2026 23:30:00,-0.771
04-14-2026 23:45:00,-0.771
04-15-2026 00:00:00,-0.771
04-15-2026 00:15:00,-0.771
04-15-2026 00:30:00,-0.771
04-15-2026 00:45:00,-0.771
04-15-2026 01:00:00,-0.771
04-15-2026 01:15:00,-0.771
04-15-2026 01:30:00,-0.771
04-15-2026 01:45:00,-0.771
04-15-2026 02:00:00,-0.771
04-15-2026 02:15:00,-0.771
04-15-2026 02:30:00,-0.771
04-15-2026 02:45:00,-0.771
04-15-2026 03:00:00,-0.771
04-15-2026 03:15:00,-0.771
04-15-2026 03:30:00,-0.771
04-15-2026 03:45:00,-0.771
04-15-2026 04:00:00,-0.771
04-15-2026 04:15:00,-0.771
04-15-2026 04:30:00,-0.771
04-15-2026 04:45:00,-0.771
04-15-2026 05:00:00,-0.771
04-15-2026 05:15:00,-0.771
04-15-2026 05:30:00,-0.771
04-15-2026 05:45:00,-0.771
04-15-2026 06:00:00,-0.771
04-15-2026 06:15:00,-0.771
04-15-2026 06:30:00,-0.647
04-15-2026 06:45:00,1.691
04-15-2026 07:00:00,3.791
04-15-2026 07:15:00,3.985
04-15-2026 07:30:00,3.487
04-15-2026 07:45:00,3.549
04-15-2026 08:00:00,6.534
04-15-2026 08:15:00,9.71
04-15-2026 08:30:00,8.064
04-15-2026 08:45:00,5.354
04-15-2026 09:00:00,8.152
04-15-2026 09:15:00,10.414
04-15-2026 09:30:00,12.274
04-15-2026 09:45:00,10.891
04-15-2026 10:00:00,11.504
04-15-2026 10:15:00,13.391
04-15-2026 10:30:00,21.332
04-15-2026 10:45:00,20.285
04-15-2026 11:00:00,21.874
04-15-2026 11:15:00,24.956
04-15-2026 11:30:00,25.532
04-15-2026 11:45:00,28.768
04-15-2026 12:00:00,26.823
04-15-2026 12:15:00,18.929
04-15-2026 12:30:00,11.571
04-15-2026 12:45:00,14.956
04-15-2026 13:00:00,20.657
04-15-2026 13:15:00,21.121
04-15-2026 13:30:00,18.633
04-15-2026 13:45:00,18.142
04-15-2026 14:00:00,15.418
04-15-2026 14:15:00,20.728
04-15-2026 14:30:00,28.163
04-15-2026 14:45:00,18.778
04-15-2026 15:00:00,24.079
04-15-2026 15:15:00,27.712
04-15-2026 15:30:00,23.617
04-15-2026 15:45:00,18.693
04-15-2026 16:00:00,14.098
04-15-2026 16:15:00,16.217
04-15-2026 16:30:00,8.899
04-15-2026 16:45:00,7.545
04-15-2026 17:00:00,7.939
04-15-2026 17:15:00,6.926
04-15-2026 17:30:00,3.017
04-15-2026 17:45:00,2.416
04-15-2026 18:00:00,0.936
04-15-2026 18:15:00,-0.771
04-15-2026 18:30:00,0.152
04-15-2026 18:45:00,-0.239
04-15-2026 19:00:00,-0.771
04-15-2026 19:15:00,-0.771
04-15-2026 19:30:00,-0.771
04-15-2026 19:45:00,-0.771
04-15-2026 20:00:00,-0.771
04-15-2026 20:15:00,-0.771
04-15-2026 20:30:00,-0.771
04-15-2026 20:45:00,-0.771
04-15-2026 21:00:00,-0.771
04-15-2026 21:15:00,-0.771
04-15-2026 21:30:00,-0.771
04-15-2026 21:45:00,-0.771
04-15-2026 22:00:00,-0.771
04-15-2026 22:15:00,-0.771
04-15-2026 22:30:00,-0.771
04-15-2026 22:45:00,-0.771
04-15-2026 23:00:00,-0.771
04-15-2026 23:15:00,-0.771
04-15-2026 23:30:00,-0.771
04-15-2026 23:45:00,-0.771
04-16-2026 00:00:00,-0.771
04-16-2026 00:15:00,-0.771
04-16-2026 00:30:00,-0.771
04-16-2026 00:45:00,-0.771
04-16-2026 01:00:00,-0.771
04-16-2026 01:15:00,-0.771
04-16-2026 01:30:00,-0.771
04-16-2026 01:45:00,-0.771
04-16-2026 02:00:00,-0.771
04-16-2026 02:15:00,-0.771
04-16-2026 02:30:00,-0.771
04-16-2026 02:45:00,-0.771
04-16-2026 03:00:00,-0.771
04-16-2026 03:15:00,-0.771
04-16-2026 03:30:00,-0.771
04-16-2026 03:45:00,-0.771
04-16-2026 04:00:00,-0.771
04-16-2026 04:15:00,-0.771
04-16-2026 04:30:00,-0.771
04-16-2026 04:45:00,-0.771
04-16-2026 05:00:00,-0.771
04-16-2026 05:15:00,-0.771
04-16-2026 05:30:00,-0.771
04-16-2026 05:45:00,-0.771
04-16-2026 06:00:00,-0.771
04-16-2026 06:15:00,-0.771
04-16-2026 06:30:00,0.741
04-16-2026 06:45:00,1.262
04-16-2026 07:00:00,3.468
04-16-2026 07:15:00,3.981
04-16-2026 07:30:00,4.743
04-16-2026 07:45:00,7.281
04-16-2026 08:00:00,9.467
04-16-2026 08:15:00,10.491
04-16-2026 08:30:00,13.533
04-16-2026 08:45:00,16.953
04-16-2026 09:00:00,14.628
04-16-2026 09:15:00,15.482
04-16-2026 09:30:00,19.79
04-16-2026 09:45:00,22.166
04-16-2026 10:00:00,24.475
04-16-2026 10:15:00,23.739
04-16-2026 10:30:00,27.987
04-16-2026 10:45:00,29.136
04-16-2026 11:00:00,31.948
04-16-2026 11:15:00,31.925
04-16-2026 11:30:00,31.237
04-16-2026 11:45:00,31.68
04-16-2026 12:00:00,31.504
04-16-2026 12:15:00,32.076
04-16-2026 12:30:00,31.679
04-16-2026 12:45:00,31.671
04-16-2026 13:00:00,30.479
04-16-2026 13:15:00,30.746
04-16-2026 13:30:00,31.294
04-16-2026 13:45:00,30.366
04-16-2026 14:00:00,29.62
04-16-2026 14:15:00,29.231
04-16-2026 14:30:00,28.509
04-16-2026 14:45:00,25.847
04-16-2026 15:00:00,27.868
04-16-2026 15:15:00,25.907
04-16-2026 15:30:00,23.358
04-16-2026 15:45:00,21.565
04-16-2026 16:00:00,20.58
04-16-2026 16:15:00,18.775
04-16-2026 16:30:00,12.791
04-16-2026 16:45:00,6.661
04-16-2026 17:00:00,5.414
04-16-2026 17:15:00,5.517
04-16-2026 17:30:00,5.13
04-16-2026 17:45:00,3.375
04-16-2026 18:00:00,2.478
04-16-2026 18:15:00,1.438
04-16-2026 18:30:00,-0.585
04-16-2026 18:45:00,-0.771
04-16-2026 19:00:00,-0.771
04-16-2026 19:15:00,-0.771
04-16-2026 19:30:00,-0.771
04-16-2026 19:45:00,-0.771
04-16-2026 20:00:00,-0.771
04-16-2026 20:15:00,-0.771
04-16-2026 20:30:00,-0.771
04-16-2026 20:45:00,-0.771
04-16-2026 21:00:00,-0.771
04-16-2026 21:15:00,-0.771
04-16-2026 21:30:00,-0.771
04-16-2026 21:45:00,-0.771
04-16-2026 22:00:00,-0.771
04-16-2026 22:15:00,-0.771
04-16-2026 22:30:00,-0.771
04-16-2026 22:45:00,-0.771
04-16-2026 23:00:00,-0.771
04-16-2026 23:15:00,-0.771
04-16-2026 23:30:00,-0.771
04-16-2026 23:45:00,-0.771
04-17-2026 00:00:00,-0.771
04-17-2026 00:15:00,-0.771
04-17-2026 00:30:00,-0.771
04-17-2026 00:45:00,-0.771
04-17-2026 01:00:00,-0.771
04-17-2026 01:15:00,-0.771
04-17-2026 01:30:00,-0.771
04-17-2026 01:45:00,-0.771
04-17-2026 02:00:00,-0.771
04-17-2026 02:15:00,-0.771
04-17-2026 02:30:00,-0.771
04-17-2026 02:45:00,-0.771
04-17-2026 03:00:00,-0.771
04-17-2026 03:15:00,-0.771
04-17-2026 03:30:00,-0.771
04-17-2026 03:45:00,-0.771
04-17-2026 04:00:00,-0.771
04-17-2026 04:15:00,-0.771
04-17-2026 04:30:00,-0.771
04-17-2026 04:45:00,-0.771
04-17-2026 05:00:00,-0.771
04-17-2026 05:15:00,-0.771
04-17-2026 05:30:00,-0.771
04-17-2026 05:45:00,-0.771
04-17-2026 06:00:00,-0.646
04-17-2026 06:15:00,-0.571
04-17-2026 06:30:00,-0.771
04-17-2026 06:45:00,0.432
04-17-2026 07:00:00,1.428
04-17-2026 07:15:00,1.933
04-17-2026 07:30:00,4.208
04-17-2026 07:45:00,5.708
04-17-2026 08:00:00,9.708
04-17-2026 08:15:00,10.299
04-17-2026 08:30:00,12.471
04-17-2026 08:45:00,14.788
04-17-2026 09:00:00,16.798
04-17-2026 09:15:00,18.08
04-17-2026 09:30:00,20.29
04-17-2026 09:45:00,22.598
04-17-2026 10:00:00,24.454
04-17-2026 10:15:00,25.739
04-17-2026 10:30:00,27.607
04-17-2026 10:45:00,29.178
04-17-2026 11:00:00,27.938
04-17-2026 11:15:00,28.826
04-17-2026 11:30:00,26.428
04-17-2026 11:45:00,27.561
04-17-2026 12:00:00,28.981
04-17-2026 12:15:00,29.852
04-17-2026 12:30:00,31.391
04-17-2026 12:45:00,28.603
04-17-2026 13:00:00,27.869
04-17-2026 13:15:00,26.684
04-17-2026 13:30:00,29.65
04-17-2026 13:45:00,24.867
04-17-2026 14:00:00,26.587
04-17-2026 14:15:00,24.892
04-17-2026 14:30:00,27.904
04-17-2026 14:45:00,25.467
04-17-2026 15:00:00,22.468
04-17-2026 15:15:00,22.463
04-17-2026 15:30:00,23.034
04-17-2026 15:45:00,12.042
04-17-2026 16:00:00,9.604
04-17-2026 16:15:00,10.924
04-17-2026 16:30:00,10.034
04-17-2026 16:45:00,10.052
04-17-2026 17:00:00,7.617
04-17-2026 17:15:00,7.081
04-17-2026 17:30:00,3.838
04-17-2026 17:45:00,2.141
04-17-2026 18:00:00,0.824
04-17-2026 18:15:00,0.335
04-17-2026 18:30:00,0.425
04-17-2026 18:45:00,-0.377
04-17-2026 19:00:00,-0.771
04-17-2026 19:15:00,-0.771
04-17-2026 19:30:00,-0.771
04-17-2026 19:45:00,-0.771
04-17-2026 20:00:00,-0.771
04-17-2026 20:15:00,-0.771
04-17-2026 20:30:00,-0.771
04-17-2026 20:45:00,-0.771
04-17-2026 21:00:00,-0.771
04-17-2026 21:15:00,-0.771
04-17-2026 21:30:00,-0.771
04-17-2026 21:45:00,-0.771
04-17-2026 22:00:00,-0.771
04-17-2026 22:15:00,-0.771
04-17-2026 22:30:00,-0.771
04-17-2026 22:45:00,-0.771
04-17-2026 23:00:00,-0.771
04-17-2026 23:15:00,-0.771
04-17-2026 23:30:00,-0.771
04-17-2026 23:45:00,-0.771
04-18-2026 00:00:00,-0.771
04-18-2026 00:15:00,-0.771
04-18-2026 00:30:00,-0.771
04-18-2026 00:45:00,-0.771
04-18-2026 01:00:00,-0.771
04-18-2026 01:15:00,-0.771
04-18-2026 01:30:00,-0.771
04-18-2026 01:45:00,-0.771
04-18-2026 02:00:00,-0.771
04-18-2026 02:15:00,-0.771
04-18-2026 02:30:00,-0.771
04-18-2026 02:45:00,-0.771
04-18-2026 03:00:00,-0.771
04-18-2026 03:15:00,-0.771
04-18-2026 03:30:00,-0.771
04-18-2026 03:45:00,-0.771
04-18-2026 04:00:00,-0.771
04-18-2026 04:15:00,-0.771
04-18-2026 04:30:00,-0.771
04-18-2026 04:45:00,-0.771
04-18-2026 05:00:00,-0.771
04-18-2026 05:15:00,-0.771
04-18-2026 05:30:00,-0.771
04-18-2026 05:45:00,-0.771
04-18-2026 06:00:00,-0.771
04-18-2026 06:15:00,-0.771
04-18-2026 06:30:00,-0.771
04-18-2026 06:45:00,-0.74
04-18-2026 07:00:00,0.69
04-18-2026 07:15:00,1.465
04-18-2026 07:30:00,2.363
04-18-2026 07:45:00,3.595
04-18-2026 08:00:00,3.831
04-18-2026 08:15:00,5.749
04-18-2026 08:30:00,6.313
04-18-2026 08:45:00,6.75
04-18-2026 09:00:00,7.838
04-18-2026 09:15:00,9.144
04-18-2026 09:30:00,7.773
04-18-2026 09:45:00,9.52
04-18-2026 10:00:00,10.459
04-18-2026 10:15:00,7.948
04-18-2026 10:30:00,10.843
04-18-2026 10:45:00,13.171
04-18-2026 11:00:00,13.287
04-18-2026 11:15:00,13.22
04-18-2026 11:30:00,12.281
04-18-2026 11:45:00,11.969
04-18-2026 12:00:00,8.625
04-18-2026 12:15:00,12.782
04-18-2026 12:30:00,14.613
04-18-2026 12:45:00,15.669
04-18-2026 13:00:00,16.243
04-18-2026 13:15:00,13.316
04-18-2026 13:30:00,8.905
04-18-2026 13:45:00,10.252
04-18-2026 14:00:00,10.2
04-18-2026 14:15:00,10.9
04-18-2026 14:30:00,12.767
04-18-2026 14:45:00,13.727
04-18-2026 15:00:00,14.336
04-18-2026 15:15:00,13.31
04-18-2026 15:30:00,24.291
04-18-2026 15:45:00,16.641
04-18-2026 16:00:00,16.303
04-18-2026 16:15:00,18.46
04-18-2026 16:30:00,12.836
04-18-2026 16:45:00,9.575
04-18-2026 17:00:00,6.156
04-18-2026 17:15:00,4.081
04-18-2026 17:30:00,3.472
04-18-2026 17:45:00,2.692
04-18-2026 18:00:00,1.525
04-18-2026 18:15:00,0.7
04-18-2026 18:30:00,0.514
04-18-2026 18:45:00,0.07
04-18-2026 19:00:00,-0.763
04-18-2026 19:15:00,-0.771
04-18-2026 19:30:00,-0.771
04-18-2026 19:45:00,-0.771
04-18-2026 20:00:00,-0.771
04-18-2026 20:15:00,-0.771
04-18-2026 20:30:00,-0.771
04-18-2026 20:45:00,-0.771
04-18-2026 21:00:00,-0.771
04-18-2026 21:15:00,-0.771
04-18-2026 21:30:00,-0.771
04-18-2026 21:45:00,-0.771
04-18-2026 22:00:00,-0.771
04-18-2026 22:15:00,-0.771
04-18-2026 22:30:00,-0.771
04-18-2026 22:45:00,-0.771
04-18-2026 23:00:00,-0.771
04-18-2026 23:15:00,-0.771
04-18-2026 23:30:00,-0.771
04-18-2026 23:45:00,-0.771
04-19-2026 00:00:00,-0.771
04-19-2026 00:15:00,-0.771
04-19-2026 00:30:00,-0.771
04-19-2026 00:45:00,-0.771
04-19-2026 01:00:00,-0.771
04-19-2026 01:15:00,-0.771
04-19-2026 01:30:00,-0.771
04-19-2026 01:45:00,-0.771
04-19-2026 02:00:00,-0.771
04-19-2026 02:15:00,-0.771
04-19-2026 02:30:00,-0.771
04-19-2026 02:45:00,-0.771
04-19-2026 03:00:00,-0.771
04-19-2026 03:15:00,-0.771
04-19-2026 03:30:00,-0.771
04-19-2026 03:45:00,-0.771
04-19-2026 04:00:00,-0.771
04-19-2026 04:15:00,-0.771
04-19-2026 04:30:00,-0.771
04-19-2026 04:45:00,-0.771
04-19-2026 05:00:00,-0.771
04-19-2026 05:15:00,-0.771
04-19-2026 05:30:00,-0.771
04-19-2026 05:45:00,-0.771
04-19-2026 06:00:00,-0.073
04-19-2026 06:15:00,-0.456
04-19-2026 06:30:00,-0.771
04-19-2026 06:45:00,0.923
04-19-2026 07:00:00,1.98
04-19-2026 07:15:00,2.563
04-19-2026 07:30:00,4.443
04-19-2026 07:45:00,8.648
04-19-2026 08:00:00,10.386
04-19-2026 08:15:00,11.262
04-19-2026 08:30:00,11.587
04-19-2026 08:45:00,14.481
04-19-2026 09:00:00,15.985
04-19-2026 09:15:00,17.046
04-19-2026 09:30:00,18.554
04-19-2026 09:45:00,20.051
04-19-2026 10:00:00,21.597
04-19-2026 10:15:00,22.844
04-19-2026 10:30:00,23.213
04-19-2026 10:45:00,24.939
04-19-2026 11:00:00,27.247
04-19-2026 11:15:00,30.272
04-19-2026 11:30:00,30.515
04-19-2026 11:45:00,30.564
04-19-2026 12:00:00,31.749
04-19-2026 12:15:00,31.533
04-19-2026 12:30:00,31.587
04-19-2026 12:45:00,32.876
04-19-2026 13:00:00,31.737
04-19-2026 13:15:00,31.376
04-19-2026 13:30:00,30.455
04-19-2026 13:45:00,30.092
04-19-2026 14:00:00,27.836
04-19-2026 14:15:00,27.618
04-19-2026 14:30:00,26.318
04-19-2026 14:45:00,25.269
04-19-2026 15:00:00,25.487
04-19-2026 15:15:00,23.541
04-19-2026 15:30:00,22.589
04-19-2026 15:45:00,17.689
04-19-2026 16:00:00,19.284
04-19-2026 16:15:00,16.233
04-19-2026 16:30:00,13.779
04-19-2026 16:45:00,12.862
04-19-2026 17:00:00,6.936
04-19-2026 17:15:00,5.151
04-19-2026 17:30:00,4.397
04-19-2026 17:45:00,3.345
04-19-2026 18:00:00,2.081
04-19-2026 18:15:00,1.542
04-19-2026 18:30:00,0.84
04-19-2026 18:45:00,-0.084
04-19-2026 19:00:00,-0.544
04-19-2026 19:15:00,-0.771
04-19-2026 19:30:00,-0.771
04-19-2026 19:45:00,-0.771
04-19-2026 20:00:00,-0.771
04-19-2026 20:15:00,-0.771
04-19-2026 20:30:00,-0.771
04-19-2026 20:45:00,-0.771
04-19-2026 21:00:00,-0.771
04-19-2026 21:15:00,-0.771
04-19-2026 21:30:00,-0.771
04-19-2026 21:45:00,-0.771
04-19-2026 22:00:00,-0.771
04-19-2026 22:15:00,-0.771
04-19-2026 22:30:00,-0.771
04-19-2026 22:45:00,-0.771
04-19-2026 23:00:00,-0.771
04-19-2026 23:15:00,-0.771
04-19-2026 23:30:00,-0.771
04-19-2026 23:45:00,-0.771
04-20-2026 00:00:00,-0.771
04-20-2026 00:15:00,-0.771
04-20-2026 00:30:00,-0.771
04-20-2026 00:45:00,-0.771
04-20-2026 01:00:00,-0.771
04-20-2026 01:15:00,-0.771
04-20-2026 01:30:00,-0.771
04-20-2026 01:45:00,-0.771
04-20-2026 02:00:00,-0.771
04-20-2026 02:15:00,-0.771
04-20-2026 02:30:00,-0.771
04-20-2026 02:45:00,-0.771
04-20-2026 03:00:00,-0.771
04-20-2026 03:15:00,-0.771
04-20-2026 03:30:00,-0.771
04-20-2026 03:45:00,-0.771
04-20-2026 04:00:00,-0.771
04-20-2026 04:15:00,-0.771
04-20-2026 04:30:00,-0.771
04-20-2026 04:45:00,-0.771
04-20-2026 05:00:00,-0.771
04-20-2026 05:15:00,-0.771
04-20-2026 05:30:00,-0.771
04-20-2026 05:45:00,-0.771
04-20-2026 06:00:00,-0.648
04-20-2026 06:15:00,-0.538
04-20-2026 06:30:00,-0.274
04-20-2026 06:45:00,1.804
04-20-2026 07:00:00,3.128
04-20-2026 07:15:00,3.88
04-20-2026 07:30:00,4.772
04-20-2026 07:45:00,5.42
04-20-2026 08:00:00,7.214
04-20-2026 08:15:00,11.585
04-20-2026 08:30:00,16.103
04-20-2026 08:45:00,7.629
04-20-2026 09:00:00,6.831
04-20-2026 09:15:00,13.939
04-20-2026 09:30:00,16.191
04-20-2026 09:45:00,15.003
04-20-2026 10:00:00,14.254
04-20-2026 10:15:00,13.28
04-20-2026 10:30:00,11.761
04-20-2026 10:45:00,12.723
04-20-2026 11:00:00,24.334
04-20-2026 11:15:00,34.263
04-20-2026 11:30:00,29.138
04-20-2026 11:45:00,30.543
04-20-2026 12:00:00,13.504
04-20-2026 12:15:00,30.268
04-20-2026 12:30:00,31.216
04-20-2026 12:45:00,29.414
04-20-2026 13:00:00,21.653
04-20-2026 13:15:00,23.961
04-20-2026 13:30:00,28.778
04-20-2026 13:45:00,24.672
04-20-2026 14:00:00,26.778
04-20-2026 14:15:00,24.974
04-20-2026 14:30:00,30.895
04-20-2026 14:45:00,29.672
04-20-2026 15:00:00,28.148
04-20-2026 15:15:00,23.314
04-20-2026 15:30:00,24.697
04-20-2026 15:45:00,21.052
04-20-2026 16:00:00,15.804
04-20-2026 16:15:00,13.601
04-20-2026 16:30:00,12.474
04-20-2026 16:45:00,12.284
04-20-2026 17:00:00,10.775
04-20-2026 17:15:00,9.125
04-20-2026 17:30:00,7.772
04-20-2026 17:45:00,5.523
04-20-2026 18:00:00,2.004
04-20-2026 18:15:00,0.163
04-20-2026 18:30:00,0.191
04-20-2026 18:45:00,0.193
04-20-2026 19:00:00,-0.637
04-20-2026 19:15:00,-0.771
04-20-2026 19:30:00,-0.771
04-20-2026 19:45:00,-0.771
04-20-2026 20:00:00,-0.771
04-20-2026 20:15:00,-0.771
04-20-2026 20:30:00,-0.771
04-20-2026 20:45:00,-0.771
04-20-2026 21:00:00,-0.771
04-20-2026 21:15:00,-0.771
04-20-2026 21:30:00,-0.771
04-20-2026 21:45:00,-0.771
04-20-2026 22:00:00,-0.771
04-20-2026 22:15:00,-0.771
04-20-2026 22:30:00,-0.771
04-20-2026 22:45:00,-0.771
04-20-2026 23:00:00,-0.771
04-20-2026 23:15:00,-0.771
04-20-2026 23:30:00,-0.771
04-20-2026 23:45:00,-0.771
04-21-2026 00:00:00,-0.771
04-21-2026 00:15:00,-0.771
04-21-2026 00:30:00,-0.771
04-21-2026 00:45:00,-0.771
04-21-2026 01:00:00,-0.771
04-21-2026 01:15:00,-0.771
04-21-2026 01:30:00,-0.771
04-21-2026 01:45:00,-0.771
04-21-2026 02:00:00,-0.771
04-21-2026 02:15:00,-0.771
04-21-2026 02:30:00,-0.771
04-21-2026 02:45:00,-0.771
04-21-2026 03:00:00,-0.771
04-21-2026 03:15:00,-0.771
04-21-2026 03:30:00,-0.771
04-21-2026 03:45:00,-0.771
04-21-2026 04:00:00,-0.771
04-21-2026 04:15:00,-0.771
04-21-2026 04:30:00,-0.771
04-21-2026 04:45:00,-0.771
04-21-2026 05:00:00,-0.771
04-21-2026 05:15:00,-0.771
04-21-2026 05:30:00,-0.771
04-21-2026 05:45:00,-0.771
04-21-2026 06:00:00,-0.771
04-21-2026 06:15:00,-0.771
04-21-2026 06:30:00,0.655
04-21-2026 06:45:00,1.457
04-21-2026 07:00:00,2.036
04-21-2026 07:15:00,3.369
04-21-2026 07:30:00,5.434
04-21-2026 07:45:00,7.271
04-21-2026 08:00:00,9.534
04-21-2026 08:15:00,11.421
04-21-2026 08:30:00,13.209
04-21-2026 08:45:00,15.31
04-21-2026 09:00:00,18.196
04-21-2026 09:15:00,18.27
04-21-2026 09:30:00,20.724
04-21-2026 09:45:00,14.123
04-21-2026 10:00:00,16.257
04-21-2026 10:15:00,14.06
04-21-2026 10:30:00,23.362
04-21-2026 10:45:00,11.653
04-21-2026 11:00:00,16.956
04-21-2026 11:15:00,12.766
04-21-2026 11:30:00,12.899
04-21-2026 11:45:00,8.505
04-21-2026 12:00:00,12.642
04-21-2026 12:15:00,9.137
04-21-2026 12:30:00,7.704
04-21-2026 12:45:00,7.285
04-21-2026 13:00:00,8.767
04-21-2026 13:15:00,6.179
04-21-2026 13:30:00,5.819
04-21-2026 13:45:00,8.541
04-21-2026 14:00:00,9.168
04-21-2026 14:15:00,11.63
04-21-2026 14:30:00,16.037
04-21-2026 14:45:00,7.518
04-21-2026 15:00:00,6.263
04-21-2026 15:15:00,6.619
04-21-2026 15:30:00,16.305
04-21-2026 15:45:00,24.25
04-21-2026 16:00:00,20.165
04-21-2026 16:15:00,14.357
04-21-2026 16:30:00,10.559
04-21-2026 16:45:00,6.712
04-21-2026 17:00:00,4.018
04-21-2026 17:15:00,2.19
04-21-2026 17:30:00,2.917
04-21-2026 17:45:00,2.686
04-21-2026 18:00:00,1.521
04-21-2026 18:15:00,1.39
04-21-2026 18:30:00,-0.639
04-21-2026 18:45:00,-0.771
04-21-2026 19:00:00,-0.771
04-21-2026 19:15:00,-0.771
04-21-2026 19:30:00,-0.771
04-21-2026 19:45:00,-0.771
04-21-2026 20:00:00,-0.771
04-21-2026 20:15:00,-0.771
04-21-2026 20:30:00,-0.771
04-21-2026 20:45:00,-0.771
04-21-2026 21:00:00,-0.771
04-21-2026 21:15:00,-0.771
04-21-2026 21:30:00,-0.771
04-21-2026 21:45:00,-0.771
04-21-2026 22:00:00,-0.771
04-21-2026 22:15:00,-0.771
04-21-2026 22:30:00,-0.771
04-21-2026 22:45:00,-0.771
04-21-2026 23:00:00,-0.771
04-21-2026 23:15:00,-0.771
04-21-2026 23:30:00,-0.771
04-21-2026 23:45:00,-0.771
04-22-2026 00:00:00,-0.771
04-22-2026 00:15:00,-0.771
04-22-2026 00:30:00,-0.771
04-22-2026 00:45:00,-0.771
04-22-2026 01:00:00,-0.771
04-22-2026 01:15:00,-0.771
04-22-2026 01:30:00,-0.771
04-22-2026 01:45:00,-0.771
04-22-2026 02:00:00,-0.771
04-22-2026 02:15:00,-0.771
04-22-2026 02:30:00,-0.771
04-22-2026 02:45:00,-0.771
04-22-2026 03:00:00,-0.771
04-22-2026 03:15:00,-0.771
04-22-2026 03:30:00,-0.771
04-22-2026 03:45:00,-0.771
04-22-2026 04:00:00,-0.771
04-22-2026 04:15:00,-0.771
04-22-2026 04:30:00,-0.771
04-22-2026 04:45:00,-0.771
04-22-2026 05:00:00,-0.771
04-22-2026 05:15:00,-0.771
04-22-2026 05:30:00,-0.771
04-22-2026 05:45:00,-0.771
04-22-2026 06:00:00,-0.771
04-22-2026 06:15:00,-0.393
04-22-2026 06:30:00,0.758
04-22-2026 06:45:00,1.205
04-22-2026 07:00:00,1.793
04-22-2026 07:15:00,3.238
04-22-2026 07:30:00,5.502
04-22-2026 07:45:00,7.486
04-22-2026 08:00:00,9.726
04-22-2026 08:15:00,11.49
04-22-2026 08:30:00,13.333
04-22-2026 08:45:00,15.268
04-22-2026 09:00:00,16.786
04-22-2026 09:15:00,18.131
04-22-2026 09:30:00,19.745
04-22-2026 09:45:00,15.429
04-22-2026 10:00:00,20.429
04-22-2026 10:15:00,25.367
04-22-2026 10:30:00,27.528
04-22-2026 10:45:00,27.662
04-22-2026 11:00:00,28.459
04-22-2026 11:15:00,29.955
04-22-2026 11:30:00,32.394
04-22-2026 11:45:00,32.825
04-22-2026 12:00:00,33.301
04-22-2026 12:15:00,33.82
04-22-2026 12:30:00,32.763
04-22-2026 12:45:00,32.51
04-22-2026 13:00:00,32.313
04-22-2026 13:15:00,31.704
04-22-2026 13:30:00,31.293
04-22-2026 13:45:00,31.056
04-22-2026 14:00:00,30.362
04-22-2026 14:15:00,29.607
04-22-2026 14:30:00,28.55
04-22-2026 14:45:00,27.447
04-22-2026 15:00:00,26.192
04-22-2026 15:15:00,25.091
04-22-2026 15:30:00,23.538
04-22-2026 15:45:00,21.84
04-22-2026 16:00:00,19.212
04-22-2026 16:15:00,16.97
04-22-2026 16:30:00,9.786
04-22-2026 16:45:00,11.087
04-22-2026 17:00:00,10.542
04-22-2026 17:15:00,8.034
04-22-2026 17:30:00,5.901
04-22-2026 17:45:00,3.681
04-22-2026 18:00:00,2.035
04-22-2026 18:15:00,0.97
04-22-2026 18:30:00,-0.259
04-22-2026 18:45:00,-0.771
04-22-2026 19:00:00,-0.771
04-22-2026 19:15:00,-0.771
04-22-2026 19:30:00,-0.771
04-22-2026 19:45:00,-0.771
04-22-2026 20:00:00,-0.771
04-22-2026 20:15:00,-0.771
04-22-2026 20:30:00,-0.771
04-22-2026 20:45:00,-0.771
04-22-2026 21:00:00,-0.771
04-22-2026 21:15:00,-0.771
04-22-2026 21:30:00,""
04-22-2026 21:45:00,""
04-22-2026 22:00:00,""
04-22-2026 22:15:00,-0.771
04-22-2026 22:30:00,-0.771
04-22-2026 22:45:00,-0.771
04-22-2026 23:00:00,-0.771
04-22-2026 23:15:00,-0.771
04-22-2026 23:30:00,-0.771
04-22-2026 23:45:00,-0.771
04-23-2026 00:00:00,-0.771
04-23-2026 00:15:00,-0.771
04-23-2026 00:30:00,-0.771
04-23-2026 00:45:00,-0.771
04-23-2026 01:00:00,-0.771
04-23-2026 01:15:00,-0.771
04-23-2026 01:30:00,-0.771
04-23-2026 01:45:00,-0.771
04-23-2026 02:00:00,-0.771
04-23-2026 02:15:00,-0.771
04-23-2026 02:30:00,-0.771
04-23-2026 02:45:00,-0.771
04-23-2026 03:00:00,-0.771
04-23-2026 03:15:00,-0.771
04-23-2026 03:30:00,-0.771
04-23-2026 03:45:00,-0.771
04-23-2026 04:00:00,-0.771
04-23-2026 04:15:00,-0.771
04-23-2026 04:30:00,-0.771
04-23-2026 04:45:00,-0.771
04-23-2026 05:00:00,-0.771
04-23-2026 05:15:00,-0.771
04-23-2026 05:30:00,-0.771
04-23-2026 05:45:00,-0.771
04-23-2026 06:00:00,-0.432
04-23-2026 06:15:00,0.385
04-23-2026 06:30:00,1.213
04-23-2026 06:45:00,2.002
04-23-2026 07:00:00,1.445
04-23-2026 07:15:00,2.084
04-23-2026 07:30:00,6.252
04-23-2026 07:45:00,7.647
04-23-2026 08:00:00,7.569
04-23-2026 08:15:00,9.491
04-23-2026 08:30:00,15.644
04-23-2026 08:45:00,11.049
04-23-2026 09:00:00,18.338
04-23-2026 09:15:00,18.264
04-23-2026 09:30:00,23.496
04-23-2026 09:45:00,13.882
04-23-2026 10:00:00,7.017
04-23-2026 10:15:00,18.393
04-23-2026 10:30:00,21.968
04-23-2026 10:45:00,21.592
04-23-2026 11:00:00,31.432
04-23-2026 11:15:00,31.802
04-23-2026 11:30:00,33.196
04-23-2026 11:45:00,24.384
04-23-2026 12:00:00,36.559
04-23-2026 12:15:00,34.056
04-23-2026 12:30:00,31.053
04-23-2026 12:45:00,37.332
04-23-2026 13:00:00,30.768
04-23-2026 13:15:00,31.647
04-23-2026 13:30:00,29.252
04-23-2026 13:45:00,32.648
04-23-2026 14:00:00,31.247
04-23-2026 14:15:00,30.14
04-23-2026 14:30:00,29.58
04-23-2026 14:45:00,28.865
04-23-2026 15:00:00,27.688
04-23-2026 15:15:00,23.848
04-23-2026 15:30:00,24.329
04-23-2026 15:45:00,22.344
04-23-2026 16:00:00,19.771
04-23-2026 16:15:00,17.169
04-23-2026 16:30:00,14.968
04-23-2026 16:45:00,13.084
04-23-2026 17:00:00,10.875
04-23-2026 17:15:00,8.409
04-23-2026 17:30:00,6.115
04-23-2026 17:45:00,3.867
04-23-2026 18:00:00,2.203
04-23-2026 18:15:00,0.009
04-23-2026 18:30:00,-0.237
04-23-2026 18:45:00,0.238
04-23-2026 19:00:00,-0.577
04-23-2026 19:15:00,-0.771
04-23-2026 19:30:00,-0.771
04-23-2026 19:45:00,-0.771
04-23-2026 20:00:00,-0.771
04-23-2026 20:15:00,-0.771
04-23-2026 20:30:00,-0.771
04-23-2026 20:45:00,-0.771
04-23-2026 21:00:00,-0.771
04-23-2026 21:15:00,-0.771
04-23-2026 21:30:00,-0.771
04-23-2026 21:45:00,-0.771
04-23-2026 22:00:00,-0.771
04-23-2026 22:15:00,-0.771
04-23-2026 22:30:00,-0.771
04-23-2026 22:45:00,-0.771
04-23-2026 23:00:00,-0.771
04-23-2026 23:15:00,-0.771
04-23-2026 23:30:00,-0.771
04-23-2026 23:45:00,-0.771
04-24-2026 00:00:00,-0.771
04-24-2026 00:15:00,-0.771
04-24-2026 00:30:00,-0.771
04-24-2026 00:45:00,-0.771
04-24-2026 01:00:00,-0.771
04-24-2026 01:15:00,-0.771
04-24-2026 01:30:00,-0.771
04-24-2026 01:45:00,-0.771
04-24-2026 02:00:00,-0.771
04-24-2026 02:15:00,-0.771
04-24-2026 02:30:00,-0.771
04-24-2026 02:45:00,-0.771
04-24-2026 03:00:00,-0.771
04-24-2026 03:15:00,-0.771
04-24-2026 03:30:00,-0.771
04-24-2026 03:45:00,-0.771
04-24-2026 04:00:00,-0.771
04-24-2026 04:15:00,-0.771
04-24-2026 04:30:00,-0.771
04-24-2026 04:45:00,-0.771
04-24-2026 05:00:00,-0.771
04-24-2026 05:15:00,-0.771
04-24-2026 05:30:00,-0.771
04-24-2026 05:45:00,-0.771
04-24-2026 06:00:00,-0.771
04-24-2026 06:15:00,-0.212
04-24-2026 06:30:00,0.67
04-24-2026 06:45:00,0.328
04-24-2026 07:00:00,1.593
04-24-2026 07:15:00,1.696
04-24-2026 07:30:00,4.099
04-24-2026 07:45:00,6.683
04-24-2026 08:00:00,10.577
04-24-2026 08:15:00,12.508
04-24-2026 08:30:00,14.309
04-24-2026 08:45:00,16.187
04-24-2026 09:00:00,17.759
04-24-2026 09:15:00,18.991
04-24-2026 09:30:00,20.668
04-24-2026 09:45:00,23.194
04-24-2026 10:00:00,24.207
04-24-2026 10:15:00,26.249
04-24-2026 10:30:00,28.173
04-24-2026 10:45:00,30.112
04-24-2026 11:00:00,31.422
04-24-2026 11:15:00,31.718
04-24-2026 11:30:00,32.527
04-24-2026 11:45:00,33.388
04-24-2026 12:00:00,33.482
04-24-2026 12:15:00,33.499
04-24-2026 12:30:00,33.454
04-24-2026 12:45:00,33.57
04-24-2026 13:00:00,33.041
04-24-2026 13:15:00,32.944
04-24-2026 13:30:00,32.722
04-24-2026 13:45:00,31.83
04-24-2026 14:00:00,30.988
04-24-2026 14:15:00,30.358
04-24-2026 14:30:00,29.666
04-24-2026 14:45:00,28.374
04-24-2026 15:00:00,26.914
04-24-2026 15:15:00,25.639
04-24-2026 15:30:00,24.38
04-24-2026 15:45:00,22.698
04-24-2026 16:00:00,20.027
04-24-2026 16:15:00,17.266
04-24-2026 16:30:00,15.144
04-24-2026 16:45:00,13.337
04-24-2026 17:00:00,11.14
04-24-2026 17:15:00,8.539
04-24-2026 17:30:00,6.114
04-24-2026 17:45:00,4.155
04-24-2026 18:00:00,2.365
04-24-2026 18:15:00,0.185
04-24-2026 18:30:00,-0.771
04-24-2026 18:45:00,0.078
04-24-2026 19:00:00,-0.488
04-24-2026 19:15:00,-0.771
04-24-2026 19:30:00,-0.771
04-24-2026 19:45:00,-0.771
04-24-2026 20:00:00,-0.771
04-24-2026 20:15:00,-0.771
04-24-2026 20:30:00,-0.771
04-24-2026 20:45:00,-0.771
04-24-2026 21:00:00,-0.771
04-24-2026 21:15:00,-0.771
04-24-2026 21:30:00,-0.771
04-24-2026 21:45:00,-0.771
04-24-2026 22:00:00,""
04-24-2026 22:15:00,""
04-24-2026 22:30:00,-0.771
04-24-2026 22:45:00,""
04-24-2026 23:00:00,-0.771
04-24-2026 23:15:00,""
04-24-2026 23:30:00,-0.771
04-24-2026 23:45:00,-0.771
04-25-2026 00:00:00,-0.771
04-25-2026 00:15:00,-0.771
04-25-2026 00:30:00,-0.771
04-25-2026 00:45:00,-0.771
04-25-2026 01:00:00,-0.771
04-25-2026 01:15:00,-0.771
04-25-2026 01:30:00,-0.771
04-25-2026 01:45:00,-0.771
04-25-2026 02:00:00,-0.771
04-25-2026 02:15:00,-0.771
04-25-2026 02:30:00,-0.771
04-25-2026 02:45:00,-0.771
04-25-2026 03:00:00,-0.771
04-25-2026 03:15:00,-0.771
04-25-2026 03:30:00,-0.771
04-25-2026 03:45:00,-0.771
04-25-2026 04:00:00,-0.771
04-25-2026 04:15:00,-0.771
04-25-2026 04:30:00,-0.771
04-25-2026 04:45:00,-0.771
04-25-2026 05:00:00,-0.771
04-25-2026 05:15:00,-0.771
04-25-2026 05:30:00,-0.771
04-25-2026 05:45:00,-0.771
04-25-2026 06:00:00,-0.261
04-25-2026 06:15:00,0.384
04-25-2026 06:30:00,0.058
04-25-2026 06:45:00,0.5
04-25-2026 07:00:00,2.321
04-25-2026 07:15:00,3.029
04-25-2026 07:30:00,3.971
04-25-2026 07:45:00,9.065
04-25-2026 08:00:00,10.742
04-25-2026 08:15:00,10.552
04-25-2026 08:30:00,14.016
04-25-2026 08:45:00,15.811
04-25-2026 09:00:00,15.724
04-25-2026 09:15:00,19.136
04-25-2026 09:30:00,20.631
04-25-2026 09:45:00,23.125
04-25-2026 10:00:00,25.355
04-25-2026 10:15:00,26.565
04-25-2026 10:30:00,28.47
04-25-2026 10:45:00,30.257
04-25-2026 11:00:00,31.772
04-25-2026 11:15:00,32.568
04-25-2026 11:30:00,32.924
04-25-2026 11:45:00,33.391
04-25-2026 12:00:00,33.805
04-25-2026 12:15:00,33.967
04-25-2026 12:30:00,33.852
04-25-2026 12:45:00,33.768
04-25-2026 13:00:00,33.822
04-25-2026 13:15:00,33.39
04-25-2026 13:30:00,33.119
04-25-2026 13:45:00,32.478
04-25-2026 14:00:00,31.732
04-25-2026 14:15:00,""
04-25-2026 14:30:00,29.798
04-25-2026 14:45:00,27.87
04-25-2026 15:00:00,""
04-25-2026 15:15:00,""
04-25-2026 15:30:00,""
04-25-2026 15:45:00,22.155
04-25-2026 16:00:00,""
04-25-2026 16:15:00,16.766
04-25-2026 16:30:00,""
04-25-2026 16:45:00,12.611
04-25-2026 17:00:00,11.058
04-25-2026 17:15:00,8.539
04-25-2026 17:30:00,6.171
04-25-2026 17:45:00,3.958
04-25-2026 18:00:00,2.356
04-25-2026 18:15:00,1.165
04-25-2026 18:30:00,-0.405
04-25-2026 18:45:00,-0.771
04-25-2026 19:00:00,-0.771
04-25-2026 19:15:00,-0.771
04-25-2026 19:30:00,-0.771
04-25-2026 19:45:00,-0.771
04-25-2026 20:00:00,-0.771
04-25-2026 20:15:00,-0.771
04-25-2026 20:30:00,-0.771
04-25-2026 20:45:00,-0.771
04-25-2026 21:00:00,-0.771
04-25-2026 21:15:00,-0.771
04-25-2026 21:30:00,-0.771
04-25-2026 21:45:00,-0.771
04-25-2026 22:00:00,-0.771
04-25-2026 22:15:00,-0.771
04-25-2026 22:30:00,-0.771
04-25-2026 22:45:00,-0.771
04-25-2026 23:00:00,-0.771
04-25-2026 23:15:00,-0.771
04-25-2026 23:30:00,-0.771
04-25-2026 23:45:00,-0.771
04-26-2026 00:00:00,-0.771
04-26-2026 00:15:00,-0.771
04-26-2026 00:30:00,-0.771
04-26-2026 00:45:00,-0.771
04-26-2026 01:00:00,-0.771
04-26-2026 01:15:00,-0.771
04-26-2026 01:30:00,-0.771
04-26-2026 01:45:00,-0.771
04-26-2026 02:00:00,-0.771
04-26-2026 02:15:00,-0.771
04-26-2026 02:30:00,-0.771
04-26-2026 02:45:00,-0.771
04-26-2026 03:00:00,-0.771
04-26-2026 03:15:00,-0.771
04-26-2026 03:30:00,-0.771
04-26-2026 03:45:00,-0.771
04-26-2026 04:00:00,-0.771
04-26-2026 04:15:00,-0.771
04-26-2026 04:30:00,-0.771
04-26-2026 04:45:00,-0.771
04-26-2026 05:00:00,-0.771
04-26-2026 05:15:00,-0.771
04-26-2026 05:30:00,-0.771
04-26-2026 05:45:00,-0.771
04-26-2026 06:00:00,-0.312
04-26-2026 06:15:00,0.312
04-26-2026 06:30:00,-0.239
04-26-2026 06:45:00,1.135
04-26-2026 07:00:00,1.99
04-26-2026 07:15:00,3.779
04-26-2026 07:30:00,5.128
04-26-2026 07:45:00,7.591
04-26-2026 08:00:00,6.761
04-26-2026 08:15:00,7.765
04-26-2026 08:30:00,8.655
04-26-2026 08:45:00,14.646
04-26-2026 09:00:00,17.771
04-26-2026 09:15:00,19.091
04-26-2026 09:30:00,20.591
04-26-2026 09:45:00,23.089
04-26-2026 10:00:00,25.201
04-26-2026 10:15:00,26.889
04-26-2026 10:30:00,28.678
04-26-2026 10:45:00,30.221
04-26-2026 11:00:00,28.187
04-26-2026 11:15:00,34.518
04-26-2026 11:30:00,32.486
04-26-2026 11:45:00,36.875
04-26-2026 12:00:00,24.228
04-26-2026 12:15:00,32.876
04-26-2026 12:30:00,35.777
04-26-2026 12:45:00,33.677
04-26-2026 13:00:00,33.545
04-26-2026 13:15:00,33.509
04-26-2026 13:30:00,32.779
04-26-2026 13:45:00,32.23
04-26-2026 14:00:00,31.58
04-26-2026 14:15:00,30.722
04-26-2026 14:30:00,29.728
04-26-2026 14:45:00,28.728
04-26-2026 15:00:00,27.433
04-26-2026 15:15:00,25.971
04-26-2026 15:30:00,24.602
04-26-2026 15:45:00,22.678
04-26-2026 16:00:00,20.437
04-26-2026 16:15:00,19.062
04-26-2026 16:30:00,12.213
04-26-2026 16:45:00,4.793
04-26-2026 17:00:00,3.402
04-26-2026 17:15:00,7.993
04-26-2026 17:30:00,6.049
04-26-2026 17:45:00,4.143
04-26-2026 18:00:00,2.504
04-26-2026 18:15:00,1.061
04-26-2026 18:30:00,0.64
04-26-2026 18:45:00,-0.226
04-26-2026 19:00:00,-0.771
04-26-2026 19:15:00,-0.771
04-26-2026 19:30:00,-0.771
04-26-2026 19:45:00,-0.771
04-26-2026 20:00:00,-0.771
04-26-2026 20:15:00,-0.771
04-26-2026 20:30:00,-0.771
04-26-2026 20:45:00,-0.771
04-26-2026 21:00:00,-0.771
04-26-2026 21:15:00,-0.771
04-26-2026 21:30:00,-0.771
04-26-2026 21:45:00,-0.771
04-26-2026 22:00:00,-0.771
04-26-2026 22:15:00,-0.771
04-26-2026 22:30:00,-0.771
04-26-2026 22:45:00,-0.771
04-26-2026 23:00:00,-0.771
04-26-2026 23:15:00,-0.771
04-26-2026 23:30:00,-0.771
04-26-2026 23:45:00,-0.771
04-27-2026 00:00:00,-0.771
04-27-2026 00:15:00,-0.771
04-27-2026 00:30:00,-0.771
04-27-2026 00:45:00,-0.771
04-27-2026 01:00:00,-0.771
04-27-2026 01:15:00,-0.771
04-27-2026 01:30:00,-0.771
04-27-2026 01:45:00,-0.771
04-27-2026 02:00:00,-0.771
04-27-2026 02:15:00,-0.771
04-27-2026 02:30:00,-0.771
04-27-2026 02:45:00,-0.771
04-27-2026 03:00:00,-0.771
04-27-2026 03:15:00,-0.771
04-27-2026 03:30:00,-0.771
04-27-2026 03:45:00,-0.771
04-27-2026 04:00:00,-0.771
04-27-2026 04:15:00,-0.771
04-27-2026 04:30:00,-0.771
04-27-2026 04:45:00,-0.771
04-27-2026 05:00:00,-0.771
04-27-2026 05:15:00,-0.771
04-27-2026 05:30:00,-0.771
04-27-2026 05:45:00,-0.771
04-27-2026 06:00:00,-0.771
04-27-2026 06:15:00,-0.505
04-27-2026 06:30:00,0.803
04-27-2026 06:45:00,1.171
04-27-2026 07:00:00,2.158
04-27-2026 07:15:00,3.185
04-27-2026 07:30:00,5.749
04-27-2026 07:45:00,7.728
04-27-2026 08:00:00,10.092
04-27-2026 08:15:00,11.994
04-27-2026 08:30:00,13.963
04-27-2026 08:45:00,15.726
04-27-2026 09:00:00,17.411
04-27-2026 09:15:00,18.943
04-27-2026 09:30:00,20.458
04-27-2026 09:45:00,23.074
04-27-2026 10:00:00,24.938
04-27-2026 10:15:00,26.462
04-27-2026 10:30:00,28.355
04-27-2026 10:45:00,30.144
04-27-2026 11:00:00,31.349
04-27-2026 11:15:00,32.217
04-27-2026 11:30:00,31.25
04-27-2026 11:45:00,27.987
04-27-2026 12:00:00,28.246
04-27-2026 12:15:00,35.189
04-27-2026 12:30:00,34.24
04-27-2026 12:45:00,32.906
04-27-2026 13:00:00,33.285
04-27-2026 13:15:00,23.872
04-27-2026 13:30:00,28.475
04-27-2026 13:45:00,29.14
04-27-2026 14:00:00,32.033
04-27-2026 14:15:00,30.722
04-27-2026 14:30:00,26.588
04-27-2026 14:45:00,26.415
04-27-2026 15:00:00,24.472
04-27-2026 15:15:00,25.488
04-27-2026 15:30:00,25.126
04-27-2026 15:45:00,22.993
04-27-2026 16:00:00,22.79
04-27-2026 16:15:00,15.612
04-27-2026 16:30:00,14.703
04-27-2026 16:45:00,13.083
04-27-2026 17:00:00,11.853
04-27-2026 17:15:00,10.89
04-27-2026 17:30:00,8.551
04-27-2026 17:45:00,7.001
04-27-2026 18:00:00,3.763
04-27-2026 18:15:00,1.833
04-27-2026 18:30:00,0.709
04-27-2026 18:45:00,-0.549
04-27-2026 19:00:00,-0.771
04-27-2026 19:15:00,-0.771
04-27-2026 19:30:00,-0.771
04-27-2026 19:45:00,-0.771
04-27-2026 20:00:00,-0.771
04-27-2026 20:15:00,-0.771
04-27-2026 20:30:00,-0.771
04-27-2026 20:45:00,-0.771
04-27-2026 21:00:00,-0.771
04-27-2026 21:15:00,-0.771
04-27-2026 21:30:00,-0.771
04-27-2026 21:45:00,-0.771
04-27-2026 22:00:00,-0.771
04-27-2026 22:15:00,-0.771
04-27-2026 22:30:00,-0.771
04-27-2026 22:45:00,-0.771
04-27-2026 23:00:00,-0.771
04-27-2026 23:15:00,-0.771
04-27-2026 23:30:00,-0.771
04-27-2026 23:45:00,-0.771
04-28-2026 00:00:00,-0.771
04-28-2026 00:15:00,-0.771
04-28-2026 00:30:00,-0.771
04-28-2026 00:45:00,-0.771
04-28-2026 01:00:00,-0.771
04-28-2026 01:15:00,-0.771
04-28-2026 01:30:00,-0.771
04-28-2026 01:45:00,-0.771
04-28-2026 02:00:00,-0.771
04-28-2026 02:15:00,-0.771
04-28-2026 02:30:00,-0.771
04-28-2026 02:45:00,-0.771
04-28-2026 03:00:00,-0.771
04-28-2026 03:15:00,-0.771
04-28-2026 03:30:00,-0.771
04-28-2026 03:45:00,-0.771
04-28-2026 04:00:00,-0.771
04-28-2026 04:15:00,-0.771
04-28-2026 04:30:00,-0.771
04-28-2026 04:45:00,-0.771
04-28-2026 05:00:00,-0.771
04-28-2026 05:15:00,-0.771
04-28-2026 05:30:00,-0.771
04-28-2026 05:45:00,-0.771
04-28-2026 06:00:00,-0.154
04-28-2026 06:15:00,0.238
04-28-2026 06:30:00,0.193
04-28-2026 06:45:00,1.577
04-28-2026 07:00:00,2.356
04-28-2026 07:15:00,4.226
04-28-2026 07:30:00,5.489
04-28-2026 07:45:00,7.563
04-28-2026 08:00:00,9.91
04-28-2026 08:15:00,15.149
04-28-2026 08:30:00,14.337
04-28-2026 08:45:00,16.592
04-28-2026 09:00:00,11.942
04-28-2026 09:15:00,15.359
04-28-2026 09:30:00,15.507
04-28-2026 09:45:00,19.448
04-28-2026 10:00:00,21.21
04-28-2026 10:15:00,26.071
04-28-2026 10:30:00,22.536
04-28-2026 10:45:00,18.392
04-28-2026 11:00:00,25.301
04-28-2026 11:15:00,31.527
04-28-2026 11:30:00,19.111
04-28-2026 11:45:00,10.589
04-28-2026 12:00:00,19.355
04-28-2026 12:15:00,20.627
04-28-2026 12:30:00,32.04
04-28-2026 12:45:00,31.349
04-28-2026 13:00:00,33.944
04-28-2026 13:15:00,33.016
04-28-2026 13:30:00,32.578
04-28-2026 13:45:00,32.055
04-28-2026 14:00:00,31.52
04-28-2026 14:15:00,30.437
04-28-2026 14:30:00,29.356
04-28-2026 14:45:00,28.18
04-28-2026 15:00:00,27.059
04-28-2026 15:15:00,25.716
04-28-2026 15:30:00,24.352
04-28-2026 15:45:00,22.745
04-28-2026 16:00:00,20.164
04-28-2026 16:15:00,17.51
04-28-2026 16:30:00,15.377
04-28-2026 16:45:00,13.533
04-28-2026 17:00:00,11.272
04-28-2026 17:15:00,8.699
04-28-2026 17:30:00,6.222
04-28-2026 17:45:00,4.119
04-28-2026 18:00:00,2.72
04-28-2026 18:15:00,2.47
04-28-2026 18:30:00,1.495
04-28-2026 18:45:00,-0.44
04-28-2026 19:00:00,-0.771
04-28-2026 19:15:00,-0.771
04-28-2026 19:30:00,-0.771
04-28-2026 19:45:00,-0.771
04-28-2026 20:00:00,-0.771
04-28-2026 20:15:00,-0.771
04-28-2026 20:30:00,-0.771
04-28-2026 20:45:00,-0.771
04-28-2026 21:00:00,-0.771
04-28-2026 21:15:00,-0.771
04-28-2026 21:30:00,-0.771
04-28-2026 21:45:00,-0.771
04-28-2026 22:00:00,-0.771
04-28-2026 22:15:00,-0.771
04-28-2026 22:30:00,-0.771
04-28-2026 22:45:00,-0.771
04-28-2026 23:00:00,-0.771
04-28-2026 23:15:00,-0.771
04-28-2026 23:30:00,-0.771
04-28-2026 23:45:00,-0.771
04-29-2026 00:00:00,-0.771
04-29-2026 00:15:00,-0.771
04-29-2026 00:30:00,-0.771
04-29-2026 00:45:00,-0.771
04-29-2026 01:00:00,-0.771
04-29-2026 01:15:00,-0.771
04-29-2026 01:30:00,-0.771
04-29-2026 01:45:00,-0.771
04-29-2026 02:00:00,-0.771
04-29-2026 02:15:00,-0.771
04-29-2026 02:30:00,-0.771
04-29-2026 02:45:00,-0.771
04-29-2026 03:00:00,-0.771
04-29-2026 03:15:00,-0.771
04-29-2026 03:30:00,-0.771
04-29-2026 03:45:00,-0.771
04-29-2026 04:00:00,-0.771
04-29-2026 04:15:00,-0.771
04-29-2026 04:30:00,-0.771
04-29-2026 04:45:00,-0.771
04-29-2026 05:00:00,-0.771
04-29-2026 05:15:00,-0.771
04-29-2026 05:30:00,-0.771
04-29-2026 05:45:00,-0.771
04-29-2026 06:00:00,-0.006
04-29-2026 06:15:00,0.6
04-29-2026 06:30:00,0.505
04-29-2026 06:45:00,2.104
04-29-2026 07:00:00,2.587
04-29-2026 07:15:00,2.602
04-29-2026 07:30:00,3.152
04-29-2026 07:45:00,3.967
04-29-2026 08:00:00,7.173
04-29-2026 08:15:00,9.205
04-29-2026 08:30:00,14.506
04-29-2026 08:45:00,8.894
04-29-2026 09:00:00,13.006
04-29-2026 09:15:00,13.737
04-29-2026 09:30:00,11.821
04-29-2026 09:45:00,21.872
04-29-2026 10:00:00,22.166
04-29-2026 10:15:00,25.23
04-29-2026 10:30:00,25.705
04-29-2026 10:45:00,32.407
04-29-2026 11:00:00,12.62
04-29-2026 11:15:00,31.344
04-29-2026 11:30:00,16.066
04-29-2026 11:45:00,25.074
04-29-2026 12:00:00,17.27
04-29-2026 12:15:00,16.29
04-29-2026 12:30:00,32.638
04-29-2026 12:45:00,23.219
04-29-2026 13:00:00,16.867
04-29-2026 13:15:00,17.726
04-29-2026 13:30:00,13.714
04-29-2026 13:45:00,11.353
04-29-2026 14:00:00,31.378
04-29-2026 14:15:00,21.544
04-29-2026 14:30:00,22.374
04-29-2026 14:45:00,16.115
04-29-2026 15:00:00,8.709
04-29-2026 15:15:00,20.48
04-29-2026 15:30:00,24.657
04-29-2026 15:45:00,12.913
04-29-2026 16:00:00,13.66
04-29-2026 16:15:00,7.22
04-29-2026 16:30:00,8.777
04-29-2026 16:45:00,14.895
04-29-2026 17:00:00,7.866
04-29-2026 17:15:00,5.646
04-29-2026 17:30:00,3.108
04-29-2026 17:45:00,5.225
04-29-2026 18:00:00,3.899
04-29-2026 18:15:00,0.611
04-29-2026 18:30:00,0.253
04-29-2026 18:45:00,-0.108
04-29-2026 19:00:00,-0.771
04-29-2026 19:15:00,-0.771
04-29-2026 19:30:00,-0.771
04-29-2026 19:45:00,-0.771
04-29-2026 20:00:00,-0.771
04-29-2026 20:15:00,-0.771
04-29-2026 20:30:00,-0.771
04-29-2026 20:45:00,-0.771
04-29-2026 21:00:00,-0.771
04-29-2026 21:15:00,-0.771
04-29-2026 21:30:00,-0.771
04-29-2026 21:45:00,-0.771
04-29-2026 22:00:00,-0.771
04-29-2026 22:15:00,-0.771
04-29-2026 22:30:00,-0.771
04-29-2026 22:45:00,-0.771
04-29-2026 23:00:00,-0.771
04-29-2026 23:15:00,-0.771
04-29-2026 23:30:00,-0.771
04-29-2026 23:45:00,-0.771
04-30-2026 00:00:00,-0.771
04-30-2026 00:15:00,-0.771
04-30-2026 00:30:00,-0.771
04-30-2026 00:45:00,-0.771
04-30-2026 01:00:00,-0.771
04-30-2026 01:15:00,-0.771
04-30-2026 01:30:00,-0.771
04-30-2026 01:45:00,-0.771
04-30-2026 02:00:00,-0.771
04-30-2026 02:15:00,-0.771
04-30-2026 02:30:00,-0.771
04-30-2026 02:45:00,-0.771
04-30-2026 03:00:00,-0.771
04-30-2026 03:15:00,-0.771
04-30-2026 03:30:00,-0.771
04-30-2026 03:45:00,-0.771
04-30-2026 04:00:00,-0.771
04-30-2026 04:15:00,-0.771
04-30-2026 04:30:00,-0.771
04-30-2026 04:45:00,-0.771
04-30-2026 05:00:00,-0.771
04-30-2026 05:15:00,-0.771
04-30-2026 05:30:00,-0.771
04-30-2026 05:45:00,-0.771
04-30-2026 06:00:00,-0.324
04-30-2026 06:15:00,-0.771
04-30-2026 06:30:00,-0.558
04-30-2026 06:45:00,0.982
04-30-2026 07:00:00,2.057
04-30-2026 07:15:00,2.049
04-30-2026 07:30:00,3.088
04-30-2026 07:45:00,7.892
04-30-2026 08:00:00,7.67
04-30-2026 08:15:00,7.011
04-30-2026 08:30:00,9.911
04-30-2026 08:45:00,5.753
04-30-2026 09:00:00,18.968
04-30-2026 09:15:00,15.979
04-30-2026 09:30:00,21.783
04-30-2026 09:45:00,23.653
04-30-2026 10:00:00,17.158
04-30-2026 10:15:00,21.323
04-30-2026 10:30:00,25.347
04-30-2026 10:45:00,24.769
04-30-2026 11:00:00,33.227
04-30-2026 11:15:00,25.966
04-30-2026 11:30:00,25.892
04-30-2026 11:45:00,32.988
04-30-2026 12:00:00,23.078
04-30-2026 12:15:00,29.333
04-30-2026 12:30:00,19.57
04-30-2026 12:45:00,22.189
04-30-2026 13:00:00,18.915
04-30-2026 13:15:00,28.579
04-30-2026 13:30:00,33.786
04-30-2026 13:45:00,26.17
04-30-2026 14:00:00,23.121
04-30-2026 14:15:00,16.056
04-30-2026 14:30:00,19.54
04-30-2026 14:45:00,21.501
04-30-2026 15:00:00,16.568
04-30-2026 15:15:00,23.398
04-30-2026 15:30:00,14.27
04-30-2026 15:45:00,20.731
04-30-2026 16:00:00,12.6
04-30-2026 16:15:00,8.217
04-30-2026 16:30:00,7.422
04-30-2026 16:45:00,9.236
04-30-2026 17:00:00,6.973
04-30-2026 17:15:00,3.345
04-30-2026 17:30:00,5.277
04-30-2026 17:45:00,5.456
04-30-2026 18:00:00,3.505
04-30-2026 18:15:00,1.827
04-30-2026 18:30:00,-0.518
04-30-2026 18:45:00,-0.734
04-30-2026 19:00:00,-0.623
04-30-2026 19:15:00,-0.771
04-30-2026 19:30:00,-0.771
04-30-2026 19:45:00,-0.771
04-30-2026 20:00:00,-0.771
04-30-2026 20:15:00,-0.771
04-30-2026 20:30:00,-0.771
04-30-2026 20:45:00,-0.771
04-30-2026 21:00:00,-0.771
04-30-2026 21:15:00,-0.771
04-30-2026 21:30:00,-0.771
04-30-2026 21:45:00,-0.771
04-30-2026 22:00:00,-0.771
04-30-2026 22:15:00,-0.771
04-30-2026 22:30:00,-0.771
04-30-2026 22:45:00,-0.771
04-30-2026 23:00:00,-0.771
04-30-2026 23:15:00,-0.771
04-30-2026 23:30:00,-0.771
04-30-2026 23:45:00,-0.771
05-01-2026 00:00:00,-0.771
05-01-2026 00:15:00,-0.771
05-01-2026 00:30:00,-0.771
05-01-2026 00:45:00,-0.771
05-01-2026 01:00:00,-0.771
05-01-2026 01:15:00,-0.771
05-01-2026 01:30:00,-0.771
05-01-2026 01:45:00,-0.771
05-01-2026 02:00:00,-0.771
05-01-2026 02:15:00,-0.771
05-01-2026 02:30:00,-0.771
05-01-2026 02:45:00,-0.771
05-01-2026 03:00:00,-0.771
05-01-2026 03:15:00,-0.771
05-01-2026 03:30:00,-0.771
05-01-2026 03:45:00,-0.771
05-01-2026 04:00:00,-0.771
05-01-2026 04:15:00,-0.771
05-01-2026 04:30:00,-0.771
05-01-2026 04:45:00,-0.771
05-01-2026 05:00:00,-0.771
05-01-2026 05:15:00,-0.771
05-01-2026 05:30:00,-0.771
05-01-2026 05:45:00,-0.771
05-01-2026 06:00:00,-0.771
05-01-2026 06:15:00,-0.77
05-01-2026 06:30:00,0.593
05-01-2026 06:45:00,0.041
05-01-2026 07:00:00,2.692
05-01-2026 07:15:00,3.367
05-01-2026 07:30:00,3.845
05-01-2026 07:45:00,4.001
05-01-2026 08:00:00,4.98
05-01-2026 08:15:00,7.362
05-01-2026 08:30:00,6.044
05-01-2026 08:45:00,7.683
05-01-2026 09:00:00,11.949
05-01-2026 09:15:00,9.661
05-01-2026 09:30:00,15.468
05-01-2026 09:45:00,16.576
05-01-2026 10:00:00,18.498
05-01-2026 10:15:00,19.228
05-01-2026 10:30:00,22.763
05-01-2026 10:45:00,26.042
05-01-2026 11:00:00,36.655
05-01-2026 11:15:00,26.229
05-01-2026 11:30:00,33.763
05-01-2026 11:45:00,29.555
05-01-2026 12:00:00,15.845
05-01-2026 12:15:00,18.605
05-01-2026 12:30:00,28.855
05-01-2026 12:45:00,24.093
05-01-2026 13:00:00,19.31
05-01-2026 13:15:00,27.613
05-01-2026 13:30:00,23.063
05-01-2026 13:45:00,25.11
05-01-2026 14:00:00,22.659
05-01-2026 14:15:00,33.203
05-01-2026 14:30:00,23.135
05-01-2026 14:45:00,21.696
05-01-2026 15:00:00,19.772
05-01-2026 15:15:00,17.131
05-01-2026 15:30:00,20.909
05-01-2026 15:45:00,26.574
05-01-2026 16:00:00,19.702
05-01-2026 16:15:00,10.221
05-01-2026 16:30:00,10.037
05-01-2026 16:45:00,9.415
05-01-2026 17:00:00,8.677
05-01-2026 17:15:00,5.697
05-01-2026 17:30:00,4.164
05-01-2026 17:45:00,4.184
05-01-2026 18:00:00,2.355
05-01-2026 18:15:00,1.21
05-01-2026 18:30:00,-0.311
05-01-2026 18:45:00,-0.242
05-01-2026 19:00:00,-0.445
05-01-2026 19:15:00,-0.771
05-01-2026 19:30:00,-0.771
05-01-2026 19:45:00,-0.771
05-01-2026 20:00:00,-0.771
05-01-2026 20:15:00,-0.771
05-01-2026 20:30:00,-0.771
05-01-2026 20:45:00,-0.771
05-01-2026 21:00:00,-0.771
05-01-2026 21:15:00,-0.771
05-01-2026 21:30:00,-0.771
05-01-2026 21:45:00,-0.771
05-01-2026 22:00:00,-0.771
05-01-2026 22:15:00,-0.771
05-01-2026 22:30:00,-0.771
05-01-2026 22:45:00,-0.771
05-01-2026 23:00:00,-0.771
05-01-2026 23:15:00,-0.771
05-01-2026 23:30:00,-0.771
05-01-2026 23:45:00,-0.771
05-02-2026 00:00:00,-0.771
05-02-2026 00:15:00,-0.771
05-02-2026 00:30:00,-0.771
05-02-2026 00:45:00,-0.771
05-02-2026 01:00:00,-0.771
05-02-2026 01:15:00,-0.771
05-02-2026 01:30:00,-0.771
05-02-2026 01:45:00,-0.771
05-02-2026 02:00:00,-0.771
05-02-2026 02:15:00,-0.771
05-02-2026 02:30:00,-0.771
05-02-2026 02:45:00,-0.771
05-02-2026 03:00:00,-0.771
05-02-2026 03:15:00,-0.771
05-02-2026 03:30:00,-0.771
05-02-2026 03:45:00,-0.771
05-02-2026 04:00:00,-0.771
05-02-2026 04:15:00,-0.771
05-02-2026 04:30:00,-0.771
05-02-2026 04:45:00,-0.771
05-02-2026 05:00:00,-0.771
05-02-2026 05:15:00,-0.771
05-02-2026 05:30:00,-0.771
05-02-2026 05:45:00,-0.771
05-02-2026 06:00:00,-0.126
05-02-2026 06:15:00,-0.678
05-02-2026 06:30:00,-0.488
05-02-2026 06:45:00,1.714
05-02-2026 07:00:00,2.803
05-02-2026 07:15:00,3.017
05-02-2026 07:30:00,4.761
05-02-2026 07:45:00,6.483
05-02-2026 08:00:00,7.503
05-02-2026 08:15:00,12.982
05-02-2026 08:30:00,14.378
05-02-2026 08:45:00,16.337
05-02-2026 09:00:00,18.448
05-02-2026 09:15:00,19.468
05-02-2026 09:30:00,21.05
05-02-2026 09:45:00,23.627
05-02-2026 10:00:00,25.731
05-02-2026 10:15:00,27.381
05-02-2026 10:30:00,29.063
05-02-2026 10:45:00,31.148
05-02-2026 11:00:00,32.493
05-02-2026 11:15:00,32.801
05-02-2026 11:30:00,33.478
05-02-2026 11:45:00,34.118
05-02-2026 12:00:00,34.479
05-02-2026 12:15:00,34.37
05-02-2026 12:30:00,34.39
05-02-2026 12:45:00,34.11
05-02-2026 13:00:00,34.228
05-02-2026 13:15:00,31.445
05-02-2026 13:30:00,33.469
05-02-2026 13:45:00,32.859
05-02-2026 14:00:00,31.666
05-02-2026 14:15:00,31.075
05-02-2026 14:30:00,30.295
05-02-2026 14:45:00,29.809
05-02-2026 15:00:00,28.136
05-02-2026 15:15:00,26.55
05-02-2026 15:30:00,23.397
05-02-2026 15:45:00,20.868
05-02-2026 16:00:00,22.235
05-02-2026 16:15:00,18.275
05-02-2026 16:30:00,15.564
05-02-2026 16:45:00,13.653
05-02-2026 17:00:00,11.274
05-02-2026 17:15:00,8.902
05-02-2026 17:30:00,6.781
05-02-2026 17:45:00,5.296
05-02-2026 18:00:00,2.567
05-02-2026 18:15:00,1.195
05-02-2026 18:30:00,0.173
05-02-2026 18:45:00,0.298
05-02-2026 19:00:00,-0.357
05-02-2026 19:15:00,-0.771
05-02-2026 19:30:00,-0.771
05-02-2026 19:45:00,-0.771
05-02-2026 20:00:00,-0.771
05-02-2026 20:15:00,-0.771
05-02-2026 20:30:00,-0.771
05-02-2026 20:45:00,-0.771
05-02-2026 21:00:00,-0.771
05-02-2026 21:15:00,-0.771
05-02-2026 21:30:00,-0.771
05-02-2026 21:45:00,-0.771
05-02-2026 22:00:00,-0.771
05-02-2026 22:15:00,-0.771
05-02-2026 22:30:00,-0.771
05-02-2026 22:45:00,-0.771
05-02-2026 23:00:00,-0.771
05-02-2026 23:15:00,-0.771
05-02-2026 23:30:00,-0.771
05-02-2026 23:45:00,-0.771
05-03-2026 00:00:00,-0.771
05-03-2026 00:15:00,-0.771
05-03-2026 00:30:00,-0.771
05-03-2026 00:45:00,-0.771
05-03-2026 01:00:00,-0.771
05-03-2026 01:15:00,-0.771
05-03-2026 01:30:00,-0.771
05-03-2026 01:45:00,-0.771
05-03-2026 02:00:00,-0.771
05-03-2026 02:15:00,-0.771
05-03-2026 02:30:00,-0.771
05-03-2026 02:45:00,-0.771
05-03-2026 03:00:00,-0.771
05-03-2026 03:15:00,-0.771
05-03-2026 03:30:00,-0.771
05-03-2026 03:45:00,-0.771
05-03-2026 04:00:00,-0.771
05-03-2026 04:15:00,-0.771
05-03-2026 04:30:00,-0.771
05-03-2026 04:45:00,-0.771
05-03-2026 05:00:00,-0.771
05-03-2026 05:15:00,-0.771
05-03-2026 05:30:00,-0.771
05-03-2026 05:45:00,-0.771
05-03-2026 06:00:00,-0.771
05-03-2026 06:15:00,-0.022
05-03-2026 06:30:00,0.774
05-03-2026 06:45:00,0.474
05-03-2026 07:00:00,0.991
05-03-2026 07:15:00,2.425
05-03-2026 07:30:00,3.59
05-03-2026 07:45:00,6
05-03-2026 08:00:00,10.473
05-03-2026 08:15:00,12.532
05-03-2026 08:30:00,14.255
05-03-2026 08:45:00,16.802
05-03-2026 09:00:00,13.223
05-03-2026 09:15:00,11.499
05-03-2026 09:30:00,20.494
05-03-2026 09:45:00,23.406
05-03-2026 10:00:00,26.217
05-03-2026 10:15:00,28.3
05-03-2026 10:30:00,30.131
05-03-2026 10:45:00,31.779
05-03-2026 11:00:00,33.92
05-03-2026 11:15:00,33.88
05-03-2026 11:30:00,33.641
05-03-2026 11:45:00,33.677
05-03-2026 12:00:00,33.823
05-03-2026 12:15:00,34.092
05-03-2026 12:30:00,30.916
05-03-2026 12:45:00,34.279
05-03-2026 13:00:00,34.145
05-03-2026 13:15:00,33.833
05-03-2026 13:30:00,33.346
05-03-2026 13:45:00,32.267
05-03-2026 14:00:00,31.559
05-03-2026 14:15:00,30.887
05-03-2026 14:30:00,29.945
05-03-2026 14:45:00,28.804
05-03-2026 15:00:00,27.624
05-03-2026 15:15:00,26.106
05-03-2026 15:30:00,24.882
05-03-2026 15:45:00,23.224
05-03-2026 16:00:00,22.133
05-03-2026 16:15:00,18.952
05-03-2026 16:30:00,19.025
05-03-2026 16:45:00,17.627
05-03-2026 17:00:00,13.814
05-03-2026 17:15:00,10.289
05-03-2026 17:30:00,7.494
05-03-2026 17:45:00,4.063
05-03-2026 18:00:00,2.628
05-03-2026 18:15:00,1.315
05-03-2026 18:30:00,-0.44
05-03-2026 18:45:00,-0.771
05-03-2026 19:00:00,-0.771
05-03-2026 19:15:00,-0.771
05-03-2026 19:30:00,-0.771
05-03-2026 19:45:00,-0.771
05-03-2026 20:00:00,-0.771
05-03-2026 20:15:00,-0.771
05-03-2026 20:30:00,-0.771
05-03-2026 20:45:00,-0.771
05-03-2026 21:00:00,-0.771
05-03-2026 21:15:00,-0.771
05-03-2026 21:30:00,-0.771
05-03-2026 21:45:00,-0.771
05-03-2026 22:00:00,-0.771
05-03-2026 22:15:00,-0.771
05-03-2026 22:30:00,-0.771
05-03-2026 22:45:00,-0.771
05-03-2026 23:00:00,-0.771
05-03-2026 23:15:00,-0.771
05-03-2026 23:30:00,-0.771
05-03-2026 23:45:00,-0.771
05-04-2026 00:00:00,-0.771
05-04-2026 00:15:00,-0.771
05-04-2026 00:30:00,-0.771
05-04-2026 00:45:00,-0.771
05-04-2026 01:00:00,-0.771
05-04-2026 01:15:00,-0.771
05-04-2026 01:30:00,-0.771
05-04-2026 01:45:00,-0.771
05-04-2026 02:00:00,-0.771
05-04-2026 02:15:00,-0.771
05-04-2026 02:30:00,-0.771
05-04-2026 02:45:00,-0.771
05-04-2026 03:00:00,-0.771
05-04-2026 03:15:00,-0.771
05-04-2026 03:30:00,-0.771
05-04-2026 03:45:00,-0.771
05-04-2026 04:00:00,-0.771
05-04-2026 04:15:00,-0.771
05-04-2026 04:30:00,-0.771
05-04-2026 04:45:00,-0.771
05-04-2026 05:00:00,-0.771
05-04-2026 05:15:00,-0.771
05-04-2026 05:30:00,-0.771
05-04-2026 05:45:00,-0.771
05-04-2026 06:00:00,-0.544
05-04-2026 06:15:00,0.418
05-04-2026 06:30:00,0.385
05-04-2026 06:45:00,-0.113
05-04-2026 07:00:00,1.585
05-04-2026 07:15:00,3.124
05-04-2026 07:30:00,5.977
05-04-2026 07:45:00,8.013
05-04-2026 08:00:00,10.059
05-04-2026 08:15:00,12.374
05-04-2026 08:30:00,14.39
05-04-2026 08:45:00,16.426
05-04-2026 09:00:00,18.162
05-04-2026 09:15:00,19.63
05-04-2026 09:30:00,21.286
05-04-2026 09:45:00,23.409
05-04-2026 10:00:00,25.435
05-04-2026 10:15:00,26.972
05-04-2026 10:30:00,28.929
05-04-2026 10:45:00,30.903
05-04-2026 11:00:00,32.137
05-04-2026 11:15:00,32.62
05-04-2026 11:30:00,33.54
05-04-2026 11:45:00,33.945
05-04-2026 12:00:00,34.046
05-04-2026 12:15:00,34.084
05-04-2026 12:30:00,34.152
05-04-2026 12:45:00,34.082
05-04-2026 13:00:00,33.742
05-04-2026 13:15:00,33.53
05-04-2026 13:30:00,32.853
05-04-2026 13:45:00,32.422
05-04-2026 14:00:00,31.624
05-04-2026 14:15:00,30.591
05-04-2026 14:30:00,29.915
05-04-2026 14:45:00,28.707
05-04-2026 15:00:00,27.227
05-04-2026 15:15:00,26.043
05-04-2026 15:30:00,24.683
05-04-2026 15:45:00,22.903
05-04-2026 16:00:00,20.526
05-04-2026 16:15:00,17.676
05-04-2026 16:30:00,15.551
05-04-2026 16:45:00,13.485
05-04-2026 17:00:00,11.112
05-04-2026 17:15:00,8.848
05-04-2026 17:30:00,6.277
05-04-2026 17:45:00,4.034
05-04-2026 18:00:00,2.101
05-04-2026 18:15:00,1.171
05-04-2026 18:30:00,0.655
05-04-2026 18:45:00,0.027
05-04-2026 19:00:00,-0.771
05-04-2026 19:15:00,-0.771
05-04-2026 19:30:00,-0.771
05-04-2026 19:45:00,-0.771
05-04-2026 20:00:00,-0.771
05-04-2026 20:15:00,-0.771
05-04-2026 20:30:00,-0.771
05-04-2026 20:45:00,-0.771
05-04-2026 21:00:00,-0.771
05-04-2026 21:15:00,-0.771
05-04-2026 21:30:00,-0.771
05-04-2026 21:45:00,-0.771
05-04-2026 22:00:00,-0.771
05-04-2026 22:15:00,-0.771
05-04-2026 22:30:00,-0.771
05-04-2026 22:45:00,-0.771
05-04-2026 23:00:00,-0.771
05-04-2026 23:15:00,-0.771
05-04-2026 23:30:00,-0.771
05-04-2026 23:45:00,-0.771
05-05-2026 00:00:00,-0.771
05-05-2026 00:15:00,-0.771
05-05-2026 00:30:00,-0.771
05-05-2026 00:45:00,-0.771
05-05-2026 01:00:00,-0.771
05-05-2026 01:15:00,-0.771
05-05-2026 01:30:00,-0.771
05-05-2026 01:45:00,-0.771
05-05-2026 02:00:00,-0.771
05-05-2026 02:15:00,-0.771
05-05-2026 02:30:00,-0.771
05-05-2026 02:45:00,-0.771
05-05-2026 03:00:00,-0.771
05-05-2026 03:15:00,-0.771
05-05-2026 03:30:00,-0.771
05-05-2026 03:45:00,-0.771
05-05-2026 04:00:00,-0.771
05-05-2026 04:15:00,-0.771
05-05-2026 04:30:00,-0.771
05-05-2026 04:45:00,-0.771
05-05-2026 05:00:00,-0.771
05-05-2026 05:15:00,-0.771
05-05-2026 05:30:00,-0.771
05-05-2026 05:45:00,-0.746
05-05-2026 06:00:00,0.125
05-05-2026 06:15:00,-0.218
05-05-2026 06:30:00,1.505
05-05-2026 06:45:00,2.11
05-05-2026 07:00:00,3.289
05-05-2026 07:15:00,5.099
05-05-2026 07:30:00,4.883
05-05-2026 07:45:00,7.134
05-05-2026 08:00:00,10.199
05-05-2026 08:15:00,8.391
05-05-2026 08:30:00,13.196
05-05-2026 08:45:00,14.944
05-05-2026 09:00:00,20.057
05-05-2026 09:15:00,22.202
05-05-2026 09:30:00,24.073
05-05-2026 09:45:00,26.063
05-05-2026 10:00:00,28.69
05-05-2026 10:15:00,31.261
05-05-2026 10:30:00,22.618
05-05-2026 10:45:00,24.008
05-05-2026 11:00:00,17.115
05-05-2026 11:15:00,26.432
05-05-2026 11:30:00,29.276
05-05-2026 11:45:00,30.664
05-05-2026 12:00:00,33.842
05-05-2026 12:15:00,33.345
05-05-2026 12:30:00,22.833
05-05-2026 12:45:00,20.056
05-05-2026 13:00:00,13.283
05-05-2026 13:15:00,11.22
05-05-2026 13:30:00,23.357
05-05-2026 13:45:00,24.649
05-05-2026 14:00:00,29.464
05-05-2026 14:15:00,32.742
05-05-2026 14:30:00,31.74
05-05-2026 14:45:00,25.043
05-05-2026 15:00:00,25.664
05-05-2026 15:15:00,29.826
05-05-2026 15:30:00,22.63
05-05-2026 15:45:00,14.22
05-05-2026 16:00:00,17.136
05-05-2026 16:15:00,19.487
05-05-2026 16:30:00,16.306
05-05-2026 16:45:00,12.115
05-05-2026 17:00:00,7.743
05-05-2026 17:15:00,4.576
05-05-2026 17:30:00,3.656
05-05-2026 17:45:00,2.489
05-05-2026 18:00:00,1.966
05-05-2026 18:15:00,-0.403
05-05-2026 18:30:00,-0.003
05-05-2026 18:45:00,0.249
05-05-2026 19:00:00,-0.399
05-05-2026 19:15:00,-0.771
05-05-2026 19:30:00,-0.771
05-05-2026 19:45:00,-0.771
05-05-2026 20:00:00,-0.771
05-05-2026 20:15:00,-0.771
05-05-2026 20:30:00,-0.771
05-05-2026 20:45:00,-0.771
05-05-2026 21:00:00,-0.771
05-05-2026 21:15:00,-0.771
05-05-2026 21:30:00,-0.771
05-05-2026 21:45:00,-0.771
05-05-2026 22:00:00,-0.771
05-05-2026 22:15:00,-0.771
05-05-2026 22:30:00,-0.771
05-05-2026 22:45:00,-0.771
05-05-2026 23:00:00,-0.771
05-05-2026 23:15:00,-0.771
05-05-2026 23:30:00,-0.771
05-05-2026 23:45:00,-0.771
05-06-2026 00:00:00,-0.771
05-06-2026 00:15:00,-0.771
05-06-2026 00:30:00,-0.771
05-06-2026 00:45:00,-0.771
05-06-2026 01:00:00,-0.771
05-06-2026 01:15:00,-0.771
05-06-2026 01:30:00,-0.771
05-06-2026 01:45:00,-0.771
05-06-2026 02:00:00,-0.771
05-06-2026 02:15:00,-0.771
05-06-2026 02:30:00,-0.771
05-06-2026 02:45:00,-0.771
05-06-2026 03:00:00,-0.771
05-06-2026 03:15:00,-0.771
05-06-2026 03:30:00,-0.771
05-06-2026 03:45:00,-0.771
05-06-2026 04:00:00,-0.771
05-06-2026 04:15:00,-0.771
05-06-2026 04:30:00,-0.771
05-06-2026 04:45:00,-0.771
05-06-2026 05:00:00,-0.771
05-06-2026 05:15:00,-0.771
05-06-2026 05:30:00,-0.771
05-06-2026 05:45:00,-0.771
05-06-2026 06:00:00,-0.771
05-06-2026 06:15:00,0.186
05-06-2026 06:30:00,1.511
05-06-2026 06:45:00,2.391
05-06-2026 07:00:00,4.232
05-06-2026 07:15:00,5.9
05-06-2026 07:30:00,6.271
05-06-2026 07:45:00,6.2
05-06-2026 08:00:00,11.217
05-06-2026 08:15:00,10.676
05-06-2026 08:30:00,16.03
05-06-2026 08:45:00,19.014
05-06-2026 09:00:00,13.25
05-06-2026 09:15:00,13.119
05-06-2026 09:30:00,16.175
05-06-2026 09:45:00,18.759
05-06-2026 10:00:00,21.77
05-06-2026 10:15:00,24.03
05-06-2026 10:30:00,17.068
05-06-2026 10:45:00,10.029
05-06-2026 11:00:00,17.798
05-06-2026 11:15:00,24.87
05-06-2026 11:30:00,28.074
05-06-2026 11:45:00,30.876
05-06-2026 12:00:00,35.716
05-06-2026 12:15:00,28.068
05-06-2026 12:30:00,28.062
05-06-2026 12:45:00,16.552
05-06-2026 13:00:00,11.289
05-06-2026 13:15:00,8.072
05-06-2026 13:30:00,8.89
05-06-2026 13:45:00,9.971
05-06-2026 14:00:00,10.63
05-06-2026 14:15:00,12.822
05-06-2026 14:30:00,12.457
05-06-2026 14:45:00,11.161
05-06-2026 15:00:00,10.312
05-06-2026 15:15:00,11.93
05-06-2026 15:30:00,7.694
05-06-2026 15:45:00,5.017
05-06-2026 16:00:00,4.909
05-06-2026 16:15:00,4.403
05-06-2026 16:30:00,5.764
05-06-2026 16:45:00,4.008
05-06-2026 17:00:00,1.906
05-06-2026 17:15:00,1.216
05-06-2026 17:30:00,1.141
05-06-2026 17:45:00,1.279
05-06-2026 18:00:00,0.944
05-06-2026 18:15:00,0.346
05-06-2026 18:30:00,-0.771
05-06-2026 18:45:00,-0.638
05-06-2026 19:00:00,-0.648
05-06-2026 19:15:00,-0.771
05-06-2026 19:30:00,-0.771
05-06-2026 19:45:00,-0.771
05-06-2026 20:00:00,-0.771
05-06-2026 20:15:00,-0.771
05-06-2026 20:30:00,-0.771
05-06-2026 20:45:00,-0.771
05-06-2026 21:00:00,-0.771
05-06-2026 21:15:00,-0.771
05-06-2026 21:30:00,-0.771
05-06-2026 21:45:00,-0.771
05-06-2026 22:00:00,-0.771
05-06-2026 22:15:00,-0.771
05-06-2026 22:30:00,-0.771
05-06-2026 22:45:00,-0.771
05-06-2026 23:00:00,-0.771
05-06-2026 23:15:00,-0.771
05-06-2026 23:30:00,-0.771
05-06-2026 23:45:00,-0.771
05-07-2026 00:00:00,-0.771
05-07-2026 00:15:00,-0.771
05-07-2026 00:30:00,-0.771
05-07-2026 00:45:00,-0.771
05-07-2026 01:00:00,-0.771
05-07-2026 01:15:00,-0.771
05-07-2026 01:30:00,-0.771
05-07-2026 01:45:00,-0.771
05-07-2026 02:00:00,-0.771
05-07-2026 02:15:00,-0.771
05-07-2026 02:30:00,-0.771
05-07-2026 02:45:00,-0.771
05-07-2026 03:00:00,-0.771
05-07-2026 03:15:00,-0.771
05-07-2026 03:30:00,-0.771
05-07-2026 03:45:00,-0.771
05-07-2026 04:00:00,-0.771
05-07-2026 04:15:00,-0.771
05-07-2026 04:30:00,-0.771
05-07-2026 04:45:00,-0.771
05-07-2026 05:00:00,-0.771
05-07-2026 05:15:00,-0.771
05-07-2026 05:30:00,-0.771
05-07-2026 05:45:00,-0.746
05-07-2026 06:00:00,-0.611
05-07-2026 06:15:00,-0.465
05-07-2026 06:30:00,1.507
05-07-2026 06:45:00,2.299
05-07-2026 07:00:00,3.334
05-07-2026 07:15:00,4.635
05-07-2026 07:30:00,6.314
05-07-2026 07:45:00,7.344
05-07-2026 08:00:00,7.911
05-07-2026 08:15:00,9.038
05-07-2026 08:30:00,12.107
05-07-2026 08:45:00,18.225
05-07-2026 09:00:00,18.926
05-07-2026 09:15:00,19.897
05-07-2026 09:30:00,21.539
05-07-2026 09:45:00,23.591
05-07-2026 10:00:00,25.247
05-07-2026 10:15:00,25.647
05-07-2026 10:30:00,30.449
05-07-2026 10:45:00,32.151
05-07-2026 11:00:00,32.52
05-07-2026 11:15:00,33.009
05-07-2026 11:30:00,32.684
05-07-2026 11:45:00,34.581
05-07-2026 12:00:00,33.557
05-07-2026 12:15:00,34.07
05-07-2026 12:30:00,33.826
05-07-2026 12:45:00,33.704
05-07-2026 13:00:00,33.511
05-07-2026 13:15:00,31.687
05-07-2026 13:30:00,32.289
05-07-2026 13:45:00,34.646
05-07-2026 14:00:00,32.465
05-07-2026 14:15:00,30.921
05-07-2026 14:30:00,29.888
05-07-2026 14:45:00,22.4
05-07-2026 15:00:00,23.689
05-07-2026 15:15:00,24.402
05-07-2026 15:30:00,16.881
05-07-2026 15:45:00,22.937
05-07-2026 16:00:00,21.874
05-07-2026 16:15:00,18.632
05-07-2026 16:30:00,10.046
05-07-2026 16:45:00,13.002
05-07-2026 17:00:00,7.769
05-07-2026 17:15:00,4.695
05-07-2026 17:30:00,4.192
05-07-2026 17:45:00,2.159
05-07-2026 18:00:00,1.523
05-07-2026 18:15:00,1.086
05-07-2026 18:30:00,0.655
05-07-2026 18:45:00,-0.695
05-07-2026 19:00:00,-0.771
05-07-2026 19:15:00,-0.771
05-07-2026 19:30:00,-0.771
05-07-2026 19:45:00,-0.771
05-07-2026 20:00:00,-0.771
05-07-2026 20:15:00,-0.771
05-07-2026 20:30:00,-0.771
05-07-2026 20:45:00,-0.771
05-07-2026 21:00:00,-0.771
05-07-2026 21:15:00,-0.771
05-07-2026 21:30:00,-0.771
05-07-2026 21:45:00,-0.771
05-07-2026 22:00:00,-0.771
05-07-2026 22:15:00,-0.771
05-07-2026 22:30:00,-0.771
05-07-2026 22:45:00,-0.771
05-07-2026 23:00:00,-0.771
05-07-2026 23:15:00,-0.771
05-07-2026 23:30:00,-0.771
05-07-2026 23:45:00,-0.771
05-08-2026 00:00:00,-0.771
05-08-2026 00:15:00,-0.771
05-08-2026 00:30:00,-0.771
05-08-2026 00:45:00,-0.771
05-08-2026 01:00:00,-0.771
05-08-2026 01:15:00,-0.771
05-08-2026 01:30:00,-0.771
05-08-2026 01:45:00,-0.771
05-08-2026 02:00:00,-0.771
05-08-2026 02:15:00,-0.771
05-08-2026 02:30:00,-0.771
05-08-2026 02:45:00,-0.771
05-08-2026 03:00:00,-0.771
05-08-2026 03:15:00,-0.771
05-08-2026 03:30:00,-0.771
05-08-2026 03:45:00,-0.771
05-08-2026 04:00:00,-0.771
05-08-2026 04:15:00,-0.771
05-08-2026 04:30:00,-0.771
05-08-2026 04:45:00,-0.771
05-08-2026 05:00:00,-0.771
05-08-2026 05:15:00,-0.771
05-08-2026 05:30:00,-0.771
05-08-2026 05:45:00,-0.462
05-08-2026 06:00:00,0.328
05-08-2026 06:15:00,0.511
05-08-2026 06:30:00,1.349
05-08-2026 06:45:00,2.381
05-08-2026 07:00:00,2.914
05-08-2026 07:15:00,3.591
05-08-2026 07:30:00,4.528
05-08-2026 07:45:00,5.989
05-08-2026 08:00:00,7.117
05-08-2026 08:15:00,8.655
05-08-2026 08:30:00,8.691
05-08-2026 08:45:00,11.79
05-08-2026 09:00:00,12.261
05-08-2026 09:15:00,20.786
05-08-2026 09:30:00,25.32
05-08-2026 09:45:00,22.119
05-08-2026 10:00:00,26.637
05-08-2026 10:15:00,28.669
05-08-2026 10:30:00,30.243
05-08-2026 10:45:00,31.942
05-08-2026 11:00:00,32.846
05-08-2026 11:15:00,33.177
05-08-2026 11:30:00,27.582
05-08-2026 11:45:00,33.909
05-08-2026 12:00:00,33.192
05-08-2026 12:15:00,34.091
05-08-2026 12:30:00,29.94
05-08-2026 12:45:00,33.949
05-08-2026 13:00:00,32.728
05-08-2026 13:15:00,32.472
05-08-2026 13:30:00,29.222
05-08-2026 13:45:00,31.786
05-08-2026 14:00:00,30.645
05-08-2026 14:15:00,24.822
05-08-2026 14:30:00,19.174
05-08-2026 14:45:00,24.164
05-08-2026 15:00:00,20.633
05-08-2026 15:15:00,22.745
05-08-2026 15:30:00,20.286
05-08-2026 15:45:00,20.393
05-08-2026 16:00:00,19.316
05-08-2026 16:15:00,15.903
05-08-2026 16:30:00,15.028
05-08-2026 16:45:00,8.788
05-08-2026 17:00:00,9.766
05-08-2026 17:15:00,4.989
05-08-2026 17:30:00,5.455
05-08-2026 17:45:00,3.121
05-08-2026 18:00:00,2.568
05-08-2026 18:15:00,1.528
05-08-2026 18:30:00,-0.495
05-08-2026 18:45:00,-0.056
05-08-2026 19:00:00,-0.036
05-08-2026 19:15:00,-0.771
05-08-2026 19:30:00,-0.771
05-08-2026 19:45:00,-0.771
05-08-2026 20:00:00,-0.771
05-08-2026 20:15:00,-0.771
05-08-2026 20:30:00,-0.771
05-08-2026 20:45:00,-0.771
05-08-2026 21:00:00,-0.771
05-08-2026 21:15:00,-0.771
05-08-2026 21:30:00,-0.771
05-08-2026 21:45:00,-0.771
05-08-2026 22:00:00,-0.771
05-08-2026 22:15:00,-0.771
05-08-2026 22:30:00,-0.771
05-08-2026 22:45:00,-0.771
05-08-2026 23:00:00,-0.771
05-08-2026 23:15:00,-0.771
05-08-2026 23:30:00,-0.771
05-08-2026 23:45:00,-0.771
05-09-2026 00:00:00,-0.771
05-09-2026 00:15:00,-0.771
05-09-2026 00:30:00,-0.771
05-09-2026 00:45:00,-0.771
05-09-2026 01:00:00,-0.771
05-09-2026 01:15:00,-0.771
05-09-2026 01:30:00,-0.771
05-09-2026 01:45:00,-0.771
05-09-2026 02:00:00,-0.771
05-09-2026 02:15:00,-0.771
05-09-2026 02:30:00,-0.771
05-09-2026 02:45:00,-0.771
05-09-2026 03:00:00,-0.771
05-09-2026 03:15:00,-0.771
05-09-2026 03:30:00,-0.771
05-09-2026 03:45:00,-0.771
05-09-2026 04:00:00,-0.771
05-09-2026 04:15:00,-0.771
05-09-2026 04:30:00,-0.771
05-09-2026 04:45:00,-0.771
05-09-2026 05:00:00,-0.771
05-09-2026 05:15:00,-0.771
05-09-2026 05:30:00,-0.771
05-09-2026 05:45:00,-0.771
05-09-2026 06:00:00,-0.771
05-09-2026 06:15:00,0.142
05-09-2026 06:30:00,1.413
05-09-2026 06:45:00,1.61
05-09-2026 07:00:00,2.11
05-09-2026 07:15:00,3.573
05-09-2026 07:30:00,3.678
05-09-2026 07:45:00,3.655
05-09-2026 08:00:00,9.846
05-09-2026 08:15:00,7.917
05-09-2026 08:30:00,13.026
05-09-2026 08:45:00,13.818
05-09-2026 09:00:00,17.541
05-09-2026 09:15:00,20.686
05-09-2026 09:30:00,22.106
05-09-2026 09:45:00,23.377
05-09-2026 10:00:00,24.118
05-09-2026 10:15:00,27.848
05-09-2026 10:30:00,28.739
05-09-2026 10:45:00,27.889
05-09-2026 11:00:00,31.419
05-09-2026 11:15:00,29.777
05-09-2026 11:30:00,21.838
05-09-2026 11:45:00,22.056
05-09-2026 12:00:00,21.621
05-09-2026 12:15:00,30.697
05-09-2026 12:30:00,30.862
05-09-2026 12:45:00,29.75
05-09-2026 13:00:00,11.709
05-09-2026 13:15:00,10.41
05-09-2026 13:30:00,13.493
05-09-2026 13:45:00,21.467
05-09-2026 14:00:00,21.043
05-09-2026 14:15:00,32.783
05-09-2026 14:30:00,31.311
05-09-2026 14:45:00,29.817
05-09-2026 15:00:00,28.106
05-09-2026 15:15:00,22.791
05-09-2026 15:30:00,22.108
05-09-2026 15:45:00,18.842
05-09-2026 16:00:00,15.005
05-09-2026 16:15:00,11.312
05-09-2026 16:30:00,10.67
05-09-2026 16:45:00,7.536
05-09-2026 17:00:00,5.91
05-09-2026 17:15:00,5.654
05-09-2026 17:30:00,5.654
05-09-2026 17:45:00,3.754
05-09-2026 18:00:00,2.543
05-09-2026 18:15:00,2.048
05-09-2026 18:30:00,-0.415
05-09-2026 18:45:00,-0.771
05-09-2026 19:00:00,-0.571
05-09-2026 19:15:00,-0.771
05-09-2026 19:30:00,-0.771
05-09-2026 19:45:00,-0.771
05-09-2026 20:00:00,-0.771
05-09-2026 20:15:00,-0.771
05-09-2026 20:30:00,-0.771
05-09-2026 20:45:00,-0.771
05-09-2026 21:00:00,-0.771
05-09-2026 21:15:00,-0.771
05-09-2026 21:30:00,-0.771
05-09-2026 21:45:00,-0.771
05-09-2026 22:00:00,-0.771
05-09-2026 22:15:00,-0.771
05-09-2026 22:30:00,-0.771
05-09-2026 22:45:00,-0.771
05-09-2026 23:00:00,-0.771
05-09-2026 23:15:00,-0.771
05-09-2026 23:30:00,-0.771
05-09-2026 23:45:00,-0.771
05-10-2026 00:00:00,-0.771
05-10-2026 00:15:00,-0.771
05-10-2026 00:30:00,-0.771
05-10-2026 00:45:00,-0.771
05-10-2026 01:00:00,-0.771
05-10-2026 01:15:00,-0.771
05-10-2026 01:30:00,-0.771
05-10-2026 01:45:00,-0.771
05-10-2026 02:00:00,-0.771
05-10-2026 02:15:00,-0.771
05-10-2026 02:30:00,-0.771
05-10-2026 02:45:00,-0.771
05-10-2026 03:00:00,-0.771
05-10-2026 03:15:00,-0.771
05-10-2026 03:30:00,-0.771
05-10-2026 03:45:00,-0.771
05-10-2026 04:00:00,-0.771
05-10-2026 04:15:00,-0.771
05-10-2026 04:30:00,-0.771
05-10-2026 04:45:00,-0.771
05-10-2026 05:00:00,-0.771
05-10-2026 05:15:00,-0.771
05-10-2026 05:30:00,-0.771
05-10-2026 05:45:00,-0.607
05-10-2026 06:00:00,0.396
05-10-2026 06:15:00,0.888
05-10-2026 06:30:00,1.269
05-10-2026 06:45:00,1.628
05-10-2026 07:00:00,2.545
05-10-2026 07:15:00,3.833
05-10-2026 07:30:00,5.794
05-10-2026 07:45:00,6.301
05-10-2026 08:00:00,9.062
05-10-2026 08:15:00,13.091
05-10-2026 08:30:00,9
05-10-2026 08:45:00,14.189
05-10-2026 09:00:00,13.608
05-10-2026 09:15:00,12.998
05-10-2026 09:30:00,15.854
05-10-2026 09:45:00,18.713
05-10-2026 10:00:00,21.976
05-10-2026 10:15:00,27.29
05-10-2026 10:30:00,27.813
05-10-2026 10:45:00,31.864
05-10-2026 11:00:00,31.794
05-10-2026 11:15:00,24.766
05-10-2026 11:30:00,23.064
05-10-2026 11:45:00,22.86
05-10-2026 12:00:00,33.341
05-10-2026 12:15:00,15.935
05-10-2026 12:30:00,13.302
05-10-2026 12:45:00,23.664
05-10-2026 13:00:00,28.239
05-10-2026 13:15:00,16.118
05-10-2026 13:30:00,21.626
05-10-2026 13:45:00,14.382
05-10-2026 14:00:00,13.89
05-10-2026 14:15:00,22.258
05-10-2026 14:30:00,21.254
05-10-2026 14:45:00,26.825
05-10-2026 15:00:00,26.504
05-10-2026 15:15:00,27.913
05-10-2026 15:30:00,26.053
05-10-2026 15:45:00,22.178
05-10-2026 16:00:00,22.855
05-10-2026 16:15:00,19.471
05-10-2026 16:30:00,16.015
05-10-2026 16:45:00,13.465
05-10-2026 17:00:00,8.572
05-10-2026 17:15:00,7.147
05-10-2026 17:30:00,3.648
05-10-2026 17:45:00,3.523
05-10-2026 18:00:00,2.229
05-10-2026 18:15:00,1.373
05-10-2026 18:30:00,-0.23
05-10-2026 18:45:00,-0.513
05-10-2026 19:00:00,-0.027
05-10-2026 19:15:00,-0.769
05-10-2026 19:30:00,-0.771
05-10-2026 19:45:00,-0.771
05-10-2026 20:00:00,-0.771
05-10-2026 20:15:00,-0.771
05-10-2026 20:30:00,-0.771
05-10-2026 20:45:00,-0.771
05-10-2026 21:00:00,-0.771
05-10-2026 21:15:00,-0.771
05-10-2026 21:30:00,-0.771
05-10-2026 21:45:00,-0.771
05-10-2026 22:00:00,-0.771
05-10-2026 22:15:00,-0.771
05-10-2026 22:30:00,-0.771
05-10-2026 22:45:00,-0.771
05-10-2026 23:00:00,-0.771
05-10-2026 23:15:00,-0.771
05-10-2026 23:30:00,-0.771
05-10-2026 23:45:00,-0.771
05-11-2026 00:00:00,-0.771
05-11-2026 00:15:00,-0.771
05-11-2026 00:30:00,-0.771
05-11-2026 00:45:00,-0.771
05-11-2026 01:00:00,-0.771
05-11-2026 01:15:00,-0.771
05-11-2026 01:30:00,-0.771
05-11-2026 01:45:00,-0.771
05-11-2026 02:00:00,-0.771
05-11-2026 02:15:00,-0.771
05-11-2026 02:30:00,-0.771
05-11-2026 02:45:00,-0.771
05-11-2026 03:00:00,-0.771
05-11-2026 03:15:00,-0.771
05-11-2026 03:30:00,-0.771
05-11-2026 03:45:00,-0.771
05-11-2026 04:00:00,-0.771
05-11-2026 04:15:00,-0.771
05-11-2026 04:30:00,-0.771
05-11-2026 04:45:00,-0.771
05-11-2026 05:00:00,-0.771
05-11-2026 05:15:00,-0.771
05-11-2026 05:30:00,-0.771
05-11-2026 05:45:00,-0.641
05-11-2026 06:00:00,0.227
05-11-2026 06:15:00,-0.371
05-11-2026 06:30:00,0.366
05-11-2026 06:45:00,1.679
05-11-2026 07:00:00,2.098
05-11-2026 07:15:00,2.952
05-11-2026 07:30:00,3.297
05-11-2026 07:45:00,4.163
05-11-2026 08:00:00,5.248
05-11-2026 08:15:00,4.765
05-11-2026 08:30:00,7.17
05-11-2026 08:45:00,9.458
05-11-2026 09:00:00,8.429
05-11-2026 09:15:00,14.695
05-11-2026 09:30:00,18.472
05-11-2026 09:45:00,23.159
05-11-2026 10:00:00,17.603
05-11-2026 10:15:00,18.985
05-11-2026 10:30:00,22.748
05-11-2026 10:45:00,23.867
05-11-2026 11:00:00,24.977
05-11-2026 11:15:00,34.27
05-11-2026 11:30:00,27.823
05-11-2026 11:45:00,20.202
05-11-2026 12:00:00,29.862
05-11-2026 12:15:00,28.891
05-11-2026 12:30:00,22.383
05-11-2026 12:45:00,15.676
05-11-2026 13:00:00,16.187
05-11-2026 13:15:00,10.942
05-11-2026 13:30:00,10.623
05-11-2026 13:45:00,9.4
05-11-2026 14:00:00,13.227
05-11-2026 14:15:00,9.54
05-11-2026 14:30:00,11.14
05-11-2026 14:45:00,9.888
05-11-2026 15:00:00,16.053
05-11-2026 15:15:00,11.627
05-11-2026 15:30:00,5.034
05-11-2026 15:45:00,5.482
05-11-2026 16:00:00,9.728
05-11-2026 16:15:00,6.408
05-11-2026 16:30:00,4.163
05-11-2026 16:45:00,3.399
05-11-2026 17:00:00,8.098
05-11-2026 17:15:00,8.902
05-11-2026 17:30:00,7.569
05-11-2026 17:45:00,5.575
05-11-2026 18:00:00,3.259
05-11-2026 18:15:00,1.503
05-11-2026 18:30:00,-0.445
05-11-2026 18:45:00,0.311
05-11-2026 19:00:00,-0.275
05-11-2026 19:15:00,-0.771
05-11-2026 19:30:00,-0.771
05-11-2026 19:45:00,-0.771
05-11-2026 20:00:00,-0.771
05-11-2026 20:15:00,-0.771
05-11-2026 20:30:00,-0.771
05-11-2026 20:45:00,-0.771
05-11-2026 21:00:00,-0.771
05-11-2026 21:15:00,-0.771
05-11-2026 21:30:00,-0.771
05-11-2026 21:45:00,-0.771
05-11-2026 22:00:00,-0.771
05-11-2026 22:15:00,-0.771
05-11-2026 22:30:00,-0.771
05-11-2026 22:45:00,-0.771
05-11-2026 23:00:00,-0.771
05-11-2026 23:15:00,-0.771
05-11-2026 23:30:00,-0.771
05-11-2026 23:45:00,-0.771
05-12-2026 00:00:00,-0.771
05-12-2026 00:15:00,-0.771
05-12-2026 00:30:00,-0.771
05-12-2026 00:45:00,-0.771
05-12-2026 01:00:00,-0.771
05-12-2026 01:15:00,-0.771
05-12-2026 01:30:00,-0.771
05-12-2026 01:45:00,-0.771
05-12-2026 02:00:00,-0.771
05-12-2026 02:15:00,-0.771
05-12-2026 02:30:00,-0.771
05-12-2026 02:45:00,-0.771
05-12-2026 03:00:00,-0.771
05-12-2026 03:15:00,-0.771
05-12-2026 03:30:00,-0.771
05-12-2026 03:45:00,-0.771
05-12-2026 04:00:00,-0.771
05-12-2026 04:15:00,-0.771
05-12-2026 04:30:00,-0.771
05-12-2026 04:45:00,-0.771
05-12-2026 05:00:00,-0.771
05-12-2026 05:15:00,-0.771
05-12-2026 05:30:00,-0.771
05-12-2026 05:45:00,-0.565
05-12-2026 06:00:00,-0.03
05-12-2026 06:15:00,0.576
05-12-2026 06:30:00,1.347
05-12-2026 06:45:00,2.547
05-12-2026 07:00:00,3.02
05-12-2026 07:15:00,4.605
05-12-2026 07:30:00,5.997
05-12-2026 07:45:00,7.075
05-12-2026 08:00:00,10.005
05-12-2026 08:15:00,12.679
05-12-2026 08:30:00,15.147
05-12-2026 08:45:00,16.682
05-12-2026 09:00:00,18.591
05-12-2026 09:15:00,19.645
05-12-2026 09:30:00,21.283
05-12-2026 09:45:00,23.55
05-12-2026 10:00:00,25.532
05-12-2026 10:15:00,27.956
05-12-2026 10:30:00,29.866
05-12-2026 10:45:00,31.261
05-12-2026 11:00:00,32.148
05-12-2026 11:15:00,33.034
05-12-2026 11:30:00,30.651
05-12-2026 11:45:00,29.352
05-12-2026 12:00:00,19.591
05-12-2026 12:15:00,19.067
05-12-2026 12:30:00,22.163
05-12-2026 12:45:00,32.498
05-12-2026 13:00:00,24.008
05-12-2026 13:15:00,16.193
05-12-2026 13:30:00,36.085
05-12-2026 13:45:00,34.157
05-12-2026 14:00:00,28.928
05-12-2026 14:15:00,30.062
05-12-2026 14:30:00,31.159
05-12-2026 14:45:00,29.93
05-12-2026 15:00:00,29.138
05-12-2026 15:15:00,22.716
05-12-2026 15:30:00,26.735
05-12-2026 15:45:00,19.902
05-12-2026 16:00:00,23.271
05-12-2026 16:15:00,20.671
05-12-2026 16:30:00,13.52
05-12-2026 16:45:00,13.028
05-12-2026 17:00:00,11.858
05-12-2026 17:15:00,6.21
05-12-2026 17:30:00,5.927
05-12-2026 17:45:00,3.827
05-12-2026 18:00:00,2.685
05-12-2026 18:15:00,1.698
05-12-2026 18:30:00,-0.46
05-12-2026 18:45:00,0.252
05-12-2026 19:00:00,-0.215
05-12-2026 19:15:00,-0.771
05-12-2026 19:30:00,-0.771
05-12-2026 19:45:00,-0.771
05-12-2026 20:00:00,-0.771
05-12-2026 20:15:00,-0.771
05-12-2026 20:30:00,-0.771
05-12-2026 20:45:00,-0.771
05-12-2026 21:00:00,-0.771
05-12-2026 21:15:00,-0.771
05-12-2026 21:30:00,-0.771
05-12-2026 21:45:00,-0.771
05-12-2026 22:00:00,-0.771
05-12-2026 22:15:00,-0.771
05-12-2026 22:30:00,-0.771
05-12-2026 22:45:00,-0.771
05-12-2026 23:00:00,-0.771
05-12-2026 23:15:00,-0.771
05-12-2026 23:30:00,-0.771
05-12-2026 23:45:00,-0.771
05-13-2026 00:00:00,-0.771
05-13-2026 00:15:00,-0.771
05-13-2026 00:30:00,-0.771
05-13-2026 00:45:00,-0.771
05-13-2026 01:00:00,-0.771
05-13-2026 01:15:00,-0.771
05-13-2026 01:30:00,-0.771
05-13-2026 01:45:00,-0.771
05-13-2026 02:00:00,-0.771
05-13-2026 02:15:00,-0.771
05-13-2026 02:30:00,-0.771
05-13-2026 02:45:00,-0.771
05-13-2026 03:00:00,-0.771
05-13-2026 03:15:00,-0.771
05-13-2026 03:30:00,-0.771
05-13-2026 03:45:00,-0.771
05-13-2026 04:00:00,-0.771
05-13-2026 04:15:00,-0.771
05-13-2026 04:30:00,-0.771
05-13-2026 04:45:00,-0.771
05-13-2026 05:00:00,-0.771
05-13-2026 05:15:00,-0.771
05-13-2026 05:30:00,-0.771
05-13-2026 05:45:00,-0.771
05-13-2026 06:00:00,-0.771
05-13-2026 06:15:00,-0.288
05-13-2026 06:30:00,1.697
05-13-2026 06:45:00,2.065
05-13-2026 07:00:00,3.495
05-13-2026 07:15:00,3.359
05-13-2026 07:30:00,3.103
05-13-2026 07:45:00,5.537
05-13-2026 08:00:00,7.57
05-13-2026 08:15:00,12.21
05-13-2026 08:30:00,12.965
05-13-2026 08:45:00,16.818
05-13-2026 09:00:00,19.68
05-13-2026 09:15:00,12.228
05-13-2026 09:30:00,23.012
05-13-2026 09:45:00,17.653
05-13-2026 10:00:00,14.147
05-13-2026 10:15:00,27.959
05-13-2026 10:30:00,24.415
05-13-2026 10:45:00,31.086
05-13-2026 11:00:00,30.575
05-13-2026 11:15:00,33.509
05-13-2026 11:30:00,34.173
05-13-2026 11:45:00,34.872
05-13-2026 12:00:00,34.848
05-13-2026 12:15:00,37.553
05-13-2026 12:30:00,35.796
05-13-2026 12:45:00,31.405
05-13-2026 13:00:00,29.517
05-13-2026 13:15:00,34.451
05-13-2026 13:30:00,33.636
05-13-2026 13:45:00,24.109
05-13-2026 14:00:00,17.962
05-13-2026 14:15:00,23.43
05-13-2026 14:30:00,29.028
05-13-2026 14:45:00,19.296
05-13-2026 15:00:00,28.94
05-13-2026 15:15:00,24.646
05-13-2026 15:30:00,23.334
05-13-2026 15:45:00,20.707
05-13-2026 16:00:00,24.015
05-13-2026 16:15:00,17.033
05-13-2026 16:30:00,13.235
05-13-2026 16:45:00,5.377
05-13-2026 17:00:00,9.397
05-13-2026 17:15:00,6.091
05-13-2026 17:30:00,3.504
05-13-2026 17:45:00,3.068
05-13-2026 18:00:00,1.841
05-13-2026 18:15:00,0.213
05-13-2026 18:30:00,-0.771
05-13-2026 18:45:00,-0.39
05-13-2026 19:00:00,-0.09
05-13-2026 19:15:00,-0.771
05-13-2026 19:30:00,-0.771
05-13-2026 19:45:00,-0.771
05-13-2026 20:00:00,-0.771
05-13-2026 20:15:00,-0.771
05-13-2026 20:30:00,-0.771
05-13-2026 20:45:00,-0.771
05-13-2026 21:00:00,-0.771
05-13-2026 21:15:00,-0.771
05-13-2026 21:30:00,-0.771
05-13-2026 21:45:00,-0.771
05-13-2026 22:00:00,-0.771
05-13-2026 22:15:00,-0.771
05-13-2026 22:30:00,-0.771
05-13-2026 22:45:00,-0.771
05-13-2026 23:00:00,-0.771
05-13-2026 23:15:00,-0.771
05-13-2026 23:30:00,-0.771
05-13-2026 23:45:00,-0.771
05-14-2026 00:00:00,-0.771
05-14-2026 00:15:00,-0.771
05-14-2026 00:30:00,-0.771
05-14-2026 00:45:00,-0.771
05-14-2026 01:00:00,-0.771
05-14-2026 01:15:00,-0.771
05-14-2026 01:30:00,-0.771
05-14-2026 01:45:00,-0.771
05-14-2026 02:00:00,-0.771
05-14-2026 02:15:00,-0.771
05-14-2026 02:30:00,-0.771
05-14-2026 02:45:00,-0.771
05-14-2026 03:00:00,-0.771
05-14-2026 03:15:00,-0.771
05-14-2026 03:30:00,-0.771
05-14-2026 03:45:00,-0.771
05-14-2026 04:00:00,-0.771
05-14-2026 04:15:00,-0.771
05-14-2026 04:30:00,-0.771
05-14-2026 04:45:00,-0.771
05-14-2026 05:00:00,-0.771
05-14-2026 05:15:00,-0.771
05-14-2026 05:30:00,-0.771
05-14-2026 05:45:00,-0.771
05-14-2026 06:00:00,-0.771
05-14-2026 06:15:00,0.199
05-14-2026 06:30:00,1.864
05-14-2026 06:45:00,2.766
05-14-2026 07:00:00,3.204
05-14-2026 07:15:00,2.944
05-14-2026 07:30:00,3.489
05-14-2026 07:45:00,4.491
05-14-2026 08:00:00,8.897
05-14-2026 08:15:00,6.236
05-14-2026 08:30:00,8.606
05-14-2026 08:45:00,10.499
05-14-2026 09:00:00,8.894
05-14-2026 09:15:00,19.041
05-14-2026 09:30:00,16.508
05-14-2026 09:45:00,12.414
05-14-2026 10:00:00,14.027
05-14-2026 10:15:00,14.153
05-14-2026 10:30:00,28.202
05-14-2026 10:45:00,31.624
05-14-2026 11:00:00,22.349
05-14-2026 11:15:00,24.911
05-14-2026 11:30:00,36.085
05-14-2026 11:45:00,34.706
05-14-2026 12:00:00,34.677
05-14-2026 12:15:00,34.231
05-14-2026 12:30:00,34.326
05-14-2026 12:45:00,34.028
05-14-2026 13:00:00,30.427
05-14-2026 13:15:00,25.305
05-14-2026 13:30:00,34.516
05-14-2026 13:45:00,32.364
05-14-2026 14:00:00,31.802
05-14-2026 14:15:00,31.821
05-14-2026 14:30:00,30.84
05-14-2026 14:45:00,29.785
05-14-2026 15:00:00,28.022
05-14-2026 15:15:00,26.355
05-14-2026 15:30:00,27.34
05-14-2026 15:45:00,24.373
05-14-2026 16:00:00,22.651
05-14-2026 16:15:00,12.745
05-14-2026 16:30:00,5.398
05-14-2026 16:45:00,12.099
05-14-2026 17:00:00,11.54
05-14-2026 17:15:00,9.475
05-14-2026 17:30:00,4.879
05-14-2026 17:45:00,1.442
05-14-2026 18:00:00,-0.77
05-14-2026 18:15:00,-0.694
05-14-2026 18:30:00,0.328
05-14-2026 18:45:00,0.196
05-14-2026 19:00:00,-0.643
05-14-2026 19:15:00,-0.771
05-14-2026 19:30:00,-0.771
05-14-2026 19:45:00,-0.771
05-14-2026 20:00:00,-0.771
05-14-2026 20:15:00,-0.771
05-14-2026 20:30:00,-0.771
05-14-2026 20:45:00,-0.771
05-14-2026 21:00:00,-0.771
05-14-2026 21:15:00,-0.771
05-14-2026 21:30:00,-0.771
05-14-2026 21:45:00,-0.771
05-14-2026 22:00:00,-0.771
05-14-2026 22:15:00,-0.771
05-14-2026 22:30:00,-0.771
05-14-2026 22:45:00,-0.771
05-14-2026 23:00:00,-0.771
05-14-2026 23:15:00,-0.771
05-14-2026 23:30:00,-0.771
05-14-2026 23:45:00,-0.771
05-15-2026 00:00:00,-0.771
05-15-2026 00:15:00,-0.771
05-15-2026 00:30:00,-0.771
05-15-2026 00:45:00,-0.771
05-15-2026 01:00:00,-0.771
05-15-2026 01:15:00,-0.771
05-15-2026 01:30:00,-0.771
05-15-2026 01:45:00,-0.771
05-15-2026 02:00:00,-0.771
05-15-2026 02:15:00,-0.771
05-15-2026 02:30:00,-0.771
05-15-2026 02:45:00,-0.771
05-15-2026 03:00:00,-0.771
05-15-2026 03:15:00,-0.771
05-15-2026 03:30:00,-0.771
05-15-2026 03:45:00,-0.771
05-15-2026 04:00:00,-0.771
05-15-2026 04:15:00,-0.771
05-15-2026 04:30:00,-0.771
05-15-2026 04:45:00,-0.771
05-15-2026 05:00:00,-0.771
05-15-2026 05:15:00,-0.771
05-15-2026 05:30:00,-0.771
05-15-2026 05:45:00,-0.771
05-15-2026 06:00:00,-0.015
05-15-2026 06:15:00,-0.236
05-15-2026 06:30:00,1.009
05-15-2026 06:45:00,2.77
05-15-2026 07:00:00,5.276
05-15-2026 07:15:00,4.877
05-15-2026 07:30:00,3.519
05-15-2026 07:45:00,9.918
05-15-2026 08:00:00,11.735
05-15-2026 08:15:00,12.127
05-15-2026 08:30:00,10.916
05-15-2026 08:45:00,13.168
05-15-2026 09:00:00,9.961
05-15-2026 09:15:00,11.312
05-15-2026 09:30:00,12.918
05-15-2026 09:45:00,22.628
05-15-2026 10:00:00,19.726
05-15-2026 10:15:00,21.574
05-15-2026 10:30:00,17.923
05-15-2026 10:45:00,23.685
05-15-2026 11:00:00,25.558
05-15-2026 11:15:00,11.552
05-15-2026 11:30:00,11.795
05-15-2026 11:45:00,12.982
05-15-2026 12:00:00,16.815
05-15-2026 12:15:00,26.204
05-15-2026 12:30:00,21.351
05-15-2026 12:45:00,13.11
05-15-2026 13:00:00,5.325
05-15-2026 13:15:00,6.647
05-15-2026 13:30:00,7.126
05-15-2026 13:45:00,3.917
05-15-2026 14:00:00,1.975
05-15-2026 14:15:00,1.682
05-15-2026 14:30:00,-0.006
05-15-2026 14:45:00,-0.771
05-15-2026 15:00:00,-0.131
05-15-2026 15:15:00,0.328
05-15-2026 15:30:00,-0.196
05-15-2026 15:45:00,-0.771
05-15-2026 16:00:00,-0.456
05-15-2026 16:15:00,0.273
05-15-2026 16:30:00,0.234
05-15-2026 16:45:00,-0.669
05-15-2026 17:00:00,-0.771
05-15-2026 17:15:00,0.265
05-15-2026 17:30:00,0.627
05-15-2026 17:45:00,-0.402
05-15-2026 18:00:00,-0.771
05-15-2026 18:15:00,-0.165
05-15-2026 18:30:00,0.181
05-15-2026 18:45:00,-0.282
05-15-2026 19:00:00,-0.771
05-15-2026 19:15:00,-0.771
05-15-2026 19:30:00,-0.771
05-15-2026 19:45:00,-0.771
05-15-2026 20:00:00,-0.771
05-15-2026 20:15:00,-0.771
05-15-2026 20:30:00,-0.771
05-15-2026 20:45:00,-0.771
05-15-2026 21:00:00,-0.771
05-15-2026 21:15:00,-0.771
05-15-2026 21:30:00,-0.771
05-15-2026 21:45:00,-0.771
05-15-2026 22:00:00,-0.771
05-15-2026 22:15:00,-0.771
05-15-2026 22:30:00,-0.771
05-15-2026 22:45:00,-0.771
05-15-2026 23:00:00,-0.771
05-15-2026 23:15:00,-0.771
05-15-2026 23:30:00,-0.771
05-15-2026 23:45:00,-0.771
05-16-2026 00:00:00,-0.771
05-16-2026 00:15:00,-0.771
05-16-2026 00:30:00,-0.771
05-16-2026 00:45:00,-0.771
05-16-2026 01:00:00,-0.771
05-16-2026 01:15:00,-0.771
05-16-2026 01:30:00,-0.771
05-16-2026 01:45:00,-0.771
05-16-2026 02:00:00,-0.771
05-16-2026 02:15:00,-0.771
05-16-2026 02:30:00,-0.771
05-16-2026 02:45:00,-0.771
05-16-2026 03:00:00,-0.771
05-16-2026 03:15:00,-0.771
05-16-2026 03:30:00,-0.771
05-16-2026 03:45:00,-0.771
05-16-2026 04:00:00,-0.771
05-16-2026 04:15:00,-0.771
05-16-2026 04:30:00,-0.771
05-16-2026 04:45:00,-0.771
05-16-2026 05:00:00,-0.771
05-16-2026 05:15:00,-0.771
05-16-2026 05:30:00,-0.771
05-16-2026 05:45:00,-0.771
05-16-2026 06:00:00,-0.35
05-16-2026 06:15:00,-0.343
05-16-2026 06:30:00,0.886
05-16-2026 06:45:00,1.697
05-16-2026 07:00:00,2.785
05-16-2026 07:15:00,4.517
05-16-2026 07:30:00,6.029
05-16-2026 07:45:00,7.858
05-16-2026 08:00:00,9.963
05-16-2026 08:15:00,12.445
05-16-2026 08:30:00,15.348
05-16-2026 08:45:00,17.179
05-16-2026 09:00:00,19.069
05-16-2026 09:15:00,13.256
05-16-2026 09:30:00,15.975
05-16-2026 09:45:00,15.681
05-16-2026 10:00:00,9.29
05-16-2026 10:15:00,26.027
05-16-2026 10:30:00,16.825
05-16-2026 10:45:00,31.266
05-16-2026 11:00:00,31.098
05-16-2026 11:15:00,30.132
05-16-2026 11:30:00,31.855
05-16-2026 11:45:00,33.165
05-16-2026 12:00:00,28.676
05-16-2026 12:15:00,33.759
05-16-2026 12:30:00,30.464
05-16-2026 12:45:00,34.179
05-16-2026 13:00:00,32.175
05-16-2026 13:15:00,31.82
05-16-2026 13:30:00,33.219
05-16-2026 13:45:00,31.932
05-16-2026 14:00:00,31.807
05-16-2026 14:15:00,31.337
05-16-2026 14:30:00,29.273
05-16-2026 14:45:00,28.711
05-16-2026 15:00:00,28.2
05-16-2026 15:15:00,25.657
05-16-2026 15:30:00,23.907
05-16-2026 15:45:00,22.224
05-16-2026 16:00:00,19.695
05-16-2026 16:15:00,17.109
05-16-2026 16:30:00,14.61
05-16-2026 16:45:00,12.479
05-16-2026 17:00:00,10.898
05-16-2026 17:15:00,8.481
05-16-2026 17:30:00,6.304
05-16-2026 17:45:00,4.53
05-16-2026 18:00:00,3.159
05-16-2026 18:15:00,1.207
05-16-2026 18:30:00,-0.543
05-16-2026 18:45:00,0.373
05-16-2026 19:00:00,0.005
05-16-2026 19:15:00,-0.771
05-16-2026 19:30:00,-0.771
05-16-2026 19:45:00,-0.771
05-16-2026 20:00:00,-0.771
05-16-2026 20:15:00,-0.771
05-16-2026 20:30:00,-0.771
05-16-2026 20:45:00,-0.771
05-16-2026 21:00:00,-0.771
05-16-2026 21:15:00,-0.771
05-16-2026 21:30:00,-0.771
05-16-2026 21:45:00,-0.771
05-16-2026 22:00:00,-0.771
05-16-2026 22:15:00,-0.771
05-16-2026 22:30:00,-0.771
05-16-2026 22:45:00,-0.771
05-16-2026 23:00:00,-0.771
05-16-2026 23:15:00,-0.771
05-16-2026 23:30:00,-0.771
05-16-2026 23:45:00,-0.771
05-17-2026 00:00:00,-0.771
05-17-2026 00:15:00,-0.771
05-17-2026 00:30:00,-0.771
05-17-2026 00:45:00,-0.771
05-17-2026 01:00:00,-0.771
05-17-2026 01:15:00,-0.771
05-17-2026 01:30:00,-0.771
05-17-2026 01:45:00,-0.771
05-17-2026 02:00:00,-0.771
05-17-2026 02:15:00,-0.771
05-17-2026 02:30:00,-0.771
05-17-2026 02:45:00,-0.771
05-17-2026 03:00:00,-0.771
05-17-2026 03:15:00,-0.771
05-17-2026 03:30:00,-0.771
05-17-2026 03:45:00,-0.771
05-17-2026 04:00:00,-0.771
05-17-2026 04:15:00,-0.771
05-17-2026 04:30:00,-0.771
05-17-2026 04:45:00,-0.771
05-17-2026 05:00:00,-0.771
05-17-2026 05:15:00,-0.771
05-17-2026 05:30:00,-0.771
05-17-2026 05:45:00,-0.381
05-17-2026 06:00:00,0.484
05-17-2026 06:15:00,0.807
05-17-2026 06:30:00,1.107
05-17-2026 06:45:00,1.707
05-17-2026 07:00:00,2.702
05-17-2026 07:15:00,4.153
05-17-2026 07:30:00,5.713
05-17-2026 07:45:00,7.743
05-17-2026 08:00:00,10.016
05-17-2026 08:15:00,12.501
05-17-2026 08:30:00,14.671
05-17-2026 08:45:00,14.64
05-17-2026 09:00:00,18.387
05-17-2026 09:15:00,19.34
05-17-2026 09:30:00,21.098
05-17-2026 09:45:00,23.141
05-17-2026 10:00:00,24.416
05-17-2026 10:15:00,23.313
05-17-2026 10:30:00,19.345
05-17-2026 10:45:00,21.488
05-17-2026 11:00:00,18.469
05-17-2026 11:15:00,13.574
05-17-2026 11:30:00,14.62
05-17-2026 11:45:00,26.713
05-17-2026 12:00:00,14.499
05-17-2026 12:15:00,9.664
05-17-2026 12:30:00,10.498
05-17-2026 12:45:00,19.858
05-17-2026 13:00:00,34.995
05-17-2026 13:15:00,32.972
05-17-2026 13:30:00,32.286
05-17-2026 13:45:00,31.362
05-17-2026 14:00:00,27.799
05-17-2026 14:15:00,30.995
05-17-2026 14:30:00,29.023
05-17-2026 14:45:00,26.174
05-17-2026 15:00:00,27.149
05-17-2026 15:15:00,26.15
05-17-2026 15:30:00,20.402
05-17-2026 15:45:00,21.85
05-17-2026 16:00:00,20.938
05-17-2026 16:15:00,13.25
05-17-2026 16:30:00,15.434
05-17-2026 16:45:00,10.512
05-17-2026 17:00:00,12.092
05-17-2026 17:15:00,8.614
05-17-2026 17:30:00,4.304
05-17-2026 17:45:00,3.915
05-17-2026 18:00:00,2.312
05-17-2026 18:15:00,1.886
05-17-2026 18:30:00,-0.407
05-17-2026 18:45:00,-0.317
05-17-2026 19:00:00,-0.407
05-17-2026 19:15:00,-0.764
05-17-2026 19:30:00,-0.771
05-17-2026 19:45:00,-0.771
05-17-2026 20:00:00,-0.771
05-17-2026 20:15:00,-0.771
05-17-2026 20:30:00,-0.771
05-17-2026 20:45:00,-0.771
05-17-2026 21:00:00,-0.771
05-17-2026 21:15:00,-0.771
05-17-2026 21:30:00,-0.771
05-17-2026 21:45:00,-0.771
05-17-2026 22:00:00,-0.771
05-17-2026 22:15:00,-0.771
05-17-2026 22:30:00,-0.771
05-17-2026 22:45:00,-0.771
05-17-2026 23:00:00,-0.771
05-17-2026 23:15:00,-0.771
05-17-2026 23:30:00,-0.771
05-17-2026 23:45:00,-0.771
05-18-2026 00:00:00,-0.771
05-18-2026 00:15:00,-0.771
05-18-2026 00:30:00,-0.771
05-18-2026 00:45:00,-0.771
05-18-2026 01:00:00,-0.771
05-18-2026 01:15:00,-0.771
05-18-2026 01:30:00,-0.771
05-18-2026 01:45:00,-0.771
05-18-2026 02:00:00,-0.771
05-18-2026 02:15:00,-0.771
05-18-2026 02:30:00,-0.771
05-18-2026 02:45:00,-0.771
05-18-2026 03:00:00,-0.771
05-18-2026 03:15:00,-0.771
05-18-2026 03:30:00,-0.771
05-18-2026 03:45:00,-0.771
05-18-2026 04:00:00,-0.771
05-18-2026 04:15:00,-0.771
05-18-2026 04:30:00,-0.771
05-18-2026 04:45:00,-0.771
05-18-2026 05:00:00,-0.771
05-18-2026 05:15:00,-0.771
05-18-2026 05:30:00,-0.771
05-18-2026 05:45:00,-0.495
05-18-2026 06:00:00,0.294
05-18-2026 06:15:00,-0.35
05-18-2026 06:30:00,0.496
05-18-2026 06:45:00,1.926
05-18-2026 07:00:00,2.871
05-18-2026 07:15:00,2.965
05-18-2026 07:30:00,3.983
05-18-2026 07:45:00,6.62
05-18-2026 08:00:00,10.177
05-18-2026 08:15:00,8.995
05-18-2026 08:30:00,13.256
05-18-2026 08:45:00,13.389
05-18-2026 09:00:00,14.786
05-18-2026 09:15:00,20.671
05-18-2026 09:30:00,17.13
05-18-2026 09:45:00,10.851
05-18-2026 10:00:00,15.219
05-18-2026 10:15:00,17.155
05-18-2026 10:30:00,16.757
05-18-2026 10:45:00,23.115
05-18-2026 11:00:00,15.329
05-18-2026 11:15:00,15.848
05-18-2026 11:30:00,18.161
05-18-2026 11:45:00,27.567
05-18-2026 12:00:00,19.312
05-18-2026 12:15:00,22.433
05-18-2026 12:30:00,21.439
05-18-2026 12:45:00,21.993
05-18-2026 13:00:00,24.266
05-18-2026 13:15:00,29.933
05-18-2026 13:30:00,33.999
05-18-2026 13:45:00,33.512
05-18-2026 14:00:00,32.089
05-18-2026 14:15:00,31.054
05-18-2026 14:30:00,30.4
05-18-2026 14:45:00,25.907
05-18-2026 15:00:00,27.91
05-18-2026 15:15:00,26.917
05-18-2026 15:30:00,21.616
05-18-2026 15:45:00,25.385
05-18-2026 16:00:00,22.399
05-18-2026 16:15:00,15.21
05-18-2026 16:30:00,15.764
05-18-2026 16:45:00,12.935
05-18-2026 17:00:00,11.741
05-18-2026 17:15:00,9.42
05-18-2026 17:30:00,6.498
05-18-2026 17:45:00,4.384
05-18-2026 18:00:00,2.521
05-18-2026 18:15:00,1.473
05-18-2026 18:30:00,0.061
05-18-2026 18:45:00,-0.771
05-18-2026 19:00:00,-0.393
05-18-2026 19:15:00,-0.771
05-18-2026 19:30:00,-0.771
05-18-2026 19:45:00,-0.771
05-18-2026 20:00:00,-0.771
05-18-2026 20:15:00,-0.771
05-18-2026 20:30:00,-0.771
05-18-2026 20:45:00,-0.771
05-18-2026 21:00:00,-0.771
05-18-2026 21:15:00,-0.771
05-18-2026 21:30:00,-0.771
05-18-2026 21:45:00,-0.771
05-18-2026 22:00:00,-0.771
05-18-2026 22:15:00,-0.771
05-18-2026 22:30:00,-0.771
05-18-2026 22:45:00,-0.771
05-18-2026 23:00:00,-0.771
05-18-2026 23:15:00,-0.771
05-18-2026 23:30:00,-0.771
05-18-2026 23:45:00,-0.771
05-19-2026 00:00:00,-0.771
05-19-2026 00:15:00,-0.771
05-19-2026 00:30:00,-0.771
05-19-2026 00:45:00,-0.771
05-19-2026 01:00:00,-0.771
05-19-2026 01:15:00,-0.771
05-19-2026 01:30:00,-0.771
05-19-2026 01:45:00,-0.771
05-19-2026 02:00:00,-0.771
05-19-2026 02:15:00,-0.771
05-19-2026 02:30:00,-0.771
05-19-2026 02:45:00,-0.771
05-19-2026 03:00:00,-0.771
05-19-2026 03:15:00,-0.771
05-19-2026 03:30:00,-0.771
05-19-2026 03:45:00,-0.771
05-19-2026 04:00:00,-0.771
05-19-2026 04:15:00,-0.771
05-19-2026 04:30:00,-0.771
05-19-2026 04:45:00,-0.771
05-19-2026 05:00:00,-0.771
05-19-2026 05:15:00,-0.771
05-19-2026 05:30:00,-0.771
05-19-2026 05:45:00,-0.379
05-19-2026 06:00:00,-0.433
05-19-2026 06:15:00,0.503
05-19-2026 06:30:00,-0.09
05-19-2026 06:45:00,1.399
05-19-2026 07:00:00,2.107
05-19-2026 07:15:00,3.202
05-19-2026 07:30:00,3.763
05-19-2026 07:45:00,9.044
05-19-2026 08:00:00,7.851
05-19-2026 08:15:00,13.517
05-19-2026 08:30:00,12.572
05-19-2026 08:45:00,15.321
05-19-2026 09:00:00,16.808
05-19-2026 09:15:00,17.245
05-19-2026 09:30:00,17.861
05-19-2026 09:45:00,23.042
05-19-2026 10:00:00,26.321
05-19-2026 10:15:00,25.15
05-19-2026 10:30:00,29.331
05-19-2026 10:45:00,27.95
05-19-2026 11:00:00,27.021
05-19-2026 11:15:00,32.666
05-19-2026 11:30:00,33.801
05-19-2026 11:45:00,33.556
05-19-2026 12:00:00,33.649
05-19-2026 12:15:00,33.338
05-19-2026 12:30:00,33.446
05-19-2026 12:45:00,33.394
05-19-2026 13:00:00,34.191
05-19-2026 13:15:00,33.576
05-19-2026 13:30:00,32.258
05-19-2026 13:45:00,23.995
05-19-2026 14:00:00,34.659
05-19-2026 14:15:00,32.01
05-19-2026 14:30:00,30.568
05-19-2026 14:45:00,29.234
05-19-2026 15:00:00,29.747
05-19-2026 15:15:00,16.933
05-19-2026 15:30:00,17.311
05-19-2026 15:45:00,23.431
05-19-2026 16:00:00,21.516
05-19-2026 16:15:00,13.467
05-19-2026 16:30:00,11.214
05-19-2026 16:45:00,10.738
05-19-2026 17:00:00,14.282
05-19-2026 17:15:00,9.857
05-19-2026 17:30:00,5.666
05-19-2026 17:45:00,5.177
05-19-2026 18:00:00,3.834
05-19-2026 18:15:00,2.222
05-19-2026 18:30:00,1.037
05-19-2026 18:45:00,0.316
05-19-2026 19:00:00,-0.103
05-19-2026 19:15:00,-0.77
05-19-2026 19:30:00,-0.771
05-19-2026 19:45:00,-0.771
05-19-2026 20:00:00,-0.771
05-19-2026 20:15:00,-0.771
05-19-2026 20:30:00,-0.771
05-19-2026 20:45:00,-0.771
05-19-2026 21:00:00,-0.771
05-19-2026 21:15:00,-0.771
05-19-2026 21:30:00,-0.771
05-19-2026 21:45:00,-0.771
05-19-2026 22:00:00,-0.771
05-19-2026 22:15:00,-0.771
05-19-2026 22:30:00,-0.771
05-19-2026 22:45:00,-0.771
05-19-2026 23:00:00,-0.771
05-19-2026 23:15:00,-0.771
05-19-2026 23:30:00,-0.771
05-19-2026 23:45:00,-0.771
05-20-2026 00:00:00,-0.771
05-20-2026 00:15:00,-0.771
05-20-2026 00:30:00,-0.771
05-20-2026 00:45:00,-0.771
05-20-2026 01:00:00,-0.771
05-20-2026 01:15:00,-0.771
05-20-2026 01:30:00,-0.771
05-20-2026 01:45:00,-0.771
05-20-2026 02:00:00,-0.771
05-20-2026 02:15:00,-0.771
05-20-2026 02:30:00,-0.771
05-20-2026 02:45:00,-0.771
05-20-2026 03:00:00,-0.771
05-20-2026 03:15:00,-0.771
05-20-2026 03:30:00,-0.771
05-20-2026 03:45:00,-0.771
05-20-2026 04:00:00,-0.771
05-20-2026 04:15:00,-0.771
05-20-2026 04:30:00,-0.771
05-20-2026 04:45:00,-0.771
05-20-2026 05:00:00,-0.771
05-20-2026 05:15:00,-0.771
05-20-2026 05:30:00,-0.771
05-20-2026 05:45:00,-0.771
05-20-2026 06:00:00,-0.627
05-20-2026 06:15:00,-0.525
05-20-2026 06:30:00,-0.685
05-20-2026 06:45:00,1.246
05-20-2026 07:00:00,1.541
05-20-2026 07:15:00,3.248
05-20-2026 07:30:00,5.83
05-20-2026 07:45:00,6.787
05-20-2026 08:00:00,8.827
05-20-2026 08:15:00,7.688
05-20-2026 08:30:00,5.163
05-20-2026 08:45:00,6.411
05-20-2026 09:00:00,10.313
05-20-2026 09:15:00,9.1
05-20-2026 09:30:00,15.841
05-20-2026 09:45:00,19.023
05-20-2026 10:00:00,25.575
05-20-2026 10:15:00,24.735
05-20-2026 10:30:00,23.496
05-20-2026 10:45:00,23.158
05-20-2026 11:00:00,27.721
05-20-2026 11:15:00,29.391
05-20-2026 11:30:00,30.178
05-20-2026 11:45:00,24.622
05-20-2026 12:00:00,29.265
05-20-2026 12:15:00,18.845
05-20-2026 12:30:00,24.215
05-20-2026 12:45:00,20.912
05-20-2026 13:00:00,20.187
05-20-2026 13:15:00,18.906
05-20-2026 13:30:00,13.622
05-20-2026 13:45:00,11.343
05-20-2026 14:00:00,11.069
05-20-2026 14:15:00,9.893
05-20-2026 14:30:00,21.585
05-20-2026 14:45:00,24.425
05-20-2026 15:00:00,19.729
05-20-2026 15:15:00,18.277
05-20-2026 15:30:00,20.28
05-20-2026 15:45:00,26.21
05-20-2026 16:00:00,24.809
05-20-2026 16:15:00,20.457
05-20-2026 16:30:00,7.728
05-20-2026 16:45:00,6.668
05-20-2026 17:00:00,9.63
05-20-2026 17:15:00,6.757
05-20-2026 17:30:00,5.181
05-20-2026 17:45:00,2.695
05-20-2026 18:00:00,2.489
05-20-2026 18:15:00,-0.387
05-20-2026 18:30:00,-0.063
05-20-2026 18:45:00,0.031
05-20-2026 19:00:00,-0.169
05-20-2026 19:15:00,-0.771
05-20-2026 19:30:00,-0.771
05-20-2026 19:45:00,-0.771
05-20-2026 20:00:00,-0.771
05-20-2026 20:15:00,-0.771
05-20-2026 20:30:00,-0.771
05-20-2026 20:45:00,-0.771
05-20-2026 21:00:00,-0.771
05-20-2026 21:15:00,-0.771
05-20-2026 21:30:00,-0.771
05-20-2026 21:45:00,-0.771
05-20-2026 22:00:00,-0.771
05-20-2026 22:15:00,-0.771
05-20-2026 22:30:00,-0.771
05-20-2026 22:45:00,-0.771
05-20-2026 23:00:00,-0.771
05-20-2026 23:15:00,-0.771
05-20-2026 23:30:00,-0.771
05-20-2026 23:45:00,-0.771
05-21-2026 00:00:00,-0.771
05-21-2026 00:15:00,-0.771
05-21-2026 00:30:00,-0.771
05-21-2026 00:45:00,-0.771
05-21-2026 01:00:00,-0.771
05-21-2026 01:15:00,-0.771
05-21-2026 01:30:00,-0.771
05-21-2026 01:45:00,-0.771
05-21-2026 02:00:00,-0.771
05-21-2026 02:15:00,-0.771
05-21-2026 02:30:00,-0.771
05-21-2026 02:45:00,-0.771
05-21-2026 03:00:00,-0.771
05-21-2026 03:15:00,-0.771
05-21-2026 03:30:00,-0.771
05-21-2026 03:45:00,-0.771
05-21-2026 04:00:00,-0.771
05-21-2026 04:15:00,-0.771
05-21-2026 04:30:00,-0.771
05-21-2026 04:45:00,-0.771
05-21-2026 05:00:00,-0.771
05-21-2026 05:15:00,-0.771
05-21-2026 05:30:00,-0.771
05-21-2026 05:45:00,-0.397
05-21-2026 06:00:00,-0.656
05-21-2026 06:15:00,-0.771
05-21-2026 06:30:00,0.366
05-21-2026 06:45:00,0.828
05-21-2026 07:00:00,2.127
05-21-2026 07:15:00,3.574
05-21-2026 07:30:00,4.336
05-21-2026 07:45:00,3.311
05-21-2026 08:00:00,4.174
05-21-2026 08:15:00,6.161
05-21-2026 08:30:00,9.126
05-21-2026 08:45:00,8.608
05-21-2026 09:00:00,14.9
05-21-2026 09:15:00,10.588
05-21-2026 09:30:00,11.614
05-21-2026 09:45:00,20.957
05-21-2026 10:00:00,24.302
05-21-2026 10:15:00,19.708
05-21-2026 10:30:00,26.091
05-21-2026 10:45:00,13.385
05-21-2026 11:00:00,32.1
05-21-2026 11:15:00,34.053
05-21-2026 11:30:00,24.11
05-21-2026 11:45:00,11.371
05-21-2026 12:00:00,19.328
05-21-2026 12:15:00,18.788
05-21-2026 12:30:00,21.334
05-21-2026 12:45:00,14.117
05-21-2026 13:00:00,17.452
05-21-2026 13:15:00,27.467
05-21-2026 13:30:00,24.15
05-21-2026 13:45:00,24.178
05-21-2026 14:00:00,18.597
05-21-2026 14:15:00,13.05
05-21-2026 14:30:00,10.688
05-21-2026 14:45:00,10.616
05-21-2026 15:00:00,8.181
05-21-2026 15:15:00,4.88
05-21-2026 15:30:00,5.656
05-21-2026 15:45:00,4.638
05-21-2026 16:00:00,4.365
05-21-2026 16:15:00,3.774
05-21-2026 16:30:00,3.34
05-21-2026 16:45:00,2.623
05-21-2026 17:00:00,2.264
05-21-2026 17:15:00,1.948
05-21-2026 17:30:00,1.623
05-21-2026 17:45:00,1.373
05-21-2026 18:00:00,1.177
05-21-2026 18:15:00,""
05-21-2026 18:30:00,""
05-21-2026 18:45:00,""
05-21-2026 19:00:00,-0.357
05-21-2026 19:15:00,-0.771
05-21-2026 19:30:00,-0.771
05-21-2026 19:45:00,-0.771
05-21-2026 20:00:00,-0.771
05-21-2026 20:15:00,-0.771
05-21-2026 20:30:00,-0.771
05-21-2026 20:45:00,-0.771
05-21-2026 21:00:00,-0.771
05-21-2026 21:15:00,-0.771
05-21-2026 21:30:00,-0.771
05-21-2026 21:45:00,-0.771
05-21-2026 22:00:00,-0.771
05-21-2026 22:15:00,-0.771
05-21-2026 22:30:00,-0.771
05-21-2026 22:45:00,-0.771
05-21-2026 23:00:00,-0.771
05-21-2026 23:15:00,-0.771
05-21-2026 23:30:00,-0.771
05-21-2026 23:45:00,-0.771
05-22-2026 00:00:00,-0.771
05-22-2026 00:15:00,-0.771
05-22-2026 00:30:00,-0.771
05-22-2026 00:45:00,-0.771
05-22-2026 01:00:00,-0.771
05-22-2026 01:15:00,-0.771
05-22-2026 01:30:00,-0.771
05-22-2026 01:45:00,-0.771
05-22-2026 02:00:00,-0.771
05-22-2026 02:15:00,-0.771
05-22-2026 02:30:00,-0.771
05-22-2026 02:45:00,-0.771
05-22-2026 03:00:00,-0.771
05-22-2026 03:15:00,-0.771
05-22-2026 03:30:00,-0.771
05-22-2026 03:45:00,-0.771
05-22-2026 04:00:00,-0.771
05-22-2026 04:15:00,-0.771
05-22-2026 04:30:00,-0.771
05-22-2026 04:45:00,-0.771
05-22-2026 05:00:00,-0.771
05-22-2026 05:15:00,-0.771
05-22-2026 05:30:00,-0.771
05-22-2026 05:45:00,-0.623
05-22-2026 06:00:00,-0.633
05-22-2026 06:15:00,0.268
05-22-2026 06:30:00,1.65
05-22-2026 06:45:00,2.239
05-22-2026 07:00:00,2.975
05-22-2026 07:15:00,4.106
05-22-2026 07:30:00,6.344
05-22-2026 07:45:00,5.41
05-22-2026 08:00:00,5.036
05-22-2026 08:15:00,5.713
05-22-2026 08:30:00,6.885
05-22-2026 08:45:00,14.013
05-22-2026 09:00:00,20.171
05-22-2026 09:15:00,14.055
05-22-2026 09:30:00,13.604
05-22-2026 09:45:00,13.724
05-22-2026 10:00:00,14.592
05-22-2026 10:15:00,15.798
05-22-2026 10:30:00,16.161
05-22-2026 10:45:00,12.474
05-22-2026 11:00:00,12.437
05-22-2026 11:15:00,16.942
05-22-2026 11:30:00,26.693
05-22-2026 11:45:00,20.16
05-22-2026 12:00:00,18.936
05-22-2026 12:15:00,15.781
05-22-2026 12:30:00,17.958
05-22-2026 12:45:00,17.448
05-22-2026 13:00:00,17.392
05-22-2026 13:15:00,29.131
05-22-2026 13:30:00,35.282
05-22-2026 13:45:00,29.653
05-22-2026 14:00:00,22.07
05-22-2026 14:15:00,10.21
05-22-2026 14:30:00,10.601
05-22-2026 14:45:00,9.67
05-22-2026 15:00:00,6.614
05-22-2026 15:15:00,6.851
05-22-2026 15:30:00,9.911
05-22-2026 15:45:00,9.206
05-22-2026 16:00:00,6.9
05-22-2026 16:15:00,6.869
05-22-2026 16:30:00,7.755
05-22-2026 16:45:00,4.233
05-22-2026 17:00:00,4.031
05-22-2026 17:15:00,3.071
05-22-2026 17:30:00,2.859
05-22-2026 17:45:00,2.123
05-22-2026 18:00:00,1.606
05-22-2026 18:15:00,-0.295
05-22-2026 18:30:00,-0.756
05-22-2026 18:45:00,0.114
05-22-2026 19:00:00,-0.103
05-22-2026 19:15:00,-0.771
05-22-2026 19:30:00,-0.771
05-22-2026 19:45:00,-0.771
05-22-2026 20:00:00,-0.771
05-22-2026 20:15:00,-0.771
05-22-2026 20:30:00,-0.771
05-22-2026 20:45:00,-0.771
05-22-2026 21:00:00,-0.771
05-22-2026 21:15:00,-0.771
05-22-2026 21:30:00,-0.771
05-22-2026 21:45:00,-0.771
05-22-2026 22:00:00,-0.771
05-22-2026 22:15:00,-0.771
05-22-2026 22:30:00,-0.771
05-22-2026 22:45:00,-0.771
05-22-2026 23:00:00,-0.771
05-22-2026 23:15:00,-0.771
05-22-2026 23:30:00,-0.771
05-22-2026 23:45:00,-0.771
05-23-2026 00:00:00,-0.771
05-23-2026 00:15:00,-0.771
05-23-2026 00:30:00,-0.771
05-23-2026 00:45:00,-0.771
05-23-2026 01:00:00,-0.771
05-23-2026 01:15:00,-0.771
05-23-2026 01:30:00,-0.771
05-23-2026 01:45:00,-0.771
05-23-2026 02:00:00,-0.771
05-23-2026 02:15:00,-0.771
05-23-2026 02:30:00,-0.771
05-23-2026 02:45:00,-0.771
05-23-2026 03:00:00,-0.771
05-23-2026 03:15:00,-0.771
05-23-2026 03:30:00,-0.771
05-23-2026 03:45:00,-0.771
05-23-2026 04:00:00,-0.771
05-23-2026 04:15:00,-0.771
05-23-2026 04:30:00,-0.771
05-23-2026 04:45:00,-0.771
05-23-2026 05:00:00,-0.771
05-23-2026 05:15:00,-0.771
05-23-2026 05:30:00,-0.771
05-23-2026 05:45:00,-0.679
05-23-2026 06:00:00,0.284
05-23-2026 06:15:00,0.181
05-23-2026 06:30:00,1.137
05-23-2026 06:45:00,2.588
05-23-2026 07:00:00,2.677
05-23-2026 07:15:00,3.89
05-23-2026 07:30:00,4.159
05-23-2026 07:45:00,5.399
05-23-2026 08:00:00,8.34
05-23-2026 08:15:00,9.173
05-23-2026 08:30:00,10.891
05-23-2026 08:45:00,9.92
05-23-2026 09:00:00,11.058
05-23-2026 09:15:00,14.833
05-23-2026 09:30:00,20.224
05-23-2026 09:45:00,24.298
05-23-2026 10:00:00,13.032
05-23-2026 10:15:00,16.489
05-23-2026 10:30:00,23.135
05-23-2026 10:45:00,16.545
05-23-2026 11:00:00,22.712
05-23-2026 11:15:00,24.266
05-23-2026 11:30:00,36.92
05-23-2026 11:45:00,35.881
05-23-2026 12:00:00,41.144
05-23-2026 12:15:00,34.336
05-23-2026 12:30:00,35.617
05-23-2026 12:45:00,35.784
05-23-2026 13:00:00,36.612
05-23-2026 13:15:00,17.046
05-23-2026 13:30:00,12.224
05-23-2026 13:45:00,14.631
05-23-2026 14:00:00,21.177
05-23-2026 14:15:00,13.377
05-23-2026 14:30:00,13.347
05-23-2026 14:45:00,14.15
05-23-2026 15:00:00,15.905
05-23-2026 15:15:00,15.37
05-23-2026 15:30:00,13.808
05-23-2026 15:45:00,13.476
05-23-2026 16:00:00,6.63
05-23-2026 16:15:00,6.058
05-23-2026 16:30:00,6.289
05-23-2026 16:45:00,7.171
05-23-2026 17:00:00,5.918
05-23-2026 17:15:00,6.562
05-23-2026 17:30:00,6.686
05-23-2026 17:45:00,4.707
05-23-2026 18:00:00,3.406
05-23-2026 18:15:00,1.536
05-23-2026 18:30:00,-0.642
05-23-2026 18:45:00,-0.771
05-23-2026 19:00:00,-0.459
05-23-2026 19:15:00,-0.771
05-23-2026 19:30:00,-0.771
05-23-2026 19:45:00,-0.771
05-23-2026 20:00:00,-0.771
05-23-2026 20:15:00,-0.771
05-23-2026 20:30:00,-0.771
05-23-2026 20:45:00,-0.771
05-23-2026 21:00:00,-0.771
05-23-2026 21:15:00,-0.771
05-23-2026 21:30:00,-0.771
05-23-2026 21:45:00,-0.771
05-23-2026 22:00:00,-0.771
05-23-2026 22:15:00,-0.771
05-23-2026 22:30:00,-0.771
05-23-2026 22:45:00,-0.771
05-23-2026 23:00:00,-0.771
05-23-2026 23:15:00,-0.771
05-23-2026 23:30:00,-0.771
05-23-2026 23:45:00,-0.771
05-24-2026 00:00:00,-0.771
05-24-2026 00:15:00,-0.771
05-24-2026 00:30:00,-0.771
05-24-2026 00:45:00,-0.771
05-24-2026 01:00:00,-0.771
05-24-2026 01:15:00,-0.771
05-24-2026 01:30:00,-0.771
05-24-2026 01:45:00,-0.771
05-24-2026 02:00:00,-0.771
05-24-2026 02:15:00,-0.771
05-24-2026 02:30:00,-0.771
05-24-2026 02:45:00,-0.771
05-24-2026 03:00:00,-0.771
05-24-2026 03:15:00,-0.771
05-24-2026 03:30:00,-0.771
05-24-2026 03:45:00,-0.771
05-24-2026 04:00:00,-0.771
05-24-2026 04:15:00,-0.771
05-24-2026 04:30:00,-0.771
05-24-2026 04:45:00,-0.771
05-24-2026 05:00:00,-0.771
05-24-2026 05:15:00,-0.771
05-24-2026 05:30:00,-0.771
05-24-2026 05:45:00,-0.416
05-24-2026 06:00:00,0.217
05-24-2026 06:15:00,-0.125
05-24-2026 06:30:00,0.174
05-24-2026 06:45:00,2.042
05-24-2026 07:00:00,2.408
05-24-2026 07:15:00,2.92
05-24-2026 07:30:00,3.339
05-24-2026 07:45:00,3.992
05-24-2026 08:00:00,4.531
05-24-2026 08:15:00,5.718
05-24-2026 08:30:00,6.513
05-24-2026 08:45:00,11.265
05-24-2026 09:00:00,9.901
05-24-2026 09:15:00,9.461
05-24-2026 09:30:00,9.352
05-24-2026 09:45:00,10.97
05-24-2026 10:00:00,12.226
05-24-2026 10:15:00,25.455
05-24-2026 10:30:00,21.521
05-24-2026 10:45:00,15.554
05-24-2026 11:00:00,32.668
05-24-2026 11:15:00,17.858
05-24-2026 11:30:00,23.754
05-24-2026 11:45:00,33.014
05-24-2026 12:00:00,26.959
05-24-2026 12:15:00,31.351
05-24-2026 12:30:00,40.202
05-24-2026 12:45:00,41.156
05-24-2026 13:00:00,28.405
05-24-2026 13:15:00,33.531
05-24-2026 13:30:00,34.26
05-24-2026 13:45:00,29.801
05-24-2026 14:00:00,32.88
05-24-2026 14:15:00,36.258
05-24-2026 14:30:00,32.629
05-24-2026 14:45:00,23.928
05-24-2026 15:00:00,19.277
05-24-2026 15:15:00,14.259
05-24-2026 15:30:00,13.38
05-24-2026 15:45:00,7.877
05-24-2026 16:00:00,10.491
05-24-2026 16:15:00,7.446
05-24-2026 16:30:00,5.747
05-24-2026 16:45:00,8.17
05-24-2026 17:00:00,10.225
05-24-2026 17:15:00,9.725
05-24-2026 17:30:00,6.989
05-24-2026 17:45:00,5.526
05-24-2026 18:00:00,3.296
05-24-2026 18:15:00,2.266
05-24-2026 18:30:00,1.296
05-24-2026 18:45:00,0.246
05-24-2026 19:00:00,0.036
05-24-2026 19:15:00,-0.68
05-24-2026 19:30:00,-0.771
05-24-2026 19:45:00,-0.771
05-24-2026 20:00:00,-0.771
05-24-2026 20:15:00,-0.771
05-24-2026 20:30:00,-0.771
05-24-2026 20:45:00,-0.771
05-24-2026 21:00:00,-0.771
05-24-2026 21:15:00,-0.771
05-24-2026 21:30:00,-0.771
05-24-2026 21:45:00,-0.771
05-24-2026 22:00:00,-0.771
05-24-2026 22:15:00,-0.771
05-24-2026 22:30:00,-0.771
05-24-2026 22:45:00,-0.771
05-24-2026 23:00:00,-0.771
05-24-2026 23:15:00,-0.771
05-24-2026 23:30:00,-0.771
05-24-2026 23:45:00,-0.771
05-25-2026 00:00:00,-0.771
05-25-2026 00:15:00,-0.771
05-25-2026 00:30:00,-0.771
05-25-2026 00:45:00,-0.771
05-25-2026 01:00:00,-0.771
05-25-2026 01:15:00,-0.771
05-25-2026 01:30:00,-0.771
05-25-2026 01:45:00,-0.771
05-25-2026 02:00:00,-0.771
05-25-2026 02:15:00,-0.771
05-25-2026 02:30:00,-0.771
05-25-2026 02:45:00,-0.771
05-25-2026 03:00:00,-0.771
05-25-2026 03:15:00,-0.771
05-25-2026 03:30:00,-0.771
05-25-2026 03:45:00,-0.771
05-25-2026 04:00:00,-0.771
05-25-2026 04:15:00,-0.771
05-25-2026 04:30:00,-0.771
05-25-2026 04:45:00,-0.771
05-25-2026 05:00:00,-0.771
05-25-2026 05:15:00,-0.771
05-25-2026 05:30:00,-0.771
05-25-2026 05:45:00,-0.638
05-25-2026 06:00:00,-0.768
05-25-2026 06:15:00,-0.771
05-25-2026 06:30:00,-0.129
05-25-2026 06:45:00,0.92
05-25-2026 07:00:00,1.436
05-25-2026 07:15:00,2.154
05-25-2026 07:30:00,2.609
05-25-2026 07:45:00,4.617
05-25-2026 08:00:00,4.637
05-25-2026 08:15:00,4.194
05-25-2026 08:30:00,4.309
05-25-2026 08:45:00,4.614
05-25-2026 09:00:00,7.429
05-25-2026 09:15:00,18.187
05-25-2026 09:30:00,16.046
05-25-2026 09:45:00,16.693
05-25-2026 10:00:00,18.217
05-25-2026 10:15:00,20.552
05-25-2026 10:30:00,32.006
05-25-2026 10:45:00,18.984
05-25-2026 11:00:00,35.177
05-25-2026 11:15:00,24.634
05-25-2026 11:30:00,36.31
05-25-2026 11:45:00,36.307
05-25-2026 12:00:00,36.381
05-25-2026 12:15:00,35.719
05-25-2026 12:30:00,35.354
05-25-2026 12:45:00,35.431
05-25-2026 13:00:00,35.276
05-25-2026 13:15:00,33.657
05-25-2026 13:30:00,33.432
05-25-2026 13:45:00,32.696
05-25-2026 14:00:00,32.404
05-25-2026 14:15:00,31.357
05-25-2026 14:30:00,30.834
05-25-2026 14:45:00,29.516
05-25-2026 15:00:00,27.781
05-25-2026 15:15:00,26.986
05-25-2026 15:30:00,25.644
05-25-2026 15:45:00,22.146
05-25-2026 16:00:00,20.255
05-25-2026 16:15:00,18.454
05-25-2026 16:30:00,12.546
05-25-2026 16:45:00,13.138
05-25-2026 17:00:00,10.717
05-25-2026 17:15:00,7.023
05-25-2026 17:30:00,6.853
05-25-2026 17:45:00,4.508
05-25-2026 18:00:00,4.265
05-25-2026 18:15:00,1.979
05-25-2026 18:30:00,1.4
05-25-2026 18:45:00,0.55
05-25-2026 19:00:00,-0.288
05-25-2026 19:15:00,-0.771
05-25-2026 19:30:00,-0.771
05-25-2026 19:45:00,-0.771
05-25-2026 20:00:00,-0.771
05-25-2026 20:15:00,-0.771
05-25-2026 20:30:00,-0.771
05-25-2026 20:45:00,-0.771
05-25-2026 21:00:00,-0.771
05-25-2026 21:15:00,-0.771
05-25-2026 21:30:00,-0.771
05-25-2026 21:45:00,-0.771
05-25-2026 22:00:00,-0.771
05-25-2026 22:15:00,-0.771
05-25-2026 22:30:00,-0.771
05-25-2026 22:45:00,-0.771
05-25-2026 23:00:00,-0.771
05-25-2026 23:15:00,-0.771
05-25-2026 23:30:00,-0.771
05-25-2026 23:45:00,-0.771
05-26-2026 00:00:00,-0.771
05-26-2026 00:15:00,-0.771
05-26-2026 00:30:00,-0.771
05-26-2026 00:45:00,-0.771
05-26-2026 01:00:00,-0.771
05-26-2026 01:15:00,-0.771
05-26-2026 01:30:00,-0.771
05-26-2026 01:45:00,-0.771
05-26-2026 02:00:00,-0.771
05-26-2026 02:15:00,-0.771
05-26-2026 02:30:00,-0.771
05-26-2026 02:45:00,-0.771
05-26-2026 03:00:00,-0.771
05-26-2026 03:15:00,-0.771
05-26-2026 03:30:00,-0.771
05-26-2026 03:45:00,-0.771
05-26-2026 04:00:00,-0.771
05-26-2026 04:15:00,-0.771
05-26-2026 04:30:00,-0.771
05-26-2026 04:45:00,-0.771
05-26-2026 05:00:00,-0.771
05-26-2026 05:15:00,-0.771
05-26-2026 05:30:00,-0.771
05-26-2026 05:45:00,-0.367
05-26-2026 06:00:00,0.344
05-26-2026 06:15:00,-0.182
05-26-2026 06:30:00,-0.487
05-26-2026 06:45:00,0.866
05-26-2026 07:00:00,1.374
05-26-2026 07:15:00,2.802
05-26-2026 07:30:00,5.347
05-26-2026 07:45:00,5.694
05-26-2026 08:00:00,9.638
05-26-2026 08:15:00,5.773
05-26-2026 08:30:00,8.613
05-26-2026 08:45:00,10.38
05-26-2026 09:00:00,17.366
05-26-2026 09:15:00,19.745
05-26-2026 09:30:00,21.674
05-26-2026 09:45:00,23.815
05-26-2026 10:00:00,15.848
05-26-2026 10:15:00,16.983
05-26-2026 10:30:00,27.702
05-26-2026 10:45:00,19.525
05-26-2026 11:00:00,25.629
05-26-2026 11:15:00,27.421
05-26-2026 11:30:00,30.921
05-26-2026 11:45:00,30.135
05-26-2026 12:00:00,27.636
05-26-2026 12:15:00,31.371
05-26-2026 12:30:00,34.788
05-26-2026 12:45:00,28.217
05-26-2026 13:00:00,28.995
05-26-2026 13:15:00,17.504
05-26-2026 13:30:00,20.339
05-26-2026 13:45:00,21.743
05-26-2026 14:00:00,33.517
05-26-2026 14:15:00,32.026
05-26-2026 14:30:00,26.922
05-26-2026 14:45:00,31.021
05-26-2026 15:00:00,25.402
05-26-2026 15:15:00,27.422
05-26-2026 15:30:00,21.091
05-26-2026 15:45:00,24.628
05-26-2026 16:00:00,14.85
05-26-2026 16:15:00,6.35
05-26-2026 16:30:00,8.278
05-26-2026 16:45:00,14.475
05-26-2026 17:00:00,12.077
05-26-2026 17:15:00,10.177
05-26-2026 17:30:00,7.743
05-26-2026 17:45:00,4.805
05-26-2026 18:00:00,2.758
05-26-2026 18:15:00,2.014
05-26-2026 18:30:00,1.274
05-26-2026 18:45:00,0.554
05-26-2026 19:00:00,-0.165
05-26-2026 19:15:00,-0.771
05-26-2026 19:30:00,-0.771
05-26-2026 19:45:00,-0.771
05-26-2026 20:00:00,-0.771
05-26-2026 20:15:00,-0.771
05-26-2026 20:30:00,-0.771
05-26-2026 20:45:00,-0.771
05-26-2026 21:00:00,-0.771
05-26-2026 21:15:00,-0.771
05-26-2026 21:30:00,-0.771
05-26-2026 21:45:00,-0.771
05-26-2026 22:00:00,-0.771
05-26-2026 22:15:00,-0.771
05-26-2026 22:30:00,-0.771
05-26-2026 22:45:00,-0.771
05-26-2026 23:00:00,-0.771
05-26-2026 23:15:00,-0.771
05-26-2026 23:30:00,-0.771
05-26-2026 23:45:00,-0.771
05-27-2026 00:00:00,-0.771
05-27-2026 00:15:00,-0.771
05-27-2026 00:30:00,-0.771
05-27-2026 00:45:00,-0.771
05-27-2026 01:00:00,-0.771
05-27-2026 01:15:00,-0.771
05-27-2026 01:30:00,-0.771
05-27-2026 01:45:00,-0.771
05-27-2026 02:00:00,-0.771
05-27-2026 02:15:00,-0.771
05-27-2026 02:30:00,-0.771
05-27-2026 02:45:00,-0.771
05-27-2026 03:00:00,-0.771
05-27-2026 03:15:00,-0.771
05-27-2026 03:30:00,-0.771
05-27-2026 03:45:00,-0.771
05-27-2026 04:00:00,-0.771
05-27-2026 04:15:00,-0.771
05-27-2026 04:30:00,-0.771
05-27-2026 04:45:00,-0.771
05-27-2026 05:00:00,-0.771
05-27-2026 05:15:00,-0.771
05-27-2026 05:30:00,-0.771
05-27-2026 05:45:00,-0.771
05-27-2026 06:00:00,-0.31
05-27-2026 06:15:00,0.606
05-27-2026 06:30:00,1.009
05-27-2026 06:45:00,0.712
05-27-2026 07:00:00,1.163
05-27-2026 07:15:00,3.682
05-27-2026 07:30:00,5.207
05-27-2026 07:45:00,7.07
05-27-2026 08:00:00,10.519
05-27-2026 08:15:00,12.628
05-27-2026 08:30:00,8.206
05-27-2026 08:45:00,7.575
05-27-2026 09:00:00,9.466
05-27-2026 09:15:00,10.738
05-27-2026 09:30:00,12.039
05-27-2026 09:45:00,20.551
05-27-2026 10:00:00,23.71
05-27-2026 10:15:00,27.279
05-27-2026 10:30:00,30.658
05-27-2026 10:45:00,19.268
05-27-2026 11:00:00,21.638
05-27-2026 11:15:00,14.287
05-27-2026 11:30:00,12.492
05-27-2026 11:45:00,23.641
05-27-2026 12:00:00,16.3
05-27-2026 12:15:00,28.753
05-27-2026 12:30:00,16.555
05-27-2026 12:45:00,26.404
05-27-2026 13:00:00,36.544
05-27-2026 13:15:00,25.533
05-27-2026 13:30:00,27.67
05-27-2026 13:45:00,34.673
05-27-2026 14:00:00,32.613
05-27-2026 14:15:00,34.751
05-27-2026 14:30:00,29.835
05-27-2026 14:45:00,30.777
05-27-2026 15:00:00,29.533
05-27-2026 15:15:00,27.519
05-27-2026 15:30:00,26.74
05-27-2026 15:45:00,22.538
05-27-2026 16:00:00,22.093
05-27-2026 16:15:00,19.319
05-27-2026 16:30:00,17.186
05-27-2026 16:45:00,15.202
05-27-2026 17:00:00,11.956
05-27-2026 17:15:00,10.745
05-27-2026 17:30:00,7.968
05-27-2026 17:45:00,5.039
05-27-2026 18:00:00,2.883
05-27-2026 18:15:00,1.747
05-27-2026 18:30:00,1.019
05-27-2026 18:45:00,0.452
05-27-2026 19:00:00,-0.69
05-27-2026 19:15:00,-0.771
05-27-2026 19:30:00,-0.771
05-27-2026 19:45:00,-0.771
05-27-2026 20:00:00,-0.771
05-27-2026 20:15:00,-0.771
05-27-2026 20:30:00,-0.771
05-27-2026 20:45:00,-0.771
05-27-2026 21:00:00,-0.771
05-27-2026 21:15:00,-0.771
05-27-2026 21:30:00,-0.771
05-27-2026 21:45:00,-0.771
05-27-2026 22:00:00,-0.771
05-27-2026 22:15:00,-0.771
05-27-2026 22:30:00,-0.771
05-27-2026 22:45:00,-0.771
05-27-2026 23:00:00,-0.771
05-27-2026 23:15:00,-0.771
05-27-2026 23:30:00,-0.771
05-27-2026 23:45:00,-0.771
05-28-2026 00:00:00,-0.771
05-28-2026 00:15:00,-0.771
05-28-2026 00:30:00,-0.771
05-28-2026 00:45:00,-0.771
05-28-2026 01:00:00,-0.771
05-28-2026 01:15:00,-0.771
05-28-2026 01:30:00,-0.771
05-28-2026 01:45:00,-0.771
05-28-2026 02:00:00,-0.771
05-28-2026 02:15:00,-0.771
05-28-2026 02:30:00,-0.771
05-28-2026 02:45:00,-0.771
05-28-2026 03:00:00,-0.771
05-28-2026 03:15:00,-0.771
05-28-2026 03:30:00,-0.771
05-28-2026 03:45:00,-0.771
05-28-2026 04:00:00,-0.771
05-28-2026 04:15:00,-0.771
05-28-2026 04:30:00,-0.771
05-28-2026 04:45:00,-0.771
05-28-2026 05:00:00,-0.771
05-28-2026 05:15:00,-0.771
05-28-2026 05:30:00,-0.771
05-28-2026 05:45:00,-0.771
05-28-2026 06:00:00,-0.771
05-28-2026 06:15:00,-0.567
05-28-2026 06:30:00,1.44
05-28-2026 06:45:00,2.513
05-28-2026 07:00:00,2.916
05-28-2026 07:15:00,2.347
05-28-2026 07:30:00,4.804
05-28-2026 07:45:00,5.359
05-28-2026 08:00:00,7.918
05-28-2026 08:15:00,7.408
05-28-2026 08:30:00,6.734
05-28-2026 08:45:00,9.08
05-28-2026 09:00:00,13.398
05-28-2026 09:15:00,13.041
05-28-2026 09:30:00,20.825
05-28-2026 09:45:00,25.301
05-28-2026 10:00:00,15.795
05-28-2026 10:15:00,25.308
05-28-2026 10:30:00,29.564
05-28-2026 10:45:00,28.897
05-28-2026 11:00:00,32.243
05-28-2026 11:15:00,33.47
05-28-2026 11:30:00,33.863
05-28-2026 11:45:00,35.327
05-28-2026 12:00:00,34.938
05-28-2026 12:15:00,37.032
05-28-2026 12:30:00,37.628
05-28-2026 12:45:00,32.188
05-28-2026 13:00:00,28.507
05-28-2026 13:15:00,29.994
05-28-2026 13:30:00,34.8
05-28-2026 13:45:00,29.927
05-28-2026 14:00:00,18.061
05-28-2026 14:15:00,23.156
05-28-2026 14:30:00,25.057
05-28-2026 14:45:00,10.084
05-28-2026 15:00:00,23.379
05-28-2026 15:15:00,23.99
05-28-2026 15:30:00,26.748
05-28-2026 15:45:00,21.262
05-28-2026 16:00:00,17.925
05-28-2026 16:15:00,15.313
05-28-2026 16:30:00,12.198
05-28-2026 16:45:00,12.037
05-28-2026 17:00:00,7.311
05-28-2026 17:15:00,8.625
05-28-2026 17:30:00,7.384
05-28-2026 17:45:00,5.376
05-28-2026 18:00:00,2.895
05-28-2026 18:15:00,2.122
05-28-2026 18:30:00,0.841
05-28-2026 18:45:00,-0.771
05-28-2026 19:00:00,-0.249
05-28-2026 19:15:00,-0.673
05-28-2026 19:30:00,-0.771
05-28-2026 19:45:00,-0.771
05-28-2026 20:00:00,-0.771
05-28-2026 20:15:00,-0.771
05-28-2026 20:30:00,-0.771
05-28-2026 20:45:00,-0.771
05-28-2026 21:00:00,-0.771
05-28-2026 21:15:00,-0.771
05-28-2026 21:30:00,-0.771
05-28-2026 21:45:00,-0.771
05-28-2026 22:00:00,-0.771
05-28-2026 22:15:00,-0.771
05-28-2026 22:30:00,-0.771
05-28-2026 22:45:00,-0.771
05-28-2026 23:00:00,-0.771
05-28-2026 23:15:00,-0.771
05-28-2026 23:30:00,-0.771
05-28-2026 23:45:00,-0.771
05-29-2026 00:00:00,-0.771
05-29-2026 00:15:00,-0.771
05-29-2026 00:30:00,-0.771
05-29-2026 00:45:00,-0.771
05-29-2026 01:00:00,-0.771
05-29-2026 01:15:00,-0.771
05-29-2026 01:30:00,-0.771
05-29-2026 01:45:00,-0.771
05-29-2026 02:00:00,-0.771
05-29-2026 02:15:00,-0.771
05-29-2026 02:30:00,-0.771
05-29-2026 02:45:00,-0.771
05-29-2026 03:00:00,-0.771
05-29-2026 03:15:00,-0.771
05-29-2026 03:30:00,-0.771
05-29-2026 03:45:00,-0.771
05-29-2026 04:00:00,-0.771
05-29-2026 04:15:00,-0.771
05-29-2026 04:30:00,-0.771
05-29-2026 04:45:00,-0.771
05-29-2026 05:00:00,-0.771
05-29-2026 05:15:00,-0.771
05-29-2026 05:30:00,-0.771
05-29-2026 05:45:00,-0.397
05-29-2026 06:00:00,-0.656
05-29-2026 06:15:00,-0.771
05-29-2026 06:30:00,1.079
05-29-2026 06:45:00,1.457
05-29-2026 07:00:00,2.521
05-29-2026 07:15:00,4.078
05-29-2026 07:30:00,3.596
05-29-2026 07:45:00,3.138
05-29-2026 08:00:00,5.028
05-29-2026 08:15:00,7.032
05-29-2026 08:30:00,5.96
05-29-2026 08:45:00,16.475
05-29-2026 09:00:00,20.913
05-29-2026 09:15:00,21.14
05-29-2026 09:30:00,22.572
05-29-2026 09:45:00,23.463
05-29-2026 10:00:00,23.536
05-29-2026 10:15:00,21.483
05-29-2026 10:30:00,20.07
05-29-2026 10:45:00,16.997
05-29-2026 11:00:00,22.258
05-29-2026 11:15:00,34.161
05-29-2026 11:30:00,28.994
05-29-2026 11:45:00,19.706
05-29-2026 12:00:00,39.439
05-29-2026 12:15:00,34.6
05-29-2026 12:30:00,33.884
05-29-2026 12:45:00,31.316
05-29-2026 13:00:00,32.88
05-29-2026 13:15:00,34.985
05-29-2026 13:30:00,28.258
05-29-2026 13:45:00,23.702
05-29-2026 14:00:00,16.467
05-29-2026 14:15:00,26.298
05-29-2026 14:30:00,27.754
05-29-2026 14:45:00,30.464
05-29-2026 15:00:00,30.055
05-29-2026 15:15:00,24.508
05-29-2026 15:30:00,28.389
05-29-2026 15:45:00,21.943
05-29-2026 16:00:00,12.547
05-29-2026 16:15:00,8.242
05-29-2026 16:30:00,8.399
05-29-2026 16:45:00,7.171
05-29-2026 17:00:00,5.611
05-29-2026 17:15:00,8.071
05-29-2026 17:30:00,4.577
05-29-2026 17:45:00,2.82
05-29-2026 18:00:00,4.717
05-29-2026 18:15:00,2.211
05-29-2026 18:30:00,0.568
05-29-2026 18:45:00,-0.241
05-29-2026 19:00:00,0.047
05-29-2026 19:15:00,-0.691
05-29-2026 19:30:00,-0.771
05-29-2026 19:45:00,-0.771
05-29-2026 20:00:00,-0.771
05-29-2026 20:15:00,-0.771
05-29-2026 20:30:00,-0.771
05-29-2026 20:45:00,-0.771
05-29-2026 21:00:00,-0.771
05-29-2026 21:15:00,-0.771
05-29-2026 21:30:00,-0.771
05-29-2026 21:45:00,-0.771
05-29-2026 22:00:00,-0.771
05-29-2026 22:15:00,-0.771
05-29-2026 22:30:00,-0.771
05-29-2026 22:45:00,-0.771
05-29-2026 23:00:00,-0.771
05-29-2026 23:15:00,-0.771
05-29-2026 23:30:00,-0.771
05-29-2026 23:45:00,-0.771
05-30-2026 00:00:00,-0.771
05-30-2026 00:15:00,-0.771
05-30-2026 00:30:00,-0.771
05-30-2026 00:45:00,-0.771
05-30-2026 01:00:00,-0.771
05-30-2026 01:15:00,-0.771
05-30-2026 01:30:00,-0.771
05-30-2026 01:45:00,-0.771
05-30-2026 02:00:00,-0.771
05-30-2026 02:15:00,-0.771
05-30-2026 02:30:00,-0.771
05-30-2026 02:45:00,-0.771
05-30-2026 03:00:00,-0.771
05-30-2026 03:15:00,-0.771
05-30-2026 03:30:00,-0.771
05-30-2026 03:45:00,-0.771
05-30-2026 04:00:00,-0.771
05-30-2026 04:15:00,-0.771
05-30-2026 04:30:00,-0.771
05-30-2026 04:45:00,-0.771
05-30-2026 05:00:00,-0.771
05-30-2026 05:15:00,-0.771
05-30-2026 05:30:00,-0.771
05-30-2026 05:45:00,-0.771
05-30-2026 06:00:00,-0.64
05-30-2026 06:15:00,0.499
05-30-2026 06:30:00,1.004
05-30-2026 06:45:00,0.954
05-30-2026 07:00:00,2.03
05-30-2026 07:15:00,2.349
05-30-2026 07:30:00,4.83
05-30-2026 07:45:00,8.174
05-30-2026 08:00:00,10.554
05-30-2026 08:15:00,13.184
05-30-2026 08:30:00,8.637
05-30-2026 08:45:00,9.495
05-30-2026 09:00:00,16.089
05-30-2026 09:15:00,17.981
05-30-2026 09:30:00,22.675
05-30-2026 09:45:00,13.003
05-30-2026 10:00:00,18.954
05-30-2026 10:15:00,14.45
05-30-2026 10:30:00,9.413
05-30-2026 10:45:00,9.463
05-30-2026 11:00:00,29.308
05-30-2026 11:15:00,29.362
05-30-2026 11:30:00,26.54
05-30-2026 11:45:00,12.113
05-30-2026 12:00:00,27.098
05-30-2026 12:15:00,31.326
05-30-2026 12:30:00,21.798
05-30-2026 12:45:00,23.305
05-30-2026 13:00:00,23.685
05-30-2026 13:15:00,32.744
05-30-2026 13:30:00,33.412
05-30-2026 13:45:00,34.057
05-30-2026 14:00:00,32.382
05-30-2026 14:15:00,24.316
05-30-2026 14:30:00,30.388
05-30-2026 14:45:00,28.641
05-30-2026 15:00:00,28.319
05-30-2026 15:15:00,26.553
05-30-2026 15:30:00,24.559
05-30-2026 15:45:00,23.397
05-30-2026 16:00:00,20.733
05-30-2026 16:15:00,17.748
05-30-2026 16:30:00,15.319
05-30-2026 16:45:00,13.494
05-30-2026 17:00:00,6.534
05-30-2026 17:15:00,8.793
05-30-2026 17:30:00,7.012
05-30-2026 17:45:00,4.705
05-30-2026 18:00:00,3.032
05-30-2026 18:15:00,2.088
05-30-2026 18:30:00,0.141
05-30-2026 18:45:00,-0.771
05-30-2026 19:00:00,-0.281
05-30-2026 19:15:00,-0.417
05-30-2026 19:30:00,-0.771
05-30-2026 19:45:00,-0.771
05-30-2026 20:00:00,-0.771
05-30-2026 20:15:00,-0.771
05-30-2026 20:30:00,-0.771
05-30-2026 20:45:00,-0.771
05-30-2026 21:00:00,-0.771
05-30-2026 21:15:00,-0.771
05-30-2026 21:30:00,-0.771
05-30-2026 21:45:00,-0.771
05-30-2026 22:00:00,-0.771
05-30-2026 22:15:00,-0.771
05-30-2026 22:30:00,-0.771
05-30-2026 22:45:00,-0.771
05-30-2026 23:00:00,-0.771
05-30-2026 23:15:00,-0.771
05-30-2026 23:30:00,-0.771
05-30-2026 23:45:00,-0.771
05-31-2026 00:00:00,-0.771
05-31-2026 00:15:00,-0.771
05-31-2026 00:30:00,-0.771
05-31-2026 00:45:00,-0.771
05-31-2026 01:00:00,-0.771
05-31-2026 01:15:00,-0.771
05-31-2026 01:30:00,-0.771
05-31-2026 01:45:00,-0.771
05-31-2026 02:00:00,-0.771
05-31-2026 02:15:00,-0.771
05-31-2026 02:30:00,-0.771
05-31-2026 02:45:00,-0.771
05-31-2026 03:00:00,-0.771
05-31-2026 03:15:00,-0.771
05-31-2026 03:30:00,-0.771
05-31-2026 03:45:00,-0.771
05-31-2026 04:00:00,-0.771
05-31-2026 04:15:00,-0.771
05-31-2026 04:30:00,-0.771
05-31-2026 04:45:00,-0.771
05-31-2026 05:00:00,-0.771
05-31-2026 05:15:00,-0.771
05-31-2026 05:30:00,-0.771
05-31-2026 05:45:00,-0.771
05-31-2026 06:00:00,-0.771
05-31-2026 06:15:00,0.962
05-31-2026 06:30:00,1.862
05-31-2026 06:45:00,2.493
05-31-2026 07:00:00,2.887
05-31-2026 07:15:00,3.843
05-31-2026 07:30:00,5.813
05-31-2026 07:45:00,4.697
05-31-2026 08:00:00,3.973
05-31-2026 08:15:00,11.069
05-31-2026 08:30:00,16.947
05-31-2026 08:45:00,16.975
05-31-2026 09:00:00,10.185
05-31-2026 09:15:00,12.208
05-31-2026 09:30:00,22.984
05-31-2026 09:45:00,24.001
05-31-2026 10:00:00,24.727
05-31-2026 10:15:00,27.261
05-31-2026 10:30:00,26.165
05-31-2026 10:45:00,26.801
05-31-2026 11:00:00,31.969
05-31-2026 11:15:00,32.392
05-31-2026 11:30:00,35.095
05-31-2026 11:45:00,33.915
05-31-2026 12:00:00,33.599
05-31-2026 12:15:00,34.867
05-31-2026 12:30:00,34.567
05-31-2026 12:45:00,33.792
05-31-2026 13:00:00,33.721
05-31-2026 13:15:00,32.974
05-31-2026 13:30:00,32.372
05-31-2026 13:45:00,31.889
05-31-2026 14:00:00,31.104
05-31-2026 14:15:00,30.426
05-31-2026 14:30:00,29.602
05-31-2026 14:45:00,28.731
05-31-2026 15:00:00,27.591
05-31-2026 15:15:00,26.475
05-31-2026 15:30:00,24.839
05-31-2026 15:45:00,23.099
05-31-2026 16:00:00,20.499
05-31-2026 16:15:00,17.648
05-31-2026 16:30:00,15.464
05-31-2026 16:45:00,13.572
05-31-2026 17:00:00,11.52
05-31-2026 17:15:00,9.356
05-31-2026 17:30:00,7.018
05-31-2026 17:45:00,4.707
05-31-2026 18:00:00,2.722
05-31-2026 18:15:00,1.566
05-31-2026 18:30:00,-0.424
05-31-2026 18:45:00,-0.771
05-31-2026 19:00:00,-0.144
05-31-2026 19:15:00,-0.514
05-31-2026 19:30:00,-0.771
05-31-2026 19:45:00,-0.771
05-31-2026 20:00:00,-0.771
05-31-2026 20:15:00,-0.771
05-31-2026 20:30:00,-0.771
05-31-2026 20:45:00,-0.771
05-31-2026 21:00:00,-0.771
05-31-2026 21:15:00,-0.771
05-31-2026 21:30:00,-0.771
05-31-2026 21:45:00,-0.771
05-31-2026 22:00:00,-0.771
05-31-2026 22:15:00,-0.771
05-31-2026 22:30:00,-0.771
05-31-2026 22:45:00,-0.771
05-31-2026 23:00:00,-0.771
05-31-2026 23:15:00,-0.771
05-31-2026 23:30:00,-0.771
05-31-2026 23:45:00,-0.771
06-01-2026 00:00:00,-0.771
06-01-2026 00:15:00,-0.771
06-01-2026 00:30:00,-0.771
06-01-2026 00:45:00,-0.771
06-01-2026 01:00:00,-0.771
06-01-2026 01:15:00,-0.771
06-01-2026 01:30:00,-0.771
06-01-2026 01:45:00,-0.771
06-01-2026 02:00:00,-0.771
06-01-2026 02:15:00,-0.771
06-01-2026 02:30:00,-0.771
06-01-2026 02:45:00,-0.771
06-01-2026 03:00:00,-0.771
06-01-2026 03:15:00,-0.771
06-01-2026 03:30:00,-0.771
06-01-2026 03:45:00,-0.771
06-01-2026 04:00:00,-0.771
06-01-2026 04:15:00,-0.771
06-01-2026 04:30:00,-0.771
06-01-2026 04:45:00,-0.771
06-01-2026 05:00:00,-0.771
06-01-2026 05:15:00,-0.771
06-01-2026 05:30:00,-0.771
06-01-2026 05:45:00,-0.401
06-01-2026 06:00:00,0.417
06-01-2026 06:15:00,0.961
06-01-2026 06:30:00,1.182
06-01-2026 06:45:00,-0.158
06-01-2026 07:00:00,1.735
06-01-2026 07:15:00,5.073
06-01-2026 07:30:00,5.174
06-01-2026 07:45:00,5.965
06-01-2026 08:00:00,7.553
06-01-2026 08:15:00,8.892
06-01-2026 08:30:00,10.29
06-01-2026 08:45:00,16.887
06-01-2026 09:00:00,17.898
06-01-2026 09:15:00,18.019
06-01-2026 09:30:00,17.1
06-01-2026 09:45:00,20.065
06-01-2026 10:00:00,25.288
06-01-2026 10:15:00,27.251
06-01-2026 10:30:00,25.576
06-01-2026 10:45:00,28.767
06-01-2026 11:00:00,32.766
06-01-2026 11:15:00,25.274
06-01-2026 11:30:00,34.323
06-01-2026 11:45:00,34.585
06-01-2026 12:00:00,31.353
06-01-2026 12:15:00,31.271
06-01-2026 12:30:00,24.169
06-01-2026 12:45:00,28.968
06-01-2026 13:00:00,31.196
06-01-2026 13:15:00,33.504
06-01-2026 13:30:00,33.464
06-01-2026 13:45:00,32.029
06-01-2026 14:00:00,31.625
06-01-2026 14:15:00,30.338
06-01-2026 14:30:00,29.22
06-01-2026 14:45:00,28.481
06-01-2026 15:00:00,27.332
06-01-2026 15:15:00,27.276
06-01-2026 15:30:00,25.877
06-01-2026 15:45:00,24.846
06-01-2026 16:00:00,19.276
06-01-2026 16:15:00,18.627
06-01-2026 16:30:00,18.531
06-01-2026 16:45:00,14.537
06-01-2026 17:00:00,8.799
06-01-2026 17:15:00,10.468
06-01-2026 17:30:00,7.564
06-01-2026 17:45:00,4.769
06-01-2026 18:00:00,3.285
06-01-2026 18:15:00,2.458
06-01-2026 18:30:00,-0.338
06-01-2026 18:45:00,0.057
06-01-2026 19:00:00,0.025
06-01-2026 19:15:00,-0.705
06-01-2026 19:30:00,-0.771
06-01-2026 19:45:00,-0.771
06-01-2026 20:00:00,-0.771
06-01-2026 20:15:00,-0.771
06-01-2026 20:30:00,-0.771
06-01-2026 20:45:00,-0.771
06-01-2026 21:00:00,-0.771
06-01-2026 21:15:00,-0.771
06-01-2026 21:30:00,-0.771
06-01-2026 21:45:00,-0.771
06-01-2026 22:00:00,-0.771
06-01-2026 22:15:00,-0.771
06-01-2026 22:30:00,-0.771
06-01-2026 22:45:00,-0.771
06-01-2026 23:00:00,-0.771
06-01-2026 23:15:00,-0.771
06-01-2026 23:30:00,-0.771
06-01-2026 23:45:00,-0.771
06-02-2026 00:00:00,-0.771
06-02-2026 00:15:00,-0.771
06-02-2026 00:30:00,-0.771
06-02-2026 00:45:00,-0.771
06-02-2026 01:00:00,-0.771
06-02-2026 01:15:00,-0.771
06-02-2026 01:30:00,-0.771
06-02-2026 01:45:00,-0.771
06-02-2026 02:00:00,-0.771
06-02-2026 02:15:00,-0.771
06-02-2026 02:30:00,-0.771
06-02-2026 02:45:00,-0.771
06-02-2026 03:00:00,-0.771
06-02-2026 03:15:00,-0.771
06-02-2026 03:30:00,-0.771
06-02-2026 03:45:00,-0.771
06-02-2026 04:00:00,-0.771
06-02-2026 04:15:00,-0.771
06-02-2026 04:30:00,-0.771
06-02-2026 04:45:00,-0.771
06-02-2026 05:00:00,-0.771
06-02-2026 05:15:00,-0.771
06-02-2026 05:30:00,-0.771
06-02-2026 05:45:00,-0.75
06-02-2026 06:00:00,0.225
06-02-2026 06:15:00,-0.477
06-02-2026 06:30:00,1.258
06-02-2026 06:45:00,2.253
06-02-2026 07:00:00,2.594
06-02-2026 07:15:00,3.001
06-02-2026 07:30:00,3.198
06-02-2026 07:45:00,3.245
06-02-2026 08:00:00,3.137
06-02-2026 08:15:00,4.144
06-02-2026 08:30:00,6.717
06-02-2026 08:45:00,7.444
06-02-2026 09:00:00,6.322
06-02-2026 09:15:00,5.702
06-02-2026 09:30:00,7.352
06-02-2026 09:45:00,6.725
06-02-2026 10:00:00,5.893
06-02-2026 10:15:00,6.655
06-02-2026 10:30:00,8.293
06-02-2026 10:45:00,8.816
06-02-2026 11:00:00,11.967
06-02-2026 11:15:00,13.663
06-02-2026 11:30:00,14.673
06-02-2026 11:45:00,21.074
06-02-2026 12:00:00,22.497
06-02-2026 12:15:00,24.316
06-02-2026 12:30:00,25.98
06-02-2026 12:45:00,16.061
06-02-2026 13:00:00,17.386
06-02-2026 13:15:00,15.228
06-02-2026 13:30:00,18.591
06-02-2026 13:45:00,16.402
06-02-2026 14:00:00,10.941
06-02-2026 14:15:00,9.523
06-02-2026 14:30:00,12.004
06-02-2026 14:45:00,12.002
06-02-2026 15:00:00,8.894
06-02-2026 15:15:00,9.046
06-02-2026 15:30:00,8.959
06-02-2026 15:45:00,12.366
06-02-2026 16:00:00,9.561
06-02-2026 16:15:00,5.06
06-02-2026 16:30:00,3.781
06-02-2026 16:45:00,2.966
06-02-2026 17:00:00,2.351
06-02-2026 17:15:00,3.082
06-02-2026 17:30:00,2.565
06-02-2026 17:45:00,2.69
06-02-2026 18:00:00,2.844
06-02-2026 18:15:00,1.716
06-02-2026 18:30:00,0.724
06-02-2026 18:45:00,-0.771
06-02-2026 19:00:00,-0.636
06-02-2026 19:15:00,-0.682
06-02-2026 19:30:00,-0.771
06-02-2026 19:45:00,-0.771
06-02-2026 20:00:00,-0.771
06-02-2026 20:15:00,-0.771
06-02-2026 20:30:00,-0.771
06-02-2026 20:45:00,-0.771
06-02-2026 21:00:00,-0.771
06-02-2026 21:15:00,-0.771
06-02-2026 21:30:00,-0.771
06-02-2026 21:45:00,-0.771
06-02-2026 22:00:00,-0.771
06-02-2026 22:15:00,-0.771
06-02-2026 22:30:00,-0.771
06-02-2026 22:45:00,-0.771
06-02-2026 23:00:00,-0.771
06-02-2026 23:15:00,-0.771
06-02-2026 23:30:00,-0.771
06-02-2026 23:45:00,-0.771
06-03-2026 00:00:00,-0.771
06-03-2026 00:15:00,-0.771
06-03-2026 00:30:00,-0.771
06-03-2026 00:45:00,-0.771
06-03-2026 01:00:00,-0.771
06-03-2026 01:15:00,-0.771
06-03-2026 01:30:00,-0.771
06-03-2026 01:45:00,-0.771
06-03-2026 02:00:00,-0.771
06-03-2026 02:15:00,-0.771
06-03-2026 02:30:00,-0.771
06-03-2026 02:45:00,-0.771
06-03-2026 03:00:00,-0.771
06-03-2026 03:15:00,-0.771
06-03-2026 03:30:00,-0.771
06-03-2026 03:45:00,-0.771
06-03-2026 04:00:00,-0.771
06-03-2026 04:15:00,-0.771
06-03-2026 04:30:00,-0.771
06-03-2026 04:45:00,-0.771
06-03-2026 05:00:00,-0.771
06-03-2026 05:15:00,-0.771
06-03-2026 05:30:00,-0.771
06-03-2026 05:45:00,-0.771
06-03-2026 06:00:00,-0.064
06-03-2026 06:15:00,0.781
06-03-2026 06:30:00,1.518
06-03-2026 06:45:00,2.347
06-03-2026 07:00:00,3.205
06-03-2026 07:15:00,3.996
06-03-2026 07:30:00,2.785
06-03-2026 07:45:00,5.727
06-03-2026 08:00:00,5.456
06-03-2026 08:15:00,10.236
06-03-2026 08:30:00,8.998
06-03-2026 08:45:00,9.058
06-03-2026 09:00:00,6.531
06-03-2026 09:15:00,10.346
06-03-2026 09:30:00,13.441
06-03-2026 09:45:00,11.016
06-03-2026 10:00:00,24.289
06-03-2026 10:15:00,23.366
06-03-2026 10:30:00,28.06
06-03-2026 10:45:00,27.027
06-03-2026 11:00:00,29.709
06-03-2026 11:15:00,33.262
06-03-2026 11:30:00,33.237
06-03-2026 11:45:00,31.621
06-03-2026 12:00:00,26.901
06-03-2026 12:15:00,27.514
06-03-2026 12:30:00,33.273
06-03-2026 12:45:00,32.62
06-03-2026 13:00:00,29.453
06-03-2026 13:15:00,31.477
06-03-2026 13:30:00,28.212
06-03-2026 13:45:00,31.917
06-03-2026 14:00:00,31.566
06-03-2026 14:15:00,25.319
06-03-2026 14:30:00,14.176
06-03-2026 14:45:00,22.531
06-03-2026 15:00:00,17.782
06-03-2026 15:15:00,16.647
06-03-2026 15:30:00,22.354
06-03-2026 15:45:00,24.349
06-03-2026 16:00:00,22.594
06-03-2026 16:15:00,15.422
06-03-2026 16:30:00,17.327
06-03-2026 16:45:00,13.024
06-03-2026 17:00:00,6.913
06-03-2026 17:15:00,8.588
06-03-2026 17:30:00,6.596
06-03-2026 17:45:00,4.624
06-03-2026 18:00:00,2.825
06-03-2026 18:15:00,1.703
06-03-2026 18:30:00,0.105
06-03-2026 18:45:00,-0.771
06-03-2026 19:00:00,-0.284
06-03-2026 19:15:00,-0.7
06-03-2026 19:30:00,-0.771
06-03-2026 19:45:00,-0.771
06-03-2026 20:00:00,-0.771
06-03-2026 20:15:00,-0.771
06-03-2026 20:30:00,-0.771
06-03-2026 20:45:00,-0.771
06-03-2026 21:00:00,-0.771
06-03-2026 21:15:00,-0.771
06-03-2026 21:30:00,-0.771
06-03-2026 21:45:00,-0.771
06-03-2026 22:00:00,-0.771
06-03-2026 22:15:00,-0.771
06-03-2026 22:30:00,-0.771
06-03-2026 22:45:00,-0.771
06-03-2026 23:00:00,-0.771
06-03-2026 23:15:00,-0.771
06-03-2026 23:30:00,-0.771
06-03-2026 23:45:00,-0.771
06-04-2026 00:00:00,-0.771
06-04-2026 00:15:00,-0.771
06-04-2026 00:30:00,-0.771
06-04-2026 00:45:00,-0.771
06-04-2026 01:00:00,-0.771
06-04-2026 01:15:00,-0.771
06-04-2026 01:30:00,-0.771
06-04-2026 01:45:00,-0.771
06-04-2026 02:00:00,-0.771
06-04-2026 02:15:00,-0.771
06-04-2026 02:30:00,-0.771
06-04-2026 02:45:00,-0.771
06-04-2026 03:00:00,-0.771
06-04-2026 03:15:00,-0.771
06-04-2026 03:30:00,-0.771
06-04-2026 03:45:00,-0.771
06-04-2026 04:00:00,-0.771
06-04-2026 04:15:00,-0.771
06-04-2026 04:30:00,-0.771
06-04-2026 04:45:00,-0.771
06-04-2026 05:00:00,-0.771
06-04-2026 05:15:00,-0.771
06-04-2026 05:30:00,-0.771
06-04-2026 05:45:00,-0.771
06-04-2026 06:00:00,-0.261
06-04-2026 06:15:00,0.432
06-04-2026 06:30:00,0.99
06-04-2026 06:45:00,1.771
06-04-2026 07:00:00,3.685
06-04-2026 07:15:00,3.246
06-04-2026 07:30:00,4.133
06-04-2026 07:45:00,8.137
06-04-2026 08:00:00,11.965
06-04-2026 08:15:00,13.228
06-04-2026 08:30:00,15.507
06-04-2026 08:45:00,18.855
06-04-2026 09:00:00,13.686
06-04-2026 09:15:00,12.324
06-04-2026 09:30:00,13.16
06-04-2026 09:45:00,17.474
06-04-2026 10:00:00,18.912
06-04-2026 10:15:00,20.151
06-04-2026 10:30:00,26.869
06-04-2026 10:45:00,31.506
06-04-2026 11:00:00,21.48
06-04-2026 11:15:00,31.07
06-04-2026 11:30:00,34.162
06-04-2026 11:45:00,37.264
06-04-2026 12:00:00,30.403
06-04-2026 12:15:00,29.166
06-04-2026 12:30:00,18.247
06-04-2026 12:45:00,24.723
06-04-2026 13:00:00,32.04
06-04-2026 13:15:00,28.227
06-04-2026 13:30:00,31.005
06-04-2026 13:45:00,31.964
06-04-2026 14:00:00,19.198
06-04-2026 14:15:00,28.534
06-04-2026 14:30:00,25.964
06-04-2026 14:45:00,18.889
06-04-2026 15:00:00,27.097
06-04-2026 15:15:00,23.737
06-04-2026 15:30:00,26.669
06-04-2026 15:45:00,19.087
06-04-2026 16:00:00,5.431
06-04-2026 16:15:00,4.089
06-04-2026 16:30:00,3.653
06-04-2026 16:45:00,4.667
06-04-2026 17:00:00,3.287
06-04-2026 17:15:00,1.987
06-04-2026 17:30:00,2.873
06-04-2026 17:45:00,2.938
06-04-2026 18:00:00,3.629
06-04-2026 18:15:00,1.973
06-04-2026 18:30:00,1.277
06-04-2026 18:45:00,0.557
06-04-2026 19:00:00,0.179
06-04-2026 19:15:00,-0.487
06-04-2026 19:30:00,-0.771
06-04-2026 19:45:00,-0.771
06-04-2026 20:00:00,-0.771
06-04-2026 20:15:00,-0.771
06-04-2026 20:30:00,-0.771
06-04-2026 20:45:00,-0.771
06-04-2026 21:00:00,-0.771
06-04-2026 21:15:00,-0.771
06-04-2026 21:30:00,-0.771
06-04-2026 21:45:00,-0.771
06-04-2026 22:00:00,-0.771
06-04-2026 22:15:00,-0.771
06-04-2026 22:30:00,-0.771
06-04-2026 22:45:00,-0.771
06-04-2026 23:00:00,-0.771
06-04-2026 23:15:00,-0.771
06-04-2026 23:30:00,-0.771
06-04-2026 23:45:00,-0.771
06-05-2026 00:00:00,-0.771
06-05-2026 00:15:00,-0.771
06-05-2026 00:30:00,-0.771
06-05-2026 00:45:00,-0.771
06-05-2026 01:00:00,-0.771
06-05-2026 01:15:00,-0.771
06-05-2026 01:30:00,-0.771
06-05-2026 01:45:00,-0.771
06-05-2026 02:00:00,-0.771
06-05-2026 02:15:00,-0.771
06-05-2026 02:30:00,-0.771
06-05-2026 02:45:00,-0.771
06-05-2026 03:00:00,-0.771
06-05-2026 03:15:00,-0.771
06-05-2026 03:30:00,-0.771
06-05-2026 03:45:00,-0.771
06-05-2026 04:00:00,-0.771
06-05-2026 04:15:00,-0.771
06-05-2026 04:30:00,-0.771
06-05-2026 04:45:00,-0.771
06-05-2026 05:00:00,-0.771
06-05-2026 05:15:00,-0.771
06-05-2026 05:30:00,-0.771
06-05-2026 05:45:00,-0.515
06-05-2026 06:00:00,0.217
06-05-2026 06:15:00,0.126
06-05-2026 06:30:00,1.111
06-05-2026 06:45:00,2.169
06-05-2026 07:00:00,2.679
06-05-2026 07:15:00,3.512
06-05-2026 07:30:00,3.605
06-05-2026 07:45:00,5.622
06-05-2026 08:00:00,5.432
06-05-2026 08:15:00,6.184
06-05-2026 08:30:00,7.307
06-05-2026 08:45:00,8.133
06-05-2026 09:00:00,11.083
06-05-2026 09:15:00,8.869
06-05-2026 09:30:00,9.86
06-05-2026 09:45:00,15.381
06-05-2026 10:00:00,10.991
06-05-2026 10:15:00,21.869
06-05-2026 10:30:00,26.009
06-05-2026 10:45:00,31.102
06-05-2026 11:00:00,32.127
06-05-2026 11:15:00,32.977
06-05-2026 11:30:00,34.486
06-05-2026 11:45:00,23.521
06-05-2026 12:00:00,38.727
06-05-2026 12:15:00,35.436
06-05-2026 12:30:00,35.537
06-05-2026 12:45:00,21.999
06-05-2026 13:00:00,23.311
06-05-2026 13:15:00,30.646
06-05-2026 13:30:00,32.209
06-05-2026 13:45:00,33.922
06-05-2026 14:00:00,32.234
06-05-2026 14:15:00,24.058
06-05-2026 14:30:00,19.615
06-05-2026 14:45:00,29.897
06-05-2026 15:00:00,26.113
06-05-2026 15:15:00,29.068
06-05-2026 15:30:00,27.309
06-05-2026 15:45:00,16.063
06-05-2026 16:00:00,11.635
06-05-2026 16:15:00,9.968
06-05-2026 16:30:00,10.245
06-05-2026 16:45:00,6.592
06-05-2026 17:00:00,4.773
06-05-2026 17:15:00,3.944
06-05-2026 17:30:00,3.274
06-05-2026 17:45:00,2.191
06-05-2026 18:00:00,2.289
06-05-2026 18:15:00,1.318
06-05-2026 18:30:00,0.631
06-05-2026 18:45:00,-0.083
06-05-2026 19:00:00,-0.771
06-05-2026 19:15:00,-0.771
06-05-2026 19:30:00,-0.771
06-05-2026 19:45:00,-0.771
06-05-2026 20:00:00,-0.771
06-05-2026 20:15:00,-0.771
06-05-2026 20:30:00,-0.771
06-05-2026 20:45:00,-0.771
06-05-2026 21:00:00,-0.771
06-05-2026 21:15:00,-0.771
06-05-2026 21:30:00,-0.771
06-05-2026 21:45:00,-0.771
06-05-2026 22:00:00,-0.771
06-05-2026 22:15:00,-0.771
06-05-2026 22:30:00,-0.771
06-05-2026 22:45:00,-0.771
06-05-2026 23:00:00,-0.771
06-05-2026 23:15:00,-0.771
06-05-2026 23:30:00,-0.771
06-05-2026 23:45:00,-0.771
06-06-2026 00:00:00,-0.771
06-06-2026 00:15:00,-0.771
06-06-2026 00:30:00,-0.771
06-06-2026 00:45:00,-0.771
06-06-2026 01:00:00,-0.771
06-06-2026 01:15:00,-0.771
06-06-2026 01:30:00,-0.771
06-06-2026 01:45:00,-0.771
06-06-2026 02:00:00,-0.771
06-06-2026 02:15:00,-0.771
06-06-2026 02:30:00,-0.771
06-06-2026 02:45:00,-0.771
06-06-2026 03:00:00,-0.771
06-06-2026 03:15:00,-0.771
06-06-2026 03:30:00,-0.771
06-06-2026 03:45:00,-0.771
06-06-2026 04:00:00,-0.771
06-06-2026 04:15:00,-0.771
06-06-2026 04:30:00,-0.771
06-06-2026 04:45:00,-0.771
06-06-2026 05:00:00,-0.771
06-06-2026 05:15:00,-0.771
06-06-2026 05:30:00,-0.771
06-06-2026 05:45:00,-0.771
06-06-2026 06:00:00,-0.438
06-06-2026 06:15:00,0.617
06-06-2026 06:30:00,1.332
06-06-2026 06:45:00,1.65
06-06-2026 07:00:00,2.155
06-06-2026 07:15:00,2.828
06-06-2026 07:30:00,5.136
06-06-2026 07:45:00,3.993
06-06-2026 08:00:00,4.364
06-06-2026 08:15:00,7.683
06-06-2026 08:30:00,8.728
06-06-2026 08:45:00,19.623
06-06-2026 09:00:00,12.837
06-06-2026 09:15:00,14.615
06-06-2026 09:30:00,25.715
06-06-2026 09:45:00,26.509
06-06-2026 10:00:00,17.731
06-06-2026 10:15:00,22.777
06-06-2026 10:30:00,9.173
06-06-2026 10:45:00,12.082
06-06-2026 11:00:00,23.14
06-06-2026 11:15:00,22.512
06-06-2026 11:30:00,19.43
06-06-2026 11:45:00,13.042
06-06-2026 12:00:00,14.982
06-06-2026 12:15:00,15.602
06-06-2026 12:30:00,23.617
06-06-2026 12:45:00,20.966
06-06-2026 13:00:00,16.928
06-06-2026 13:15:00,22.492
06-06-2026 13:30:00,24.398
06-06-2026 13:45:00,25.247
06-06-2026 14:00:00,27.89
06-06-2026 14:15:00,20.228
06-06-2026 14:30:00,18.681
06-06-2026 14:45:00,19.27
06-06-2026 15:00:00,17.57
06-06-2026 15:15:00,10.674
06-06-2026 15:30:00,21.478
06-06-2026 15:45:00,15.446
06-06-2026 16:00:00,20.727
06-06-2026 16:15:00,18.094
06-06-2026 16:30:00,12.771
06-06-2026 16:45:00,9.547
06-06-2026 17:00:00,9.349
06-06-2026 17:15:00,7.738
06-06-2026 17:30:00,7.556
06-06-2026 17:45:00,4.902
06-06-2026 18:00:00,2.943
06-06-2026 18:15:00,2.84
06-06-2026 18:30:00,1.159
06-06-2026 18:45:00,0.093
06-06-2026 19:00:00,-0.771
06-06-2026 19:15:00,-0.771
06-06-2026 19:30:00,-0.771
06-06-2026 19:45:00,-0.771
06-06-2026 20:00:00,-0.771
06-06-2026 20:15:00,-0.771
06-06-2026 20:30:00,-0.771
06-06-2026 20:45:00,-0.771
06-06-2026 21:00:00,-0.771
06-06-2026 21:15:00,-0.771
06-06-2026 21:30:00,-0.771
06-06-2026 21:45:00,-0.771
06-06-2026 22:00:00,-0.771
06-06-2026 22:15:00,-0.771
06-06-2026 22:30:00,-0.771
06-06-2026 22:45:00,-0.771
06-06-2026 23:00:00,-0.771
06-06-2026 23:15:00,-0.771
06-06-2026 23:30:00,-0.771
06-06-2026 23:45:00,-0.771
06-07-2026 00:00:00,-0.771
06-07-2026 00:15:00,-0.771
06-07-2026 00:30:00,-0.771
06-07-2026 00:45:00,-0.771
06-07-2026 01:00:00,-0.771
06-07-2026 01:15:00,-0.771
06-07-2026 01:30:00,-0.771
06-07-2026 01:45:00,-0.771
06-07-2026 02:00:00,-0.771
06-07-2026 02:15:00,-0.771
06-07-2026 02:30:00,-0.771
06-07-2026 02:45:00,-0.771
06-07-2026 03:00:00,-0.771
06-07-2026 03:15:00,-0.771
06-07-2026 03:30:00,-0.771
06-07-2026 03:45:00,-0.771
06-07-2026 04:00:00,-0.771
06-07-2026 04:15:00,-0.771
06-07-2026 04:30:00,-0.771
06-07-2026 04:45:00,-0.771
06-07-2026 05:00:00,-0.771
06-07-2026 05:15:00,-0.771
06-07-2026 05:30:00,-0.771
06-07-2026 05:45:00,-0.496
06-07-2026 06:00:00,-0.77
06-07-2026 06:15:00,-0.681
06-07-2026 06:30:00,1.603
06-07-2026 06:45:00,1.786
06-07-2026 07:00:00,4.301
06-07-2026 07:15:00,3.419
06-07-2026 07:30:00,7.004
06-07-2026 07:45:00,10.687
06-07-2026 08:00:00,11.669
06-07-2026 08:15:00,10.739
06-07-2026 08:30:00,11.053
06-07-2026 08:45:00,11.561
06-07-2026 09:00:00,17.582
06-07-2026 09:15:00,11.023
06-07-2026 09:30:00,19.497
06-07-2026 09:45:00,12.61
06-07-2026 10:00:00,9.216
06-07-2026 10:15:00,13.938
06-07-2026 10:30:00,26.268
06-07-2026 10:45:00,34.672
06-07-2026 11:00:00,29.075
06-07-2026 11:15:00,23.67
06-07-2026 11:30:00,32.549
06-07-2026 11:45:00,27.21
06-07-2026 12:00:00,29.276
06-07-2026 12:15:00,29.913
06-07-2026 12:30:00,35.791
06-07-2026 12:45:00,36.973
06-07-2026 13:00:00,34.872
06-07-2026 13:15:00,36.563
06-07-2026 13:30:00,34.448
06-07-2026 13:45:00,33.144
06-07-2026 14:00:00,32.032
06-07-2026 14:15:00,31.398
06-07-2026 14:30:00,30.71
06-07-2026 14:45:00,28.414
06-07-2026 15:00:00,28.558
06-07-2026 15:15:00,27.276
06-07-2026 15:30:00,25.568
06-07-2026 15:45:00,23.748
06-07-2026 16:00:00,22.12
06-07-2026 16:15:00,19.345
06-07-2026 16:30:00,16.441
06-07-2026 16:45:00,15.399
06-07-2026 17:00:00,13.659
06-07-2026 17:15:00,7.03
06-07-2026 17:30:00,7.745
06-07-2026 17:45:00,5.513
06-07-2026 18:00:00,3.449
06-07-2026 18:15:00,2.097
06-07-2026 18:30:00,0.254
06-07-2026 18:45:00,-0.771
06-07-2026 19:00:00,-0.648
06-07-2026 19:15:00,-0.477
06-07-2026 19:30:00,-0.771
06-07-2026 19:45:00,-0.771
06-07-2026 20:00:00,-0.771
06-07-2026 20:15:00,-0.771
06-07-2026 20:30:00,-0.771
06-07-2026 20:45:00,-0.771
06-07-2026 21:00:00,-0.771
06-07-2026 21:15:00,-0.771
06-07-2026 21:30:00,-0.771
06-07-2026 21:45:00,-0.771
06-07-2026 22:00:00,-0.771
06-07-2026 22:15:00,-0.771
06-07-2026 22:30:00,-0.771
06-07-2026 22:45:00,-0.771
06-07-2026 23:00:00,-0.771
06-07-2026 23:15:00,-0.771
06-07-2026 23:30:00,-0.771
06-07-2026 23:45:00,-0.771
06-08-2026 00:00:00,-0.771
06-08-2026 00:15:00,-0.771
06-08-2026 00:30:00,-0.771
06-08-2026 00:45:00,-0.771
06-08-2026 01:00:00,-0.771
06-08-2026 01:15:00,-0.771
06-08-2026 01:30:00,-0.771
06-08-2026 01:45:00,-0.771
06-08-2026 02:00:00,-0.771
06-08-2026 02:15:00,-0.771
06-08-2026 02:30:00,-0.771
06-08-2026 02:45:00,-0.771
06-08-2026 03:00:00,-0.771
06-08-2026 03:15:00,-0.771
06-08-2026 03:30:00,-0.771
06-08-2026 03:45:00,-0.771
06-08-2026 04:00:00,-0.771
06-08-2026 04:15:00,-0.771
06-08-2026 04:30:00,-0.771
06-08-2026 04:45:00,-0.771
06-08-2026 05:00:00,-0.771
06-08-2026 05:15:00,-0.771
06-08-2026 05:30:00,-0.771
06-08-2026 05:45:00,-0.564
06-08-2026 06:00:00,0.189
06-08-2026 06:15:00,0.34
06-08-2026 06:30:00,-0.28
06-08-2026 06:45:00,2.023
06-08-2026 07:00:00,3.102
06-08-2026 07:15:00,2.908
06-08-2026 07:30:00,3.662
06-08-2026 07:45:00,5.555
06-08-2026 08:00:00,5.128
06-08-2026 08:15:00,8.067
06-08-2026 08:30:00,9.472
06-08-2026 08:45:00,9.698
06-08-2026 09:00:00,12.705
06-08-2026 09:15:00,12.78
06-08-2026 09:30:00,13.187
06-08-2026 09:45:00,23.525
06-08-2026 10:00:00,15.404
06-08-2026 10:15:00,20.26
06-08-2026 10:30:00,23.107
06-08-2026 10:45:00,20.737
06-08-2026 11:00:00,24.577
06-08-2026 11:15:00,27.399
06-08-2026 11:30:00,34.167
06-08-2026 11:45:00,34.05
06-08-2026 12:00:00,24.452
06-08-2026 12:15:00,21.257
06-08-2026 12:30:00,37.905
06-08-2026 12:45:00,36.1
06-08-2026 13:00:00,34.491
06-08-2026 13:15:00,32.707
06-08-2026 13:30:00,32.949
06-08-2026 13:45:00,27.269
06-08-2026 14:00:00,33.836
06-08-2026 14:15:00,31.797
06-08-2026 14:30:00,30.697
06-08-2026 14:45:00,28.53
06-08-2026 15:00:00,28.792
06-08-2026 15:15:00,28.249
06-08-2026 15:30:00,26.121
06-08-2026 15:45:00,25.248
06-08-2026 16:00:00,19.754
06-08-2026 16:15:00,17.542
06-08-2026 16:30:00,11.344
06-08-2026 16:45:00,12.032
06-08-2026 17:00:00,10.807
06-08-2026 17:15:00,7.002
06-08-2026 17:30:00,4.173
06-08-2026 17:45:00,4.127
06-08-2026 18:00:00,2.199
06-08-2026 18:15:00,0.859
06-08-2026 18:30:00,-0.293
06-08-2026 18:45:00,0.385
06-08-2026 19:00:00,0.136
06-08-2026 19:15:00,-0.378
06-08-2026 19:30:00,-0.771
06-08-2026 19:45:00,-0.771
06-08-2026 20:00:00,-0.771
06-08-2026 20:15:00,-0.771
06-08-2026 20:30:00,-0.771
06-08-2026 20:45:00,-0.771
06-08-2026 21:00:00,-0.771
06-08-2026 21:15:00,-0.771
06-08-2026 21:30:00,-0.771
06-08-2026 21:45:00,-0.771
06-08-2026 22:00:00,-0.771
06-08-2026 22:15:00,-0.771
06-08-2026 22:30:00,-0.771
06-08-2026 22:45:00,-0.771
06-08-2026 23:00:00,-0.771
06-08-2026 23:15:00,-0.771
06-08-2026 23:30:00,-0.771
06-08-2026 23:45:00,-0.771
06-09-2026 00:00:00,-0.771
06-09-2026 00:15:00,-0.771
06-09-2026 00:30:00,-0.771
06-09-2026 00:45:00,-0.771
06-09-2026 01:00:00,-0.771
06-09-2026 01:15:00,-0.771
06-09-2026 01:30:00,-0.771
06-09-2026 01:45:00,-0.771
06-09-2026 02:00:00,-0.771
06-09-2026 02:15:00,-0.771
06-09-2026 02:30:00,-0.771
06-09-2026 02:45:00,-0.771
06-09-2026 03:00:00,-0.771
06-09-2026 03:15:00,-0.771
06-09-2026 03:30:00,-0.771
06-09-2026 03:45:00,-0.771
06-09-2026 04:00:00,-0.771
06-09-2026 04:15:00,-0.771
06-09-2026 04:30:00,-0.771
06-09-2026 04:45:00,-0.771
06-09-2026 05:00:00,-0.771
06-09-2026 05:15:00,-0.771
06-09-2026 05:30:00,-0.771
06-09-2026 05:45:00,-0.251
06-09-2026 06:00:00,-0.693
06-09-2026 06:15:00,-0.7
06-09-2026 06:30:00,0.047
06-09-2026 06:45:00,0.3
06-09-2026 07:00:00,1.064
06-09-2026 07:15:00,2.689
06-09-2026 07:30:00,5.16
06-09-2026 07:45:00,4.502
06-09-2026 08:00:00,7.538
06-09-2026 08:15:00,12.685
06-09-2026 08:30:00,15.303
06-09-2026 08:45:00,16.809
06-09-2026 09:00:00,18.344
06-09-2026 09:15:00,18.894
06-09-2026 09:30:00,16.908
06-09-2026 09:45:00,22.9
06-09-2026 10:00:00,24.265
06-09-2026 10:15:00,25.851
06-09-2026 10:30:00,29.033
06-09-2026 10:45:00,31.44
06-09-2026 11:00:00,32.972
06-09-2026 11:15:00,32.253
06-09-2026 11:30:00,32.928
06-09-2026 11:45:00,33.548
06-09-2026 12:00:00,34.167
06-09-2026 12:15:00,33.312
06-09-2026 12:30:00,34.157
06-09-2026 12:45:00,33.431
06-09-2026 13:00:00,33.274
06-09-2026 13:15:00,33.015
06-09-2026 13:30:00,32.718
06-09-2026 13:45:00,32.171
06-09-2026 14:00:00,31.851
06-09-2026 14:15:00,31.128
06-09-2026 14:30:00,29.834
06-09-2026 14:45:00,29.142
06-09-2026 15:00:00,25.491
06-09-2026 15:15:00,25.594
06-09-2026 15:30:00,22.543
06-09-2026 15:45:00,24.93
06-09-2026 16:00:00,19.992
06-09-2026 16:15:00,13.691
06-09-2026 16:30:00,15.996
06-09-2026 16:45:00,10.386
06-09-2026 17:00:00,12.716
06-09-2026 17:15:00,8.977
06-09-2026 17:30:00,7.866
06-09-2026 17:45:00,6.105
06-09-2026 18:00:00,4.317
06-09-2026 18:15:00,2.645
06-09-2026 18:30:00,1.085
06-09-2026 18:45:00,0.792
06-09-2026 19:00:00,-0.454
06-09-2026 19:15:00,-0.441
06-09-2026 19:30:00,-0.771
06-09-2026 19:45:00,-0.771
06-09-2026 20:00:00,-0.771
06-09-2026 20:15:00,-0.771
06-09-2026 20:30:00,-0.771
06-09-2026 20:45:00,-0.771
06-09-2026 21:00:00,-0.771
06-09-2026 21:15:00,-0.771
06-09-2026 21:30:00,-0.771
06-09-2026 21:45:00,-0.771
06-09-2026 22:00:00,-0.771
06-09-2026 22:15:00,-0.771
06-09-2026 22:30:00,-0.771
06-09-2026 22:45:00,-0.771
06-09-2026 23:00:00,-0.771
06-09-2026 23:15:00,-0.771
06-09-2026 23:30:00,-0.771
06-09-2026 23:45:00,-0.771
06-10-2026 00:00:00,-0.771
06-10-2026 00:15:00,-0.771
06-10-2026 00:30:00,-0.771
06-10-2026 00:45:00,-0.771
06-10-2026 01:00:00,-0.771
06-10-2026 01:15:00,-0.771
06-10-2026 01:30:00,-0.771
06-10-2026 01:45:00,-0.771
06-10-2026 02:00:00,-0.771
06-10-2026 02:15:00,-0.771
06-10-2026 02:30:00,-0.771
06-10-2026 02:45:00,-0.771
06-10-2026 03:00:00,-0.771
06-10-2026 03:15:00,-0.771
06-10-2026 03:30:00,-0.771
06-10-2026 03:45:00,-0.771
06-10-2026 04:00:00,-0.771
06-10-2026 04:15:00,-0.771
06-10-2026 04:30:00,-0.771
06-10-2026 04:45:00,-0.771
06-10-2026 05:00:00,-0.771
06-10-2026 05:15:00,-0.771
06-10-2026 05:30:00,-0.771
06-10-2026 05:45:00,-0.552
06-10-2026 06:00:00,-0.771
06-10-2026 06:15:00,-0.362
06-10-2026 06:30:00,0.658
06-10-2026 06:45:00,1.04
06-10-2026 07:00:00,2.65
06-10-2026 07:15:00,3.563
06-10-2026 07:30:00,3.968
06-10-2026 07:45:00,3.986
06-10-2026 08:00:00,5.888
06-10-2026 08:15:00,13.265
06-10-2026 08:30:00,14.923
06-10-2026 08:45:00,16.922
06-10-2026 09:00:00,17.548
06-10-2026 09:15:00,15.862
06-10-2026 09:30:00,14.064
06-10-2026 09:45:00,16.909
06-10-2026 10:00:00,23.115
06-10-2026 10:15:00,28.293
06-10-2026 10:30:00,30.051
06-10-2026 10:45:00,21.445
06-10-2026 11:00:00,22.207
06-10-2026 11:15:00,31.888
06-10-2026 11:30:00,17.503
06-10-2026 11:45:00,35.431
06-10-2026 12:00:00,26.803
06-10-2026 12:15:00,23.015
06-10-2026 12:30:00,31.428
06-10-2026 12:45:00,27.8
06-10-2026 13:00:00,22.619
06-10-2026 13:15:00,23.651
06-10-2026 13:30:00,26.907
06-10-2026 13:45:00,25.568
06-10-2026 14:00:00,21.462
06-10-2026 14:15:00,27.143
06-10-2026 14:30:00,26.462
06-10-2026 14:45:00,26.54
06-10-2026 15:00:00,27.525
06-10-2026 15:15:00,29.725
06-10-2026 15:30:00,22.081
06-10-2026 15:45:00,13.623
06-10-2026 16:00:00,11.719
06-10-2026 16:15:00,10.891
06-10-2026 16:30:00,8.435
06-10-2026 16:45:00,7.385
06-10-2026 17:00:00,8.673
06-10-2026 17:15:00,7.845
06-10-2026 17:30:00,6.578
06-10-2026 17:45:00,6.087
06-10-2026 18:00:00,3.436
06-10-2026 18:15:00,2.31
06-10-2026 18:30:00,1.83
06-10-2026 18:45:00,0.636
06-10-2026 19:00:00,-0.771
06-10-2026 19:15:00,-0.771
06-10-2026 19:30:00,-0.771
06-10-2026 19:45:00,-0.771
06-10-2026 20:00:00,-0.771
06-10-2026 20:15:00,-0.771
06-10-2026 20:30:00,-0.771
06-10-2026 20:45:00,-0.771
06-10-2026 21:00:00,-0.771
06-10-2026 21:15:00,-0.771
06-10-2026 21:30:00,-0.771
06-10-2026 21:45:00,-0.771
06-10-2026 22:00:00,-0.771
06-10-2026 22:15:00,-0.771
06-10-2026 22:30:00,-0.771
06-10-2026 22:45:00,-0.771
06-10-2026 23:00:00,-0.771
06-10-2026 23:15:00,-0.771
06-10-2026 23:30:00,-0.771
06-10-2026 23:45:00,-0.771
06-11-2026 00:00:00,-0.771
06-11-2026 00:15:00,-0.771
06-11-2026 00:30:00,-0.771
06-11-2026 00:45:00,-0.771
06-11-2026 01:00:00,-0.771
06-11-2026 01:15:00,-0.771
06-11-2026 01:30:00,-0.771
06-11-2026 01:45:00,-0.771
06-11-2026 02:00:00,-0.771
06-11-2026 02:15:00,-0.771
06-11-2026 02:30:00,-0.771
06-11-2026 02:45:00,-0.771
06-11-2026 03:00:00,-0.771
06-11-2026 03:15:00,-0.771
06-11-2026 03:30:00,-0.771
06-11-2026 03:45:00,-0.771
06-11-2026 04:00:00,-0.771
06-11-2026 04:15:00,-0.771
06-11-2026 04:30:00,-0.771
06-11-2026 04:45:00,-0.771
06-11-2026 05:00:00,-0.771
06-11-2026 05:15:00,-0.771
06-11-2026 05:30:00,-0.771
06-11-2026 05:45:00,-0.224
06-11-2026 06:00:00,-0.654
06-11-2026 06:15:00,-0.771
06-11-2026 06:30:00,0.426
06-11-2026 06:45:00,0.629
06-11-2026 07:00:00,0.927
06-11-2026 07:15:00,3.37
06-11-2026 07:30:00,4.238
06-11-2026 07:45:00,7.143
06-11-2026 08:00:00,9.524
06-11-2026 08:15:00,12.414
06-11-2026 08:30:00,14.677
06-11-2026 08:45:00,16.64
06-11-2026 09:00:00,17.938
06-11-2026 09:15:00,19.004
06-11-2026 09:30:00,19.722
06-11-2026 09:45:00,22.25
06-11-2026 10:00:00,24.394
06-11-2026 10:15:00,26.427
06-11-2026 10:30:00,28.212
06-11-2026 10:45:00,30.041
06-11-2026 11:00:00,31.205
06-11-2026 11:15:00,31.867
06-11-2026 11:30:00,32.795
06-11-2026 11:45:00,33.339
06-11-2026 12:00:00,33.028
06-11-2026 12:15:00,33.724
06-11-2026 12:30:00,33.787
06-11-2026 12:45:00,33.581
06-11-2026 13:00:00,33.395
06-11-2026 13:15:00,32.88
06-11-2026 13:30:00,32.679
06-11-2026 13:45:00,32.207
06-11-2026 14:00:00,31.479
06-11-2026 14:15:00,30.707
06-11-2026 14:30:00,29.676
06-11-2026 14:45:00,28.631
06-11-2026 15:00:00,27.842
06-11-2026 15:15:00,25.851
06-11-2026 15:30:00,25.194
06-11-2026 15:45:00,23.412
06-11-2026 16:00:00,21.133
06-11-2026 16:15:00,18.088
06-11-2026 16:30:00,15.639
06-11-2026 16:45:00,10.596
06-11-2026 17:00:00,10.658
06-11-2026 17:15:00,9.82
06-11-2026 17:30:00,7.072
06-11-2026 17:45:00,4.514
06-11-2026 18:00:00,2.662
06-11-2026 18:15:00,1.48
06-11-2026 18:30:00,-0.484
06-11-2026 18:45:00,0.182
06-11-2026 19:00:00,0.139
06-11-2026 19:15:00,-0.625
06-11-2026 19:30:00,-0.771
06-11-2026 19:45:00,-0.771
06-11-2026 20:00:00,-0.771
06-11-2026 20:15:00,-0.771
06-11-2026 20:30:00,-0.771
06-11-2026 20:45:00,-0.771
06-11-2026 21:00:00,-0.771
06-11-2026 21:15:00,-0.771
06-11-2026 21:30:00,-0.771
06-11-2026 21:45:00,-0.771
06-11-2026 22:00:00,-0.771
06-11-2026 22:15:00,-0.771
06-11-2026 22:30:00,-0.771
06-11-2026 22:45:00,-0.771
06-11-2026 23:00:00,-0.771
06-11-2026 23:15:00,-0.771
06-11-2026 23:30:00,-0.771
06-11-2026 23:45:00,-0.771
06-12-2026 00:00:00,-0.771
06-12-2026 00:15:00,-0.771
06-12-2026 00:30:00,-0.771
06-12-2026 00:45:00,-0.771
06-12-2026 01:00:00,-0.771
06-12-2026 01:15:00,-0.771
06-12-2026 01:30:00,-0.771
06-12-2026 01:45:00,-0.771
06-12-2026 02:00:00,-0.771
06-12-2026 02:15:00,-0.771
06-12-2026 02:30:00,-0.771
06-12-2026 02:45:00,-0.771
06-12-2026 03:00:00,-0.771
06-12-2026 03:15:00,-0.771
06-12-2026 03:30:00,-0.771
06-12-2026 03:45:00,-0.771
06-12-2026 04:00:00,-0.771
06-12-2026 04:15:00,-0.771
06-12-2026 04:30:00,-0.771
06-12-2026 04:45:00,-0.771
06-12-2026 05:00:00,-0.771
06-12-2026 05:15:00,-0.771
06-12-2026 05:30:00,-0.771
06-12-2026 05:45:00,-0.164
06-12-2026 06:00:00,-0.734
06-12-2026 06:15:00,-0.771
06-12-2026 06:30:00,0.046
06-12-2026 06:45:00,1.159
06-12-2026 07:00:00,2.582
06-12-2026 07:15:00,3.951
06-12-2026 07:30:00,5.15
06-12-2026 07:45:00,7.061
06-12-2026 08:00:00,9.378
06-12-2026 08:15:00,12.604
06-12-2026 08:30:00,14.899
06-12-2026 08:45:00,16.499
06-12-2026 09:00:00,17.878
06-12-2026 09:15:00,19.291
06-12-2026 09:30:00,20.593
06-12-2026 09:45:00,22.177
06-12-2026 10:00:00,24.625
06-12-2026 10:15:00,27.044
06-12-2026 10:30:00,28.69
06-12-2026 10:45:00,30.516
06-12-2026 11:00:00,31.663
06-12-2026 11:15:00,32.059
06-12-2026 11:30:00,32.67
06-12-2026 11:45:00,33.465
06-12-2026 12:00:00,33.377
06-12-2026 12:15:00,33.648
06-12-2026 12:30:00,33.625
06-12-2026 12:45:00,33.399
06-12-2026 13:00:00,33.313
06-12-2026 13:15:00,33.015
06-12-2026 13:30:00,32.445
06-12-2026 13:45:00,31.921
06-12-2026 14:00:00,31.339
06-12-2026 14:15:00,30.528
06-12-2026 14:30:00,29.618
06-12-2026 14:45:00,28.763
06-12-2026 15:00:00,27.767
06-12-2026 15:15:00,26.803
06-12-2026 15:30:00,25.064
06-12-2026 15:45:00,24.003
06-12-2026 16:00:00,22.371
06-12-2026 16:15:00,19.331
06-12-2026 16:30:00,17.357
06-12-2026 16:45:00,15.595
06-12-2026 17:00:00,12.681
06-12-2026 17:15:00,11.841
06-12-2026 17:30:00,9.372
06-12-2026 17:45:00,4.904
06-12-2026 18:00:00,2.655
06-12-2026 18:15:00,1.379
06-12-2026 18:30:00,-0.44
06-12-2026 18:45:00,-0.771
06-12-2026 19:00:00,-0.399
06-12-2026 19:15:00,-0.385
06-12-2026 19:30:00,-0.771
06-12-2026 19:45:00,-0.771
06-12-2026 20:00:00,-0.771
06-12-2026 20:15:00,-0.771
06-12-2026 20:30:00,-0.771
06-12-2026 20:45:00,-0.771
06-12-2026 21:00:00,-0.771
06-12-2026 21:15:00,-0.771
06-12-2026 21:30:00,-0.771
06-12-2026 21:45:00,-0.771
06-12-2026 22:00:00,-0.771
06-12-2026 22:15:00,-0.771
06-12-2026 22:30:00,-0.771
06-12-2026 22:45:00,-0.771
06-12-2026 23:00:00,-0.771
06-12-2026 23:15:00,-0.771
06-12-2026 23:30:00,-0.771
06-12-2026 23:45:00,-0.771
06-13-2026 00:00:00,-0.771
06-13-2026 00:15:00,-0.771
06-13-2026 00:30:00,-0.771
06-13-2026 00:45:00,-0.771
06-13-2026 01:00:00,-0.771
06-13-2026 01:15:00,-0.771
06-13-2026 01:30:00,-0.771
06-13-2026 01:45:00,-0.771
06-13-2026 02:00:00,-0.771
06-13-2026 02:15:00,-0.771
06-13-2026 02:30:00,-0.771
06-13-2026 02:45:00,-0.771
06-13-2026 03:00:00,-0.771
06-13-2026 03:15:00,-0.771
06-13-2026 03:30:00,-0.771
06-13-2026 03:45:00,-0.771
06-13-2026 04:00:00,-0.771
06-13-2026 04:15:00,-0.771
06-13-2026 04:30:00,-0.771
06-13-2026 04:45:00,-0.771
06-13-2026 05:00:00,-0.771
06-13-2026 05:15:00,-0.771
06-13-2026 05:30:00,-0.771
06-13-2026 05:45:00,-0.771
06-13-2026 06:00:00,-0.477
06-13-2026 06:15:00,0.559
06-13-2026 06:30:00,0.897
06-13-2026 06:45:00,1.446
06-13-2026 07:00:00,2.594
06-13-2026 07:15:00,4.016
06-13-2026 07:30:00,5.125
06-13-2026 07:45:00,6.991
06-13-2026 08:00:00,9.534
06-13-2026 08:15:00,12.522
06-13-2026 08:30:00,14.975
06-13-2026 08:45:00,16.646
06-13-2026 09:00:00,18.197
06-13-2026 09:15:00,19.51
06-13-2026 09:30:00,20.726
06-13-2026 09:45:00,22.141
06-13-2026 10:00:00,24.734
06-13-2026 10:15:00,26.697
06-13-2026 10:30:00,28.368
06-13-2026 10:45:00,30.087
06-13-2026 11:00:00,31.239
06-13-2026 11:15:00,32.121
06-13-2026 11:30:00,32.723
06-13-2026 11:45:00,33.257
06-13-2026 12:00:00,33.647
06-13-2026 12:15:00,33.794
06-13-2026 12:30:00,33.7
06-13-2026 12:45:00,33.544
06-13-2026 13:00:00,33.439
06-13-2026 13:15:00,33.334
06-13-2026 13:30:00,32.79
06-13-2026 13:45:00,32.398
06-13-2026 14:00:00,31.621
06-13-2026 14:15:00,30.956
06-13-2026 14:30:00,30.009
06-13-2026 14:45:00,29.025
06-13-2026 15:00:00,28.039
06-13-2026 15:15:00,26.8
06-13-2026 15:30:00,25.533
06-13-2026 15:45:00,23.629
06-13-2026 16:00:00,21.402
06-13-2026 16:15:00,18.498
06-13-2026 16:30:00,16.015
06-13-2026 16:45:00,13.981
06-13-2026 17:00:00,12.166
06-13-2026 17:15:00,10.127
06-13-2026 17:30:00,7.718
06-13-2026 17:45:00,5.007
06-13-2026 18:00:00,2.793
06-13-2026 18:15:00,1.448
06-13-2026 18:30:00,-0.616
06-13-2026 18:45:00,0.133
06-13-2026 19:00:00,0.136
06-13-2026 19:15:00,-0.524
06-13-2026 19:30:00,-0.771
06-13-2026 19:45:00,-0.771
06-13-2026 20:00:00,-0.771
06-13-2026 20:15:00,-0.771
06-13-2026 20:30:00,-0.771
06-13-2026 20:45:00,-0.771
06-13-2026 21:00:00,-0.771
06-13-2026 21:15:00,-0.771
06-13-2026 21:30:00,-0.771
06-13-2026 21:45:00,-0.771
06-13-2026 22:00:00,-0.771
06-13-2026 22:15:00,-0.771
06-13-2026 22:30:00,-0.771
06-13-2026 22:45:00,-0.771
06-13-2026 23:00:00,-0.771
06-13-2026 23:15:00,-0.771
06-13-2026 23:30:00,-0.771
06-13-2026 23:45:00,-0.771
06-14-2026 00:00:00,-0.771
06-14-2026 00:15:00,-0.771
06-14-2026 00:30:00,-0.771
06-14-2026 00:45:00,-0.771
06-14-2026 01:00:00,-0.771
06-14-2026 01:15:00,-0.771
06-14-2026 01:30:00,-0.771
06-14-2026 01:45:00,-0.771
06-14-2026 02:00:00,-0.771
06-14-2026 02:15:00,-0.771
06-14-2026 02:30:00,-0.771
06-14-2026 02:45:00,-0.771
06-14-2026 03:00:00,-0.771
06-14-2026 03:15:00,-0.771
06-14-2026 03:30:00,-0.771
06-14-2026 03:45:00,-0.771
06-14-2026 04:00:00,-0.771
06-14-2026 04:15:00,-0.771
06-14-2026 04:30:00,-0.771
06-14-2026 04:45:00,-0.771
06-14-2026 05:00:00,-0.771
06-14-2026 05:15:00,-0.771
06-14-2026 05:30:00,-0.771
06-14-2026 05:45:00,-0.66
06-14-2026 06:00:00,0.514
06-14-2026 06:15:00,0.755
06-14-2026 06:30:00,0.563
06-14-2026 06:45:00,2.56
06-14-2026 07:00:00,3.01
06-14-2026 07:15:00,3.967
06-14-2026 07:30:00,3.893
06-14-2026 07:45:00,4.399
06-14-2026 08:00:00,4.356
06-14-2026 08:15:00,5.719
06-14-2026 08:30:00,8.427
06-14-2026 08:45:00,9.83
06-14-2026 09:00:00,8.861
06-14-2026 09:15:00,8.951
06-14-2026 09:30:00,11.494
06-14-2026 09:45:00,14.158
06-14-2026 10:00:00,7.815
06-14-2026 10:15:00,15.71
06-14-2026 10:30:00,29.583
06-14-2026 10:45:00,9.454
06-14-2026 11:00:00,25.235
06-14-2026 11:15:00,31.726
06-14-2026 11:30:00,31.773
06-14-2026 11:45:00,22.938
06-14-2026 12:00:00,20.634
06-14-2026 12:15:00,35.922
06-14-2026 12:30:00,35.634
06-14-2026 12:45:00,36.641
06-14-2026 13:00:00,38.229
06-14-2026 13:15:00,27.586
06-14-2026 13:30:00,30.425
06-14-2026 13:45:00,23.58
06-14-2026 14:00:00,24.749
06-14-2026 14:15:00,30.362
06-14-2026 14:30:00,30.991
06-14-2026 14:45:00,31.028
06-14-2026 15:00:00,30.221
06-14-2026 15:15:00,17.667
06-14-2026 15:30:00,8.343
06-14-2026 15:45:00,8.35
06-14-2026 16:00:00,9.938
06-14-2026 16:15:00,9.523
06-14-2026 16:30:00,16.89
06-14-2026 16:45:00,8.451
06-14-2026 17:00:00,10.845
06-14-2026 17:15:00,6.643
06-14-2026 17:30:00,2.752
06-14-2026 17:45:00,1.666
06-14-2026 18:00:00,1.078
06-14-2026 18:15:00,0.572
06-14-2026 18:30:00,0.402
06-14-2026 18:45:00,-0.451
06-14-2026 19:00:00,-0.771
06-14-2026 19:15:00,-0.771
06-14-2026 19:30:00,-0.771
06-14-2026 19:45:00,-0.771
06-14-2026 20:00:00,-0.771
06-14-2026 20:15:00,-0.771
06-14-2026 20:30:00,-0.771
06-14-2026 20:45:00,-0.771
06-14-2026 21:00:00,-0.771
06-14-2026 21:15:00,-0.771
06-14-2026 21:30:00,-0.771
06-14-2026 21:45:00,-0.771
06-14-2026 22:00:00,-0.771
06-14-2026 22:15:00,-0.771
06-14-2026 22:30:00,-0.771
06-14-2026 22:45:00,-0.771
06-14-2026 23:00:00,-0.771
06-14-2026 23:15:00,-0.771
06-14-2026 23:30:00,-0.771
06-14-2026 23:45:00,-0.771
06-15-2026 00:00:00,-0.771
06-15-2026 00:15:00,-0.771
06-15-2026 00:30:00,-0.771
06-15-2026 00:45:00,-0.771
06-15-2026 01:00:00,-0.771
06-15-2026 01:15:00,-0.771
06-15-2026 01:30:00,-0.771
06-15-2026 01:45:00,-0.771
06-15-2026 02:00:00,-0.771
06-15-2026 02:15:00,-0.771
06-15-2026 02:30:00,-0.771
06-15-2026 02:45:00,-0.771
06-15-2026 03:00:00,-0.771
06-15-2026 03:15:00,-0.771
06-15-2026 03:30:00,-0.771
06-15-2026 03:45:00,-0.771
06-15-2026 04:00:00,-0.771
06-15-2026 04:15:00,-0.771
06-15-2026 04:30:00,-0.771
06-15-2026 04:45:00,-0.771
06-15-2026 05:00:00,-0.771
06-15-2026 05:15:00,-0.771
06-15-2026 05:30:00,-0.771
06-15-2026 05:45:00,-0.311
06-15-2026 06:00:00,-0.13
06-15-2026 06:15:00,0.103
06-15-2026 06:30:00,2.086
06-15-2026 06:45:00,1.702
06-15-2026 07:00:00,2.721
06-15-2026 07:15:00,3.466
06-15-2026 07:30:00,3.649
06-15-2026 07:45:00,5.779
06-15-2026 08:00:00,5.545
06-15-2026 08:15:00,8.39
06-15-2026 08:30:00,7.718
06-15-2026 08:45:00,17.801
06-15-2026 09:00:00,16.781
06-15-2026 09:15:00,21.566
06-15-2026 09:30:00,22.191
06-15-2026 09:45:00,24.172
06-15-2026 10:00:00,25.053
06-15-2026 10:15:00,20.694
06-15-2026 10:30:00,14.858
06-15-2026 10:45:00,25.477
06-15-2026 11:00:00,24.893
06-15-2026 11:15:00,34.066
06-15-2026 11:30:00,28.403
06-15-2026 11:45:00,32.4
06-15-2026 12:00:00,34.949
06-15-2026 12:15:00,35.97
06-15-2026 12:30:00,27.303
06-15-2026 12:45:00,29.701
06-15-2026 13:00:00,34.552
06-15-2026 13:15:00,30.602
06-15-2026 13:30:00,34.365
06-15-2026 13:45:00,32.211
06-15-2026 14:00:00,31.19
06-15-2026 14:15:00,30.437
06-15-2026 14:30:00,30.036
06-15-2026 14:45:00,29.14
06-15-2026 15:00:00,28.075
06-15-2026 15:15:00,28.582
06-15-2026 15:30:00,12.31
06-15-2026 15:45:00,9.032
06-15-2026 16:00:00,16.843
06-15-2026 16:15:00,22.237
06-15-2026 16:30:00,17.682
06-15-2026 16:45:00,15.455
06-15-2026 17:00:00,12.566
06-15-2026 17:15:00,10.388
06-15-2026 17:30:00,7.993
06-15-2026 17:45:00,5.654
06-15-2026 18:00:00,2.602
06-15-2026 18:15:00,1.236
06-15-2026 18:30:00,-0.662
06-15-2026 18:45:00,-0.771
06-15-2026 19:00:00,0.043
06-15-2026 19:15:00,-0.161
06-15-2026 19:30:00,-0.771
06-15-2026 19:45:00,-0.771
06-15-2026 20:00:00,-0.771
06-15-2026 20:15:00,-0.771
06-15-2026 20:30:00,-0.771
06-15-2026 20:45:00,-0.771
06-15-2026 21:00:00,-0.771
06-15-2026 21:15:00,-0.771
06-15-2026 21:30:00,-0.771
06-15-2026 21:45:00,-0.771
06-15-2026 22:00:00,-0.771
06-15-2026 22:15:00,-0.771
06-15-2026 22:30:00,-0.771
06-15-2026 22:45:00,-0.771
06-15-2026 23:00:00,-0.771
06-15-2026 23:15:00,-0.771
06-15-2026 23:30:00,-0.771
06-15-2026 23:45:00,-0.771
06-16-2026 00:00:00,-0.771
06-16-2026 00:15:00,-0.771
06-16-2026 00:30:00,-0.771
06-16-2026 00:45:00,-0.771
06-16-2026 01:00:00,-0.771
06-16-2026 01:15:00,-0.771
06-16-2026 01:30:00,-0.771
06-16-2026 01:45:00,-0.771
06-16-2026 02:00:00,-0.771
06-16-2026 02:15:00,-0.771
06-16-2026 02:30:00,-0.771
06-16-2026 02:45:00,-0.771
06-16-2026 03:00:00,-0.771
06-16-2026 03:15:00,-0.771
06-16-2026 03:30:00,-0.771
06-16-2026 03:45:00,-0.771
06-16-2026 04:00:00,-0.771
06-16-2026 04:15:00,-0.771
06-16-2026 04:30:00,-0.771
06-16-2026 04:45:00,-0.771
06-16-2026 05:00:00,-0.771
06-16-2026 05:15:00,-0.771
06-16-2026 05:30:00,-0.771
06-16-2026 05:45:00,-0.218
06-16-2026 06:00:00,0.231
06-16-2026 06:15:00,-0.264
06-16-2026 06:30:00,-0.771
06-16-2026 06:45:00,0.261
06-16-2026 07:00:00,0.795
06-16-2026 07:15:00,2.803
06-16-2026 07:30:00,4.263
06-16-2026 07:45:00,5.221
06-16-2026 08:00:00,5.035
06-16-2026 08:15:00,12.536
06-16-2026 08:30:00,15.418
06-16-2026 08:45:00,17.192
06-16-2026 09:00:00,17.184
06-16-2026 09:15:00,19.615
06-16-2026 09:30:00,21.065
06-16-2026 09:45:00,22.621
06-16-2026 10:00:00,24.126
06-16-2026 10:15:00,26.245
06-16-2026 10:30:00,28.39
06-16-2026 10:45:00,30.581
06-16-2026 11:00:00,31.612
06-16-2026 11:15:00,32.07
06-16-2026 11:30:00,32.808
06-16-2026 11:45:00,33.423
06-16-2026 12:00:00,33.675
06-16-2026 12:15:00,33.612
06-16-2026 12:30:00,33.584
06-16-2026 12:45:00,33.522
06-16-2026 13:00:00,33.277
06-16-2026 13:15:00,33.073
06-16-2026 13:30:00,32.441
06-16-2026 13:45:00,32.038
06-16-2026 14:00:00,31.503
06-16-2026 14:15:00,30.73
06-16-2026 14:30:00,29.805
06-16-2026 14:45:00,28.77
06-16-2026 15:00:00,27.91
06-16-2026 15:15:00,26.762
06-16-2026 15:30:00,25.426
06-16-2026 15:45:00,23.508
06-16-2026 16:00:00,21.222
06-16-2026 16:15:00,19.264
06-16-2026 16:30:00,16.699
06-16-2026 16:45:00,14.143
06-16-2026 17:00:00,11.965
06-16-2026 17:15:00,9.739
06-16-2026 17:30:00,7.603
06-16-2026 17:45:00,5.18
06-16-2026 18:00:00,3.089
06-16-2026 18:15:00,1.807
06-16-2026 18:30:00,0.793
06-16-2026 18:45:00,-0.771
06-16-2026 19:00:00,-0.615
06-16-2026 19:15:00,-0.318
06-16-2026 19:30:00,-0.771
06-16-2026 19:45:00,-0.771
06-16-2026 20:00:00,-0.771
06-16-2026 20:15:00,-0.771
06-16-2026 20:30:00,-0.771
06-16-2026 20:45:00,-0.771
06-16-2026 21:00:00,-0.771
06-16-2026 21:15:00,-0.771
06-16-2026 21:30:00,-0.771
06-16-2026 21:45:00,-0.771
06-16-2026 22:00:00,-0.771
06-16-2026 22:15:00,-0.771
06-16-2026 22:30:00,-0.771
06-16-2026 22:45:00,-0.771
06-16-2026 23:00:00,-0.771
06-16-2026 23:15:00,-0.771
06-16-2026 23:30:00,-0.771
06-16-2026 23:45:00,-0.771
06-17-2026 00:00:00,-0.771
06-17-2026 00:15:00,-0.771
06-17-2026 00:30:00,-0.771
06-17-2026 00:45:00,-0.771
06-17-2026 01:00:00,-0.771
06-17-2026 01:15:00,-0.771
06-17-2026 01:30:00,-0.771
06-17-2026 01:45:00,-0.771
06-17-2026 02:00:00,-0.771
06-17-2026 02:15:00,-0.771
06-17-2026 02:30:00,-0.771
06-17-2026 02:45:00,-0.771
06-17-2026 03:00:00,-0.771
06-17-2026 03:15:00,-0.771
06-17-2026 03:30:00,-0.771
06-17-2026 03:45:00,-0.771
06-17-2026 04:00:00,-0.771
06-17-2026 04:15:00,-0.771
06-17-2026 04:30:00,-0.771
06-17-2026 04:45:00,-0.771
06-17-2026 05:00:00,-0.771
06-17-2026 05:15:00,-0.771
06-17-2026 05:30:00,-0.771
06-17-2026 05:45:00,-0.477
06-17-2026 06:00:00,0.397
06-17-2026 06:15:00,0.427
06-17-2026 06:30:00,1.093
06-17-2026 06:45:00,1.438
06-17-2026 07:00:00,1.58
06-17-2026 07:15:00,3.156
06-17-2026 07:30:00,5.466
06-17-2026 07:45:00,7.337
06-17-2026 08:00:00,7.537
06-17-2026 08:15:00,9.307
06-17-2026 08:30:00,12.707
06-17-2026 08:45:00,15.904
06-17-2026 09:00:00,17.523
06-17-2026 09:15:00,18.916
06-17-2026 09:30:00,19.589
06-17-2026 09:45:00,21.554
06-17-2026 10:00:00,23.309
06-17-2026 10:15:00,25.634
06-17-2026 10:30:00,27.508
06-17-2026 10:45:00,29.472
06-17-2026 11:00:00,30.776
06-17-2026 11:15:00,31.543
06-17-2026 11:30:00,32.253
06-17-2026 11:45:00,32.776
06-17-2026 12:00:00,32.816
06-17-2026 12:15:00,33.242
06-17-2026 12:30:00,33.217
06-17-2026 12:45:00,33.013
06-17-2026 13:00:00,32.687
06-17-2026 13:15:00,32.63
06-17-2026 13:30:00,32.165
06-17-2026 13:45:00,31.608
06-17-2026 14:00:00,30.919
06-17-2026 14:15:00,30.604
06-17-2026 14:30:00,29.355
06-17-2026 14:45:00,28.098
06-17-2026 15:00:00,26.946
06-17-2026 15:15:00,25.871
06-17-2026 15:30:00,24.347
06-17-2026 15:45:00,22.374
06-17-2026 16:00:00,20.251
06-17-2026 16:15:00,17.543
06-17-2026 16:30:00,15.227
06-17-2026 16:45:00,13.492
06-17-2026 17:00:00,11.391
06-17-2026 17:15:00,9.674
06-17-2026 17:30:00,7.874
06-17-2026 17:45:00,5.636
06-17-2026 18:00:00,3.465
06-17-2026 18:15:00,1.906
06-17-2026 18:30:00,0.562
06-17-2026 18:45:00,-0.771
06-17-2026 19:00:00,-0.112
06-17-2026 19:15:00,-0.439
06-17-2026 19:30:00,-0.771
06-17-2026 19:45:00,-0.771
06-17-2026 20:00:00,-0.771
06-17-2026 20:15:00,-0.771
06-17-2026 20:30:00,-0.771
06-17-2026 20:45:00,-0.771
06-17-2026 21:00:00,-0.771
06-17-2026 21:15:00,-0.771
06-17-2026 21:30:00,-0.771
06-17-2026 21:45:00,-0.771
06-17-2026 22:00:00,-0.771
06-17-2026 22:15:00,-0.771
06-17-2026 22:30:00,-0.771
06-17-2026 22:45:00,-0.771
06-17-2026 23:00:00,-0.771
06-17-2026 23:15:00,-0.771
06-17-2026 23:30:00,-0.771
06-17-2026 23:45:00,-0.771
06-18-2026 00:00:00,-0.771
06-18-2026 00:15:00,-0.771
06-18-2026 00:30:00,-0.771
06-18-2026 00:45:00,-0.771
06-18-2026 01:00:00,-0.771
06-18-2026 01:15:00,-0.771
06-18-2026 01:30:00,-0.771
06-18-2026 01:45:00,-0.771
06-18-2026 02:00:00,-0.771
06-18-2026 02:15:00,-0.771
06-18-2026 02:30:00,-0.771
06-18-2026 02:45:00,-0.771
06-18-2026 03:00:00,-0.771
06-18-2026 03:15:00,-0.771
06-18-2026 03:30:00,-0.771
06-18-2026 03:45:00,-0.771
06-18-2026 04:00:00,-0.771
06-18-2026 04:15:00,-0.771
06-18-2026 04:30:00,-0.771
06-18-2026 04:45:00,-0.771
06-18-2026 05:00:00,-0.771
06-18-2026 05:15:00,-0.771
06-18-2026 05:30:00,-0.771
06-18-2026 05:45:00,-0.361
06-18-2026 06:00:00,0.293
06-18-2026 06:15:00,-0.256
06-18-2026 06:30:00,-0.401
06-18-2026 06:45:00,0.997
06-18-2026 07:00:00,2.7
06-18-2026 07:15:00,3.968
06-18-2026 07:30:00,5.118
06-18-2026 07:45:00,6.822
06-18-2026 08:00:00,8.769
06-18-2026 08:15:00,11.707
06-18-2026 08:30:00,14.809
06-18-2026 08:45:00,12.583
06-18-2026 09:00:00,13.235
06-18-2026 09:15:00,5.139
06-18-2026 09:30:00,6.973
06-18-2026 09:45:00,21.618
06-18-2026 10:00:00,25.009
06-18-2026 10:15:00,25.976
06-18-2026 10:30:00,20.421
06-18-2026 10:45:00,10.682
06-18-2026 11:00:00,22.181
06-18-2026 11:15:00,26.028
06-18-2026 11:30:00,30.681
06-18-2026 11:45:00,32.944
06-18-2026 12:00:00,17.387
06-18-2026 12:15:00,15.109
06-18-2026 12:30:00,10.155
06-18-2026 12:45:00,14.631
06-18-2026 13:00:00,24.938
06-18-2026 13:15:00,25.683
06-18-2026 13:30:00,28.295
06-18-2026 13:45:00,18.778
06-18-2026 14:00:00,14.189
06-18-2026 14:15:00,30.652
06-18-2026 14:30:00,31.471
06-18-2026 14:45:00,21.712
06-18-2026 15:00:00,6.54
06-18-2026 15:15:00,9.018
06-18-2026 15:30:00,9.182
06-18-2026 15:45:00,10.645
06-18-2026 16:00:00,10.985
06-18-2026 16:15:00,4.7
06-18-2026 16:30:00,4.36
06-18-2026 16:45:00,8.362
06-18-2026 17:00:00,10.739
06-18-2026 17:15:00,7.022
06-18-2026 17:30:00,8.096
06-18-2026 17:45:00,6.065
06-18-2026 18:00:00,4.082
06-18-2026 18:15:00,1.87
06-18-2026 18:30:00,0.962
06-18-2026 18:45:00,-0.159
06-18-2026 19:00:00,-0.771
06-18-2026 19:15:00,-0.771
06-18-2026 19:30:00,-0.771
06-18-2026 19:45:00,-0.771
06-18-2026 20:00:00,-0.771
06-18-2026 20:15:00,-0.771
06-18-2026 20:30:00,-0.771
06-18-2026 20:45:00,-0.771
06-18-2026 21:00:00,-0.771
06-18-2026 21:15:00,-0.771
06-18-2026 21:30:00,-0.771
06-18-2026 21:45:00,-0.771
06-18-2026 22:00:00,-0.771
06-18-2026 22:15:00,-0.771
06-18-2026 22:30:00,-0.771
06-18-2026 22:45:00,-0.771
06-18-2026 23:00:00,-0.771
06-18-2026 23:15:00,-0.771
06-18-2026 23:30:00,-0.771
06-18-2026 23:45:00,-0.771
06-19-2026 00:00:00,-0.771
06-19-2026 00:15:00,-0.771
06-19-2026 00:30:00,-0.771
06-19-2026 00:45:00,-0.771
06-19-2026 01:00:00,-0.771
06-19-2026 01:15:00,-0.771
06-19-2026 01:30:00,-0.771
06-19-2026 01:45:00,-0.771
06-19-2026 02:00:00,-0.771
06-19-2026 02:15:00,-0.771
06-19-2026 02:30:00,-0.771
06-19-2026 02:45:00,-0.771
06-19-2026 03:00:00,-0.771
06-19-2026 03:15:00,-0.771
06-19-2026 03:30:00,-0.771
06-19-2026 03:45:00,-0.771
06-19-2026 04:00:00,-0.771
06-19-2026 04:15:00,-0.771
06-19-2026 04:30:00,-0.771
06-19-2026 04:45:00,-0.771
06-19-2026 05:00:00,-0.771
06-19-2026 05:15:00,-0.771
06-19-2026 05:30:00,-0.771
06-19-2026 05:45:00,-0.226
06-19-2026 06:00:00,-0.434
06-19-2026 06:15:00,-0.426
06-19-2026 06:30:00,0.583
06-19-2026 06:45:00,1.896
06-19-2026 07:00:00,2.646
06-19-2026 07:15:00,2.771
06-19-2026 07:30:00,3.248
06-19-2026 07:45:00,6.551
06-19-2026 08:00:00,9.149
06-19-2026 08:15:00,12.973
06-19-2026 08:30:00,15.522
06-19-2026 08:45:00,16.14
06-19-2026 09:00:00,16.783
06-19-2026 09:15:00,17.24
06-19-2026 09:30:00,19.104
06-19-2026 09:45:00,17.411
06-19-2026 10:00:00,19.859
06-19-2026 10:15:00,25.645
06-19-2026 10:30:00,27.525
06-19-2026 10:45:00,22.316
06-19-2026 11:00:00,15.686
06-19-2026 11:15:00,14.458
06-19-2026 11:30:00,26.13
06-19-2026 11:45:00,19.001
06-19-2026 12:00:00,8.751
06-19-2026 12:15:00,14.85
06-19-2026 12:30:00,10.949
06-19-2026 12:45:00,11.222
06-19-2026 13:00:00,8.87
06-19-2026 13:15:00,10.158
06-19-2026 13:30:00,21.285
06-19-2026 13:45:00,29.654
06-19-2026 14:00:00,33.268
06-19-2026 14:15:00,30.546
06-19-2026 14:30:00,29.341
06-19-2026 14:45:00,28.291
06-19-2026 15:00:00,27.148
06-19-2026 15:15:00,26.01
06-19-2026 15:30:00,24.746
06-19-2026 15:45:00,22.928
06-19-2026 16:00:00,20.923
06-19-2026 16:15:00,18.059
06-19-2026 16:30:00,15.809
06-19-2026 16:45:00,13.936
06-19-2026 17:00:00,11.901
06-19-2026 17:15:00,9.771
06-19-2026 17:30:00,7.63
06-19-2026 17:45:00,5.277
06-19-2026 18:00:00,2.845
06-19-2026 18:15:00,1.354
06-19-2026 18:30:00,-0.763
06-19-2026 18:45:00,-0.046
06-19-2026 19:00:00,0.141
06-19-2026 19:15:00,-0.585
06-19-2026 19:30:00,-0.771
06-19-2026 19:45:00,-0.771
06-19-2026 20:00:00,-0.771
06-19-2026 20:15:00,-0.771
06-19-2026 20:30:00,-0.771
06-19-2026 20:45:00,-0.771
06-19-2026 21:00:00,-0.771
06-19-2026 21:15:00,-0.771
06-19-2026 21:30:00,-0.771
06-19-2026 21:45:00,-0.771
06-19-2026 22:00:00,-0.771
06-19-2026 22:15:00,-0.771
06-19-2026 22:30:00,-0.771
06-19-2026 22:45:00,-0.771
06-19-2026 23:00:00,-0.771
06-19-2026 23:15:00,-0.771
06-19-2026 23:30:00,-0.771
06-19-2026 23:45:00,-0.771
06-20-2026 00:00:00,-0.771
06-20-2026 00:15:00,-0.771
06-20-2026 00:30:00,-0.771
06-20-2026 00:45:00,-0.771
06-20-2026 01:00:00,-0.771
06-20-2026 01:15:00,-0.771
06-20-2026 01:30:00,-0.771
06-20-2026 01:45:00,-0.771
06-20-2026 02:00:00,-0.771
06-20-2026 02:15:00,-0.771
06-20-2026 02:30:00,-0.771
06-20-2026 02:45:00,-0.771
06-20-2026 03:00:00,-0.771
06-20-2026 03:15:00,-0.771
06-20-2026 03:30:00,-0.771
06-20-2026 03:45:00,-0.771
06-20-2026 04:00:00,-0.771
06-20-2026 04:15:00,-0.771
06-20-2026 04:30:00,-0.771
06-20-2026 04:45:00,-0.771
06-20-2026 05:00:00,-0.771
06-20-2026 05:15:00,-0.771
06-20-2026 05:30:00,-0.771
06-20-2026 05:45:00,-0.344
06-20-2026 06:00:00,-0.537
06-20-2026 06:15:00,-0.771
06-20-2026 06:30:00,0.468
06-20-2026 06:45:00,0.966
06-20-2026 07:00:00,2.275
06-20-2026 07:15:00,3.797
06-20-2026 07:30:00,4.998
06-20-2026 07:45:00,6.771
06-20-2026 08:00:00,8.936
06-20-2026 08:15:00,11.714
06-20-2026 08:30:00,14.272
06-20-2026 08:45:00,15.999
06-20-2026 09:00:00,17.544
06-20-2026 09:15:00,18.881
06-20-2026 09:30:00,19.956
06-20-2026 09:45:00,21.361
06-20-2026 10:00:00,23.649
06-20-2026 10:15:00,25.457
06-20-2026 10:30:00,27.58
06-20-2026 10:45:00,29.39
06-20-2026 11:00:00,30.851
06-20-2026 11:15:00,31.431
06-20-2026 11:30:00,32.224
06-20-2026 11:45:00,32.81
06-20-2026 12:00:00,33.066
06-20-2026 12:15:00,33.245
06-20-2026 12:30:00,33.036
06-20-2026 12:45:00,33.119
06-20-2026 13:00:00,33.047
06-20-2026 13:15:00,32.783
06-20-2026 13:30:00,32.432
06-20-2026 13:45:00,31.893
06-20-2026 14:00:00,31.327
06-20-2026 14:15:00,30.375
06-20-2026 14:30:00,29.432
06-20-2026 14:45:00,28.651
06-20-2026 15:00:00,27.521
06-20-2026 15:15:00,26.266
06-20-2026 15:30:00,24.949
06-20-2026 15:45:00,23.048
06-20-2026 16:00:00,20.969
06-20-2026 16:15:00,18.343
06-20-2026 16:30:00,15.851
06-20-2026 16:45:00,13.792
06-20-2026 17:00:00,11.883
06-20-2026 17:15:00,9.849
06-20-2026 17:30:00,7.583
06-20-2026 17:45:00,5.232
06-20-2026 18:00:00,3.085
06-20-2026 18:15:00,1.823
06-20-2026 18:30:00,0.96
06-20-2026 18:45:00,0.459
06-20-2026 19:00:00,-0.337
06-20-2026 19:15:00,-0.771
06-20-2026 19:30:00,-0.771
06-20-2026 19:45:00,-0.771
06-20-2026 20:00:00,-0.771
06-20-2026 20:15:00,-0.771
06-20-2026 20:30:00,-0.771
06-20-2026 20:45:00,-0.771
06-20-2026 21:00:00,-0.771
06-20-2026 21:15:00,-0.771
06-20-2026 21:30:00,-0.771
06-20-2026 21:45:00,-0.771
06-20-2026 22:00:00,-0.771
06-20-2026 22:15:00,-0.771
06-20-2026 22:30:00,-0.771
06-20-2026 22:45:00,-0.771
06-20-2026 23:00:00,-0.771
06-20-2026 23:15:00,-0.771
06-20-2026 23:30:00,-0.771
06-20-2026 23:45:00,-0.771
06-21-2026 00:00:00,-0.771
06-21-2026 00:15:00,-0.771
06-21-2026 00:30:00,-0.771
06-21-2026 00:45:00,-0.771
06-21-2026 01:00:00,-0.771
06-21-2026 01:15:00,-0.771
06-21-2026 01:30:00,-0.771
06-21-2026 01:45:00,-0.771
06-21-2026 02:00:00,-0.771
06-21-2026 02:15:00,-0.771
06-21-2026 02:30:00,-0.771
06-21-2026 02:45:00,-0.771
06-21-2026 03:00:00,-0.771
06-21-2026 03:15:00,-0.771
06-21-2026 03:30:00,-0.771
06-21-2026 03:45:00,-0.771
06-21-2026 04:00:00,-0.771
06-21-2026 04:15:00,-0.771
06-21-2026 04:30:00,-0.771
06-21-2026 04:45:00,-0.771
06-21-2026 05:00:00,-0.771
06-21-2026 05:15:00,-0.771
06-21-2026 05:30:00,-0.771
06-21-2026 05:45:00,-0.279
06-21-2026 06:00:00,-0.241
06-21-2026 06:15:00,-0.771
06-21-2026 06:30:00,0.528
06-21-2026 06:45:00,1.51
06-21-2026 07:00:00,2.513
06-21-2026 07:15:00,3.767
06-21-2026 07:30:00,4.888
06-21-2026 07:45:00,6.933
06-21-2026 08:00:00,8.91
06-21-2026 08:15:00,11.715
06-21-2026 08:30:00,14.138
06-21-2026 08:45:00,16.364
06-21-2026 09:00:00,16.79
06-21-2026 09:15:00,17.743
06-21-2026 09:30:00,20.176
06-21-2026 09:45:00,21.393
06-21-2026 10:00:00,23.975
06-21-2026 10:15:00,25.697
06-21-2026 10:30:00,27.348
06-21-2026 10:45:00,29.326
06-21-2026 11:00:00,30.383
06-21-2026 11:15:00,31.048
06-21-2026 11:30:00,31.866
06-21-2026 11:45:00,32.493
06-21-2026 12:00:00,32.795
06-21-2026 12:15:00,32.951
06-21-2026 12:30:00,32.862
06-21-2026 12:45:00,32.838
06-21-2026 13:00:00,32.588
06-21-2026 13:15:00,32.249
06-21-2026 13:30:00,31.723
06-21-2026 13:45:00,31.201
06-21-2026 14:00:00,30.575
06-21-2026 14:15:00,29.977
06-21-2026 14:30:00,29.246
06-21-2026 14:45:00,28.392
06-21-2026 15:00:00,27.228
06-21-2026 15:15:00,25.956
06-21-2026 15:30:00,24.704
06-21-2026 15:45:00,23.075
06-21-2026 16:00:00,20.791
06-21-2026 16:15:00,18.152
06-21-2026 16:30:00,16.025
06-21-2026 16:45:00,14.13
06-21-2026 17:00:00,12.349
06-21-2026 17:15:00,10.191
06-21-2026 17:30:00,7.835
06-21-2026 17:45:00,5.618
06-21-2026 18:00:00,3.483
06-21-2026 18:15:00,2.067
06-21-2026 18:30:00,0.994
06-21-2026 18:45:00,0.388
06-21-2026 19:00:00,0.276
06-21-2026 19:15:00,-0.654
06-21-2026 19:30:00,-0.771
06-21-2026 19:45:00,-0.771
06-21-2026 20:00:00,-0.771
06-21-2026 20:15:00,-0.771
06-21-2026 20:30:00,-0.771
06-21-2026 20:45:00,-0.771
06-21-2026 21:00:00,-0.771
06-21-2026 21:15:00,-0.771
06-21-2026 21:30:00,-0.771
06-21-2026 21:45:00,-0.771
06-21-2026 22:00:00,-0.771
06-21-2026 22:15:00,-0.771
06-21-2026 22:30:00,-0.771
06-21-2026 22:45:00,-0.771
06-21-2026 23:00:00,-0.771
06-21-2026 23:15:00,-0.771
06-21-2026 23:30:00,-0.771
06-21-2026 23:45:00,-0.771
06-22-2026 00:00:00,-0.771
06-22-2026 00:15:00,-0.771
06-22-2026 00:30:00,-0.771
06-22-2026 00:45:00,-0.771
06-22-2026 01:00:00,-0.771
06-22-2026 01:15:00,-0.771
06-22-2026 01:30:00,-0.771
06-22-2026 01:45:00,-0.771
06-22-2026 02:00:00,-0.771
06-22-2026 02:15:00,-0.771
06-22-2026 02:30:00,-0.771
06-22-2026 02:45:00,-0.771
06-22-2026 03:00:00,-0.771
06-22-2026 03:15:00,-0.771
06-22-2026 03:30:00,-0.771
06-22-2026 03:45:00,-0.771
06-22-2026 04:00:00,-0.771
06-22-2026 04:15:00,-0.771
06-22-2026 04:30:00,-0.771
06-22-2026 04:45:00,-0.771
06-22-2026 05:00:00,-0.771
06-22-2026 05:15:00,-0.771
06-22-2026 05:30:00,-0.771
06-22-2026 05:45:00,-0.412
06-22-2026 06:00:00,-0.213
06-22-2026 06:15:00,-0.771
06-22-2026 06:30:00,-0.27
06-22-2026 06:45:00,1.173
06-22-2026 07:00:00,1.536
06-22-2026 07:15:00,3.071
06-22-2026 07:30:00,3.626
06-22-2026 07:45:00,4.502
06-22-2026 08:00:00,8.12
06-22-2026 08:15:00,12.052
06-22-2026 08:30:00,13.202
06-22-2026 08:45:00,17.974
06-22-2026 09:00:00,10.993
06-22-2026 09:15:00,9.953
06-22-2026 09:30:00,11.917
06-22-2026 09:45:00,11.011
06-22-2026 10:00:00,10.325
06-22-2026 10:15:00,13.339
06-22-2026 10:30:00,26.073
06-22-2026 10:45:00,16.557
06-22-2026 11:00:00,29.679
06-22-2026 11:15:00,33.882
06-22-2026 11:30:00,33.021
06-22-2026 11:45:00,33.09
06-22-2026 12:00:00,26.078
06-22-2026 12:15:00,28.055
06-22-2026 12:30:00,34.236
06-22-2026 12:45:00,29.689
06-22-2026 13:00:00,21.847
06-22-2026 13:15:00,29.97
06-22-2026 13:30:00,33.153
06-22-2026 13:45:00,29.675
06-22-2026 14:00:00,20.137
06-22-2026 14:15:00,24.615
06-22-2026 14:30:00,29.063
06-22-2026 14:45:00,28.839
06-22-2026 15:00:00,26.985
06-22-2026 15:15:00,28.519
06-22-2026 15:30:00,18.695
06-22-2026 15:45:00,6.759
06-22-2026 16:00:00,11.012
06-22-2026 16:15:00,7.44
06-22-2026 16:30:00,6.291
06-22-2026 16:45:00,8.538
06-22-2026 17:00:00,11.262
06-22-2026 17:15:00,11.132
06-22-2026 17:30:00,7.117
06-22-2026 17:45:00,5.561
06-22-2026 18:00:00,4.653
06-22-2026 18:15:00,3.196
06-22-2026 18:30:00,1.747
06-22-2026 18:45:00,0.954
06-22-2026 19:00:00,-0.674
06-22-2026 19:15:00,-0.771
06-22-2026 19:30:00,-0.771
06-22-2026 19:45:00,-0.771
06-22-2026 20:00:00,-0.771
06-22-2026 20:15:00,-0.771
06-22-2026 20:30:00,-0.771
06-22-2026 20:45:00,-0.771
06-22-2026 21:00:00,-0.771
06-22-2026 21:15:00,-0.771
06-22-2026 21:30:00,-0.771
06-22-2026 21:45:00,-0.771
06-22-2026 22:00:00,-0.771
06-22-2026 22:15:00,-0.771
06-22-2026 22:30:00,-0.771
06-22-2026 22:45:00,-0.771
06-22-2026 23:00:00,-0.771
06-22-2026 23:15:00,-0.771
06-22-2026 23:30:00,-0.771
06-22-2026 23:45:00,-0.771
06-23-2026 00:00:00,-0.771
06-23-2026 00:15:00,-0.771
06-23-2026 00:30:00,-0.771
06-23-2026 00:45:00,-0.771
06-23-2026 01:00:00,-0.771
06-23-2026 01:15:00,-0.771
06-23-2026 01:30:00,-0.771
06-23-2026 01:45:00,-0.771
06-23-2026 02:00:00,-0.771
06-23-2026 02:15:00,-0.771
06-23-2026 02:30:00,-0.771
06-23-2026 02:45:00,-0.771
06-23-2026 03:00:00,-0.771
06-23-2026 03:15:00,-0.771
06-23-2026 03:30:00,-0.771
06-23-2026 03:45:00,-0.771
06-23-2026 04:00:00,-0.771
06-23-2026 04:15:00,-0.771
06-23-2026 04:30:00,-0.771
06-23-2026 04:45:00,-0.771
06-23-2026 05:00:00,-0.771
06-23-2026 05:15:00,-0.771
06-23-2026 05:30:00,-0.771
06-23-2026 05:45:00,-0.771
06-23-2026 06:00:00,-0.771
06-23-2026 06:15:00,-0.293
06-23-2026 06:30:00,0.183
06-23-2026 06:45:00,1.563
06-23-2026 07:00:00,2.297
06-23-2026 07:15:00,3.346
06-23-2026 07:30:00,2.963
06-23-2026 07:45:00,6.019
06-23-2026 08:00:00,6.774
06-23-2026 08:15:00,8.499
06-23-2026 08:30:00,8.583
06-23-2026 08:45:00,14.549
06-23-2026 09:00:00,18.85
06-23-2026 09:15:00,19.902
06-23-2026 09:30:00,18.688
06-23-2026 09:45:00,21.624
06-23-2026 10:00:00,26.844
06-23-2026 10:15:00,25.114
06-23-2026 10:30:00,19.353
06-23-2026 10:45:00,20.483
06-23-2026 11:00:00,28.624
06-23-2026 11:15:00,23.593
06-23-2026 11:30:00,18.779
06-23-2026 11:45:00,20.168
06-23-2026 12:00:00,25.555
06-23-2026 12:15:00,25.322
06-23-2026 12:30:00,26.716
06-23-2026 12:45:00,25.181
06-23-2026 13:00:00,24.04
06-23-2026 13:15:00,21.64
06-23-2026 13:30:00,15.339
06-23-2026 13:45:00,19.247
06-23-2026 14:00:00,23.632
06-23-2026 14:15:00,30.524
06-23-2026 14:30:00,13.114
06-23-2026 14:45:00,21.837
06-23-2026 15:00:00,31.393
06-23-2026 15:15:00,24.237
06-23-2026 15:30:00,16.972
06-23-2026 15:45:00,6.405
06-23-2026 16:00:00,7.631
06-23-2026 16:15:00,6.828
06-23-2026 16:30:00,6.638
06-23-2026 16:45:00,2.837
06-23-2026 17:00:00,2.757
06-23-2026 17:15:00,2.165
06-23-2026 17:30:00,2.452
06-23-2026 17:45:00,2.174
06-23-2026 18:00:00,1.72
06-23-2026 18:15:00,1.434
06-23-2026 18:30:00,-0.479
06-23-2026 18:45:00,0.44
06-23-2026 19:00:00,0.054
06-23-2026 19:15:00,-0.771
06-23-2026 19:30:00,-0.771
06-23-2026 19:45:00,-0.771
06-23-2026 20:00:00,-0.771
06-23-2026 20:15:00,-0.771
06-23-2026 20:30:00,-0.771
06-23-2026 20:45:00,-0.771
06-23-2026 21:00:00,-0.771
06-23-2026 21:15:00,-0.771
06-23-2026 21:30:00,-0.771
06-23-2026 21:45:00,-0.771
06-23-2026 22:00:00,-0.771
06-23-2026 22:15:00,-0.771
06-23-2026 22:30:00,-0.771
06-23-2026 22:45:00,-0.771
06-23-2026 23:00:00,-0.771
06-23-2026 23:15:00,-0.771
06-23-2026 23:30:00,-0.771
06-23-2026 23:45:00,-0.771
06-24-2026 00:00:00,-0.771
06-24-2026 00:15:00,-0.771
06-24-2026 00:30:00,-0.771
06-24-2026 00:45:00,-0.771
06-24-2026 01:00:00,-0.771
06-24-2026 01:15:00,-0.771
06-24-2026 01:30:00,-0.771
06-24-2026 01:45:00,-0.771
06-24-2026 02:00:00,-0.771
06-24-2026 02:15:00,-0.771
06-24-2026 02:30:00,-0.771
06-24-2026 02:45:00,-0.771
06-24-2026 03:00:00,-0.771
06-24-2026 03:15:00,-0.771
06-24-2026 03:30:00,-0.771
06-24-2026 03:45:00,-0.771
06-24-2026 04:00:00,-0.771
06-24-2026 04:15:00,-0.771
06-24-2026 04:30:00,-0.771
06-24-2026 04:45:00,-0.771
06-24-2026 05:00:00,-0.771
06-24-2026 05:15:00,-0.771
06-24-2026 05:30:00,-0.771
06-24-2026 05:45:00,-0.421
06-24-2026 06:00:00,-0.587
06-24-2026 06:15:00,-0.68
06-24-2026 06:30:00,0.524
06-24-2026 06:45:00,1.599
06-24-2026 07:00:00,1.899
06-24-2026 07:15:00,3.807
06-24-2026 07:30:00,4.12
06-24-2026 07:45:00,3.998
06-24-2026 08:00:00,5.943
06-24-2026 08:15:00,7.67
06-24-2026 08:30:00,6.82
06-24-2026 08:45:00,16.655
06-24-2026 09:00:00,8.272
06-24-2026 09:15:00,7.285
06-24-2026 09:30:00,12.303
06-24-2026 09:45:00,14.989
06-24-2026 10:00:00,24.827
06-24-2026 10:15:00,19.428
06-24-2026 10:30:00,17.386
06-24-2026 10:45:00,15.34
06-24-2026 11:00:00,24.87
06-24-2026 11:15:00,20.865
06-24-2026 11:30:00,25.204
06-24-2026 11:45:00,25.902
06-24-2026 12:00:00,21.686
06-24-2026 12:15:00,27.476
06-24-2026 12:30:00,30.868
06-24-2026 12:45:00,37.725
06-24-2026 13:00:00,33.734
06-24-2026 13:15:00,30.078
06-24-2026 13:30:00,30.004
06-24-2026 13:45:00,26.794
06-24-2026 14:00:00,33.307
06-24-2026 14:15:00,19.23
06-24-2026 14:30:00,26.507
06-24-2026 14:45:00,21.491
06-24-2026 15:00:00,20.427
06-24-2026 15:15:00,17.999
06-24-2026 15:30:00,10.103
06-24-2026 15:45:00,7.686
06-24-2026 16:00:00,7.235
06-24-2026 16:15:00,7.558
06-24-2026 16:30:00,5.587
06-24-2026 16:45:00,3.695
06-24-2026 17:00:00,1.977
06-24-2026 17:15:00,3.576
06-24-2026 17:30:00,4.397
06-24-2026 17:45:00,2.099
06-24-2026 18:00:00,1.611
06-24-2026 18:15:00,1.508
06-24-2026 18:30:00,1.866
06-24-2026 18:45:00,0.735
06-24-2026 19:00:00,0.276
06-24-2026 19:15:00,-0.613
06-24-2026 19:30:00,-0.771
06-24-2026 19:45:00,-0.771
06-24-2026 20:00:00,-0.771
06-24-2026 20:15:00,-0.771
06-24-2026 20:30:00,-0.771
06-24-2026 20:45:00,-0.771
06-24-2026 21:00:00,-0.771
06-24-2026 21:15:00,-0.771
06-24-2026 21:30:00,-0.771
06-24-2026 21:45:00,-0.771
06-24-2026 22:00:00,-0.771
06-24-2026 22:15:00,-0.771
06-24-2026 22:30:00,-0.771
06-24-2026 22:45:00,-0.771
06-24-2026 23:00:00,-0.771
06-24-2026 23:15:00,-0.771
06-24-2026 23:30:00,-0.771
06-24-2026 23:45:00,-0.771
06-25-2026 00:00:00,-0.771
06-25-2026 00:15:00,-0.771
06-25-2026 00:30:00,-0.771
06-25-2026 00:45:00,-0.771
06-25-2026 01:00:00,-0.771
06-25-2026 01:15:00,-0.771
06-25-2026 01:30:00,-0.771
06-25-2026 01:45:00,-0.771
06-25-2026 02:00:00,-0.771
06-25-2026 02:15:00,-0.771
06-25-2026 02:30:00,-0.771
06-25-2026 02:45:00,-0.771
06-25-2026 03:00:00,-0.771
06-25-2026 03:15:00,-0.771
06-25-2026 03:30:00,-0.771
06-25-2026 03:45:00,-0.771
06-25-2026 04:00:00,-0.771
06-25-2026 04:15:00,-0.771
06-25-2026 04:30:00,-0.771
06-25-2026 04:45:00,-0.771
06-25-2026 05:00:00,-0.771
06-25-2026 05:15:00,-0.771
06-25-2026 05:30:00,-0.771
06-25-2026 05:45:00,-0.737
06-25-2026 06:00:00,0.153
06-25-2026 06:15:00,0.278
06-25-2026 06:30:00,-0.466
06-25-2026 06:45:00,1.84
06-25-2026 07:00:00,2.42
06-25-2026 07:15:00,2.674
06-25-2026 07:30:00,3.562
06-25-2026 07:45:00,6.395
06-25-2026 08:00:00,9.033
06-25-2026 08:15:00,7.609
06-25-2026 08:30:00,13.61
06-25-2026 08:45:00,16.218
06-25-2026 09:00:00,16.745
06-25-2026 09:15:00,19.506
06-25-2026 09:30:00,20.501
06-25-2026 09:45:00,15.043
06-25-2026 10:00:00,22.122
06-25-2026 10:15:00,24.597
06-25-2026 10:30:00,25.988
06-25-2026 10:45:00,27.419
06-25-2026 11:00:00,16.536
06-25-2026 11:15:00,26.409
06-25-2026 11:30:00,35.104
06-25-2026 11:45:00,36.631
06-25-2026 12:00:00,27.111
06-25-2026 12:15:00,30.451
06-25-2026 12:30:00,27.696
06-25-2026 12:45:00,25.964
06-25-2026 13:00:00,31.243
06-25-2026 13:15:00,27.035
06-25-2026 13:30:00,24.776
06-25-2026 13:45:00,31.645
06-25-2026 14:00:00,33.317
06-25-2026 14:15:00,32.45
06-25-2026 14:30:00,28.567
06-25-2026 14:45:00,29.771
06-25-2026 15:00:00,29.022
06-25-2026 15:15:00,27.594
06-25-2026 15:30:00,24.532
06-25-2026 15:45:00,24.32
06-25-2026 16:00:00,22.96
06-25-2026 16:15:00,19.476
06-25-2026 16:30:00,17.103
06-25-2026 16:45:00,14.564
06-25-2026 17:00:00,13.189
06-25-2026 17:15:00,10.958
06-25-2026 17:30:00,8.225
06-25-2026 17:45:00,5.414
06-25-2026 18:00:00,2.836
06-25-2026 18:15:00,2.282
06-25-2026 18:30:00,1.291
06-25-2026 18:45:00,0.574
06-25-2026 19:00:00,-0.114
06-25-2026 19:15:00,-0.771
06-25-2026 19:30:00,-0.771
06-25-2026 19:45:00,-0.771
06-25-2026 20:00:00,-0.771
06-25-2026 20:15:00,-0.771
06-25-2026 20:30:00,-0.771
06-25-2026 20:45:00,-0.771
06-25-2026 21:00:00,-0.771
06-25-2026 21:15:00,-0.771
06-25-2026 21:30:00,-0.771
06-25-2026 21:45:00,-0.771
06-25-2026 22:00:00,-0.771
06-25-2026 22:15:00,-0.771
06-25-2026 22:30:00,-0.771
06-25-2026 22:45:00,-0.771
06-25-2026 23:00:00,-0.771
06-25-2026 23:15:00,-0.771
06-25-2026 23:30:00,-0.771
06-25-2026 23:45:00,-0.771
06-26-2026 00:00:00,-0.771
06-26-2026 00:15:00,-0.771
06-26-2026 00:30:00,-0.771
06-26-2026 00:45:00,-0.771
06-26-2026 01:00:00,-0.771
06-26-2026 01:15:00,-0.771
06-26-2026 01:30:00,-0.771
06-26-2026 01:45:00,-0.771
06-26-2026 02:00:00,-0.771
06-26-2026 02:15:00,-0.771
06-26-2026 02:30:00,-0.771
06-26-2026 02:45:00,-0.771
06-26-2026 03:00:00,-0.771
06-26-2026 03:15:00,-0.771
06-26-2026 03:30:00,-0.771
06-26-2026 03:45:00,-0.771
06-26-2026 04:00:00,-0.771
06-26-2026 04:15:00,-0.771
06-26-2026 04:30:00,-0.771
06-26-2026 04:45:00,-0.771
06-26-2026 05:00:00,-0.771
06-26-2026 05:15:00,-0.771
06-26-2026 05:30:00,-0.771
06-26-2026 05:45:00,-0.771
06-26-2026 06:00:00,-0.771
06-26-2026 06:15:00,-0.173
06-26-2026 06:30:00,1.188
06-26-2026 06:45:00,0.901
06-26-2026 07:00:00,3.116
06-26-2026 07:15:00,4.952
06-26-2026 07:30:00,3.097
06-26-2026 07:45:00,4.973
06-26-2026 08:00:00,9.575
06-26-2026 08:15:00,7.015
06-26-2026 08:30:00,9.354
06-26-2026 08:45:00,10.093
06-26-2026 09:00:00,11.489
06-26-2026 09:15:00,15.374
06-26-2026 09:30:00,15.772
06-26-2026 09:45:00,15.323
06-26-2026 10:00:00,19.588
06-26-2026 10:15:00,19.512
06-26-2026 10:30:00,20.329
06-26-2026 10:45:00,23.721
06-26-2026 11:00:00,29.395
06-26-2026 11:15:00,26.116
06-26-2026 11:30:00,25.49
06-26-2026 11:45:00,25.362
06-26-2026 12:00:00,26.892
06-26-2026 12:15:00,18.587
06-26-2026 12:30:00,20.383
06-26-2026 12:45:00,24.559
06-26-2026 13:00:00,17.738
06-26-2026 13:15:00,22.239
06-26-2026 13:30:00,15.409
06-26-2026 13:45:00,29.075
06-26-2026 14:00:00,17.508
06-26-2026 14:15:00,17.548
06-26-2026 14:30:00,18.731
06-26-2026 14:45:00,15.112
06-26-2026 15:00:00,24.396
06-26-2026 15:15:00,14.557
06-26-2026 15:30:00,15.92
06-26-2026 15:45:00,15.458
06-26-2026 16:00:00,15.953
06-26-2026 16:15:00,18.705
06-26-2026 16:30:00,12.974
06-26-2026 16:45:00,5.215
06-26-2026 17:00:00,5.638
06-26-2026 17:15:00,11.502
06-26-2026 17:30:00,8.567
06-26-2026 17:45:00,2.408
06-26-2026 18:00:00,1.267
06-26-2026 18:15:00,2.046
06-26-2026 18:30:00,0.867
06-26-2026 18:45:00,-0.771
06-26-2026 19:00:00,-0.588
06-26-2026 19:15:00,-0.112
06-26-2026 19:30:00,-0.771
06-26-2026 19:45:00,-0.771
06-26-2026 20:00:00,-0.771
06-26-2026 20:15:00,-0.771
06-26-2026 20:30:00,-0.771
06-26-2026 20:45:00,-0.771
06-26-2026 21:00:00,-0.771
06-26-2026 21:15:00,-0.771
06-26-2026 21:30:00,-0.771
06-26-2026 21:45:00,-0.771
06-26-2026 22:00:00,-0.771
06-26-2026 22:15:00,-0.771
06-26-2026 22:30:00,-0.771
06-26-2026 22:45:00,-0.771
06-26-2026 23:00:00,-0.771
06-26-2026 23:15:00,-0.771
06-26-2026 23:30:00,-0.771
06-26-2026 23:45:00,-0.771
06-27-2026 00:00:00,-0.771
06-27-2026 00:15:00,-0.771
06-27-2026 00:30:00,-0.771
06-27-2026 00:45:00,-0.771
06-27-2026 01:00:00,-0.771
06-27-2026 01:15:00,-0.771
06-27-2026 01:30:00,-0.771
06-27-2026 01:45:00,-0.771
06-27-2026 02:00:00,-0.771
06-27-2026 02:15:00,-0.771
06-27-2026 02:30:00,-0.771
06-27-2026 02:45:00,-0.771
06-27-2026 03:00:00,-0.771
06-27-2026 03:15:00,-0.771
06-27-2026 03:30:00,-0.771
06-27-2026 03:45:00,-0.771
06-27-2026 04:00:00,-0.771
06-27-2026 04:15:00,-0.771
06-27-2026 04:30:00,-0.771
06-27-2026 04:45:00,-0.771
06-27-2026 05:00:00,-0.771
06-27-2026 05:15:00,-0.771
06-27-2026 05:30:00,-0.771
06-27-2026 05:45:00,-0.347
06-27-2026 06:00:00,-0.278
06-27-2026 06:15:00,0.072
06-27-2026 06:30:00,1.578
06-27-2026 06:45:00,1.926
06-27-2026 07:00:00,2.378
06-27-2026 07:15:00,2.917
06-27-2026 07:30:00,3.596
06-27-2026 07:45:00,4.844
06-27-2026 08:00:00,6.781
06-27-2026 08:15:00,4.255
06-27-2026 08:30:00,6.391
06-27-2026 08:45:00,7.52
06-27-2026 09:00:00,18.468
06-27-2026 09:15:00,12.858
06-27-2026 09:30:00,19.825
06-27-2026 09:45:00,22.742
06-27-2026 10:00:00,26.347
06-27-2026 10:15:00,25.476
06-27-2026 10:30:00,29.294
06-27-2026 10:45:00,30.38
06-27-2026 11:00:00,24.246
06-27-2026 11:15:00,27.167
06-27-2026 11:30:00,22.876
06-27-2026 11:45:00,13.695
06-27-2026 12:00:00,17.667
06-27-2026 12:15:00,36.358
06-27-2026 12:30:00,35.89
06-27-2026 12:45:00,36.241
06-27-2026 13:00:00,34.803
06-27-2026 13:15:00,24.575
06-27-2026 13:30:00,27.961
06-27-2026 13:45:00,29.971
06-27-2026 14:00:00,36.366
06-27-2026 14:15:00,29.696
06-27-2026 14:30:00,28.152
06-27-2026 14:45:00,29.469
06-27-2026 15:00:00,29.375
06-27-2026 15:15:00,28.128
06-27-2026 15:30:00,24.146
06-27-2026 15:45:00,20.43
06-27-2026 16:00:00,18.735
06-27-2026 16:15:00,17.25
06-27-2026 16:30:00,10.523
06-27-2026 16:45:00,7.352
06-27-2026 17:00:00,7.891
06-27-2026 17:15:00,8.685
06-27-2026 17:30:00,5.307
06-27-2026 17:45:00,3.277
06-27-2026 18:00:00,3.824
06-27-2026 18:15:00,3.022
06-27-2026 18:30:00,1.227
06-27-2026 18:45:00,-0.108
06-27-2026 19:00:00,-0.771
06-27-2026 19:15:00,-0.771
06-27-2026 19:30:00,-0.771
06-27-2026 19:45:00,-0.771
06-27-2026 20:00:00,-0.771
06-27-2026 20:15:00,-0.771
06-27-2026 20:30:00,-0.771
06-27-2026 20:45:00,-0.771
06-27-2026 21:00:00,-0.771
06-27-2026 21:15:00,-0.771
06-27-2026 21:30:00,-0.771
06-27-2026 21:45:00,-0.771
06-27-2026 22:00:00,-0.771
06-27-2026 22:15:00,-0.771
06-27-2026 22:30:00,-0.771
06-27-2026 22:45:00,-0.771
06-27-2026 23:00:00,-0.771
06-27-2026 23:15:00,-0.771
06-27-2026 23:30:00,-0.771
06-27-2026 23:45:00,-0.771
06-28-2026 00:00:00,-0.771
06-28-2026 00:15:00,-0.771
06-28-2026 00:30:00,-0.771
06-28-2026 00:45:00,-0.771
06-28-2026 01:00:00,-0.771
06-28-2026 01:15:00,-0.771
06-28-2026 01:30:00,-0.771
06-28-2026 01:45:00,-0.771
06-28-2026 02:00:00,-0.771
06-28-2026 02:15:00,-0.771
06-28-2026 02:30:00,-0.771
06-28-2026 02:45:00,-0.771
06-28-2026 03:00:00,-0.771
06-28-2026 03:15:00,-0.771
06-28-2026 03:30:00,-0.771
06-28-2026 03:45:00,-0.771
06-28-2026 04:00:00,-0.771
06-28-2026 04:15:00,-0.771
06-28-2026 04:30:00,-0.771
06-28-2026 04:45:00,-0.771
06-28-2026 05:00:00,-0.771
06-28-2026 05:15:00,-0.771
06-28-2026 05:30:00,-0.771
06-28-2026 05:45:00,-0.771
06-28-2026 06:00:00,-0.771
06-28-2026 06:15:00,-0.258
06-28-2026 06:30:00,0.703
06-28-2026 06:45:00,1.513
06-28-2026 07:00:00,2.571
06-28-2026 07:15:00,3.311
06-28-2026 07:30:00,3.412
06-28-2026 07:45:00,6.698
06-28-2026 08:00:00,8.296
06-28-2026 08:15:00,11.484
06-28-2026 08:30:00,7.811
06-28-2026 08:45:00,11.972
06-28-2026 09:00:00,14.778
06-28-2026 09:15:00,21.072
06-28-2026 09:30:00,21.915
06-28-2026 09:45:00,22.635
06-28-2026 10:00:00,24.669
06-28-2026 10:15:00,26.963
06-28-2026 10:30:00,28.35
06-28-2026 10:45:00,30.464
06-28-2026 11:00:00,29.745
06-28-2026 11:15:00,34.701
06-28-2026 11:30:00,24.824
06-28-2026 11:45:00,34.821
06-28-2026 12:00:00,28.464
06-28-2026 12:15:00,33.741
06-28-2026 12:30:00,31.394
06-28-2026 12:45:00,27.409
06-28-2026 13:00:00,31.104
06-28-2026 13:15:00,29.99
06-28-2026 13:30:00,33.28
06-28-2026 13:45:00,33.691
06-28-2026 14:00:00,32.831
06-28-2026 14:15:00,26.928
06-28-2026 14:30:00,24.838
06-28-2026 14:45:00,25.994
06-28-2026 15:00:00,24.816
06-28-2026 15:15:00,20.633
06-28-2026 15:30:00,27.426
06-28-2026 15:45:00,15.763
06-28-2026 16:00:00,22.958
06-28-2026 16:15:00,12.474
06-28-2026 16:30:00,9.253
06-28-2026 16:45:00,14.688
06-28-2026 17:00:00,9.523
06-28-2026 17:15:00,6.292
06-28-2026 17:30:00,6.723
06-28-2026 17:45:00,3.118
06-28-2026 18:00:00,3.363
06-28-2026 18:15:00,2.277
06-28-2026 18:30:00,1.406
06-28-2026 18:45:00,0.611
06-28-2026 19:00:00,-0.243
06-28-2026 19:15:00,-0.771
06-28-2026 19:30:00,-0.771
06-28-2026 19:45:00,-0.771
06-28-2026 20:00:00,-0.771
06-28-2026 20:15:00,-0.771
06-28-2026 20:30:00,-0.771
06-28-2026 20:45:00,-0.771
06-28-2026 21:00:00,-0.771
06-28-2026 21:15:00,-0.771
06-28-2026 21:30:00,-0.771
06-28-2026 21:45:00,-0.771
06-28-2026 22:00:00,-0.771
06-28-2026 22:15:00,-0.771
06-28-2026 22:30:00,-0.771
06-28-2026 22:45:00,-0.771
06-28-2026 23:00:00,-0.771
06-28-2026 23:15:00,-0.771
06-28-2026 23:30:00,-0.771
06-28-2026 23:45:00,-0.771
06-29-2026 00:00:00,-0.771
06-29-2026 00:15:00,-0.771
06-29-2026 00:30:00,-0.771
06-29-2026 00:45:00,-0.771
06-29-2026 01:00:00,-0.771
06-29-2026 01:15:00,-0.771
06-29-2026 01:30:00,-0.771
06-29-2026 01:45:00,-0.771
06-29-2026 02:00:00,-0.771
06-29-2026 02:15:00,-0.771
06-29-2026 02:30:00,-0.771
06-29-2026 02:45:00,-0.771
06-29-2026 03:00:00,-0.771
06-29-2026 03:15:00,-0.771
06-29-2026 03:30:00,-0.771
06-29-2026 03:45:00,-0.771
06-29-2026 04:00:00,-0.771
06-29-2026 04:15:00,-0.771
06-29-2026 04:30:00,-0.771
06-29-2026 04:45:00,-0.771
06-29-2026 05:00:00,-0.771
06-29-2026 05:15:00,-0.771
06-29-2026 05:30:00,-0.771
06-29-2026 05:45:00,-0.771
06-29-2026 06:00:00,-0.771
06-29-2026 06:15:00,-0.457
06-29-2026 06:30:00,0.574
06-29-2026 06:45:00,0.995
06-29-2026 07:00:00,1.741
06-29-2026 07:15:00,2.291
06-29-2026 07:30:00,4.725
06-29-2026 07:45:00,7.453
06-29-2026 08:00:00,9.078
06-29-2026 08:15:00,12.837
06-29-2026 08:30:00,15.917
06-29-2026 08:45:00,16.81
06-29-2026 09:00:00,19.862
06-29-2026 09:15:00,21.119
06-29-2026 09:30:00,21.682
06-29-2026 09:45:00,15.535
06-29-2026 10:00:00,23.597
06-29-2026 10:15:00,23.733
06-29-2026 10:30:00,27.744
06-29-2026 10:45:00,29.815
06-29-2026 11:00:00,31.029
06-29-2026 11:15:00,32.483
06-29-2026 11:30:00,32.768
06-29-2026 11:45:00,33.239
06-29-2026 12:00:00,33.508
06-29-2026 12:15:00,33.793
06-29-2026 12:30:00,35.557
06-29-2026 12:45:00,32.785
06-29-2026 13:00:00,35.556
06-29-2026 13:15:00,35.08
06-29-2026 13:30:00,32.21
06-29-2026 13:45:00,27.305
06-29-2026 14:00:00,21.384
06-29-2026 14:15:00,25.828
06-29-2026 14:30:00,23.821
06-29-2026 14:45:00,25.768
06-29-2026 15:00:00,29.918
06-29-2026 15:15:00,19.167
06-29-2026 15:30:00,25.101
06-29-2026 15:45:00,24.247
06-29-2026 16:00:00,20.264
06-29-2026 16:15:00,15.809
06-29-2026 16:30:00,14.541
06-29-2026 16:45:00,11.687
06-29-2026 17:00:00,10.844
06-29-2026 17:15:00,9.384
06-29-2026 17:30:00,7.366
06-29-2026 17:45:00,5.681
06-29-2026 18:00:00,3.876
06-29-2026 18:15:00,3.185
06-29-2026 18:30:00,1.786
06-29-2026 18:45:00,1.101
06-29-2026 19:00:00,0.418
06-29-2026 19:15:00,-0.154
06-29-2026 19:30:00,-0.771
06-29-2026 19:45:00,-0.771
06-29-2026 20:00:00,-0.771
06-29-2026 20:15:00,-0.771
06-29-2026 20:30:00,-0.771
06-29-2026 20:45:00,-0.771
06-29-2026 21:00:00,-0.771
06-29-2026 21:15:00,-0.771
06-29-2026 21:30:00,-0.771
06-29-2026 21:45:00,-0.771
06-29-2026 22:00:00,-0.771
06-29-2026 22:15:00,-0.771
06-29-2026 22:30:00,-0.771
06-29-2026 22:45:00,-0.771
06-29-2026 23:00:00,-0.771
06-29-2026 23:15:00,-0.771
06-29-2026 23:30:00,-0.771
06-29-2026 23:45:00,-0.771
06-30-2026 00:00:00,-0.771
06-30-2026 00:15:00,-0.771
06-30-2026 00:30:00,-0.771
06-30-2026 00:45:00,-0.771
06-30-2026 01:00:00,-0.771
06-30-2026 01:15:00,-0.771
06-30-2026 01:30:00,-0.771
06-30-2026 01:45:00,-0.771
06-30-2026 02:00:00,-0.771
06-30-2026 02:15:00,-0.771
06-30-2026 02:30:00,-0.771
06-30-2026 02:45:00,-0.771
06-30-2026 03:00:00,-0.771
06-30-2026 03:15:00,-0.771
06-30-2026 03:30:00,-0.771
06-30-2026 03:45:00,-0.771
06-30-2026 04:00:00,-0.771
06-30-2026 04:15:00,-0.771
06-30-2026 04:30:00,-0.771
06-30-2026 04:45:00,-0.771
06-30-2026 05:00:00,-0.771
06-30-2026 05:15:00,-0.771
06-30-2026 05:30:00,-0.771
06-30-2026 05:45:00,-0.615
06-30-2026 06:00:00,-0.752
06-30-2026 06:15:00,-0.541
06-30-2026 06:30:00,0.985
06-30-2026 06:45:00,1.48
06-30-2026 07:00:00,2.744
06-30-2026 07:15:00,4.015
06-30-2026 07:30:00,6.063
06-30-2026 07:45:00,9.467
06-30-2026 08:00:00,7.611
06-30-2026 08:15:00,11.937
06-30-2026 08:30:00,14.164
06-30-2026 08:45:00,15.163
06-30-2026 09:00:00,13.281
06-30-2026 09:15:00,11.88
06-30-2026 09:30:00,21.932
06-30-2026 09:45:00,16.844
06-30-2026 10:00:00,18.22
06-30-2026 10:15:00,27.724
06-30-2026 10:30:00,23.115
06-30-2026 10:45:00,25.273
06-30-2026 11:00:00,24.534
06-30-2026 11:15:00,23.92
06-30-2026 11:30:00,32.079
06-30-2026 11:45:00,31.921
06-30-2026 12:00:00,23.199
06-30-2026 12:15:00,21.896
06-30-2026 12:30:00,26.219
06-30-2026 12:45:00,29.782
06-30-2026 13:00:00,37.209
06-30-2026 13:15:00,36.127
06-30-2026 13:30:00,32.991
06-30-2026 13:45:00,32.525
06-30-2026 14:00:00,32.062
06-30-2026 14:15:00,29.996
06-30-2026 14:30:00,31.434
06-30-2026 14:45:00,30.106
06-30-2026 15:00:00,29.431
06-30-2026 15:15:00,20.046
06-30-2026 15:30:00,26.009
06-30-2026 15:45:00,24.643
06-30-2026 16:00:00,21.383
06-30-2026 16:15:00,12.843
06-30-2026 16:30:00,15.357
06-30-2026 16:45:00,13.684
06-30-2026 17:00:00,12.316
06-30-2026 17:15:00,10.281
06-30-2026 17:30:00,8.195
06-30-2026 17:45:00,5.821
06-30-2026 18:00:00,3.398
06-30-2026 18:15:00,1.741
06-30-2026 18:30:00,0.841
06-30-2026 18:45:00,0.542
06-30-2026 19:00:00,-0.149
06-30-2026 19:15:00,-0.771
06-30-2026 19:30:00,-0.771
06-30-2026 19:45:00,-0.771
06-30-2026 20:00:00,-0.771
06-30-2026 20:15:00,-0.771
06-30-2026 20:30:00,-0.771
06-30-2026 20:45:00,-0.771
06-30-2026 21:00:00,-0.771
06-30-2026 21:15:00,-0.771
06-30-2026 21:30:00,-0.771
06-30-2026 21:45:00,-0.771
06-30-2026 22:00:00,-0.771
06-30-2026 22:15:00,-0.771
06-30-2026 22:30:00,-0.771
06-30-2026 22:45:00,-0.771
06-30-2026 23:00:00,-0.771
06-30-2026 23:15:00,-0.771
06-30-2026 23:30:00,-0.771
06-30-2026 23:45:00,-0.771
07-01-2026 00:00:00,-0.771
07-01-2026 00:15:00,-0.771
07-01-2026 00:30:00,-0.771
07-01-2026 00:45:00,-0.771
07-01-2026 01:00:00,-0.771
07-01-2026 01:15:00,-0.771
07-01-2026 01:30:00,-0.771
07-01-2026 01:45:00,-0.771
07-01-2026 02:00:00,-0.771
07-01-2026 02:15:00,-0.771
07-01-2026 02:30:00,-0.771
07-01-2026 02:45:00,-0.771
07-01-2026 03:00:00,-0.771
07-01-2026 03:15:00,-0.771
07-01-2026 03:30:00,-0.771
07-01-2026 03:45:00,-0.771
07-01-2026 04:00:00,-0.771
07-01-2026 04:15:00,-0.771
07-01-2026 04:30:00,-0.771
07-01-2026 04:45:00,-0.771
07-01-2026 05:00:00,-0.771
07-01-2026 05:15:00,-0.771
07-01-2026 05:30:00,-0.771
07-01-2026 05:45:00,-0.594
07-01-2026 06:00:00,0.072
07-01-2026 06:15:00,-0.558
07-01-2026 06:30:00,0.77
07-01-2026 06:45:00,1.135
07-01-2026 07:00:00,1.461
07-01-2026 07:15:00,1.424
07-01-2026 07:30:00,4.245
07-01-2026 07:45:00,2.823
07-01-2026 08:00:00,3.744
07-01-2026 08:15:00,5.732
07-01-2026 08:30:00,8.538
07-01-2026 08:45:00,14.934
07-01-2026 09:00:00,12.129
07-01-2026 09:15:00,19.332
07-01-2026 09:30:00,21.436
07-01-2026 09:45:00,19.271
07-01-2026 10:00:00,20.865
07-01-2026 10:15:00,26.067
07-01-2026 10:30:00,28.19
07-01-2026 10:45:00,30.884
07-01-2026 11:00:00,19.912
07-01-2026 11:15:00,33.922
07-01-2026 11:30:00,33.743
07-01-2026 11:45:00,33.993
07-01-2026 12:00:00,34.684
07-01-2026 12:15:00,33.851
07-01-2026 12:30:00,34.458
07-01-2026 12:45:00,32.827
07-01-2026 13:00:00,34.909
07-01-2026 13:15:00,34.297
07-01-2026 13:30:00,32.318
07-01-2026 13:45:00,26.647
07-01-2026 14:00:00,26.081
07-01-2026 14:15:00,27.537
07-01-2026 14:30:00,33.666
07-01-2026 14:45:00,26.337
07-01-2026 15:00:00,25.438
07-01-2026 15:15:00,27.958
07-01-2026 15:30:00,27.017
07-01-2026 15:45:00,13.677
07-01-2026 16:00:00,7.165
07-01-2026 16:15:00,15.051
07-01-2026 16:30:00,14.231
07-01-2026 16:45:00,9.179
07-01-2026 17:00:00,8.073
07-01-2026 17:15:00,9.412
07-01-2026 17:30:00,6.118
07-01-2026 17:45:00,4.862
07-01-2026 18:00:00,3.705
07-01-2026 18:15:00,2.69
07-01-2026 18:30:00,1.718
07-01-2026 18:45:00,-0.293
07-01-2026 19:00:00,-0.771
07-01-2026 19:15:00,-0.771
07-01-2026 19:30:00,-0.771
07-01-2026 19:45:00,-0.771
07-01-2026 20:00:00,-0.771
07-01-2026 20:15:00,-0.771
07-01-2026 20:30:00,-0.771
07-01-2026 20:45:00,-0.771
07-01-2026 21:00:00,-0.771
07-01-2026 21:15:00,-0.771
07-01-2026 21:30:00,-0.771
07-01-2026 21:45:00,-0.771
07-01-2026 22:00:00,-0.771
07-01-2026 22:15:00,-0.771
07-01-2026 22:30:00,-0.771
07-01-2026 22:45:00,-0.771
07-01-2026 23:00:00,-0.771
07-01-2026 23:15:00,-0.771
07-01-2026 23:30:00,-0.771
07-01-2026 23:45:00,-0.771
07-02-2026 00:00:00,-0.771
07-02-2026 00:15:00,-0.771
07-02-2026 00:30:00,-0.771
07-02-2026 00:45:00,-0.771
07-02-2026 01:00:00,-0.771
07-02-2026 01:15:00,-0.771
07-02-2026 01:30:00,-0.771
07-02-2026 01:45:00,-0.771
07-02-2026 02:00:00,-0.771
07-02-2026 02:15:00,-0.771
07-02-2026 02:30:00,-0.771
07-02-2026 02:45:00,-0.771
07-02-2026 03:00:00,-0.771
07-02-2026 03:15:00,-0.771
07-02-2026 03:30:00,-0.771
07-02-2026 03:45:00,-0.771
07-02-2026 04:00:00,-0.771
07-02-2026 04:15:00,-0.771
07-02-2026 04:30:00,-0.771
07-02-2026 04:45:00,-0.771
07-02-2026 05:00:00,-0.771
07-02-2026 05:15:00,-0.771
07-02-2026 05:30:00,-0.771
07-02-2026 05:45:00,-0.771
07-02-2026 06:00:00,-0.771
07-02-2026 06:15:00,-0.57
07-02-2026 06:30:00,0.656
07-02-2026 06:45:00,1.429
07-02-2026 07:00:00,1.72
07-02-2026 07:15:00,1.981
07-02-2026 07:30:00,2.566
07-02-2026 07:45:00,4.059
07-02-2026 08:00:00,4.41
07-02-2026 08:15:00,4.094
07-02-2026 08:30:00,4.778
07-02-2026 08:45:00,5.495
07-02-2026 09:00:00,10.802
07-02-2026 09:15:00,11.627
07-02-2026 09:30:00,19.341
07-02-2026 09:45:00,23.593
07-02-2026 10:00:00,24.129
07-02-2026 10:15:00,13.82
07-02-2026 10:30:00,21.721
07-02-2026 10:45:00,16.084
07-02-2026 11:00:00,30.211
07-02-2026 11:15:00,35.539
07-02-2026 11:30:00,35.163
07-02-2026 11:45:00,34.828
07-02-2026 12:00:00,32.287
07-02-2026 12:15:00,20.218
07-02-2026 12:30:00,26.506
07-02-2026 12:45:00,33.508
07-02-2026 13:00:00,29.092
07-02-2026 13:15:00,24.921
07-02-2026 13:30:00,21.872
07-02-2026 13:45:00,20.116
07-02-2026 14:00:00,30.062
07-02-2026 14:15:00,25.81
07-02-2026 14:30:00,29.918
07-02-2026 14:45:00,27.296
07-02-2026 15:00:00,23.821
07-02-2026 15:15:00,16.502
07-02-2026 15:30:00,13.484
07-02-2026 15:45:00,9.217
07-02-2026 16:00:00,22.017
07-02-2026 16:15:00,20.888
07-02-2026 16:30:00,13.873
07-02-2026 16:45:00,11.044
07-02-2026 17:00:00,14.835
07-02-2026 17:15:00,8.837
07-02-2026 17:30:00,8.371
07-02-2026 17:45:00,4.344
07-02-2026 18:00:00,2.707
07-02-2026 18:15:00,1.531
07-02-2026 18:30:00,-0.334
07-02-2026 18:45:00,-0.633
07-02-2026 19:00:00,0.107
07-02-2026 19:15:00,-0.365
07-02-2026 19:30:00,-0.771
07-02-2026 19:45:00,-0.771
07-02-2026 20:00:00,-0.771
07-02-2026 20:15:00,-0.771
07-02-2026 20:30:00,-0.771
07-02-2026 20:45:00,-0.771
07-02-2026 21:00:00,-0.771
07-02-2026 21:15:00,-0.771
07-02-2026 21:30:00,-0.771
07-02-2026 21:45:00,-0.771
07-02-2026 22:00:00,-0.771
07-02-2026 22:15:00,-0.771
07-02-2026 22:30:00,-0.771
07-02-2026 22:45:00,-0.771
07-02-2026 23:00:00,-0.771
07-02-2026 23:15:00,-0.771
07-02-2026 23:30:00,-0.771
07-02-2026 23:45:00,-0.771
07-03-2026 00:00:00,-0.771
07-03-2026 00:15:00,-0.771
07-03-2026 00:30:00,-0.771
07-03-2026 00:45:00,-0.771
07-03-2026 01:00:00,-0.771
07-03-2026 01:15:00,-0.771
07-03-2026 01:30:00,-0.771
07-03-2026 01:45:00,-0.771
07-03-2026 02:00:00,-0.771
07-03-2026 02:15:00,-0.771
07-03-2026 02:30:00,-0.771
07-03-2026 02:45:00,-0.771
07-03-2026 03:00:00,-0.771
07-03-2026 03:15:00,-0.771
07-03-2026 03:30:00,-0.771
07-03-2026 03:45:00,-0.771
07-03-2026 04:00:00,-0.771
07-03-2026 04:15:00,-0.771
07-03-2026 04:30:00,-0.771
07-03-2026 04:45:00,-0.771
07-03-2026 05:00:00,-0.771
07-03-2026 05:15:00,-0.771
07-03-2026 05:30:00,-0.771
07-03-2026 05:45:00,-0.771
07-03-2026 06:00:00,0.007
07-03-2026 06:15:00,0.451
07-03-2026 06:30:00,0.407
07-03-2026 06:45:00,1.343
07-03-2026 07:00:00,1.739
07-03-2026 07:15:00,2.653
07-03-2026 07:30:00,5.023
07-03-2026 07:45:00,6.312
07-03-2026 08:00:00,8.434
07-03-2026 08:15:00,11.357
07-03-2026 08:30:00,14.543
07-03-2026 08:45:00,16.063
07-03-2026 09:00:00,17.679
07-03-2026 09:15:00,19.05
07-03-2026 09:30:00,20.371
07-03-2026 09:45:00,21.754
07-03-2026 10:00:00,23.544
07-03-2026 10:15:00,25.41
07-03-2026 10:30:00,27.337
07-03-2026 10:45:00,29.467
07-03-2026 11:00:00,31.018
07-03-2026 11:15:00,28.086
07-03-2026 11:30:00,33.319
07-03-2026 11:45:00,28.934
07-03-2026 12:00:00,32.825
07-03-2026 12:15:00,34.127
07-03-2026 12:30:00,32.752
07-03-2026 12:45:00,34.704
07-03-2026 13:00:00,32.652
07-03-2026 13:15:00,29.878
07-03-2026 13:30:00,32.207
07-03-2026 13:45:00,30.933
07-03-2026 14:00:00,30.975
07-03-2026 14:15:00,31.27
07-03-2026 14:30:00,28.167
07-03-2026 14:45:00,26.852
07-03-2026 15:00:00,26.227
07-03-2026 15:15:00,26.524
07-03-2026 15:30:00,27.319
07-03-2026 15:45:00,24.109
07-03-2026 16:00:00,16.315
07-03-2026 16:15:00,20.412
07-03-2026 16:30:00,11.952
07-03-2026 16:45:00,11.465
07-03-2026 17:00:00,5.426
07-03-2026 17:15:00,7.003
07-03-2026 17:30:00,3.784
07-03-2026 17:45:00,2.375
07-03-2026 18:00:00,2.004
07-03-2026 18:15:00,1.49
07-03-2026 18:30:00,1.454
07-03-2026 18:45:00,0.18
07-03-2026 19:00:00,-0.771
07-03-2026 19:15:00,-0.771
07-03-2026 19:30:00,-0.771
07-03-2026 19:45:00,-0.771
07-03-2026 20:00:00,-0.771
07-03-2026 20:15:00,-0.771
07-03-2026 20:30:00,-0.771
07-03-2026 20:45:00,-0.771
07-03-2026 21:00:00,-0.771
07-03-2026 21:15:00,-0.771
07-03-2026 21:30:00,-0.771
07-03-2026 21:45:00,-0.771
07-03-2026 22:00:00,-0.771
07-03-2026 22:15:00,-0.771
07-03-2026 22:30:00,-0.771
07-03-2026 22:45:00,-0.771
07-03-2026 23:00:00,-0.771
07-03-2026 23:15:00,-0.771
07-03-2026 23:30:00,-0.771
07-03-2026 23:45:00,-0.771
07-04-2026 00:00:00,-0.771
07-04-2026 00:15:00,-0.771
07-04-2026 00:30:00,-0.771
07-04-2026 00:45:00,-0.771
07-04-2026 01:00:00,-0.771
07-04-2026 01:15:00,-0.771
07-04-2026 01:30:00,-0.771
07-04-2026 01:45:00,-0.771
07-04-2026 02:00:00,-0.771
07-04-2026 02:15:00,-0.771
07-04-2026 02:30:00,-0.771
07-04-2026 02:45:00,-0.771
07-04-2026 03:00:00,-0.771
07-04-2026 03:15:00,-0.771
07-04-2026 03:30:00,-0.771
07-04-2026 03:45:00,-0.771
07-04-2026 04:00:00,-0.771
07-04-2026 04:15:00,-0.771
07-04-2026 04:30:00,-0.771
07-04-2026 04:45:00,-0.771
07-04-2026 05:00:00,-0.771
07-04-2026 05:15:00,-0.771
07-04-2026 05:30:00,-0.771
07-04-2026 05:45:00,-0.771
07-04-2026 06:00:00,-0.771
07-04-2026 06:15:00,-0.026
07-04-2026 06:30:00,1.623
07-04-2026 06:45:00,2.24
07-04-2026 07:00:00,2.866
07-04-2026 07:15:00,4.38
07-04-2026 07:30:00,3.353
07-04-2026 07:45:00,4.805
07-04-2026 08:00:00,7.191
07-04-2026 08:15:00,8.333
07-04-2026 08:30:00,14.037
07-04-2026 08:45:00,7.811
07-04-2026 09:00:00,8.319
07-04-2026 09:15:00,10.533
07-04-2026 09:30:00,10.364
07-04-2026 09:45:00,17.885
07-04-2026 10:00:00,18.432
07-04-2026 10:15:00,27.248
07-04-2026 10:30:00,29.025
07-04-2026 10:45:00,32.834
07-04-2026 11:00:00,17.51
07-04-2026 11:15:00,15.712
07-04-2026 11:30:00,22.807
07-04-2026 11:45:00,15.324
07-04-2026 12:00:00,24.061
07-04-2026 12:15:00,24.902
07-04-2026 12:30:00,30.278
07-04-2026 12:45:00,29.591
07-04-2026 13:00:00,33.425
07-04-2026 13:15:00,33.918
07-04-2026 13:30:00,27.535
07-04-2026 13:45:00,32.747
07-04-2026 14:00:00,32.691
07-04-2026 14:15:00,30.989
07-04-2026 14:30:00,30.238
07-04-2026 14:45:00,28.501
07-04-2026 15:00:00,24.731
07-04-2026 15:15:00,27.893
07-04-2026 15:30:00,25.907
07-04-2026 15:45:00,24.578
07-04-2026 16:00:00,22.788
07-04-2026 16:15:00,19.991
07-04-2026 16:30:00,17.703
07-04-2026 16:45:00,14.462
07-04-2026 17:00:00,13.528
07-04-2026 17:15:00,11.253
07-04-2026 17:30:00,9.565
07-04-2026 17:45:00,7.143
07-04-2026 18:00:00,4.363
07-04-2026 18:15:00,3.288
07-04-2026 18:30:00,1.332
07-04-2026 18:45:00,-0.073
07-04-2026 19:00:00,0.658
07-04-2026 19:15:00,-0.674
07-04-2026 19:30:00,-0.771
07-04-2026 19:45:00,-0.771
07-04-2026 20:00:00,-0.771
07-04-2026 20:15:00,-0.771
07-04-2026 20:30:00,-0.771
07-04-2026 20:45:00,-0.771
07-04-2026 21:00:00,-0.771
07-04-2026 21:15:00,-0.771
07-04-2026 21:30:00,-0.771
07-04-2026 21:45:00,-0.771
07-04-2026 22:00:00,-0.771
07-04-2026 22:15:00,-0.771
07-04-2026 22:30:00,-0.771
07-04-2026 22:45:00,-0.771
07-04-2026 23:00:00,-0.771
07-04-2026 23:15:00,-0.771
07-04-2026 23:30:00,-0.771
07-04-2026 23:45:00,-0.771
07-05-2026 00:00:00,-0.771
07-05-2026 00:15:00,-0.771
07-05-2026 00:30:00,-0.771
07-05-2026 00:45:00,-0.771
07-05-2026 01:00:00,-0.771
07-05-2026 01:15:00,-0.771
07-05-2026 01:30:00,-0.771
07-05-2026 01:45:00,-0.771
07-05-2026 02:00:00,-0.771
07-05-2026 02:15:00,-0.771
07-05-2026 02:30:00,-0.771
07-05-2026 02:45:00,-0.771
07-05-2026 03:00:00,-0.771
07-05-2026 03:15:00,-0.771
07-05-2026 03:30:00,-0.771
07-05-2026 03:45:00,-0.771
07-05-2026 04:00:00,-0.771
07-05-2026 04:15:00,-0.771
07-05-2026 04:30:00,-0.771
07-05-2026 04:45:00,-0.771
07-05-2026 05:00:00,-0.771
07-05-2026 05:15:00,-0.771
07-05-2026 05:30:00,-0.771
07-05-2026 05:45:00,-0.771
07-05-2026 06:00:00,-0.311
07-05-2026 06:15:00,0.318
07-05-2026 06:30:00,-0.435
07-05-2026 06:45:00,1.745
07-05-2026 07:00:00,2.413
07-05-2026 07:15:00,2.633
07-05-2026 07:30:00,3.335
07-05-2026 07:45:00,4.875
07-05-2026 08:00:00,6.729
07-05-2026 08:15:00,6.036
07-05-2026 08:30:00,9.513
07-05-2026 08:45:00,7.41
07-05-2026 09:00:00,10.308
07-05-2026 09:15:00,13.14
07-05-2026 09:30:00,13.985
07-05-2026 09:45:00,21.718
07-05-2026 10:00:00,20.698
07-05-2026 10:15:00,25.891
07-05-2026 10:30:00,22.744
07-05-2026 10:45:00,26.46
07-05-2026 11:00:00,22.451
07-05-2026 11:15:00,22.491
07-05-2026 11:30:00,28.992
07-05-2026 11:45:00,37.116
07-05-2026 12:00:00,35.197
07-05-2026 12:15:00,34.629
07-05-2026 12:30:00,29.703
07-05-2026 12:45:00,33.952
07-05-2026 13:00:00,31.539
07-05-2026 13:15:00,30.7
07-05-2026 13:30:00,30.581
07-05-2026 13:45:00,31.851
07-05-2026 14:00:00,26.736
07-05-2026 14:15:00,28.913
07-05-2026 14:30:00,23.724
07-05-2026 14:45:00,22.799
07-05-2026 15:00:00,23.246
07-05-2026 15:15:00,21.679
07-05-2026 15:30:00,24.206
07-05-2026 15:45:00,26.128
07-05-2026 16:00:00,26.112
07-05-2026 16:15:00,19.461
07-05-2026 16:30:00,19.056
07-05-2026 16:45:00,15.111
07-05-2026 17:00:00,14.972
07-05-2026 17:15:00,10.081
07-05-2026 17:30:00,10.116
07-05-2026 17:45:00,7.433
07-05-2026 18:00:00,4.459
07-05-2026 18:15:00,3.363
07-05-2026 18:30:00,2.267
07-05-2026 18:45:00,0.833
07-05-2026 19:00:00,-0.226
07-05-2026 19:15:00,-0.771
07-05-2026 19:30:00,-0.771
07-05-2026 19:45:00,-0.771
07-05-2026 20:00:00,-0.771
07-05-2026 20:15:00,-0.771
07-05-2026 20:30:00,-0.771
07-05-2026 20:45:00,-0.771
07-05-2026 21:00:00,-0.771
07-05-2026 21:15:00,-0.771
07-05-2026 21:30:00,-0.771
07-05-2026 21:45:00,-0.771
07-05-2026 22:00:00,-0.771
07-05-2026 22:15:00,-0.771
07-05-2026 22:30:00,-0.771
07-05-2026 22:45:00,-0.771
07-05-2026 23:00:00,-0.771
07-05-2026 23:15:00,-0.771
07-05-2026 23:30:00,-0.771
07-05-2026 23:45:00,-0.771
07-06-2026 00:00:00,-0.771
07-06-2026 00:15:00,-0.771
07-06-2026 00:30:00,-0.771
07-06-2026 00:45:00,-0.771
07-06-2026 01:00:00,-0.771
07-06-2026 01:15:00,-0.771
07-06-2026 01:30:00,-0.771
07-06-2026 01:45:00,-0.771
07-06-2026 02:00:00,-0.771
07-06-2026 02:15:00,-0.771
07-06-2026 02:30:00,-0.771
07-06-2026 02:45:00,-0.771
07-06-2026 03:00:00,-0.771
07-06-2026 03:15:00,-0.771
07-06-2026 03:30:00,-0.771
07-06-2026 03:45:00,-0.771
07-06-2026 04:00:00,-0.771
07-06-2026 04:15:00,-0.771
07-06-2026 04:30:00,-0.771
07-06-2026 04:45:00,-0.771
07-06-2026 05:00:00,-0.771
07-06-2026 05:15:00,-0.771
07-06-2026 05:30:00,-0.771
07-06-2026 05:45:00,-0.771
07-06-2026 06:00:00,-0.552
07-06-2026 06:15:00,-0.771
07-06-2026 06:30:00,0.326
07-06-2026 06:45:00,1.864
07-06-2026 07:00:00,2.304
07-06-2026 07:15:00,3.12
07-06-2026 07:30:00,3.883
07-06-2026 07:45:00,4.321
07-06-2026 08:00:00,5.545
07-06-2026 08:15:00,5.596
07-06-2026 08:30:00,8.551
07-06-2026 08:45:00,12.332
07-06-2026 09:00:00,11.894
07-06-2026 09:15:00,16.737
07-06-2026 09:30:00,11.71
07-06-2026 09:45:00,10.624
07-06-2026 10:00:00,18.171
07-06-2026 10:15:00,8.737
07-06-2026 10:30:00,12.91
07-06-2026 10:45:00,17.532
07-06-2026 11:00:00,12.183
07-06-2026 11:15:00,29.388
07-06-2026 11:30:00,37.854
07-06-2026 11:45:00,27.316
07-06-2026 12:00:00,17.148
07-06-2026 12:15:00,21.163
07-06-2026 12:30:00,27.692
07-06-2026 12:45:00,29.356
07-06-2026 13:00:00,33.374
07-06-2026 13:15:00,21.59
07-06-2026 13:30:00,29.764
07-06-2026 13:45:00,22.616
07-06-2026 14:00:00,24.245
07-06-2026 14:15:00,35.194
07-06-2026 14:30:00,32.371
07-06-2026 14:45:00,26.346
07-06-2026 15:00:00,30.683
07-06-2026 15:15:00,29.132
07-06-2026 15:30:00,28.083
07-06-2026 15:45:00,21.587
07-06-2026 16:00:00,26.723
07-06-2026 16:15:00,19.568
07-06-2026 16:30:00,8.427
07-06-2026 16:45:00,12.039
07-06-2026 17:00:00,11.948
07-06-2026 17:15:00,8.29
07-06-2026 17:30:00,7.508
07-06-2026 17:45:00,6.522
07-06-2026 18:00:00,4.407
07-06-2026 18:15:00,3.232
07-06-2026 18:30:00,1.865
07-06-2026 18:45:00,0.655
07-06-2026 19:00:00,-0.608
07-06-2026 19:15:00,-0.771
07-06-2026 19:30:00,-0.771
07-06-2026 19:45:00,-0.771
07-06-2026 20:00:00,-0.771
07-06-2026 20:15:00,-0.771
07-06-2026 20:30:00,-0.771
07-06-2026 20:45:00,-0.771
07-06-2026 21:00:00,-0.771
07-06-2026 21:15:00,-0.771
07-06-2026 21:30:00,-0.771
07-06-2026 21:45:00,-0.771
07-06-2026 22:00:00,-0.771
07-06-2026 22:15:00,-0.771
07-06-2026 22:30:00,-0.771
07-06-2026 22:45:00,-0.771
07-06-2026 23:00:00,-0.771
07-06-2026 23:15:00,-0.771
07-06-2026 23:30:00,-0.771
07-06-2026 23:45:00,-0.771
07-07-2026 00:00:00,-0.771
07-07-2026 00:15:00,-0.771
07-07-2026 00:30:00,-0.771
07-07-2026 00:45:00,-0.771
07-07-2026 01:00:00,-0.771
07-07-2026 01:15:00,-0.771
07-07-2026 01:30:00,-0.771
07-07-2026 01:45:00,-0.771
07-07-2026 02:00:00,-0.771
07-07-2026 02:15:00,-0.771
07-07-2026 02:30:00,-0.771
07-07-2026 02:45:00,-0.771
07-07-2026 03:00:00,-0.771
07-07-2026 03:15:00,-0.771
07-07-2026 03:30:00,-0.771
07-07-2026 03:45:00,-0.771
07-07-2026 04:00:00,-0.771
07-07-2026 04:15:00,-0.771
07-07-2026 04:30:00,-0.771
07-07-2026 04:45:00,-0.771
07-07-2026 05:00:00,-0.771
07-07-2026 05:15:00,-0.771
07-07-2026 05:30:00,-0.771
07-07-2026 05:45:00,-0.771
07-07-2026 06:00:00,-0.771
07-07-2026 06:15:00,0.128
07-07-2026 06:30:00,1.3
07-07-2026 06:45:00,2.15
07-07-2026 07:00:00,2.63
07-07-2026 07:15:00,2.662
07-07-2026 07:30:00,2.832
07-07-2026 07:45:00,4.18
07-07-2026 08:00:00,4.437
07-07-2026 08:15:00,7.51
07-07-2026 08:30:00,5.778
07-07-2026 08:45:00,14.26
07-07-2026 09:00:00,12.413
07-07-2026 09:15:00,15.335
07-07-2026 09:30:00,14.327
07-07-2026 09:45:00,24.73
07-07-2026 10:00:00,21.237
07-07-2026 10:15:00,25.865
07-07-2026 10:30:00,18.605
07-07-2026 10:45:00,18.397
07-07-2026 11:00:00,29.661
07-07-2026 11:15:00,29.121
07-07-2026 11:30:00,35.233
07-07-2026 11:45:00,30.547
07-07-2026 12:00:00,35.575
07-07-2026 12:15:00,34.892
07-07-2026 12:30:00,35.715
07-07-2026 12:45:00,29.598
07-07-2026 13:00:00,35.98
07-07-2026 13:15:00,34.746
07-07-2026 13:30:00,33.863
07-07-2026 13:45:00,33.881
07-07-2026 14:00:00,33.703
07-07-2026 14:15:00,30.426
07-07-2026 14:30:00,27.713
07-07-2026 14:45:00,29.679
07-07-2026 15:00:00,27.713
07-07-2026 15:15:00,26.793
07-07-2026 15:30:00,26.9
07-07-2026 15:45:00,16.539
07-07-2026 16:00:00,13.375
07-07-2026 16:15:00,11.798
07-07-2026 16:30:00,15.046
07-07-2026 16:45:00,14.6
07-07-2026 17:00:00,12.036
07-07-2026 17:15:00,8.845
07-07-2026 17:30:00,8.105
07-07-2026 17:45:00,3.671
07-07-2026 18:00:00,2.701
07-07-2026 18:15:00,2.673
07-07-2026 18:30:00,1.339
07-07-2026 18:45:00,0.143
07-07-2026 19:00:00,-0.771
07-07-2026 19:15:00,-0.471
07-07-2026 19:30:00,-0.771
07-07-2026 19:45:00,-0.771
07-07-2026 20:00:00,-0.771
07-07-2026 20:15:00,-0.771
07-07-2026 20:30:00,-0.771
07-07-2026 20:45:00,-0.771
07-07-2026 21:00:00,-0.771
07-07-2026 21:15:00,-0.771
07-07-2026 21:30:00,-0.771
07-07-2026 21:45:00,-0.771
07-07-2026 22:00:00,-0.771
07-07-2026 22:15:00,-0.771
07-07-2026 22:30:00,-0.771
07-07-2026 22:45:00,-0.771
07-07-2026 23:00:00,-0.771
07-07-2026 23:15:00,-0.771
07-07-2026 23:30:00,-0.771
07-07-2026 23:45:00,-0.771
07-08-2026 00:00:00,-0.771
07-08-2026 00:15:00,-0.771
07-08-2026 00:30:00,-0.771
07-08-2026 00:45:00,-0.771
07-08-2026 01:00:00,-0.771
07-08-2026 01:15:00,-0.771
07-08-2026 01:30:00,-0.771
07-08-2026 01:45:00,-0.771
07-08-2026 02:00:00,-0.771
07-08-2026 02:15:00,-0.771
07-08-2026 02:30:00,-0.771
07-08-2026 02:45:00,-0.771
07-08-2026 03:00:00,-0.771
07-08-2026 03:15:00,-0.771
07-08-2026 03:30:00,-0.771
07-08-2026 03:45:00,-0.771
07-08-2026 04:00:00,-0.771
07-08-2026 04:15:00,-0.771
07-08-2026 04:30:00,-0.771
07-08-2026 04:45:00,-0.771
07-08-2026 05:00:00,-0.771
07-08-2026 05:15:00,-0.771
07-08-2026 05:30:00,-0.771
07-08-2026 05:45:00,-0.771
07-08-2026 06:00:00,0.037
07-08-2026 06:15:00,0.435
07-08-2026 06:30:00,-0.208
07-08-2026 06:45:00,1.474
07-08-2026 07:00:00,1.959
07-08-2026 07:15:00,2.487
07-08-2026 07:30:00,3.83
07-08-2026 07:45:00,5.706
07-08-2026 08:00:00,3.915
07-08-2026 08:15:00,5.576
07-08-2026 08:30:00,9.787
07-08-2026 08:45:00,4.915
07-08-2026 09:00:00,10.019
07-08-2026 09:15:00,15.02
07-08-2026 09:30:00,16.906
07-08-2026 09:45:00,19.453
07-08-2026 10:00:00,21.681
07-08-2026 10:15:00,25.438
07-08-2026 10:30:00,28.948
07-08-2026 10:45:00,29.485
07-08-2026 11:00:00,28.008
07-08-2026 11:15:00,26.86
07-08-2026 11:30:00,29.212
07-08-2026 11:45:00,34.535
07-08-2026 12:00:00,35.049
07-08-2026 12:15:00,34.946
07-08-2026 12:30:00,34.918
07-08-2026 12:45:00,34.53
07-08-2026 13:00:00,33.594
07-08-2026 13:15:00,34.079
07-08-2026 13:30:00,34.029
07-08-2026 13:45:00,27.387
07-08-2026 14:00:00,29.807
07-08-2026 14:15:00,34.865
07-08-2026 14:30:00,32.057
07-08-2026 14:45:00,32.819
07-08-2026 15:00:00,28.961
07-08-2026 15:15:00,23.865
07-08-2026 15:30:00,21.28
07-08-2026 15:45:00,20.654
07-08-2026 16:00:00,22.833
07-08-2026 16:15:00,19.858
07-08-2026 16:30:00,18.702
07-08-2026 16:45:00,13.903
07-08-2026 17:00:00,12.632
07-08-2026 17:15:00,7.752
07-08-2026 17:30:00,6.884
07-08-2026 17:45:00,6.419
07-08-2026 18:00:00,4.272
07-08-2026 18:15:00,2.895
07-08-2026 18:30:00,2.461
07-08-2026 18:45:00,0.323
07-08-2026 19:00:00,-0.067
07-08-2026 19:15:00,-0.771
07-08-2026 19:30:00,-0.771
07-08-2026 19:45:00,-0.771
07-08-2026 20:00:00,-0.771
07-08-2026 20:15:00,-0.771
07-08-2026 20:30:00,-0.771
07-08-2026 20:45:00,-0.771
07-08-2026 21:00:00,-0.771
07-08-2026 21:15:00,-0.771
07-08-2026 21:30:00,-0.771
07-08-2026 21:45:00,-0.771
07-08-2026 22:00:00,-0.771
07-08-2026 22:15:00,-0.771
07-08-2026 22:30:00,-0.771
07-08-2026 22:45:00,-0.771
07-08-2026 23:00:00,-0.771
07-08-2026 23:15:00,-0.771
07-08-2026 23:30:00,-0.771
07-08-2026 23:45:00,-0.771
07-09-2026 00:00:00,-0.771
07-09-2026 00:15:00,-0.771
07-09-2026 00:30:00,-0.771
07-09-2026 00:45:00,-0.771
07-09-2026 01:00:00,-0.771
07-09-2026 01:15:00,-0.771
07-09-2026 01:30:00,-0.771
07-09-2026 01:45:00,-0.771
07-09-2026 02:00:00,-0.771
07-09-2026 02:15:00,-0.771
07-09-2026 02:30:00,-0.771
07-09-2026 02:45:00,-0.771
07-09-2026 03:00:00,-0.771
07-09-2026 03:15:00,-0.771
07-09-2026 03:30:00,-0.771
07-09-2026 03:45:00,-0.771
07-09-2026 04:00:00,-0.771
07-09-2026 04:15:00,-0.771
07-09-2026 04:30:00,-0.771
07-09-2026 04:45:00,-0.771
07-09-2026 05:00:00,-0.771
07-09-2026 05:15:00,-0.771
07-09-2026 05:30:00,-0.771
07-09-2026 05:45:00,-0.771
07-09-2026 06:00:00,-0.771
07-09-2026 06:15:00,0.108
07-09-2026 06:30:00,0.581
07-09-2026 06:45:00,1.225
07-09-2026 07:00:00,2.398
07-09-2026 07:15:00,2.892
07-09-2026 07:30:00,4.059
07-09-2026 07:45:00,5.7
07-09-2026 08:00:00,7.573
07-09-2026 08:15:00,7.947
07-09-2026 08:30:00,7.941
07-09-2026 08:45:00,14.329
07-09-2026 09:00:00,17.328
07-09-2026 09:15:00,19.499
07-09-2026 09:30:00,18.209
07-09-2026 09:45:00,22.527
07-09-2026 10:00:00,20.725
07-09-2026 10:15:00,19.803
07-09-2026 10:30:00,28.463
07-09-2026 10:45:00,29.496
07-09-2026 11:00:00,27.638
07-09-2026 11:15:00,28.684
07-09-2026 11:30:00,35.28
07-09-2026 11:45:00,34.136
07-09-2026 12:00:00,35.06
07-09-2026 12:15:00,33.508
07-09-2026 12:30:00,34.006
07-09-2026 12:45:00,33.749
07-09-2026 13:00:00,33.205
07-09-2026 13:15:00,34.762
07-09-2026 13:30:00,26.394
07-09-2026 13:45:00,32.246
07-09-2026 14:00:00,23.033
07-09-2026 14:15:00,22.551
07-09-2026 14:30:00,19.839
07-09-2026 14:45:00,17.957
07-09-2026 15:00:00,20.872
07-09-2026 15:15:00,18.645
07-09-2026 15:30:00,19.901
07-09-2026 15:45:00,13.221
07-09-2026 16:00:00,14.343
07-09-2026 16:15:00,11.292
07-09-2026 16:30:00,6.149
07-09-2026 16:45:00,7.202
07-09-2026 17:00:00,6.181
07-09-2026 17:15:00,5.092
07-09-2026 17:30:00,3.916
07-09-2026 17:45:00,2.805
07-09-2026 18:00:00,1.65
07-09-2026 18:15:00,0.858
07-09-2026 18:30:00,0.452
07-09-2026 18:45:00,-0.712
07-09-2026 19:00:00,-0.771
07-09-2026 19:15:00,-0.771
07-09-2026 19:30:00,-0.771
07-09-2026 19:45:00,-0.771
07-09-2026 20:00:00,-0.771
07-09-2026 20:15:00,-0.771
07-09-2026 20:30:00,-0.771
07-09-2026 20:45:00,-0.771
07-09-2026 21:00:00,-0.771
07-09-2026 21:15:00,-0.771
07-09-2026 21:30:00,-0.771
07-09-2026 21:45:00,-0.771
07-09-2026 22:00:00,-0.771
07-09-2026 22:15:00,-0.771
07-09-2026 22:30:00,-0.771
07-09-2026 22:45:00,-0.771
07-09-2026 23:00:00,-0.771
07-09-2026 23:15:00,-0.771
07-09-2026 23:30:00,-0.771
07-09-2026 23:45:00,-0.771
07-10-2026 00:00:00,-0.771
07-10-2026 00:15:00,-0.771
07-10-2026 00:30:00,-0.771
07-10-2026 00:45:00,-0.771
07-10-2026 01:00:00,-0.771
07-10-2026 01:15:00,-0.771
07-10-2026 01:30:00,-0.771
07-10-2026 01:45:00,-0.771
07-10-2026 02:00:00,-0.771
07-10-2026 02:15:00,-0.771
07-10-2026 02:30:00,-0.771
07-10-2026 02:45:00,-0.771
07-10-2026 03:00:00,-0.771
07-10-2026 03:15:00,-0.771
07-10-2026 03:30:00,-0.771
07-10-2026 03:45:00,-0.771
07-10-2026 04:00:00,-0.771
07-10-2026 04:15:00,-0.771
07-10-2026 04:30:00,-0.771
07-10-2026 04:45:00,-0.771
07-10-2026 05:00:00,-0.771
07-10-2026 05:15:00,-0.771
07-10-2026 05:30:00,-0.771
07-10-2026 05:45:00,-0.771
07-10-2026 06:00:00,-0.624
07-10-2026 06:15:00,0.631
07-10-2026 06:30:00,2.015
07-10-2026 06:45:00,2.648
07-10-2026 07:00:00,3.916
07-10-2026 07:15:00,3.746
07-10-2026 07:30:00,5.832
07-10-2026 07:45:00,5.137
07-10-2026 08:00:00,9.4
07-10-2026 08:15:00,10.361
07-10-2026 08:30:00,14.736
07-10-2026 08:45:00,16.465
07-10-2026 09:00:00,16.24
07-10-2026 09:15:00,17.104
07-10-2026 09:30:00,23.477
07-10-2026 09:45:00,22.025
07-10-2026 10:00:00,11.66
07-10-2026 10:15:00,15.653
07-10-2026 10:30:00,15.43
07-10-2026 10:45:00,24.596
07-10-2026 11:00:00,27.478
07-10-2026 11:15:00,30.483
07-10-2026 11:30:00,22.062
07-10-2026 11:45:00,29.98
07-10-2026 12:00:00,22.336
07-10-2026 12:15:00,31.108
07-10-2026 12:30:00,38.639
07-10-2026 12:45:00,38.399
07-10-2026 13:00:00,33.961
07-10-2026 13:15:00,23.35
07-10-2026 13:30:00,34.474
07-10-2026 13:45:00,32.112
07-10-2026 14:00:00,25.86
07-10-2026 14:15:00,29.894
07-10-2026 14:30:00,32.153
07-10-2026 14:45:00,29.448
07-10-2026 15:00:00,26.079
07-10-2026 15:15:00,26.859
07-10-2026 15:30:00,25.434
07-10-2026 15:45:00,23.876
07-10-2026 16:00:00,22.14
07-10-2026 16:15:00,19.594
07-10-2026 16:30:00,17.218
07-10-2026 16:45:00,15.553
07-10-2026 17:00:00,14.581
07-10-2026 17:15:00,11.786
07-10-2026 17:30:00,10.728
07-10-2026 17:45:00,7.354
07-10-2026 18:00:00,3.073
07-10-2026 18:15:00,1.315
07-10-2026 18:30:00,2.174
07-10-2026 18:45:00,1.462
07-10-2026 19:00:00,0.595
07-10-2026 19:15:00,-0.112
07-10-2026 19:30:00,-0.771
07-10-2026 19:45:00,-0.771
07-10-2026 20:00:00,-0.771
07-10-2026 20:15:00,-0.771
07-10-2026 20:30:00,-0.771
07-10-2026 20:45:00,-0.771
07-10-2026 21:00:00,-0.771
07-10-2026 21:15:00,-0.771
07-10-2026 21:30:00,-0.771
07-10-2026 21:45:00,-0.771
07-10-2026 22:00:00,-0.771
07-10-2026 22:15:00,-0.771
07-10-2026 22:30:00,-0.771
07-10-2026 22:45:00,-0.771
07-10-2026 23:00:00,-0.771
07-10-2026 23:15:00,-0.771
07-10-2026 23:30:00,-0.771
07-10-2026 23:45:00,-0.771
07-11-2026 00:00:00,-0.771
07-11-2026 00:15:00,-0.771
07-11-2026 00:30:00,-0.771
07-11-2026 00:45:00,-0.771
07-11-2026 01:00:00,-0.771
07-11-2026 01:15:00,-0.771
07-11-2026 01:30:00,-0.771
07-11-2026 01:45:00,-0.771
07-11-2026 02:00:00,-0.771
07-11-2026 02:15:00,-0.771
07-11-2026 02:30:00,-0.771
07-11-2026 02:45:00,-0.771
07-11-2026 03:00:00,-0.771
07-11-2026 03:15:00,-0.771
07-11-2026 03:30:00,-0.771
07-11-2026 03:45:00,-0.771
07-11-2026 04:00:00,-0.771
07-11-2026 04:15:00,-0.771
07-11-2026 04:30:00,-0.771
07-11-2026 04:45:00,-0.771
07-11-2026 05:00:00,-0.771
07-11-2026 05:15:00,-0.771
07-11-2026 05:30:00,-0.771
07-11-2026 05:45:00,-0.771
07-11-2026 06:00:00,-0.502
07-11-2026 06:15:00,0.505
07-11-2026 06:30:00,0.537
07-11-2026 06:45:00,0.94
07-11-2026 07:00:00,2.244
07-11-2026 07:15:00,3.426
07-11-2026 07:30:00,4.039
07-11-2026 07:45:00,4.427
07-11-2026 08:00:00,4.434
07-11-2026 08:15:00,6.899
07-11-2026 08:30:00,7.531
07-11-2026 08:45:00,10.655
07-11-2026 09:00:00,17.645
07-11-2026 09:15:00,19.366
07-11-2026 09:30:00,9.255
07-11-2026 09:45:00,22.959
07-11-2026 10:00:00,16.824
07-11-2026 10:15:00,23.424
07-11-2026 10:30:00,23.761
07-11-2026 10:45:00,29.194
07-11-2026 11:00:00,20.685
07-11-2026 11:15:00,34.891
07-11-2026 11:30:00,24.809
07-11-2026 11:45:00,26.77
07-11-2026 12:00:00,31.012
07-11-2026 12:15:00,27.662
07-11-2026 12:30:00,28.35
07-11-2026 12:45:00,34.023
07-11-2026 13:00:00,34.739
07-11-2026 13:15:00,31.925
07-11-2026 13:30:00,24.019
07-11-2026 13:45:00,33.583
07-11-2026 14:00:00,33.371
07-11-2026 14:15:00,32.686
07-11-2026 14:30:00,32.25
07-11-2026 14:45:00,30.797
07-11-2026 15:00:00,24.998
07-11-2026 15:15:00,23.08
07-11-2026 15:30:00,21.849
07-11-2026 15:45:00,22.836
07-11-2026 16:00:00,21.742
07-11-2026 16:15:00,10.874
07-11-2026 16:30:00,10.008
07-11-2026 16:45:00,7.294
07-11-2026 17:00:00,7.256
07-11-2026 17:15:00,6.599
07-11-2026 17:30:00,3.969
07-11-2026 17:45:00,2.768
07-11-2026 18:00:00,2.479
07-11-2026 18:15:00,3.109
07-11-2026 18:30:00,0.621
07-11-2026 18:45:00,-0.771
07-11-2026 19:00:00,-0.46
07-11-2026 19:15:00,-0.143
07-11-2026 19:30:00,-0.771
07-11-2026 19:45:00,-0.771
07-11-2026 20:00:00,-0.771
07-11-2026 20:15:00,-0.771
07-11-2026 20:30:00,-0.771
07-11-2026 20:45:00,-0.771
07-11-2026 21:00:00,-0.771
07-11-2026 21:15:00,-0.771
07-11-2026 21:30:00,-0.771
07-11-2026 21:45:00,-0.771
07-11-2026 22:00:00,-0.771
07-11-2026 22:15:00,-0.771
07-11-2026 22:30:00,-0.771
07-11-2026 22:45:00,-0.771
07-11-2026 23:00:00,-0.771
07-11-2026 23:15:00,-0.771
07-11-2026 23:30:00,-0.771
07-11-2026 23:45:00,-0.771
07-12-2026 00:00:00,-0.771
07-12-2026 00:15:00,-0.771
07-12-2026 00:30:00,-0.771
07-12-2026 00:45:00,-0.771
07-12-2026 01:00:00,-0.771
07-12-2026 01:15:00,-0.771
07-12-2026 01:30:00,-0.771
07-12-2026 01:45:00,-0.771
07-12-2026 02:00:00,-0.771
07-12-2026 02:15:00,-0.771
07-12-2026 02:30:00,-0.771
07-12-2026 02:45:00,-0.771
07-12-2026 03:00:00,-0.771
07-12-2026 03:15:00,-0.771
07-12-2026 03:30:00,-0.771
07-12-2026 03:45:00,-0.771
07-12-2026 04:00:00,-0.771
07-12-2026 04:15:00,-0.771
07-12-2026 04:30:00,-0.771
07-12-2026 04:45:00,-0.771
07-12-2026 05:00:00,-0.771
07-12-2026 05:15:00,-0.771
07-12-2026 05:30:00,-0.771
07-12-2026 05:45:00,-0.567
07-12-2026 06:00:00,-0.432
07-12-2026 06:15:00,-0.771
07-12-2026 06:30:00,0.03
07-12-2026 06:45:00,1.391
07-12-2026 07:00:00,3.075
07-12-2026 07:15:00,4.086
07-12-2026 07:30:00,3.986
07-12-2026 07:45:00,7.005
07-12-2026 08:00:00,9.436
07-12-2026 08:15:00,12.528
07-12-2026 08:30:00,14.799
07-12-2026 08:45:00,19.635
07-12-2026 09:00:00,20.067
07-12-2026 09:15:00,19.663
07-12-2026 09:30:00,25.334
07-12-2026 09:45:00,24.106
07-12-2026 10:00:00,20.724
07-12-2026 10:15:00,17.831
07-12-2026 10:30:00,27.107
07-12-2026 10:45:00,21.492
07-12-2026 11:00:00,20.507
07-12-2026 11:15:00,24.78
07-12-2026 11:30:00,18.937
07-12-2026 11:45:00,32.914
07-12-2026 12:00:00,37.32
07-12-2026 12:15:00,36.057
07-12-2026 12:30:00,37.269
07-12-2026 12:45:00,34.013
07-12-2026 13:00:00,34.472
07-12-2026 13:15:00,33.093
07-12-2026 13:30:00,30.789
07-12-2026 13:45:00,21.793
07-12-2026 14:00:00,32.708
07-12-2026 14:15:00,30.185
07-12-2026 14:30:00,22.198
07-12-2026 14:45:00,27.605
07-12-2026 15:00:00,28.163
07-12-2026 15:15:00,26.409
07-12-2026 15:30:00,26.547
07-12-2026 15:45:00,17.991
07-12-2026 16:00:00,19.694
07-12-2026 16:15:00,12.685
07-12-2026 16:30:00,12.242
07-12-2026 16:45:00,9.789
07-12-2026 17:00:00,7.422
07-12-2026 17:15:00,5.666
07-12-2026 17:30:00,3.748
07-12-2026 17:45:00,2.646
07-12-2026 18:00:00,2.065
07-12-2026 18:15:00,0.981
07-12-2026 18:30:00,0.748
07-12-2026 18:45:00,0.197
07-12-2026 19:00:00,-0.771
07-12-2026 19:15:00,-0.771
07-12-2026 19:30:00,-0.771
07-12-2026 19:45:00,-0.771
07-12-2026 20:00:00,-0.771
07-12-2026 20:15:00,-0.771
07-12-2026 20:30:00,-0.771
07-12-2026 20:45:00,-0.771
07-12-2026 21:00:00,-0.771
07-12-2026 21:15:00,-0.771
07-12-2026 21:30:00,-0.771
07-12-2026 21:45:00,-0.771
07-12-2026 22:00:00,-0.771
07-12-2026 22:15:00,-0.771
07-12-2026 22:30:00,-0.771
07-12-2026 22:45:00,-0.771
07-12-2026 23:00:00,-0.771
07-12-2026 23:15:00,-0.771
07-12-2026 23:30:00,-0.771
07-12-2026 23:45:00,-0.771
07-13-2026 00:00:00,-0.771
07-13-2026 00:15:00,-0.771
07-13-2026 00:30:00,-0.771
07-13-2026 00:45:00,-0.771
07-13-2026 01:00:00,-0.771
07-13-2026 01:15:00,-0.771
07-13-2026 01:30:00,-0.771
07-13-2026 01:45:00,-0.771
07-13-2026 02:00:00,-0.771
07-13-2026 02:15:00,-0.771
07-13-2026 02:30:00,-0.771
07-13-2026 02:45:00,-0.771
07-13-2026 03:00:00,-0.771
07-13-2026 03:15:00,-0.771
07-13-2026 03:30:00,-0.771
07-13-2026 03:45:00,-0.771
07-13-2026 04:00:00,-0.771
07-13-2026 04:15:00,-0.771
07-13-2026 04:30:00,-0.771
07-13-2026 04:45:00,-0.771
07-13-2026 05:00:00,-0.771
07-13-2026 05:15:00,-0.771
07-13-2026 05:30:00,-0.771
07-13-2026 05:45:00,-0.744
07-13-2026 06:00:00,-0.154
07-13-2026 06:15:00,-0.771
07-13-2026 06:30:00,-0.771
07-13-2026 06:45:00,-0.339
07-13-2026 07:00:00,0.371
07-13-2026 07:15:00,3.009
07-13-2026 07:30:00,3.682
07-13-2026 07:45:00,4.665
07-13-2026 08:00:00,5.407
07-13-2026 08:15:00,9.096
07-13-2026 08:30:00,11.854
07-13-2026 08:45:00,14.477
07-13-2026 09:00:00,16.888
07-13-2026 09:15:00,16.524
07-13-2026 09:30:00,17.77
07-13-2026 09:45:00,18.111
07-13-2026 10:00:00,24.602
07-13-2026 10:15:00,24.072
07-13-2026 10:30:00,27.091
07-13-2026 10:45:00,31.254
07-13-2026 11:00:00,27.736
07-13-2026 11:15:00,31.131
07-13-2026 11:30:00,31.188
07-13-2026 11:45:00,31.528
07-13-2026 12:00:00,30.883
07-13-2026 12:15:00,33.06
07-13-2026 12:30:00,34.676
07-13-2026 12:45:00,34.22
07-13-2026 13:00:00,30.518
07-13-2026 13:15:00,30.97
07-13-2026 13:30:00,31.279
07-13-2026 13:45:00,32.606
07-13-2026 14:00:00,31.483
07-13-2026 14:15:00,29.692
07-13-2026 14:30:00,30.973
07-13-2026 14:45:00,29.686
07-13-2026 15:00:00,29.139
07-13-2026 15:15:00,27.684
07-13-2026 15:30:00,26.793
07-13-2026 15:45:00,24.583
07-13-2026 16:00:00,23.219
07-13-2026 16:15:00,19.4
07-13-2026 16:30:00,16.251
07-13-2026 16:45:00,12.859
07-13-2026 17:00:00,12.016
07-13-2026 17:15:00,8.958
07-13-2026 17:30:00,7.081
07-13-2026 17:45:00,6.418
07-13-2026 18:00:00,3.845
07-13-2026 18:15:00,2.201
07-13-2026 18:30:00,1.298
07-13-2026 18:45:00,0.755
07-13-2026 19:00:00,0.098
07-13-2026 19:15:00,-0.77
07-13-2026 19:30:00,-0.771
07-13-2026 19:45:00,-0.771
07-13-2026 20:00:00,-0.771
07-13-2026 20:15:00,-0.771
07-13-2026 20:30:00,-0.771
07-13-2026 20:45:00,-0.771
07-13-2026 21:00:00,-0.771
07-13-2026 21:15:00,-0.771
07-13-2026 21:30:00,-0.771
07-13-2026 21:45:00,-0.771
07-13-2026 22:00:00,-0.771
07-13-2026 22:15:00,-0.771
07-13-2026 22:30:00,-0.771
07-13-2026 22:45:00,-0.771
07-13-2026 23:00:00,-0.771
07-13-2026 23:15:00,-0.771
07-13-2026 23:30:00,-0.771
07-13-2026 23:45:00,-0.771
07-14-2026 00:00:00,-0.771
07-14-2026 00:15:00,-0.771
07-14-2026 00:30:00,-0.771
07-14-2026 00:45:00,-0.771
07-14-2026 01:00:00,-0.771
07-14-2026 01:15:00,-0.771
07-14-2026 01:30:00,-0.771
07-14-2026 01:45:00,-0.771
07-14-2026 02:00:00,-0.771
07-14-2026 02:15:00,-0.771
07-14-2026 02:30:00,-0.771
07-14-2026 02:45:00,-0.771
07-14-2026 03:00:00,-0.771
07-14-2026 03:15:00,-0.771
07-14-2026 03:30:00,-0.771
07-14-2026 03:45:00,-0.771
07-14-2026 04:00:00,-0.771
07-14-2026 04:15:00,-0.771
07-14-2026 04:30:00,-0.771
07-14-2026 04:45:00,-0.771
07-14-2026 05:00:00,-0.771
07-14-2026 05:15:00,-0.771
07-14-2026 05:30:00,-0.771
07-14-2026 05:45:00,-0.626
07-14-2026 06:00:00,0.205
07-14-2026 06:15:00,-0.1
07-14-2026 06:30:00,-0.288
07-14-2026 06:45:00,1.296
07-14-2026 07:00:00,1.649
07-14-2026 07:15:00,2.591
07-14-2026 07:30:00,2.355
07-14-2026 07:45:00,3.968
07-14-2026 08:00:00,6.509
07-14-2026 08:15:00,11.75
07-14-2026 08:30:00,11.56
07-14-2026 08:45:00,9.863
07-14-2026 09:00:00,6.453
07-14-2026 09:15:00,11.823
07-14-2026 09:30:00,11.231
07-14-2026 09:45:00,12.549
07-14-2026 10:00:00,15.55
07-14-2026 10:15:00,21.62
07-14-2026 10:30:00,29.768
07-14-2026 10:45:00,30.403
07-14-2026 11:00:00,33.454
07-14-2026 11:15:00,32.092
07-14-2026 11:30:00,32.952
07-14-2026 11:45:00,33.796
07-14-2026 12:00:00,32.041
07-14-2026 12:15:00,35.53
07-14-2026 12:30:00,34.467
07-14-2026 12:45:00,34.594
07-14-2026 13:00:00,28.416
07-14-2026 13:15:00,15.808
07-14-2026 13:30:00,33.343
07-14-2026 13:45:00,32.709
07-14-2026 14:00:00,31.434
07-14-2026 14:15:00,30.762
07-14-2026 14:30:00,29.976
07-14-2026 14:45:00,28.936
07-14-2026 15:00:00,28.126
07-14-2026 15:15:00,27.9
07-14-2026 15:30:00,26.391
07-14-2026 15:45:00,25.817
07-14-2026 16:00:00,21.626
07-14-2026 16:15:00,20.081
07-14-2026 16:30:00,13.553
07-14-2026 16:45:00,10.012
07-14-2026 17:00:00,11.537
07-14-2026 17:15:00,9.354
07-14-2026 17:30:00,8.455
07-14-2026 17:45:00,6.13
07-14-2026 18:00:00,4.468
07-14-2026 18:15:00,3.721
07-14-2026 18:30:00,0.468
07-14-2026 18:45:00,-0.608
07-14-2026 19:00:00,0.044
07-14-2026 19:15:00,-0.42
07-14-2026 19:30:00,-0.771
07-14-2026 19:45:00,-0.771
07-14-2026 20:00:00,-0.771
07-14-2026 20:15:00,-0.771
07-14-2026 20:30:00,-0.771
07-14-2026 20:45:00,-0.771
07-14-2026 21:00:00,-0.771
07-14-2026 21:15:00,-0.771
07-14-2026 21:30:00,-0.771
07-14-2026 21:45:00,-0.771
07-14-2026 22:00:00,-0.771
07-14-2026 22:15:00,-0.771
07-14-2026 22:30:00,-0.771
07-14-2026 22:45:00,-0.771
07-14-2026 23:00:00,-0.771
07-14-2026 23:15:00,-0.771
07-14-2026 23:30:00,-0.771
07-14-2026 23:45:00,-0.771
07-15-2026 00:00:00,-0.771
07-15-2026 00:15:00,-0.771
07-15-2026 00:30:00,-0.771
07-15-2026 00:45:00,-0.771
07-15-2026 01:00:00,-0.771
07-15-2026 01:15:00,-0.771
07-15-2026 01:30:00,-0.771
07-15-2026 01:45:00,-0.771
07-15-2026 02:00:00,-0.771
07-15-2026 02:15:00,-0.771
07-15-2026 02:30:00,-0.771
07-15-2026 02:45:00,-0.771
07-15-2026 03:00:00,-0.771
07-15-2026 03:15:00,-0.771
07-15-2026 03:30:00,-0.771
07-15-2026 03:45:00,-0.771
07-15-2026 04:00:00,-0.771
07-15-2026 04:15:00,-0.771
07-15-2026 04:30:00,-0.771
07-15-2026 04:45:00,-0.771
07-15-2026 05:00:00,-0.771
07-15-2026 05:15:00,-0.771
07-15-2026 05:30:00,-0.771
07-15-2026 05:45:00,-0.771
07-15-2026 06:00:00,-0.771
07-15-2026 06:15:00,0.374
07-15-2026 06:30:00,1.425
07-15-2026 06:45:00,1.822
07-15-2026 07:00:00,2.094
07-15-2026 07:15:00,3.383
07-15-2026 07:30:00,4.806
07-15-2026 07:45:00,6.201
07-15-2026 08:00:00,8.633
07-15-2026 08:15:00,10.288
07-15-2026 08:30:00,14.541
07-15-2026 08:45:00,13.221
07-15-2026 09:00:00,17.969
07-15-2026 09:15:00,15.04
07-15-2026 09:30:00,11.025
07-15-2026 09:45:00,19.345
07-15-2026 10:00:00,23.035
07-15-2026 10:15:00,26.368
07-15-2026 10:30:00,28.375
07-15-2026 10:45:00,25.968
07-15-2026 11:00:00,34.455
07-15-2026 11:15:00,33.213
07-15-2026 11:30:00,32.742
07-15-2026 11:45:00,34.991
07-15-2026 12:00:00,34.951
07-15-2026 12:15:00,35.219
07-15-2026 12:30:00,35.449
07-15-2026 12:45:00,35.694
07-15-2026 13:00:00,35.168
07-15-2026 13:15:00,34.081
07-15-2026 13:30:00,32.62
07-15-2026 13:45:00,15.289
07-15-2026 14:00:00,5.675
07-15-2026 14:15:00,5.231
07-15-2026 14:30:00,16.564
07-15-2026 14:45:00,12.227
07-15-2026 15:00:00,11.81
07-15-2026 15:15:00,27.534
07-15-2026 15:30:00,26.602
07-15-2026 15:45:00,24.138
07-15-2026 16:00:00,22.253
07-15-2026 16:15:00,19.249
07-15-2026 16:30:00,16.605
07-15-2026 16:45:00,14.384
07-15-2026 17:00:00,12.631
07-15-2026 17:15:00,10.418
07-15-2026 17:30:00,8.328
07-15-2026 17:45:00,5.86
07-15-2026 18:00:00,3.536
07-15-2026 18:15:00,1.901
07-15-2026 18:30:00,-0.113
07-15-2026 18:45:00,-0.771
07-15-2026 19:00:00,-0.007
07-15-2026 19:15:00,-0.076
07-15-2026 19:30:00,-0.771
07-15-2026 19:45:00,-0.771
07-15-2026 20:00:00,-0.771
07-15-2026 20:15:00,-0.771
07-15-2026 20:30:00,-0.771
07-15-2026 20:45:00,-0.771
07-15-2026 21:00:00,-0.771
07-15-2026 21:15:00,-0.771
07-15-2026 21:30:00,-0.771
07-15-2026 21:45:00,-0.771
07-15-2026 22:00:00,-0.771
07-15-2026 22:15:00,-0.771
07-15-2026 22:30:00,-0.771
07-15-2026 22:45:00,-0.771
07-15-2026 23:00:00,-0.771
07-15-2026 23:15:00,-0.771
07-15-2026 23:30:00,-0.771
07-15-2026 23:45:00,-0.771
07-16-2026 00:00:00,-0.771
07-16-2026 00:15:00,-0.771
07-16-2026 00:30:00,-0.771
07-16-2026 00:45:00,-0.771
07-16-2026 01:00:00,-0.771
07-16-2026 01:15:00,-0.771
07-16-2026 01:30:00,-0.771
07-16-2026 01:45:00,-0.771
07-16-2026 02:00:00,-0.771
07-16-2026 02:15:00,-0.771
07-16-2026 02:30:00,-0.771
07-16-2026 02:45:00,-0.771
07-16-2026 03:00:00,-0.771
07-16-2026 03:15:00,-0.771
07-16-2026 03:30:00,-0.771
07-16-2026 03:45:00,-0.771
07-16-2026 04:00:00,-0.771
07-16-2026 04:15:00,-0.771
07-16-2026 04:30:00,-0.771
07-16-2026 04:45:00,-0.771
07-16-2026 05:00:00,-0.771
07-16-2026 05:15:00,-0.771
07-16-2026 05:30:00,-0.771
07-16-2026 05:45:00,-0.771
07-16-2026 06:00:00,-0.254
07-16-2026 06:15:00,0.589
07-16-2026 06:30:00,0.986
07-16-2026 06:45:00,0.5
07-16-2026 07:00:00,0.697
07-16-2026 07:15:00,2.039
07-16-2026 07:30:00,3.894
07-16-2026 07:45:00,6.346
07-16-2026 08:00:00,7.421
07-16-2026 08:15:00,11.47
07-16-2026 08:30:00,13.939
07-16-2026 08:45:00,15.783
07-16-2026 09:00:00,17.394
07-16-2026 09:15:00,18.697
07-16-2026 09:30:00,20.159
07-16-2026 09:45:00,21.808
07-16-2026 10:00:00,17.395
07-16-2026 10:15:00,22.998
07-16-2026 10:30:00,26.935
07-16-2026 10:45:00,29.69
07-16-2026 11:00:00,31.048
07-16-2026 11:15:00,31.65
07-16-2026 11:30:00,32.635
07-16-2026 11:45:00,33.158
07-16-2026 12:00:00,33.471
07-16-2026 12:15:00,33.695
07-16-2026 12:30:00,33.295
07-16-2026 12:45:00,30.586
07-16-2026 13:00:00,34.49
07-16-2026 13:15:00,28.769
07-16-2026 13:30:00,31.696
07-16-2026 13:45:00,32.253
07-16-2026 14:00:00,29.279
07-16-2026 14:15:00,32.091
07-16-2026 14:30:00,32.538
07-16-2026 14:45:00,25.458
07-16-2026 15:00:00,22.449
07-16-2026 15:15:00,18.769
07-16-2026 15:30:00,23.594
07-16-2026 15:45:00,19.582
07-16-2026 16:00:00,13.499
07-16-2026 16:15:00,16.233
07-16-2026 16:30:00,18.063
07-16-2026 16:45:00,17.036
07-16-2026 17:00:00,12.795
07-16-2026 17:15:00,9.274
07-16-2026 17:30:00,7.278
07-16-2026 17:45:00,6.089
07-16-2026 18:00:00,3.872
07-16-2026 18:15:00,1.992
07-16-2026 18:30:00,0.741
07-16-2026 18:45:00,-0.771
07-16-2026 19:00:00,-0.28
07-16-2026 19:15:00,-0.318
07-16-2026 19:30:00,-0.771
07-16-2026 19:45:00,-0.771
07-16-2026 20:00:00,-0.771
07-16-2026 20:15:00,-0.771
07-16-2026 20:30:00,-0.771
07-16-2026 20:45:00,-0.771
07-16-2026 21:00:00,-0.771
07-16-2026 21:15:00,-0.771
07-16-2026 21:30:00,-0.771
07-16-2026 21:45:00,-0.771
07-16-2026 22:00:00,-0.771
07-16-2026 22:15:00,-0.771
07-16-2026 22:30:00,-0.771
07-16-2026 22:45:00,-0.771
07-16-2026 23:00:00,-0.771
07-16-2026 23:15:00,-0.771
07-16-2026 23:30:00,-0.771
07-16-2026 23:45:00,-0.771
07-17-2026 00:00:00,-0.771
07-17-2026 00:15:00,-0.771
07-17-2026 00:30:00,-0.771
07-17-2026 00:45:00,-0.771
07-17-2026 01:00:00,-0.771
07-17-2026 01:15:00,-0.771
07-17-2026 01:30:00,-0.771
07-17-2026 01:45:00,-0.771
07-17-2026 02:00:00,-0.771
07-17-2026 02:15:00,-0.771
07-17-2026 02:30:00,-0.771
07-17-2026 02:45:00,-0.771
07-17-2026 03:00:00,-0.771
07-17-2026 03:15:00,-0.771
07-17-2026 03:30:00,-0.771
07-17-2026 03:45:00,-0.771
07-17-2026 04:00:00,-0.771
07-17-2026 04:15:00,-0.771
07-17-2026 04:30:00,-0.771
07-17-2026 04:45:00,-0.771
07-17-2026 05:00:00,-0.771
07-17-2026 05:15:00,-0.771
07-17-2026 05:30:00,-0.771
07-17-2026 05:45:00,-0.771
07-17-2026 06:00:00,0.016
07-17-2026 06:15:00,-0.645
07-17-2026 06:30:00,-0.516
07-17-2026 06:45:00,1.923
07-17-2026 07:00:00,2.719
07-17-2026 07:15:00,3.883
07-17-2026 07:30:00,4.649
07-17-2026 07:45:00,6.424
07-17-2026 08:00:00,7.731
07-17-2026 08:15:00,8.201
07-17-2026 08:30:00,10.851
07-17-2026 08:45:00,12.895
07-17-2026 09:00:00,17.103
07-17-2026 09:15:00,15.475
07-17-2026 09:30:00,16.861
07-17-2026 09:45:00,15.831
07-17-2026 10:00:00,12.609
07-17-2026 10:15:00,26.805
07-17-2026 10:30:00,26.821
07-17-2026 10:45:00,31.613
07-17-2026 11:00:00,30.927
07-17-2026 11:15:00,31.426
07-17-2026 11:30:00,31.961
07-17-2026 11:45:00,33.539
07-17-2026 12:00:00,33.728
07-17-2026 12:15:00,34.086
07-17-2026 12:30:00,31.541
07-17-2026 12:45:00,33.604
07-17-2026 13:00:00,33.39
07-17-2026 13:15:00,33.319
07-17-2026 13:30:00,33.65
07-17-2026 13:45:00,33.418
07-17-2026 14:00:00,33.918
07-17-2026 14:15:00,29.869
07-17-2026 14:30:00,23.246
07-17-2026 14:45:00,17.509
07-17-2026 15:00:00,25.248
07-17-2026 15:15:00,27.538
07-17-2026 15:30:00,25.692
07-17-2026 15:45:00,24.216
07-17-2026 16:00:00,22.542
07-17-2026 16:15:00,20.273
07-17-2026 16:30:00,18.934
07-17-2026 16:45:00,15.688
07-17-2026 17:00:00,13.155
07-17-2026 17:15:00,10.838
07-17-2026 17:30:00,8.714
07-17-2026 17:45:00,6.443
07-17-2026 18:00:00,3.939
07-17-2026 18:15:00,2.229
07-17-2026 18:30:00,1.047
07-17-2026 18:45:00,-0.771
07-17-2026 19:00:00,-0.368
07-17-2026 19:15:00,-0.425
07-17-2026 19:30:00,-0.771
07-17-2026 19:45:00,-0.771
07-17-2026 20:00:00,-0.771
07-17-2026 20:15:00,-0.771
07-17-2026 20:30:00,-0.771
07-17-2026 20:45:00,-0.771
07-17-2026 21:00:00,-0.771
07-17-2026 21:15:00,-0.771
07-17-2026 21:30:00,-0.771
07-17-2026 21:45:00,-0.771
07-17-2026 22:00:00,-0.771
07-17-2026 22:15:00,-0.771
07-17-2026 22:30:00,-0.771
07-17-2026 22:45:00,-0.771
07-17-2026 23:00:00,-0.771
07-17-2026 23:15:00,-0.771
07-17-2026 23:30:00,-0.771
07-17-2026 23:45:00,-0.771
07-18-2026 00:00:00,-0.771
07-18-2026 00:15:00,-0.771
07-18-2026 00:30:00,-0.771
07-18-2026 00:45:00,-0.771
07-18-2026 01:00:00,-0.771
07-18-2026 01:15:00,-0.771
07-18-2026 01:30:00,-0.771
07-18-2026 01:45:00,-0.771
07-18-2026 02:00:00,-0.771
07-18-2026 02:15:00,-0.771
07-18-2026 02:30:00,-0.771
07-18-2026 02:45:00,-0.771
07-18-2026 03:00:00,-0.771
07-18-2026 03:15:00,-0.771
07-18-2026 03:30:00,-0.771
07-18-2026 03:45:00,-0.771
07-18-2026 04:00:00,-0.771
07-18-2026 04:15:00,-0.771
07-18-2026 04:30:00,-0.771
07-18-2026 04:45:00,-0.771
07-18-2026 05:00:00,-0.771
07-18-2026 05:15:00,-0.771
07-18-2026 05:30:00,-0.771
07-18-2026 05:45:00,-0.748
07-18-2026 06:00:00,0.066
07-18-2026 06:15:00,-0.287
07-18-2026 06:30:00,-0.771
07-18-2026 06:45:00,-0.435
07-18-2026 07:00:00,1.29
07-18-2026 07:15:00,2.095
07-18-2026 07:30:00,4.012
07-18-2026 07:45:00,3.802
07-18-2026 08:00:00,6.247
07-18-2026 08:15:00,6.99
07-18-2026 08:30:00,10.314
07-18-2026 08:45:00,8.042
07-18-2026 09:00:00,10.745
07-18-2026 09:15:00,8.965
07-18-2026 09:30:00,12.059
07-18-2026 09:45:00,10.209
07-18-2026 10:00:00,19.996
07-18-2026 10:15:00,16.081
07-18-2026 10:30:00,17.708
07-18-2026 10:45:00,20.597
07-18-2026 11:00:00,19.946
07-18-2026 11:15:00,26.479
07-18-2026 11:30:00,18.215
07-18-2026 11:45:00,13.363
07-18-2026 12:00:00,13.421
07-18-2026 12:15:00,32.447
07-18-2026 12:30:00,34.123
07-18-2026 12:45:00,32.689
07-18-2026 13:00:00,33.754
07-18-2026 13:15:00,30.355
07-18-2026 13:30:00,33.659
07-18-2026 13:45:00,34.501
07-18-2026 14:00:00,27.833
07-18-2026 14:15:00,31.511
07-18-2026 14:30:00,30.752
07-18-2026 14:45:00,29.355
07-18-2026 15:00:00,28.87
07-18-2026 15:15:00,27.174
07-18-2026 15:30:00,26.178
07-18-2026 15:45:00,25.119
07-18-2026 16:00:00,23.311
07-18-2026 16:15:00,20.404
07-18-2026 16:30:00,15.23
07-18-2026 16:45:00,13.326
07-18-2026 17:00:00,12.254
07-18-2026 17:15:00,8.995
07-18-2026 17:30:00,9.288
07-18-2026 17:45:00,3.765
07-18-2026 18:00:00,3.435
07-18-2026 18:15:00,2.772
07-18-2026 18:30:00,1.575
07-18-2026 18:45:00,0.695
07-18-2026 19:00:00,-0.33
07-18-2026 19:15:00,-0.771
07-18-2026 19:30:00,-0.771
07-18-2026 19:45:00,-0.771
07-18-2026 20:00:00,-0.771
07-18-2026 20:15:00,-0.771
07-18-2026 20:30:00,-0.771
07-18-2026 20:45:00,-0.771
07-18-2026 21:00:00,-0.771
07-18-2026 21:15:00,-0.771
07-18-2026 21:30:00,-0.771
07-18-2026 21:45:00,-0.771
07-18-2026 22:00:00,-0.771
07-18-2026 22:15:00,-0.771
07-18-2026 22:30:00,-0.771
07-18-2026 22:45:00,-0.771
07-18-2026 23:00:00,-0.771
07-18-2026 23:15:00,-0.771
07-18-2026 23:30:00,-0.771
07-18-2026 23:45:00,-0.771
07-19-2026 00:00:00,-0.771
07-19-2026 00:15:00,-0.771
07-19-2026 00:30:00,-0.771
07-19-2026 00:45:00,-0.771
07-19-2026 01:00:00,-0.771
07-19-2026 01:15:00,-0.771
07-19-2026 01:30:00,-0.771
07-19-2026 01:45:00,-0.771
07-19-2026 02:00:00,-0.771
07-19-2026 02:15:00,-0.771
07-19-2026 02:30:00,-0.771
07-19-2026 02:45:00,-0.771
07-19-2026 03:00:00,-0.771
07-19-2026 03:15:00,-0.771
07-19-2026 03:30:00,-0.771
07-19-2026 03:45:00,-0.771
07-19-2026 04:00:00,-0.771
07-19-2026 04:15:00,-0.771
07-19-2026 04:30:00,-0.771
07-19-2026 04:45:00,-0.771
07-19-2026 05:00:00,-0.771
07-19-2026 05:15:00,-0.771
07-19-2026 05:30:00,-0.771
07-19-2026 05:45:00,-0.771
07-19-2026 06:00:00,0.014
07-19-2026 06:15:00,-0.618
07-19-2026 06:30:00,-0.702
07-19-2026 06:45:00,1.461
07-19-2026 07:00:00,2.895
07-19-2026 07:15:00,3.926
07-19-2026 07:30:00,4.225
07-19-2026 07:45:00,3.755
07-19-2026 08:00:00,3.812
07-19-2026 08:15:00,9.051
07-19-2026 08:30:00,4.965
07-19-2026 08:45:00,14.403
07-19-2026 09:00:00,17.965
07-19-2026 09:15:00,19.24
07-19-2026 09:30:00,22.587
07-19-2026 09:45:00,17.431
07-19-2026 10:00:00,18.428
07-19-2026 10:15:00,22.863
07-19-2026 10:30:00,29.447
07-19-2026 10:45:00,35.165
07-19-2026 11:00:00,32.094
07-19-2026 11:15:00,37.224
07-19-2026 11:30:00,38.87
07-19-2026 11:45:00,27.563
07-19-2026 12:00:00,26.013
07-19-2026 12:15:00,32.812
07-19-2026 12:30:00,35.323
07-19-2026 12:45:00,33.663
07-19-2026 13:00:00,23.533
07-19-2026 13:15:00,22.476
07-19-2026 13:30:00,17.149
07-19-2026 13:45:00,18.852
07-19-2026 14:00:00,13.22
07-19-2026 14:15:00,16.417
07-19-2026 14:30:00,18.922
07-19-2026 14:45:00,10.556
07-19-2026 15:00:00,10.826
07-19-2026 15:15:00,8.7
07-19-2026 15:30:00,20.161
07-19-2026 15:45:00,20.331
07-19-2026 16:00:00,12.901
07-19-2026 16:15:00,8.014
07-19-2026 16:30:00,10.739
07-19-2026 16:45:00,13.869
07-19-2026 17:00:00,11.022
07-19-2026 17:15:00,5.843
07-19-2026 17:30:00,4.682
07-19-2026 17:45:00,3.411
07-19-2026 18:00:00,4.612
07-19-2026 18:15:00,3.107
07-19-2026 18:30:00,1.618
07-19-2026 18:45:00,0.782
07-19-2026 19:00:00,0.064
07-19-2026 19:15:00,-0.494
07-19-2026 19:30:00,-0.771
07-19-2026 19:45:00,-0.771
07-19-2026 20:00:00,-0.771
07-19-2026 20:15:00,-0.771
07-19-2026 20:30:00,-0.771
07-19-2026 20:45:00,-0.771
07-19-2026 21:00:00,-0.771
07-19-2026 21:15:00,-0.771
07-19-2026 21:30:00,-0.771
07-19-2026 21:45:00,-0.771
07-19-2026 22:00:00,-0.771
07-19-2026 22:15:00,-0.771
07-19-2026 22:30:00,-0.771
07-19-2026 22:45:00,-0.771
07-19-2026 23:00:00,-0.771
07-19-2026 23:15:00,-0.771
07-19-2026 23:30:00,-0.771
07-19-2026 23:45:00,-0.771
07-20-2026 00:00:00,-0.771
07-20-2026 00:15:00,-0.771
07-20-2026 00:30:00,-0.771
07-20-2026 00:45:00,-0.771
07-20-2026 01:00:00,-0.771
07-20-2026 01:15:00,-0.771
07-20-2026 01:30:00,-0.771
07-20-2026 01:45:00,-0.771
07-20-2026 02:00:00,-0.771
07-20-2026 02:15:00,-0.771
07-20-2026 02:30:00,-0.771
07-20-2026 02:45:00,-0.771
07-20-2026 03:00:00,-0.771
07-20-2026 03:15:00,-0.771
07-20-2026 03:30:00,-0.771
07-20-2026 03:45:00,-0.771
07-20-2026 04:00:00,-0.771
07-20-2026 04:15:00,-0.771
07-20-2026 04:30:00,-0.771
07-20-2026 04:45:00,-0.771
07-20-2026 05:00:00,-0.771
07-20-2026 05:15:00,-0.771
07-20-2026 05:30:00,-0.771
07-20-2026 05:45:00,-0.771
07-20-2026 06:00:00,-0.358
07-20-2026 06:15:00,0.514
07-20-2026 06:30:00,-0.031
07-20-2026 06:45:00,0.35
07-20-2026 07:00:00,1.691
07-20-2026 07:15:00,2.64
07-20-2026 07:30:00,3.385
07-20-2026 07:45:00,7.417
07-20-2026 08:00:00,9.511
07-20-2026 08:15:00,14.589
07-20-2026 08:30:00,8.563
07-20-2026 08:45:00,8.341
07-20-2026 09:00:00,7.975
07-20-2026 09:15:00,14.445
07-20-2026 09:30:00,20.921
07-20-2026 09:45:00,14.992
07-20-2026 10:00:00,19.367
07-20-2026 10:15:00,24.044
07-20-2026 10:30:00,23.388
07-20-2026 10:45:00,27.509
07-20-2026 11:00:00,23.876
07-20-2026 11:15:00,30.074
07-20-2026 11:30:00,29.008
07-20-2026 11:45:00,29.591
07-20-2026 12:00:00,17.025
07-20-2026 12:15:00,28.517
07-20-2026 12:30:00,34.077
07-20-2026 12:45:00,33.397
07-20-2026 13:00:00,36.343
07-20-2026 13:15:00,22.656
07-20-2026 13:30:00,22.523
07-20-2026 13:45:00,21.643
07-20-2026 14:00:00,18.579
07-20-2026 14:15:00,10.572
07-20-2026 14:30:00,10.521
07-20-2026 14:45:00,17.562
07-20-2026 15:00:00,10.247
07-20-2026 15:15:00,24.449
07-20-2026 15:30:00,19.392
07-20-2026 15:45:00,24.11
07-20-2026 16:00:00,23.354
07-20-2026 16:15:00,19.197
07-20-2026 16:30:00,17.611
07-20-2026 16:45:00,15.752
07-20-2026 17:00:00,12.884
07-20-2026 17:15:00,10.574
07-20-2026 17:30:00,8.525
07-20-2026 17:45:00,6.133
07-20-2026 18:00:00,4.127
07-20-2026 18:15:00,3.296
07-20-2026 18:30:00,1.594
07-20-2026 18:45:00,-0.385
07-20-2026 19:00:00,-0.552
07-20-2026 19:15:00,-0.561
07-20-2026 19:30:00,-0.771
07-20-2026 19:45:00,-0.771
07-20-2026 20:00:00,-0.771
07-20-2026 20:15:00,-0.771
07-20-2026 20:30:00,-0.771
07-20-2026 20:45:00,-0.771
07-20-2026 21:00:00,-0.771
07-20-2026 21:15:00,-0.771
07-20-2026 21:30:00,-0.771
07-20-2026 21:45:00,-0.771
07-20-2026 22:00:00,-0.771
07-20-2026 22:15:00,-0.771
07-20-2026 22:30:00,-0.771
07-20-2026 22:45:00,-0.771
07-20-2026 23:00:00,-0.771
07-20-2026 23:15:00,-0.771
07-20-2026 23:30:00,-0.771
07-20-2026 23:45:00,-0.771
07-21-2026 00:00:00,-0.771
07-21-2026 00:15:00,-0.771
07-21-2026 00:30:00,-0.771
07-21-2026 00:45:00,-0.771
07-21-2026 01:00:00,-0.771
07-21-2026 01:15:00,-0.771
07-21-2026 01:30:00,-0.771
07-21-2026 01:45:00,-0.771
07-21-2026 02:00:00,-0.771
07-21-2026 02:15:00,-0.771
07-21-2026 02:30:00,-0.771
07-21-2026 02:45:00,-0.771
07-21-2026 03:00:00,-0.771
07-21-2026 03:15:00,-0.771
07-21-2026 03:30:00,-0.771
07-21-2026 03:45:00,-0.771
07-21-2026 04:00:00,-0.771
07-21-2026 04:15:00,-0.771
07-21-2026 04:30:00,-0.771
07-21-2026 04:45:00,-0.771
07-21-2026 05:00:00,-0.771
07-21-2026 05:15:00,-0.771
07-21-2026 05:30:00,-0.771
07-21-2026 05:45:00,-0.771
07-21-2026 06:00:00,-0.771
07-21-2026 06:15:00,-0.348
07-21-2026 06:30:00,0.575
07-21-2026 06:45:00,0.134
07-21-2026 07:00:00,1.658
07-21-2026 07:15:00,2.86
07-21-2026 07:30:00,4.792
07-21-2026 07:45:00,6.569
07-21-2026 08:00:00,7.977
07-21-2026 08:15:00,10.648
07-21-2026 08:30:00,14.358
07-21-2026 08:45:00,15.982
07-21-2026 09:00:00,18.591
07-21-2026 09:15:00,16.677
07-21-2026 09:30:00,21.509
07-21-2026 09:45:00,22.03
07-21-2026 10:00:00,23.145
07-21-2026 10:15:00,24.698
07-21-2026 10:30:00,27.903
07-21-2026 10:45:00,29.368
07-21-2026 11:00:00,21.887
07-21-2026 11:15:00,27.712
07-21-2026 11:30:00,31.43
07-21-2026 11:45:00,31.197
07-21-2026 12:00:00,34.09
07-21-2026 12:15:00,31.919
07-21-2026 12:30:00,34.148
07-21-2026 12:45:00,33.681
07-21-2026 13:00:00,33.632
07-21-2026 13:15:00,31.3
07-21-2026 13:30:00,33.223
07-21-2026 13:45:00,31.842
07-21-2026 14:00:00,30.242
07-21-2026 14:15:00,31.137
07-21-2026 14:30:00,30.978
07-21-2026 14:45:00,30.009
07-21-2026 15:00:00,25.052
07-21-2026 15:15:00,25.171
07-21-2026 15:30:00,25.942
07-21-2026 15:45:00,24.498
07-21-2026 16:00:00,17.695
07-21-2026 16:15:00,12.177
07-21-2026 16:30:00,8.314
07-21-2026 16:45:00,7.683
07-21-2026 17:00:00,11.135
07-21-2026 17:15:00,11.378
07-21-2026 17:30:00,7.464
07-21-2026 17:45:00,5.471
07-21-2026 18:00:00,4.096
07-21-2026 18:15:00,3.083
07-21-2026 18:30:00,1.767
07-21-2026 18:45:00,-0.285
07-21-2026 19:00:00,-0.657
07-21-2026 19:15:00,-0.454
07-21-2026 19:30:00,-0.771
07-21-2026 19:45:00,-0.771
07-21-2026 20:00:00,-0.771
07-21-2026 20:15:00,-0.771
07-21-2026 20:30:00,-0.771
07-21-2026 20:45:00,-0.771
07-21-2026 21:00:00,-0.771
07-21-2026 21:15:00,-0.771
07-21-2026 21:30:00,-0.771
07-21-2026 21:45:00,-0.771
07-21-2026 22:00:00,-0.771
07-21-2026 22:15:00,-0.771
07-21-2026 22:30:00,-0.771
07-21-2026 22:45:00,-0.771
07-21-2026 23:00:00,-0.771
07-21-2026 23:15:00,-0.771
07-21-2026 23:30:00,-0.771
07-21-2026 23:45:00,-0.771
07-22-2026 00:00:00,-0.771
07-22-2026 00:15:00,-0.771
07-22-2026 00:30:00,-0.771
07-22-2026 00:45:00,-0.771
07-22-2026 01:00:00,-0.771
07-22-2026 01:15:00,-0.771
07-22-2026 01:30:00,-0.771
07-22-2026 01:45:00,-0.771
07-22-2026 02:00:00,-0.771
07-22-2026 02:15:00,-0.771
07-22-2026 02:30:00,-0.771
07-22-2026 02:45:00,-0.771
07-22-2026 03:00:00,-0.771
07-22-2026 03:15:00,-0.771
07-22-2026 03:30:00,-0.771
07-22-2026 03:45:00,-0.771
07-22-2026 04:00:00,-0.771
07-22-2026 04:15:00,-0.771
07-22-2026 04:30:00,-0.771
07-22-2026 04:45:00,-0.771
07-22-2026 05:00:00,-0.771
07-22-2026 05:15:00,-0.771
07-22-2026 05:30:00,-0.771
07-22-2026 05:45:00,-0.771
07-22-2026 06:00:00,-0.771
07-22-2026 06:15:00,0.08
07-22-2026 06:30:00,0.635
07-22-2026 06:45:00,1.902
07-22-2026 07:00:00,2.748
07-22-2026 07:15:00,3.735
07-22-2026 07:30:00,2.528
07-22-2026 07:45:00,3.145
07-22-2026 08:00:00,4.551
07-22-2026 08:15:00,6.495
07-22-2026 08:30:00,10.654
07-22-2026 08:45:00,14.593
07-22-2026 09:00:00,11.849
07-22-2026 09:15:00,17.186
07-22-2026 09:30:00,21.012
07-22-2026 09:45:00,23.808
07-22-2026 10:00:00,23.713
07-22-2026 10:15:00,22.907
07-22-2026 10:30:00,21.908
07-22-2026 10:45:00,19.278
07-22-2026 11:00:00,13.991
07-22-2026 11:15:00,15.6
07-22-2026 11:30:00,16.186
07-22-2026 11:45:00,19.689
07-22-2026 12:00:00,24.104
07-22-2026 12:15:00,19.257
07-22-2026 12:30:00,26.091
07-22-2026 12:45:00,32.608
07-22-2026 13:00:00,33.199
07-22-2026 13:15:00,33.783
07-22-2026 13:30:00,33.677
07-22-2026 13:45:00,32.996
07-22-2026 14:00:00,32.398
07-22-2026 14:15:00,31.654
07-22-2026 14:30:00,31.267
07-22-2026 14:45:00,30.724
07-22-2026 15:00:00,30.662
07-22-2026 15:15:00,27.515
07-22-2026 15:30:00,24.074
07-22-2026 15:45:00,23.421
07-22-2026 16:00:00,10.355
07-22-2026 16:15:00,14.294
07-22-2026 16:30:00,18.476
07-22-2026 16:45:00,8.045
07-22-2026 17:00:00,7.971
07-22-2026 17:15:00,6.003
07-22-2026 17:30:00,6.499
07-22-2026 17:45:00,5.882
07-22-2026 18:00:00,4.536
07-22-2026 18:15:00,2.809
07-22-2026 18:30:00,2.216
07-22-2026 18:45:00,0.448
07-22-2026 19:00:00,-0.771
07-22-2026 19:15:00,-0.771
07-22-2026 19:30:00,-0.771
07-22-2026 19:45:00,-0.771
07-22-2026 20:00:00,-0.771
07-22-2026 20:15:00,-0.771
07-22-2026 20:30:00,-0.771
07-22-2026 20:45:00,-0.771
07-22-2026 21:00:00,-0.771
07-22-2026 21:15:00,-0.771
07-22-2026 21:30:00,-0.771
07-22-2026 21:45:00,-0.771
07-22-2026 22:00:00,-0.771
07-22-2026 22:15:00,-0.771
07-22-2026 22:30:00,-0.771
07-22-2026 22:45:00,-0.771
07-22-2026 23:00:00,-0.771
07-22-2026 23:15:00,-0.771
07-22-2026 23:30:00,-0.771
07-22-2026 23:45:00,-0.771
07-23-2026 00:00:00,-0.771
07-23-2026 00:15:00,-0.771
07-23-2026 00:30:00,-0.771
07-23-2026 00:45:00,-0.771
07-23-2026 01:00:00,-0.771
07-23-2026 01:15:00,-0.771
07-23-2026 01:30:00,-0.771
07-23-2026 01:45:00,-0.771
07-23-2026 02:00:00,-0.771
07-23-2026 02:15:00,-0.771
07-23-2026 02:30:00,-0.771
07-23-2026 02:45:00,-0.771
07-23-2026 03:00:00,-0.771
07-23-2026 03:15:00,-0.771
07-23-2026 03:30:00,-0.771
07-23-2026 03:45:00,-0.771
07-23-2026 04:00:00,-0.771
07-23-2026 04:15:00,-0.771
07-23-2026 04:30:00,-0.771
07-23-2026 04:45:00,-0.771
07-23-2026 05:00:00,-0.771
07-23-2026 05:15:00,-0.771
07-23-2026 05:30:00,-0.771
07-23-2026 05:45:00,-0.771
07-23-2026 06:00:00,-0.771
07-23-2026 06:15:00,-0.771
07-23-2026 06:30:00,0.639
07-23-2026 06:45:00,1.777
07-23-2026 07:00:00,2.663
07-23-2026 07:15:00,2.849
07-23-2026 07:30:00,5.488
07-23-2026 07:45:00,7.98
07-23-2026 08:00:00,8.869
07-23-2026 08:15:00,11.115
07-23-2026 08:30:00,12.442
07-23-2026 08:45:00,11.079
07-23-2026 09:00:00,16.374
07-23-2026 09:15:00,19.266
07-23-2026 09:30:00,18.936
07-23-2026 09:45:00,17.26
07-23-2026 10:00:00,21.99
07-23-2026 10:15:00,25.789
07-23-2026 10:30:00,24.856
07-23-2026 10:45:00,26.615
07-23-2026 11:00:00,27.355
07-23-2026 11:15:00,31.955
07-23-2026 11:30:00,35.216
07-23-2026 11:45:00,28.585
07-23-2026 12:00:00,28.648
07-23-2026 12:15:00,30.087
07-23-2026 12:30:00,35.731
07-23-2026 12:45:00,33.602
07-23-2026 13:00:00,31.001
07-23-2026 13:15:00,39.093
07-23-2026 13:30:00,26.822
07-23-2026 13:45:00,24.796
07-23-2026 14:00:00,23.795
07-23-2026 14:15:00,29.166
07-23-2026 14:30:00,29.842
07-23-2026 14:45:00,23.322
07-23-2026 15:00:00,18.979
07-23-2026 15:15:00,14.797
07-23-2026 15:30:00,18.483
07-23-2026 15:45:00,12.704
07-23-2026 16:00:00,11.713
07-23-2026 16:15:00,14.757
07-23-2026 16:30:00,10.02
07-23-2026 16:45:00,8.228
07-23-2026 17:00:00,6.714
07-23-2026 17:15:00,5.166
07-23-2026 17:30:00,5.372
07-23-2026 17:45:00,3.176
07-23-2026 18:00:00,2.546
07-23-2026 18:15:00,1.762
07-23-2026 18:30:00,1.026
07-23-2026 18:45:00,0.427
07-23-2026 19:00:00,-0.629
07-23-2026 19:15:00,-0.771
07-23-2026 19:30:00,-0.771
07-23-2026 19:45:00,-0.771
07-23-2026 20:00:00,-0.771
07-23-2026 20:15:00,-0.771
07-23-2026 20:30:00,-0.771
07-23-2026 20:45:00,-0.771
07-23-2026 21:00:00,-0.771
07-23-2026 21:15:00,-0.771
07-23-2026 21:30:00,-0.771
07-23-2026 21:45:00,-0.771
07-23-2026 22:00:00,-0.771
07-23-2026 22:15:00,-0.771
07-23-2026 22:30:00,-0.771
07-23-2026 22:45:00,-0.771
07-23-2026 23:00:00,-0.771
07-23-2026 23:15:00,-0.771
07-23-2026 23:30:00,-0.771
07-23-2026 23:45:00,-0.771
07-24-2026 00:00:00,-0.771
07-24-2026 00:15:00,-0.771
07-24-2026 00:30:00,-0.771
07-24-2026 00:45:00,-0.771
07-24-2026 01:00:00,-0.771
07-24-2026 01:15:00,-0.771
07-24-2026 01:30:00,-0.771
07-24-2026 01:45:00,-0.771
07-24-2026 02:00:00,-0.771
07-24-2026 02:15:00,-0.771
07-24-2026 02:30:00,-0.771
07-24-2026 02:45:00,-0.771
07-24-2026 03:00:00,-0.771
07-24-2026 03:15:00,-0.771
07-24-2026 03:30:00,-0.771
07-24-2026 03:45:00,-0.771
07-24-2026 04:00:00,-0.771
07-24-2026 04:15:00,-0.771
07-24-2026 04:30:00,-0.771
07-24-2026 04:45:00,-0.771
07-24-2026 05:00:00,-0.771
07-24-2026 05:15:00,-0.771
07-24-2026 05:30:00,-0.771
07-24-2026 05:45:00,-0.771
07-24-2026 06:00:00,-0.157
07-24-2026 06:15:00,0.012
07-24-2026 06:30:00,0.831
07-24-2026 06:45:00,1.187
07-24-2026 07:00:00,2.147
07-24-2026 07:15:00,2.635
07-24-2026 07:30:00,4.322
07-24-2026 07:45:00,4.047
07-24-2026 08:00:00,5.427
07-24-2026 08:15:00,6.266
07-24-2026 08:30:00,7.682
07-24-2026 08:45:00,9.483
07-24-2026 09:00:00,11.38
07-24-2026 09:15:00,14.347
07-24-2026 09:30:00,17.355
07-24-2026 09:45:00,14.835
07-24-2026 10:00:00,12.457
07-24-2026 10:15:00,13.405
07-24-2026 10:30:00,12.093
07-24-2026 10:45:00,12.176
07-24-2026 11:00:00,22.394
07-24-2026 11:15:00,13.945
07-24-2026 11:30:00,11.901
07-24-2026 11:45:00,21.628
07-24-2026 12:00:00,14.748
07-24-2026 12:15:00,20.868
07-24-2026 12:30:00,18.495
07-24-2026 12:45:00,23.292
07-24-2026 13:00:00,34.29
07-24-2026 13:15:00,37.273
07-24-2026 13:30:00,30.31
07-24-2026 13:45:00,21.211
07-24-2026 14:00:00,22.874
07-24-2026 14:15:00,15.778
07-24-2026 14:30:00,27.296
07-24-2026 14:45:00,27.031
07-24-2026 15:00:00,9.838
07-24-2026 15:15:00,20.314
07-24-2026 15:30:00,24.268
07-24-2026 15:45:00,28.874
07-24-2026 16:00:00,13.454
07-24-2026 16:15:00,11.443
07-24-2026 16:30:00,6.638
07-24-2026 16:45:00,5.292
07-24-2026 17:00:00,5.266
07-24-2026 17:15:00,6.581
07-24-2026 17:30:00,3.774
07-24-2026 17:45:00,4.447
07-24-2026 18:00:00,2.939
07-24-2026 18:15:00,2.693
07-24-2026 18:30:00,1.605
07-24-2026 18:45:00,-0.541
07-24-2026 19:00:00,-0.734
07-24-2026 19:15:00,-0.622
07-24-2026 19:30:00,-0.771
07-24-2026 19:45:00,-0.771
07-24-2026 20:00:00,-0.771
07-24-2026 20:15:00,-0.771
07-24-2026 20:30:00,-0.771
07-24-2026 20:45:00,-0.771
07-24-2026 21:00:00,-0.771
07-24-2026 21:15:00,-0.771
07-24-2026 21:30:00,-0.771
07-24-2026 21:45:00,-0.771
07-24-2026 22:00:00,-0.771
07-24-2026 22:15:00,-0.771
07-24-2026 22:30:00,-0.771
07-24-2026 22:45:00,-0.771
07-24-2026 23:00:00,-0.771
07-24-2026 23:15:00,-0.771
07-24-2026 23:30:00,-0.771
07-24-2026 23:45:00,-0.771
07-25-2026 00:00:00,-0.771
07-25-2026 00:15:00,-0.771
07-25-2026 00:30:00,-0.771
07-25-2026 00:45:00,-0.771
07-25-2026 01:00:00,-0.771
07-25-2026 01:15:00,-0.771
07-25-2026 01:30:00,-0.771
07-25-2026 01:45:00,-0.771
07-25-2026 02:00:00,-0.771
07-25-2026 02:15:00,-0.771
07-25-2026 02:30:00,-0.771
07-25-2026 02:45:00,-0.771
07-25-2026 03:00:00,-0.771
07-25-2026 03:15:00,-0.771
07-25-2026 03:30:00,-0.771
07-25-2026 03:45:00,-0.771
07-25-2026 04:00:00,-0.771
07-25-2026 04:15:00,-0.771
07-25-2026 04:30:00,-0.771
07-25-2026 04:45:00,-0.771
07-25-2026 05:00:00,-0.771
07-25-2026 05:15:00,-0.771
07-25-2026 05:30:00,-0.771
07-25-2026 05:45:00,-0.771
07-25-2026 06:00:00,-0.771
07-25-2026 06:15:00,0.232
07-25-2026 06:30:00,0.285
07-25-2026 06:45:00,-0.523
07-25-2026 07:00:00,1.748
07-25-2026 07:15:00,3.054
07-25-2026 07:30:00,4.629
07-25-2026 07:45:00,5.833
07-25-2026 08:00:00,8.354
07-25-2026 08:15:00,8.179
07-25-2026 08:30:00,7.693
07-25-2026 08:45:00,7.417
07-25-2026 09:00:00,16.962
07-25-2026 09:15:00,18.658
07-25-2026 09:30:00,14.369
07-25-2026 09:45:00,19.522
07-25-2026 10:00:00,19.33
07-25-2026 10:15:00,25.579
07-25-2026 10:30:00,23.22
07-25-2026 10:45:00,34.482
07-25-2026 11:00:00,21.845
07-25-2026 11:15:00,31.542
07-25-2026 11:30:00,33.793
07-25-2026 11:45:00,31.929
07-25-2026 12:00:00,23.844
07-25-2026 12:15:00,22.849
07-25-2026 12:30:00,25.248
07-25-2026 12:45:00,29.733
07-25-2026 13:00:00,33.422
07-25-2026 13:15:00,30.295
07-25-2026 13:30:00,35.177
07-25-2026 13:45:00,36.095
07-25-2026 14:00:00,34.879
07-25-2026 14:15:00,33.984
07-25-2026 14:30:00,31.202
07-25-2026 14:45:00,30.363
07-25-2026 15:00:00,28.805
07-25-2026 15:15:00,27.72
07-25-2026 15:30:00,25.653
07-25-2026 15:45:00,24.199
07-25-2026 16:00:00,22.926
07-25-2026 16:15:00,19.928
07-25-2026 16:30:00,16.801
07-25-2026 16:45:00,14.709
07-25-2026 17:00:00,13.2
07-25-2026 17:15:00,10.922
07-25-2026 17:30:00,8.929
07-25-2026 17:45:00,6.177
07-25-2026 18:00:00,4.037
07-25-2026 18:15:00,2.803
07-25-2026 18:30:00,3.732
07-25-2026 18:45:00,1.924
07-25-2026 19:00:00,-0.762
07-25-2026 19:15:00,-0.771
07-25-2026 19:30:00,-0.771
07-25-2026 19:45:00,-0.771
07-25-2026 20:00:00,-0.771
07-25-2026 20:15:00,-0.771
07-25-2026 20:30:00,-0.771
07-25-2026 20:45:00,-0.771
07-25-2026 21:00:00,-0.771
07-25-2026 21:15:00,-0.771
07-25-2026 21:30:00,-0.771
07-25-2026 21:45:00,-0.771
07-25-2026 22:00:00,-0.771
07-25-2026 22:15:00,-0.771
07-25-2026 22:30:00,-0.771
07-25-2026 22:45:00,-0.771
07-25-2026 23:00:00,-0.771
07-25-2026 23:15:00,-0.771
07-25-2026 23:30:00,-0.771
07-25-2026 23:45:00,-0.771
07-26-2026 00:00:00,-0.771
07-26-2026 00:15:00,-0.771
07-26-2026 00:30:00,-0.771
07-26-2026 00:45:00,-0.771
07-26-2026 01:00:00,-0.771
07-26-2026 01:15:00,-0.771
07-26-2026 01:30:00,-0.771
07-26-2026 01:45:00,-0.771
07-26-2026 02:00:00,-0.771
07-26-2026 02:15:00,-0.771
07-26-2026 02:30:00,-0.771
07-26-2026 02:45:00,-0.771
07-26-2026 03:00:00,-0.771
07-26-2026 03:15:00,-0.771
07-26-2026 03:30:00,-0.771
07-26-2026 03:45:00,-0.771
07-26-2026 04:00:00,-0.771
07-26-2026 04:15:00,-0.771
07-26-2026 04:30:00,-0.771
07-26-2026 04:45:00,-0.771
07-26-2026 05:00:00,-0.771
07-26-2026 05:15:00,-0.771
07-26-2026 05:30:00,-0.771
07-26-2026 05:45:00,-0.771
07-26-2026 06:00:00,-0.771
07-26-2026 06:15:00,-0.717
07-26-2026 06:30:00,0.864
07-26-2026 06:45:00,1.773
07-26-2026 07:00:00,1.787
07-26-2026 07:15:00,2.21
07-26-2026 07:30:00,3.43
07-26-2026 07:45:00,5.084
07-26-2026 08:00:00,5.433
07-26-2026 08:15:00,7.235
07-26-2026 08:30:00,8.162
07-26-2026 08:45:00,8.968
07-26-2026 09:00:00,10.089
07-26-2026 09:15:00,17.04
07-26-2026 09:30:00,14.221
07-26-2026 09:45:00,25.503
07-26-2026 10:00:00,19.751
07-26-2026 10:15:00,27.047
07-26-2026 10:30:00,28.986
07-26-2026 10:45:00,30.995
07-26-2026 11:00:00,31.784
07-26-2026 11:15:00,32.722
07-26-2026 11:30:00,33.141
07-26-2026 11:45:00,34.089
07-26-2026 12:00:00,32.362
07-26-2026 12:15:00,32.986
07-26-2026 12:30:00,31.717
07-26-2026 12:45:00,29.741
07-26-2026 13:00:00,17.996
07-26-2026 13:15:00,14.522
07-26-2026 13:30:00,28.26
07-26-2026 13:45:00,23.395
07-26-2026 14:00:00,16.27
07-26-2026 14:15:00,27.5
07-26-2026 14:30:00,17.37
07-26-2026 14:45:00,21.674
07-26-2026 15:00:00,29.247
07-26-2026 15:15:00,23.419
07-26-2026 15:30:00,25.892
07-26-2026 15:45:00,24.868
07-26-2026 16:00:00,12.672
07-26-2026 16:15:00,11.363
07-26-2026 16:30:00,12.747
07-26-2026 16:45:00,11.102
07-26-2026 17:00:00,7.254
07-26-2026 17:15:00,5.619
07-26-2026 17:30:00,4.558
07-26-2026 17:45:00,3.251
07-26-2026 18:00:00,1.965
07-26-2026 18:15:00,0.97
07-26-2026 18:30:00,0.905
07-26-2026 18:45:00,-0.339
07-26-2026 19:00:00,-0.771
07-26-2026 19:15:00,-0.771
07-26-2026 19:30:00,-0.771
07-26-2026 19:45:00,-0.771
07-26-2026 20:00:00,-0.771
07-26-2026 20:15:00,-0.771
07-26-2026 20:30:00,-0.771
07-26-2026 20:45:00,-0.771
07-26-2026 21:00:00,-0.771
07-26-2026 21:15:00,-0.771
07-26-2026 21:30:00,-0.771
07-26-2026 21:45:00,-0.771
07-26-2026 22:00:00,-0.771
07-26-2026 22:15:00,-0.771
07-26-2026 22:30:00,-0.771
07-26-2026 22:45:00,-0.771
07-26-2026 23:00:00,-0.771
07-26-2026 23:15:00,-0.771
07-26-2026 23:30:00,-0.771
07-26-2026 23:45:00,-0.771
07-27-2026 00:00:00,-0.771
07-27-2026 00:15:00,-0.771
07-27-2026 00:30:00,-0.771
07-27-2026 00:45:00,-0.771
07-27-2026 01:00:00,-0.771
07-27-2026 01:15:00,-0.771
07-27-2026 01:30:00,-0.771
07-27-2026 01:45:00,-0.771
07-27-2026 02:00:00,-0.771
07-27-2026 02:15:00,-0.771
07-27-2026 02:30:00,-0.771
07-27-2026 02:45:00,-0.771
07-27-2026 03:00:00,-0.771
07-27-2026 03:15:00,-0.771
07-27-2026 03:30:00,-0.771
07-27-2026 03:45:00,-0.771
07-27-2026 04:00:00,-0.771
07-27-2026 04:15:00,-0.771
07-27-2026 04:30:00,-0.771
07-27-2026 04:45:00,-0.771
07-27-2026 05:00:00,-0.771
07-27-2026 05:15:00,-0.771
07-27-2026 05:30:00,-0.771
07-27-2026 05:45:00,-0.771
07-27-2026 06:00:00,-0.551
07-27-2026 06:15:00,-0.771
07-27-2026 06:30:00,-0.765
07-27-2026 06:45:00,1.359
07-27-2026 07:00:00,2.596
07-27-2026 07:15:00,3.316
07-27-2026 07:30:00,6.26
07-27-2026 07:45:00,7.152
07-27-2026 08:00:00,5.79
07-27-2026 08:15:00,7.18
07-27-2026 08:30:00,10.846
07-27-2026 08:45:00,10.096
07-27-2026 09:00:00,17.854
07-27-2026 09:15:00,18.517
07-27-2026 09:30:00,22.126
07-27-2026 09:45:00,20.696
07-27-2026 10:00:00,24.749
07-27-2026 10:15:00,26.859
07-27-2026 10:30:00,28.86
07-27-2026 10:45:00,32.817
07-27-2026 11:00:00,28.6
07-27-2026 11:15:00,32.326
07-27-2026 11:30:00,31.6
07-27-2026 11:45:00,34.478
07-27-2026 12:00:00,22.484
07-27-2026 12:15:00,34.003
07-27-2026 12:30:00,34.309
07-27-2026 12:45:00,30.317
07-27-2026 13:00:00,34.104
07-27-2026 13:15:00,33.601
07-27-2026 13:30:00,32.548
07-27-2026 13:45:00,32.259
07-27-2026 14:00:00,31.166
07-27-2026 14:15:00,19.975
07-27-2026 14:30:00,32.829
07-27-2026 14:45:00,21.229
07-27-2026 15:00:00,26.384
07-27-2026 15:15:00,30.543
07-27-2026 15:30:00,23.461
07-27-2026 15:45:00,10.03
07-27-2026 16:00:00,8.865
07-27-2026 16:15:00,15.392
07-27-2026 16:30:00,9.676
07-27-2026 16:45:00,7.768
07-27-2026 17:00:00,5.107
07-27-2026 17:15:00,5.207
07-27-2026 17:30:00,3.939
07-27-2026 17:45:00,2.558
07-27-2026 18:00:00,1.711
07-27-2026 18:15:00,1.165
07-27-2026 18:30:00,1.134
07-27-2026 18:45:00,-0.319
07-27-2026 19:00:00,-0.221
07-27-2026 19:15:00,-0.657
07-27-2026 19:30:00,-0.771
07-27-2026 19:45:00,-0.771
07-27-2026 20:00:00,-0.771
07-27-2026 20:15:00,-0.771
07-27-2026 20:30:00,-0.771
07-27-2026 20:45:00,-0.771
07-27-2026 21:00:00,-0.771
07-27-2026 21:15:00,-0.771
07-27-2026 21:30:00,-0.771
07-27-2026 21:45:00,-0.771
07-27-2026 22:00:00,-0.771
07-27-2026 22:15:00,-0.771
07-27-2026 22:30:00,-0.771
07-27-2026 22:45:00,-0.771
07-27-2026 23:00:00,-0.771
07-27-2026 23:15:00,-0.771
07-27-2026 23:30:00,-0.771
07-27-2026 23:45:00,-0.771
07-28-2026 00:00:00,-0.771
07-28-2026 00:15:00,-0.771
07-28-2026 00:30:00,-0.771
07-28-2026 00:45:00,-0.771
07-28-2026 01:00:00,-0.771
07-28-2026 01:15:00,-0.771
07-28-2026 01:30:00,-0.771
07-28-2026 01:45:00,-0.771
07-28-2026 02:00:00,-0.771
07-28-2026 02:15:00,-0.771
07-28-2026 02:30:00,-0.771
07-28-2026 02:45:00,-0.771
07-28-2026 03:00:00,-0.771
07-28-2026 03:15:00,-0.771
07-28-2026 03:30:00,-0.771
07-28-2026 03:45:00,-0.771
07-28-2026 04:00:00,-0.771
07-28-2026 04:15:00,-0.771
07-28-2026 04:30:00,-0.771
07-28-2026 04:45:00,-0.771
07-28-2026 05:00:00,-0.771
07-28-2026 05:15:00,-0.771
07-28-2026 05:30:00,-0.771
07-28-2026 05:45:00,-0.771
07-28-2026 06:00:00,-0.769
07-28-2026 06:15:00,-0.236
07-28-2026 06:30:00,-0.771
07-28-2026 06:45:00,0.307
07-28-2026 07:00:00,1.5
07-28-2026 07:15:00,2.127
07-28-2026 07:30:00,2.969
07-28-2026 07:45:00,2.738
07-28-2026 08:00:00,4.68
07-28-2026 08:15:00,5.933
07-28-2026 08:30:00,6.471
07-28-2026 08:45:00,5.04
07-28-2026 09:00:00,8.834
07-28-2026 09:15:00,7.498
07-28-2026 09:30:00,14.289
07-28-2026 09:45:00,17.873
07-28-2026 10:00:00,17.729
07-28-2026 10:15:00,15.135
07-28-2026 10:30:00,11.31
07-28-2026 10:45:00,12.84
07-28-2026 11:00:00,14.308
07-28-2026 11:15:00,13.409
07-28-2026 11:30:00,21.377
07-28-2026 11:45:00,20.47
07-28-2026 12:00:00,17.198
07-28-2026 12:15:00,24.694
07-28-2026 12:30:00,35.744
07-28-2026 12:45:00,33.456
07-28-2026 13:00:00,34.325
07-28-2026 13:15:00,35.174
07-28-2026 13:30:00,30.807
07-28-2026 13:45:00,33.38
07-28-2026 14:00:00,33.716
07-28-2026 14:15:00,32.293
07-28-2026 14:30:00,29.941
07-28-2026 14:45:00,30.301
07-28-2026 15:00:00,26.666
07-28-2026 15:15:00,19.494
07-28-2026 15:30:00,27.384
07-28-2026 15:45:00,26.683
07-28-2026 16:00:00,24.66
07-28-2026 16:15:00,13.636
07-28-2026 16:30:00,6.222
07-28-2026 16:45:00,5.34
07-28-2026 17:00:00,5.733
07-28-2026 17:15:00,4.8
07-28-2026 17:30:00,4.422
07-28-2026 17:45:00,3.656
07-28-2026 18:00:00,2.036
07-28-2026 18:15:00,1.623
07-28-2026 18:30:00,0.702
07-28-2026 18:45:00,-0.217
07-28-2026 19:00:00,-0.771
07-28-2026 19:15:00,-0.771
07-28-2026 19:30:00,-0.771
07-28-2026 19:45:00,-0.771
07-28-2026 20:00:00,-0.771
07-28-2026 20:15:00,-0.771
07-28-2026 20:30:00,-0.771
07-28-2026 20:45:00,-0.771
07-28-2026 21:00:00,-0.771
07-28-2026 21:15:00,-0.771
07-28-2026 21:30:00,-0.771
07-28-2026 21:45:00,-0.771
07-28-2026 22:00:00,-0.771
07-28-2026 22:15:00,-0.771
07-28-2026 22:30:00,-0.771
07-28-2026 22:45:00,-0.771
07-28-2026 23:00:00,-0.771
07-28-2026 23:15:00,-0.771
07-28-2026 23:30:00,-0.771
07-28-2026 23:45:00,-0.771
07-29-2026 00:00:00,-0.771
07-29-2026 00:15:00,-0.771
07-29-2026 00:30:00,-0.771
07-29-2026 00:45:00,-0.771
07-29-2026 01:00:00,-0.771
07-29-2026 01:15:00,-0.771
07-29-2026 01:30:00,-0.771
07-29-2026 01:45:00,-0.771
07-29-2026 02:00:00,-0.771
07-29-2026 02:15:00,-0.771
07-29-2026 02:30:00,-0.771
07-29-2026 02:45:00,-0.771
07-29-2026 03:00:00,-0.771
07-29-2026 03:15:00,-0.771
07-29-2026 03:30:00,-0.771
07-29-2026 03:45:00,-0.771
07-29-2026 04:00:00,-0.771
07-29-2026 04:15:00,-0.771
07-29-2026 04:30:00,-0.771
07-29-2026 04:45:00,-0.771
07-29-2026 05:00:00,-0.771
07-29-2026 05:15:00,-0.771
07-29-2026 05:30:00,-0.771
07-29-2026 05:45:00,-0.771
07-29-2026 06:00:00,-0.771
07-29-2026 06:15:00,-0.57
07-29-2026 06:30:00,0.826
07-29-2026 06:45:00,1.5
07-29-2026 07:00:00,2.091
07-29-2026 07:15:00,2.908
07-29-2026 07:30:00,3.727
07-29-2026 07:45:00,5.966
07-29-2026 08:00:00,6.762
07-29-2026 08:15:00,5.634
07-29-2026 08:30:00,6.775
07-29-2026 08:45:00,7.339
07-29-2026 09:00:00,10.625
07-29-2026 09:15:00,13.955
07-29-2026 09:30:00,20.599
07-29-2026 09:45:00,21.824
07-29-2026 10:00:00,24.707
07-29-2026 10:15:00,24.912
07-29-2026 10:30:00,24.624
07-29-2026 10:45:00,25.271
07-29-2026 11:00:00,30.61
07-29-2026 11:15:00,31.464
07-29-2026 11:30:00,31.698
07-29-2026 11:45:00,32.824
07-29-2026 12:00:00,32.901
07-29-2026 12:15:00,33.777
07-29-2026 12:30:00,37.876
07-29-2026 12:45:00,17.278
07-29-2026 13:00:00,11.478
07-29-2026 13:15:00,32.586
07-29-2026 13:30:00,31.716
07-29-2026 13:45:00,34.661
07-29-2026 14:00:00,30.569
07-29-2026 14:15:00,15.423
07-29-2026 14:30:00,15.92
07-29-2026 14:45:00,6.742
07-29-2026 15:00:00,4.652
07-29-2026 15:15:00,7.591
07-29-2026 15:30:00,12.647
07-29-2026 15:45:00,6.888
07-29-2026 16:00:00,7.179
07-29-2026 16:15:00,4.779
07-29-2026 16:30:00,15.692
07-29-2026 16:45:00,6.008
07-29-2026 17:00:00,2.906
07-29-2026 17:15:00,1.79
07-29-2026 17:30:00,1.743
07-29-2026 17:45:00,2.29
07-29-2026 18:00:00,0.573
07-29-2026 18:15:00,0.409
07-29-2026 18:30:00,0.719
07-29-2026 18:45:00,-0.666
07-29-2026 19:00:00,-0.771
07-29-2026 19:15:00,-0.771
07-29-2026 19:30:00,-0.771
07-29-2026 19:45:00,-0.771
07-29-2026 20:00:00,-0.771
07-29-2026 20:15:00,-0.771
07-29-2026 20:30:00,-0.771
07-29-2026 20:45:00,-0.771
07-29-2026 21:00:00,-0.771
07-29-2026 21:15:00,-0.771
07-29-2026 21:30:00,-0.771
07-29-2026 21:45:00,-0.771
07-29-2026 22:00:00,-0.771
07-29-2026 22:15:00,-0.771
07-29-2026 22:30:00,-0.771
07-29-2026 22:45:00,-0.771
07-29-2026 23:00:00,-0.771
07-29-2026 23:15:00,-0.771
07-29-2026 23:30:00,-0.771
07-29-2026 23:45:00,-0.771
07-30-2026 00:00:00,-0.771
07-30-2026 00:15:00,-0.771
07-30-2026 00:30:00,-0.771
07-30-2026 00:45:00,-0.771
07-30-2026 01:00:00,-0.771
07-30-2026 01:15:00,-0.771
07-30-2026 01:30:00,-0.771
07-30-2026 01:45:00,-0.771
07-30-2026 02:00:00,-0.771
07-30-2026 02:15:00,-0.771
07-30-2026 02:30:00,-0.771
07-30-2026 02:45:00,-0.771
07-30-2026 03:00:00,-0.771
07-30-2026 03:15:00,-0.771
07-30-2026 03:30:00,-0.771
07-30-2026 03:45:00,-0.771
07-30-2026 04:00:00,-0.771
07-30-2026 04:15:00,-0.771
07-30-2026 04:30:00,-0.771
07-30-2026 04:45:00,-0.771
07-30-2026 05:00:00,-0.771
07-30-2026 05:15:00,-0.771
07-30-2026 05:30:00,-0.771
07-30-2026 05:45:00,-0.771
07-30-2026 06:00:00,-0.439
07-30-2026 06:15:00,-0.771
07-30-2026 06:30:00,0.69
07-30-2026 06:45:00,1.468
07-30-2026 07:00:00,1.749
07-30-2026 07:15:00,2.397
07-30-2026 07:30:00,4.207
07-30-2026 07:45:00,5.487
07-30-2026 08:00:00,6.1
07-30-2026 08:15:00,7.297
07-30-2026 08:30:00,11.109
07-30-2026 08:45:00,11.912
07-30-2026 09:00:00,7.402
07-30-2026 09:15:00,10.005
07-30-2026 09:30:00,18.951
07-30-2026 09:45:00,20.656
07-30-2026 10:00:00,23.216
07-30-2026 10:15:00,24.811
07-30-2026 10:30:00,26.978
07-30-2026 10:45:00,28.865
07-30-2026 11:00:00,30.026
07-30-2026 11:15:00,28.369
07-30-2026 11:30:00,27.985
07-30-2026 11:45:00,24.235
07-30-2026 12:00:00,33.158
07-30-2026 12:15:00,34.241
07-30-2026 12:30:00,22.734
07-30-2026 12:45:00,31.638
07-30-2026 13:00:00,33.965
07-30-2026 13:15:00,29.253
07-30-2026 13:30:00,30.763
07-30-2026 13:45:00,28.808
07-30-2026 14:00:00,25.58
07-30-2026 14:15:00,32.221
07-30-2026 14:30:00,23.44
07-30-2026 14:45:00,20.584
07-30-2026 15:00:00,26.09
07-30-2026 15:15:00,21.512
07-30-2026 15:30:00,26.013
07-30-2026 15:45:00,23.825
07-30-2026 16:00:00,21.759
07-30-2026 16:15:00,20.094
07-30-2026 16:30:00,17.822
07-30-2026 16:45:00,15.016
07-30-2026 17:00:00,12.867
07-30-2026 17:15:00,11.691
07-30-2026 17:30:00,7.81
07-30-2026 17:45:00,2.538
07-30-2026 18:00:00,3.197
07-30-2026 18:15:00,1.41
07-30-2026 18:30:00,-0.702
07-30-2026 18:45:00,-0.769
07-30-2026 19:00:00,-0.022
07-30-2026 19:15:00,-0.512
07-30-2026 19:30:00,-0.771
07-30-2026 19:45:00,-0.771
07-30-2026 20:00:00,-0.771
07-30-2026 20:15:00,-0.771
07-30-2026 20:30:00,-0.771
07-30-2026 20:45:00,-0.771
07-30-2026 21:00:00,-0.771
07-30-2026 21:15:00,-0.771
07-30-2026 21:30:00,-0.771
07-30-2026 21:45:00,-0.771
07-30-2026 22:00:00,-0.771
07-30-2026 22:15:00,-0.771
07-30-2026 22:30:00,-0.771
07-30-2026 22:45:00,-0.771
07-30-2026 23:00:00,-0.771
07-30-2026 23:15:00,-0.771
07-30-2026 23:30:00,-0.771
07-30-2026 23:45:00,-0.771
07-31-2026 00:00:00,-0.771
07-31-2026 00:15:00,-0.771
07-31-2026 00:30:00,-0.771
07-31-2026 00:45:00,-0.771
07-31-2026 01:00:00,-0.771
07-31-2026 01:15:00,-0.771
07-31-2026 01:30:00,-0.771
07-31-2026 01:45:00,-0.771
07-31-2026 02:00:00,-0.771
07-31-2026 02:15:00,-0.771
07-31-2026 02:30:00,-0.771
07-31-2026 02:45:00,-0.771
07-31-2026 03:00:00,-0.771
07-31-2026 03:15:00,-0.771
07-31-2026 03:30:00,-0.771
07-31-2026 03:45:00,-0.771
07-31-2026 04:00:00,-0.771
07-31-2026 04:15:00,-0.771
07-31-2026 04:30:00,-0.771
07-31-2026 04:45:00,-0.771
07-31-2026 05:00:00,-0.771
07-31-2026 05:15:00,-0.771
07-31-2026 05:30:00,-0.771
07-31-2026 05:45:00,-0.771
07-31-2026 06:00:00,-0.727
07-31-2026 06:15:00,0.335
07-31-2026 06:30:00,0.816
07-31-2026 06:45:00,0.4
07-31-2026 07:00:00,1.909
07-31-2026 07:15:00,2.746
07-31-2026 07:30:00,3.744
07-31-2026 07:45:00,4.574
07-31-2026 08:00:00,7.457
07-31-2026 08:15:00,7.306
07-31-2026 08:30:00,9.554
07-31-2026 08:45:00,8.23
07-31-2026 09:00:00,10.929
07-31-2026 09:15:00,10.843
07-31-2026 09:30:00,10.214
07-31-2026 09:45:00,12.643
07-31-2026 10:00:00,22.592
07-31-2026 10:15:00,22.726
07-31-2026 10:30:00,24.101
07-31-2026 10:45:00,22.408
07-31-2026 11:00:00,22.048
07-31-2026 11:15:00,25.156
07-31-2026 11:30:00,22.999
07-31-2026 11:45:00,22.237
07-31-2026 12:00:00,27.109
07-31-2026 12:15:00,24.5
07-31-2026 12:30:00,27.286
07-31-2026 12:45:00,29.082
07-31-2026 13:00:00,33.743
07-31-2026 13:15:00,35.056
07-31-2026 13:30:00,31.594
07-31-2026 13:45:00,38.474
07-31-2026 14:00:00,34.456
07-31-2026 14:15:00,33.926
07-31-2026 14:30:00,26.954
07-31-2026 14:45:00,12.898
07-31-2026 15:00:00,12.273
07-31-2026 15:15:00,19.578
07-31-2026 15:30:00,12.966
07-31-2026 15:45:00,10.953
07-31-2026 16:00:00,10.583
07-31-2026 16:15:00,10.758
07-31-2026 16:30:00,8.992
07-31-2026 16:45:00,9.839
07-31-2026 17:00:00,10.332
07-31-2026 17:15:00,8.215
07-31-2026 17:30:00,9.848
07-31-2026 17:45:00,3.963
07-31-2026 18:00:00,2.476
07-31-2026 18:15:00,1.61
07-31-2026 18:30:00,0.821
07-31-2026 18:45:00,-0.131
07-31-2026 19:00:00,-0.771
07-31-2026 19:15:00,-0.771
07-31-2026 19:30:00,-0.771
07-31-2026 19:45:00,-0.771
07-31-2026 20:00:00,-0.771
07-31-2026 20:15:00,-0.771
07-31-2026 20:30:00,-0.771
07-31-2026 20:45:00,-0.771
07-31-2026 21:00:00,-0.771
07-31-2026 21:15:00,-0.771
07-31-2026 21:30:00,-0.771
07-31-2026 21:45:00,-0.771
07-31-2026 22:00:00,-0.771
07-31-2026 22:15:00,-0.771
07-31-2026 22:30:00,-0.771
07-31-2026 22:45:00,-0.771
07-31-2026 23:00:00,-0.771
07-31-2026 23:15:00,-0.771
07-31-2026 23:30:00,-0.771
07-31-2026 23:45:00,-0.771
08-01-2026 00:00:00,-0.771
08-01-2026 00:15:00,-0.771
08-01-2026 00:30:00,-0.771
08-01-2026 00:45:00,-0.771
08-01-2026 01:00:00,-0.771
08-01-2026 01:15:00,-0.771
08-01-2026 01:30:00,-0.771
08-01-2026 01:45:00,-0.771
08-01-2026 02:00:00,-0.771
08-01-2026 02:15:00,-0.771
08-01-2026 02:30:00,-0.771
08-01-2026 02:45:00,-0.771
08-01-2026 03:00:00,-0.771
08-01-2026 03:15:00,-0.771
08-01-2026 03:30:00,-0.771
08-01-2026 03:45:00,-0.771
08-01-2026 04:00:00,-0.771
08-01-2026 04:15:00,-0.771
08-01-2026 04:30:00,-0.771
08-01-2026 04:45:00,-0.771
08-01-2026 05:00:00,-0.771
08-01-2026 05:15:00,-0.771
08-01-2026 05:30:00,-0.771
08-01-2026 05:45:00,-0.771
08-01-2026 06:00:00,-0.262
08-01-2026 06:15:00,0.49
08-01-2026 06:30:00,1.012
08-01-2026 06:45:00,1.602
08-01-2026 07:00:00,2.682
08-01-2026 07:15:00,3.628
08-01-2026 07:30:00,5.114
08-01-2026 07:45:00,6.046
08-01-2026 08:00:00,5.591
08-01-2026 08:15:00,6.655
08-01-2026 08:30:00,6.974
08-01-2026 08:45:00,12.54
08-01-2026 09:00:00,9.277
08-01-2026 09:15:00,9.66
08-01-2026 09:30:00,11.238
08-01-2026 09:45:00,14.504
08-01-2026 10:00:00,14.334
08-01-2026 10:15:00,12.457
08-01-2026 10:30:00,13.063
08-01-2026 10:45:00,21.201
08-01-2026 11:00:00,12.71
08-01-2026 11:15:00,14.333
08-01-2026 11:30:00,20.285
08-01-2026 11:45:00,24.629
08-01-2026 12:00:00,17.081
08-01-2026 12:15:00,22.317
08-01-2026 12:30:00,27.031
08-01-2026 12:45:00,35.982
08-01-2026 13:00:00,37.886
08-01-2026 13:15:00,23.505
08-01-2026 13:30:00,20.461
08-01-2026 13:45:00,21.687
08-01-2026 14:00:00,17.245
08-01-2026 14:15:00,14.156
08-01-2026 14:30:00,13.269
08-01-2026 14:45:00,9.657
08-01-2026 15:00:00,13.789
08-01-2026 15:15:00,19.225
08-01-2026 15:30:00,14.274
08-01-2026 15:45:00,16.619
08-01-2026 16:00:00,24.298
08-01-2026 16:15:00,16.191
08-01-2026 16:30:00,14.174
08-01-2026 16:45:00,8.711
08-01-2026 17:00:00,6.291
08-01-2026 17:15:00,3.315
08-01-2026 17:30:00,2.51
08-01-2026 17:45:00,3.988
08-01-2026 18:00:00,4.354
08-01-2026 18:15:00,4.042
08-01-2026 18:30:00,2.022
08-01-2026 18:45:00,0.272
08-01-2026 19:00:00,-0.771
08-01-2026 19:15:00,-0.771
08-01-2026 19:30:00,-0.771
08-01-2026 19:45:00,-0.771
08-01-2026 20:00:00,-0.771
08-01-2026 20:15:00,-0.771
08-01-2026 20:30:00,-0.771
08-01-2026 20:45:00,-0.771
08-01-2026 21:00:00,-0.771
08-01-2026 21:15:00,-0.771
08-01-2026 21:30:00,-0.771
08-01-2026 21:45:00,-0.771
08-01-2026 22:00:00,-0.771
08-01-2026 22:15:00,-0.771
08-01-2026 22:30:00,-0.771
08-01-2026 22:45:00,-0.771
08-01-2026 23:00:00,-0.771
08-01-2026 23:15:00,-0.771
08-01-2026 23:30:00,-0.771
08-01-2026 23:45:00,-0.771
08-02-2026 00:00:00,-0.771
08-02-2026 00:15:00,-0.771
08-02-2026 00:30:00,-0.771
08-02-2026 00:45:00,-0.771
08-02-2026 01:00:00,-0.771
08-02-2026 01:15:00,-0.771
08-02-2026 01:30:00,-0.771
08-02-2026 01:45:00,-0.771
08-02-2026 02:00:00,-0.771
08-02-2026 02:15:00,-0.771
08-02-2026 02:30:00,-0.771
08-02-2026 02:45:00,-0.771
08-02-2026 03:00:00,-0.771
08-02-2026 03:15:00,-0.771
08-02-2026 03:30:00,-0.771
08-02-2026 03:45:00,-0.771
08-02-2026 04:00:00,-0.771
08-02-2026 04:15:00,-0.771
08-02-2026 04:30:00,-0.771
08-02-2026 04:45:00,-0.771
08-02-2026 05:00:00,-0.771
08-02-2026 05:15:00,-0.771
08-02-2026 05:30:00,-0.771
08-02-2026 05:45:00,-0.771
08-02-2026 06:00:00,-0.771
08-02-2026 06:15:00,-0.771
08-02-2026 06:30:00,0.35
08-02-2026 06:45:00,2.017
08-02-2026 07:00:00,2.114
08-02-2026 07:15:00,2.759
08-02-2026 07:30:00,3.288
08-02-2026 07:45:00,5.167
08-02-2026 08:00:00,6.088
08-02-2026 08:15:00,9.053
08-02-2026 08:30:00,11.439
08-02-2026 08:45:00,12.139
08-02-2026 09:00:00,10.244
08-02-2026 09:15:00,8.328
08-02-2026 09:30:00,9.57
08-02-2026 09:45:00,9.064
08-02-2026 10:00:00,16.417
08-02-2026 10:15:00,12.927
08-02-2026 10:30:00,16.946
08-02-2026 10:45:00,12.604
08-02-2026 11:00:00,24.243
08-02-2026 11:15:00,20.345
08-02-2026 11:30:00,28.32
08-02-2026 11:45:00,18.696
08-02-2026 12:00:00,23.695
08-02-2026 12:15:00,15.282
08-02-2026 12:30:00,22.519
08-02-2026 12:45:00,31.81
08-02-2026 13:00:00,13.435
08-02-2026 13:15:00,27.137
08-02-2026 13:30:00,14.489
08-02-2026 13:45:00,16.336
08-02-2026 14:00:00,27.183
08-02-2026 14:15:00,32.677
08-02-2026 14:30:00,33.074
08-02-2026 14:45:00,29.387
08-02-2026 15:00:00,26.482
08-02-2026 15:15:00,26.11
08-02-2026 15:30:00,26.076
08-02-2026 15:45:00,12.972
08-02-2026 16:00:00,19.982
08-02-2026 16:15:00,19.46
08-02-2026 16:30:00,18.312
08-02-2026 16:45:00,15.798
08-02-2026 17:00:00,13.088
08-02-2026 17:15:00,10.725
08-02-2026 17:30:00,5.334
08-02-2026 17:45:00,5.075
08-02-2026 18:00:00,3.431
08-02-2026 18:15:00,1.792
08-02-2026 18:30:00,1.084
08-02-2026 18:45:00,0.57
08-02-2026 19:00:00,-0.466
08-02-2026 19:15:00,-0.771
08-02-2026 19:30:00,-0.771
08-02-2026 19:45:00,-0.771
08-02-2026 20:00:00,-0.771
08-02-2026 20:15:00,-0.771
08-02-2026 20:30:00,-0.771
08-02-2026 20:45:00,-0.771
08-02-2026 21:00:00,-0.771
08-02-2026 21:15:00,-0.771
08-02-2026 21:30:00,-0.771
08-02-2026 21:45:00,-0.771
08-02-2026 22:00:00,-0.771
08-02-2026 22:15:00,-0.771
08-02-2026 22:30:00,-0.771
08-02-2026 22:45:00,-0.771
08-02-2026 23:00:00,-0.771
08-02-2026 23:15:00,-0.771
08-02-2026 23:30:00,-0.771
08-02-2026 23:45:00,-0.771
08-03-2026 00:00:00,-0.771
08-03-2026 00:15:00,-0.771
08-03-2026 00:30:00,-0.771
08-03-2026 00:45:00,-0.771
08-03-2026 01:00:00,-0.771
08-03-2026 01:15:00,-0.771
08-03-2026 01:30:00,-0.771
08-03-2026 01:45:00,-0.771
08-03-2026 02:00:00,-0.771
08-03-2026 02:15:00,-0.771
08-03-2026 02:30:00,-0.771
08-03-2026 02:45:00,-0.771
08-03-2026 03:00:00,-0.771
08-03-2026 03:15:00,-0.771
08-03-2026 03:30:00,-0.771
08-03-2026 03:45:00,-0.771
08-03-2026 04:00:00,-0.771
08-03-2026 04:15:00,-0.771
08-03-2026 04:30:00,-0.771
08-03-2026 04:45:00,-0.771
08-03-2026 05:00:00,-0.771
08-03-2026 05:15:00,-0.771
08-03-2026 05:30:00,-0.771
08-03-2026 05:45:00,-0.771
08-03-2026 06:00:00,-0.274
08-03-2026 06:15:00,-0.283
08-03-2026 06:30:00,-0.771
08-03-2026 06:45:00,-0.771
08-03-2026 07:00:00,1.33
08-03-2026 07:15:00,3.279
08-03-2026 07:30:00,4.006
08-03-2026 07:45:00,4.132
08-03-2026 08:00:00,10.118
08-03-2026 08:15:00,11.434
08-03-2026 08:30:00,13.385
08-03-2026 08:45:00,12.563
08-03-2026 09:00:00,12.112
08-03-2026 09:15:00,19.432
08-03-2026 09:30:00,21.177
08-03-2026 09:45:00,23.449
08-03-2026 10:00:00,24.613
08-03-2026 10:15:00,26.084
08-03-2026 10:30:00,22.215
08-03-2026 10:45:00,22.975
08-03-2026 11:00:00,32.15
08-03-2026 11:15:00,29.327
08-03-2026 11:30:00,27.972
08-03-2026 11:45:00,34.414
08-03-2026 12:00:00,33.55
08-03-2026 12:15:00,30.658
08-03-2026 12:30:00,33.038
08-03-2026 12:45:00,33.7
08-03-2026 13:00:00,33.33
08-03-2026 13:15:00,33.216
08-03-2026 13:30:00,32.569
08-03-2026 13:45:00,32.473
08-03-2026 14:00:00,31.886
08-03-2026 14:15:00,30.788
08-03-2026 14:30:00,29.81
08-03-2026 14:45:00,28.878
08-03-2026 15:00:00,28.154
08-03-2026 15:15:00,26.822
08-03-2026 15:30:00,23.173
08-03-2026 15:45:00,22.953
08-03-2026 16:00:00,23.347
08-03-2026 16:15:00,18.722
08-03-2026 16:30:00,16.162
08-03-2026 16:45:00,12.498
08-03-2026 17:00:00,13.224
08-03-2026 17:15:00,9.127
08-03-2026 17:30:00,8.482
08-03-2026 17:45:00,3.498
08-03-2026 18:00:00,4.513
08-03-2026 18:15:00,3.132
08-03-2026 18:30:00,0.338
08-03-2026 18:45:00,-0.771
08-03-2026 19:00:00,-0.198
08-03-2026 19:15:00,-0.638
08-03-2026 19:30:00,-0.771
08-03-2026 19:45:00,-0.771
08-03-2026 20:00:00,-0.771
08-03-2026 20:15:00,-0.771
08-03-2026 20:30:00,-0.771
08-03-2026 20:45:00,-0.771
08-03-2026 21:00:00,-0.771
08-03-2026 21:15:00,-0.771
08-03-2026 21:30:00,-0.771
08-03-2026 21:45:00,-0.771
08-03-2026 22:00:00,-0.771
08-03-2026 22:15:00,-0.771
08-03-2026 22:30:00,-0.771
08-03-2026 22:45:00,-0.771
08-03-2026 23:00:00,-0.771
08-03-2026 23:15:00,-0.771
08-03-2026 23:30:00,-0.771
08-03-2026 23:45:00,-0.771
08-04-2026 00:00:00,-0.771
08-04-2026 00:15:00,-0.771
08-04-2026 00:30:00,-0.771
08-04-2026 00:45:00,-0.771
08-04-2026 01:00:00,-0.771
08-04-2026 01:15:00,-0.771
08-04-2026 01:30:00,-0.771
08-04-2026 01:45:00,-0.771
08-04-2026 02:00:00,-0.771
08-04-2026 02:15:00,-0.771
08-04-2026 02:30:00,-0.771
08-04-2026 02:45:00,-0.771
08-04-2026 03:00:00,-0.771
08-04-2026 03:15:00,-0.771
08-04-2026 03:30:00,-0.771
08-04-2026 03:45:00,-0.771
08-04-2026 04:00:00,-0.771
08-04-2026 04:15:00,-0.771
08-04-2026 04:30:00,-0.771
08-04-2026 04:45:00,-0.771
08-04-2026 05:00:00,-0.771
08-04-2026 05:15:00,-0.771
08-04-2026 05:30:00,-0.771
08-04-2026 05:45:00,-0.632
08-04-2026 06:00:00,0.134
08-04-2026 06:15:00,-0.682
08-04-2026 06:30:00,0.45
08-04-2026 06:45:00,1.871
08-04-2026 07:00:00,2.285
08-04-2026 07:15:00,3.72
08-04-2026 07:30:00,4.944
08-04-2026 07:45:00,7.228
08-04-2026 08:00:00,7.262
08-04-2026 08:15:00,11.864
08-04-2026 08:30:00,13.587
08-04-2026 08:45:00,11.903
08-04-2026 09:00:00,12.63
08-04-2026 09:15:00,16.967
08-04-2026 09:30:00,11.304
08-04-2026 09:45:00,16.921
08-04-2026 10:00:00,19.003
08-04-2026 10:15:00,23.423
08-04-2026 10:30:00,24.431
08-04-2026 10:45:00,33.092
08-04-2026 11:00:00,28.325
08-04-2026 11:15:00,25.207
08-04-2026 11:30:00,31.68
08-04-2026 11:45:00,30.282
08-04-2026 12:00:00,18.53
08-04-2026 12:15:00,24.905
08-04-2026 12:30:00,27.799
08-04-2026 12:45:00,31.029
08-04-2026 13:00:00,30.85
08-04-2026 13:15:00,30.586
08-04-2026 13:30:00,24.972
08-04-2026 13:45:00,29.143
08-04-2026 14:00:00,30.11
08-04-2026 14:15:00,29.93
08-04-2026 14:30:00,21.718
08-04-2026 14:45:00,21.666
08-04-2026 15:00:00,19.832
08-04-2026 15:15:00,14.409
08-04-2026 15:30:00,24.488
08-04-2026 15:45:00,17.206
08-04-2026 16:00:00,20.816
08-04-2026 16:15:00,13.755
08-04-2026 16:30:00,17.27
08-04-2026 16:45:00,15.586
08-04-2026 17:00:00,7.581
08-04-2026 17:15:00,6.154
08-04-2026 17:30:00,5.563
08-04-2026 17:45:00,3.533
08-04-2026 18:00:00,3.91
08-04-2026 18:15:00,3.024
08-04-2026 18:30:00,1.412
08-04-2026 18:45:00,0.424
08-04-2026 19:00:00,-0.336
08-04-2026 19:15:00,-0.771
08-04-2026 19:30:00,-0.771
08-04-2026 19:45:00,-0.771
08-04-2026 20:00:00,-0.771
08-04-2026 20:15:00,-0.771
08-04-2026 20:30:00,-0.771
08-04-2026 20:45:00,-0.771
08-04-2026 21:00:00,-0.771
08-04-2026 21:15:00,-0.771
08-04-2026 21:30:00,-0.771
08-04-2026 21:45:00,-0.771
08-04-2026 22:00:00,-0.771
08-04-2026 22:15:00,-0.771
08-04-2026 22:30:00,-0.771
08-04-2026 22:45:00,-0.771
08-04-2026 23:00:00,-0.771
08-04-2026 23:15:00,-0.771
08-04-2026 23:30:00,-0.771
08-04-2026 23:45:00,-0.771
08-05-2026 00:00:00,-0.771
08-05-2026 00:15:00,-0.771
08-05-2026 00:30:00,-0.771
08-05-2026 00:45:00,-0.771
08-05-2026 01:00:00,-0.771
08-05-2026 01:15:00,-0.771
08-05-2026 01:30:00,-0.771
08-05-2026 01:45:00,-0.771
08-05-2026 02:00:00,-0.771
08-05-2026 02:15:00,-0.771
08-05-2026 02:30:00,-0.771
08-05-2026 02:45:00,-0.771
08-05-2026 03:00:00,-0.771
08-05-2026 03:15:00,-0.771
08-05-2026 03:30:00,-0.771
08-05-2026 03:45:00,-0.771
08-05-2026 04:00:00,-0.771
08-05-2026 04:15:00,-0.771
08-05-2026 04:30:00,-0.771
08-05-2026 04:45:00,-0.771
08-05-2026 05:00:00,-0.771
08-05-2026 05:15:00,-0.771
08-05-2026 05:30:00,-0.771
08-05-2026 05:45:00,-0.771
08-05-2026 06:00:00,-0.659
08-05-2026 06:15:00,0.379
08-05-2026 06:30:00,0.818
08-05-2026 06:45:00,1.92
08-05-2026 07:00:00,2.596
08-05-2026 07:15:00,3.92
08-05-2026 07:30:00,6.033
08-05-2026 07:45:00,7.062
08-05-2026 08:00:00,9.569
08-05-2026 08:15:00,12.452
08-05-2026 08:30:00,14.57
08-05-2026 08:45:00,13.724
08-05-2026 09:00:00,12.828
08-05-2026 09:15:00,12.869
08-05-2026 09:30:00,17.364
08-05-2026 09:45:00,19.422
08-05-2026 10:00:00,17.091
08-05-2026 10:15:00,17.816
08-05-2026 10:30:00,19.114
08-05-2026 10:45:00,21.756
08-05-2026 11:00:00,23.348
08-05-2026 11:15:00,24.653
08-05-2026 11:30:00,24.82
08-05-2026 11:45:00,31.086
08-05-2026 12:00:00,29.442
08-05-2026 12:15:00,28.591
08-05-2026 12:30:00,29.483
08-05-2026 12:45:00,29.934
08-05-2026 13:00:00,27.894
08-05-2026 13:15:00,32.62
08-05-2026 13:30:00,31.166
08-05-2026 13:45:00,28.56
08-05-2026 14:00:00,28.856
08-05-2026 14:15:00,21.321
08-05-2026 14:30:00,18.316
08-05-2026 14:45:00,18.534
08-05-2026 15:00:00,15.163
08-05-2026 15:15:00,17.367
08-05-2026 15:30:00,14.255
08-05-2026 15:45:00,15.466
08-05-2026 16:00:00,13.039
08-05-2026 16:15:00,12.777
08-05-2026 16:30:00,9.639
08-05-2026 16:45:00,8.579
08-05-2026 17:00:00,7.875
08-05-2026 17:15:00,6.779
08-05-2026 17:30:00,5.639
08-05-2026 17:45:00,3.784
08-05-2026 18:00:00,2.798
08-05-2026 18:15:00,2.015
08-05-2026 18:30:00,0.818
08-05-2026 18:45:00,-0.095
08-05-2026 19:00:00,-0.771
08-05-2026 19:15:00,-0.771
08-05-2026 19:30:00,-0.771
08-05-2026 19:45:00,-0.771
08-05-2026 20:00:00,-0.771
08-05-2026 20:15:00,-0.771
08-05-2026 20:30:00,-0.771
08-05-2026 20:45:00,-0.771
08-05-2026 21:00:00,-0.771
08-05-2026 21:15:00,-0.771
08-05-2026 21:30:00,-0.771
08-05-2026 21:45:00,-0.771
08-05-2026 22:00:00,-0.771
08-05-2026 22:15:00,-0.771
08-05-2026 22:30:00,-0.771
08-05-2026 22:45:00,-0.771
08-05-2026 23:00:00,-0.771
08-05-2026 23:15:00,-0.771
08-05-2026 23:30:00,-0.771
08-05-2026 23:45:00,-0.771
08-06-2026 00:00:00,-0.771
08-06-2026 00:15:00,-0.771
08-06-2026 00:30:00,-0.771
08-06-2026 00:45:00,-0.771
08-06-2026 01:00:00,-0.771
08-06-2026 01:15:00,-0.771
08-06-2026 01:30:00,-0.771
08-06-2026 01:45:00,-0.771
08-06-2026 02:00:00,-0.771
08-06-2026 02:15:00,-0.771
08-06-2026 02:30:00,-0.771
08-06-2026 02:45:00,-0.771
08-06-2026 03:00:00,-0.771
08-06-2026 03:15:00,-0.771
08-06-2026 03:30:00,-0.771
08-06-2026 03:45:00,-0.771
08-06-2026 04:00:00,-0.771
08-06-2026 04:15:00,-0.771
08-06-2026 04:30:00,-0.771
08-06-2026 04:45:00,-0.771
08-06-2026 05:00:00,-0.771
08-06-2026 05:15:00,-0.771
08-06-2026 05:30:00,-0.771
08-06-2026 05:45:00,-0.771
08-06-2026 06:00:00,-0.534
08-06-2026 06:15:00,0.374
08-06-2026 06:30:00,0.448
08-06-2026 06:45:00,0.81
08-06-2026 07:00:00,1.643
08-06-2026 07:15:00,3.729
08-06-2026 07:30:00,5.704
08-06-2026 07:45:00,8.456
08-06-2026 08:00:00,11.113
08-06-2026 08:15:00,10.67
08-06-2026 08:30:00,8.6
08-06-2026 08:45:00,6.4
08-06-2026 09:00:00,5.473
08-06-2026 09:15:00,6.283
08-06-2026 09:30:00,8.932
08-06-2026 09:45:00,9.043
08-06-2026 10:00:00,9.794
08-06-2026 10:15:00,25.255
08-06-2026 10:30:00,""
08-06-2026 10:45:00,""
08-06-2026 11:00:00,""
08-06-2026 11:15:00,""
08-06-2026 11:30:00,""
08-06-2026 11:45:00,""
08-06-2026 12:00:00,""
08-06-2026 12:15:00,""
08-06-2026 12:30:00,""
08-06-2026 12:45:00,""
08-06-2026 13:00:00,""
08-06-2026 13:15:00,""
08-06-2026 13:30:00,""
08-06-2026 13:45:00,""
08-06-2026 14:00:00,""
08-06-2026 14:15:00,""
08-06-2026 14:30:00,""
08-06-2026 14:45:00,""
08-06-2026 15:00:00,""
08-06-2026 15:15:00,""
08-06-2026 15:30:00,""
08-06-2026 15:45:00,""
08-06-2026 16:00:00,""
08-06-2026 16:15:00,""
08-06-2026 16:30:00,""
08-06-2026 16:45:00,""
08-06-2026 17:00:00,""
08-06-2026 17:15:00,""
08-06-2026 17:30:00,""
08-06-2026 17:45:00,""
08-06-2026 18:00:00,""
08-06-2026 18:15:00,""
08-06-2026 18:30:00,""
08-06-2026 18:45:00,""
08-06-2026 19:00:00,""
08-06-2026 19:15:00,""
08-06-2026 19:30:00,""
08-06-2026 19:45:00,""
08-06-2026 20:00:00,""
08-06-2026 20:15:00,""
08-06-2026 20:30:00,""
08-06-2026 20:45:00,""
08-06-2026 21:00:00,""
08-06-2026 21:15:00,""
08-06-2026 21:30:00,""
08-06-2026 21:45:00,""
08-06-2026 22:00:00,""
08-06-2026 22:15:00,""
08-06-2026 22:30:00,""
08-06-2026 22:45:00,""
08-06-2026 23:00:00,""
08-06-2026 23:15:00,""
08-06-2026 23:30:00,""
08-06-2026 23:45:00,""